student_id,cycle,adaptive_activity,static_activity,adaptive_estimated_gain,static_estimated_gain,adaptive_simulated_gain,static_simulated_gain,adaptive_cumulative_gain,static_cumulative_gain
10522,1,Application Exercise,Application Exercise,1.702731579533384,1.702731579533384,0.0,0.0,0.0,0.0
10738,1,Concept Review,Concept Review,5.936690098698383,5.936690098698383,404.28859572135985,404.28859572135985,404.28859572135985,404.28859572135985
10741,1,Application Exercise,Application Exercise,2.1563115588570665,2.1563115588570665,20.05369749737072,20.05369749737072,20.05369749737072,20.05369749737072
10661,1,Application Exercise,Application Exercise,3.023350524509546,3.023350524509546,79.51411879460106,79.51411879460106,79.51411879460106,79.51411879460106
10412,1,Concept Review,Concept Review,3.1053518955203065,3.1053518955203065,109.6189219118668,109.6189219118668,109.6189219118668,109.6189219118668
10679,1,Application Exercise,Application Exercise,2.342993100225989,2.342993100225989,57.40333095553673,57.40333095553673,57.40333095553673,57.40333095553673
10627,1,Practice Questions,Practice Questions,4.913572861520805,4.913572861520805,266.8070063805797,266.8070063805797,266.8070063805797,266.8070063805797
10514,1,Concept Review,Concept Review,3.1176342995617934,3.1176342995617934,78.25262091900102,78.25262091900102,78.25262091900102,78.25262091900102
10860,1,Concept Review,Concept Review,6.309095579519443,6.309095579519443,510.40583238312297,510.40583238312297,510.40583238312297,510.40583238312297
10137,1,Application Exercise,Application Exercise,3.315258523200469,3.315258523200469,105.75674689009496,105.75674689009496,105.75674689009496,105.75674689009496
10812,1,Application Exercise,Application Exercise,5.422672344775306,5.422672344775306,293.90884108682155,293.90884108682155,293.90884108682155,293.90884108682155
10077,1,Application Exercise,Application Exercise,3.6663419622345987,3.6663419622345987,164.98538830055693,164.98538830055693,164.98538830055693,164.98538830055693
10637,1,Application Exercise,Application Exercise,3.0709917129450317,3.0709917129450317,73.08960276809175,73.08960276809175,73.08960276809175,73.08960276809175
10974,1,Advanced Practice,Advanced Practice,4.870305950165397,4.870305950165397,248.38560345843524,248.38560345843524,248.38560345843524,248.38560345843524
10939,1,Application Exercise,Application Exercise,6.155039715184799,6.155039715184799,470.8605382116371,470.8605382116371,470.8605382116371,470.8605382116371
10900,1,Application Exercise,Application Exercise,7.243712354868654,7.243712354868654,636.7223159929547,636.7223159929547,636.7223159929547,636.7223159929547
10281,1,Concept Review,Concept Review,4.078395246133825,4.078395246133825,182.71210702679534,182.71210702679534,182.71210702679534,182.71210702679534
10884,1,Application Exercise,Application Exercise,5.869553072014602,5.869553072014602,416.7382681130367,416.7382681130367,416.7382681130367,416.7382681130367
10762,1,Application Exercise,Application Exercise,2.8013582372284787,2.8013582372284787,90.20373523875702,90.20373523875702,90.20373523875702,90.20373523875702
10320,1,Application Exercise,Application Exercise,5.936593324649503,5.936593324649503,508.1723885899974,508.1723885899974,508.1723885899974,508.1723885899974
10550,1,Advanced Practice,Advanced Practice,2.5940684562981877,2.5940684562981877,71.33688254820017,71.33688254820017,71.33688254820017,71.33688254820017
10175,1,Application Exercise,Application Exercise,6.030291372306163,6.030291372306163,256.89041246024254,256.89041246024254,256.89041246024254,256.89041246024254
10372,1,Application Exercise,Application Exercise,2.514478613313904,2.514478613313904,29.92229549843546,29.92229549843546,29.92229549843546,29.92229549843546
10528,1,Application Exercise,Application Exercise,4.806760661378879,4.806760661378879,310.9974147912135,310.9974147912135,310.9974147912135,310.9974147912135
10211,1,Practice Questions,Practice Questions,4.048137626041284,4.048137626041284,248.55565023893485,248.55565023893485,248.55565023893485,248.55565023893485
10236,1,Application Exercise,Application Exercise,2.9891122864680932,2.9891122864680932,96.84723808156622,96.84723808156622,96.84723808156622,96.84723808156622
10102,1,Application Exercise,Application Exercise,5.247440339186893,5.247440339186893,282.83703428217353,282.83703428217353,282.83703428217353,282.83703428217353
10987,1,Application Exercise,Application Exercise,6.849915180556252,6.849915180556252,545.2532483722777,545.2532483722777,545.2532483722777,545.2532483722777
10903,1,Application Exercise,Application Exercise,2.53583548994519,2.53583548994519,72.01772791444338,72.01772791444338,72.01772791444338,72.01772791444338
10948,1,Practice Questions,Practice Questions,3.1650393960605263,3.1650393960605263,111.40938674133054,111.40938674133054,111.40938674133054,111.40938674133054
10347,1,Concept Review,Concept Review,4.777494574307655,4.777494574307655,254.64046081059797,254.64046081059797,254.64046081059797,254.64046081059797
10140,1,Application Exercise,Application Exercise,4.614511061400577,4.614511061400577,189.19495351742367,189.19495351742367,189.19495351742367,189.19495351742367
10622,1,Application Exercise,Application Exercise,3.472538903741088,3.472538903741088,136.81803280739885,136.81803280739885,136.81803280739885,136.81803280739885
10500,1,Application Exercise,Application Exercise,4.595716872344603,4.595716872344603,204.04982913210037,204.04982913210037,204.04982913210037,204.04982913210037
10371,1,Application Exercise,Application Exercise,4.6589000908761165,4.6589000908761165,239.4674646710324,239.4674646710324,239.4674646710324,239.4674646710324
10199,1,Application Exercise,Application Exercise,4.192915900111572,4.192915900111572,204.19500433543357,204.19500433543357,204.19500433543357,204.19500433543357
10688,1,Advanced Practice,Advanced Practice,5.631917302969273,5.631917302969273,394.2342112078491,394.2342112078491,394.2342112078491,394.2342112078491
10585,1,Application Exercise,Application Exercise,6.085990699801856,6.085990699801856,351.77026244854727,351.77026244854727,351.77026244854727,351.77026244854727
10902,1,Concept Review,Concept Review,5.1331741386235645,5.1331741386235645,313.1236224560374,313.1236224560374,313.1236224560374,313.1236224560374
10060,1,Application Exercise,Application Exercise,5.710712545628222,5.710712545628222,395.75237941203574,395.75237941203574,395.75237941203574,395.75237941203574
10329,1,Application Exercise,Application Exercise,4.187467938998625,4.187467938998625,193.4610187817365,193.4610187817365,193.4610187817365,193.4610187817365
10097,1,Application Exercise,Application Exercise,6.1148216511358555,6.1148216511358555,472.06423146768805,472.06423146768805,472.06423146768805,472.06423146768805
10313,1,Application Exercise,Application Exercise,5.660862119957937,5.660862119957937,417.7716244528957,417.7716244528957,417.7716244528957,417.7716244528957
10975,1,Application Exercise,Application Exercise,4.758002527716972,4.758002527716972,216.96491526389391,216.96491526389391,216.96491526389391,216.96491526389391
10300,1,Advanced Practice,Advanced Practice,7.493099974936927,7.493099974936927,741.8168975187557,741.8168975187557,741.8168975187557,741.8168975187557
10278,1,Application Exercise,Application Exercise,3.677057532681682,3.677057532681682,118.76895830561831,118.76895830561831,118.76895830561831,118.76895830561831
10925,1,Concept Review,Concept Review,2.732446851785183,2.732446851785183,113.66978903426363,113.66978903426363,113.66978903426363,113.66978903426363
10602,1,Practice Questions,Practice Questions,0.7389357791419764,0.7389357791419764,6.798209168106182,6.798209168106182,6.798209168106182,6.798209168106182
10440,1,Concept Review,Concept Review,6.5099425746426505,6.5099425746426505,517.5404346840908,517.5404346840908,517.5404346840908,517.5404346840908
10838,1,Concept Review,Concept Review,3.7656271321565047,3.7656271321565047,161.16884125629838,161.16884125629838,161.16884125629838,161.16884125629838
10571,1,Application Exercise,Application Exercise,3.946941710750527,3.946941710750527,146.43153746884457,146.43153746884457,146.43153746884457,146.43153746884457
10880,1,Application Exercise,Application Exercise,5.156661271539153,5.156661271539153,265.0523893571124,265.0523893571124,265.0523893571124,265.0523893571124
10262,1,Application Exercise,Application Exercise,5.871982196091137,5.871982196091137,362.3013014988232,362.3013014988232,362.3013014988232,362.3013014988232
10579,1,Concept Review,Concept Review,3.208184603161972,3.208184603161972,113.2489164916176,113.2489164916176,113.2489164916176,113.2489164916176
10024,1,Critical Thinking Activity,Critical Thinking Activity,7.003978876361925,7.003978876361925,607.9453664682151,607.9453664682151,607.9453664682151,607.9453664682151
10031,1,Concept Review,Concept Review,3.908881605471899,3.908881605471899,87.55894796257053,87.55894796257053,87.55894796257053,87.55894796257053
10618,1,Critical Thinking Activity,Critical Thinking Activity,2.9669583451973907,2.9669583451973907,125.50233800184962,125.50233800184962,125.50233800184962,125.50233800184962
10011,1,Application Exercise,Application Exercise,3.172879119315884,3.172879119315884,95.18637357947651,95.18637357947651,95.18637357947651,95.18637357947651
10222,1,Application Exercise,Application Exercise,5.385285968040135,5.385285968040135,319.885986501584,319.885986501584,319.885986501584,319.885986501584
10821,1,Advanced Practice,Advanced Practice,4.620515289157527,4.620515289157527,274.4586081759571,274.4586081759571,274.4586081759571,274.4586081759571
10297,1,Application Exercise,Application Exercise,5.4470484252283855,5.4470484252283855,344.253460474434,344.253460474434,344.253460474434,344.253460474434
10055,1,Application Exercise,Application Exercise,4.809912503497193,4.809912503497193,329.9599977399074,329.9599977399074,329.9599977399074,329.9599977399074
10543,1,Concept Review,Concept Review,5.812790014824223,5.812790014824223,410.96425404807263,410.96425404807263,410.96425404807263,410.96425404807263
10210,1,Application Exercise,Application Exercise,3.9646463616860563,3.9646463616860563,155.0176727419248,155.0176727419248,155.0176727419248,155.0176727419248
10605,1,Advanced Practice,Advanced Practice,4.588257583262023,4.588257583262023,261.0718564876091,261.0718564876091,261.0718564876091,261.0718564876091
10693,1,Application Exercise,Application Exercise,5.095847184503281,5.095847184503281,334.2875753034152,334.2875753034152,334.2875753034152,334.2875753034152
10663,1,Advanced Practice,Advanced Practice,5.2868960770491125,5.2868960770491125,362.6810708855691,362.6810708855691,362.6810708855691,362.6810708855691
10867,1,Concept Review,Concept Review,5.7561113781458335,5.7561113781458335,418.4692971912021,418.4692971912021,418.4692971912021,418.4692971912021
10071,1,Application Exercise,Application Exercise,6.029014058667094,6.029014058667094,337.6247872853573,337.6247872853573,337.6247872853573,337.6247872853573
10544,1,Practice Questions,Practice Questions,2.938559627056019,2.938559627056019,100.20488328261024,100.20488328261024,100.20488328261024,100.20488328261024
10108,1,Application Exercise,Application Exercise,4.850388541796544,4.850388541796544,281.32253542419954,281.32253542419954,281.32253542419954,281.32253542419954
10494,1,Concept Review,Concept Review,5.100582901491578,5.100582901491578,239.21733807995497,239.21733807995497,239.21733807995497,239.21733807995497
10591,1,Application Exercise,Application Exercise,7.394612642343073,7.394612642343073,616.7106943714124,616.7106943714124,616.7106943714124,616.7106943714124
10742,1,Application Exercise,Application Exercise,5.326936909810138,5.326936909810138,341.4566559188298,341.4566559188298,341.4566559188298,341.4566559188298
10293,1,Application Exercise,Application Exercise,4.3667849833439245,4.3667849833439245,265.937205485645,265.937205485645,265.937205485645,265.937205485645
10290,1,Application Exercise,Application Exercise,4.095795870219855,4.095795870219855,146.21991256684885,146.21991256684885,146.21991256684885,146.21991256684885
10653,1,Concept Review,Concept Review,6.593797462733134,6.593797462733134,497.17232869007836,497.17232869007836,497.17232869007836,497.17232869007836
10040,1,Application Exercise,Application Exercise,5.246243945764979,5.246243945764979,310.57764158928677,310.57764158928677,310.57764158928677,310.57764158928677
10590,1,Advanced Practice,Advanced Practice,4.378306856348514,4.378306856348514,247.8121680693259,247.8121680693259,247.8121680693259,247.8121680693259
10308,1,Application Exercise,Application Exercise,3.6848480027220303,3.6848480027220303,137.07634570125953,137.07634570125953,137.07634570125953,137.07634570125953
10680,1,Application Exercise,Application Exercise,5.717403686418253,5.717403686418253,336.18333676139326,336.18333676139326,336.18333676139326,336.18333676139326
10067,1,Application Exercise,Application Exercise,6.003455648647318,6.003455648647318,455.66228373233145,455.66228373233145,455.66228373233145,455.66228373233145
10276,1,Application Exercise,Application Exercise,5.926872489828491,5.926872489828491,466.44486494950223,466.44486494950223,466.44486494950223,466.44486494950223
10068,1,Application Exercise,Application Exercise,3.5976696819866696,3.5976696819866696,161.89513568940012,161.89513568940012,161.89513568940012,161.89513568940012
10319,1,Critical Thinking Activity,Critical Thinking Activity,2.811672744681408,2.811672744681408,125.96293896172706,125.96293896172706,125.96293896172706,125.96293896172706
10549,1,Application Exercise,Application Exercise,3.8642951834998316,3.8642951834998316,122.49815731694466,122.49815731694466,122.49815731694466,122.49815731694466
10999,1,Critical Thinking Activity,Critical Thinking Activity,5.775481508118027,5.775481508118027,467.8140021575602,467.8140021575602,467.8140021575602,467.8140021575602
10715,1,Advanced Practice,Advanced Practice,3.091655561532368,3.091655561532368,121.19289801206884,121.19289801206884,121.19289801206884,121.19289801206884
10754,1,Advanced Practice,Advanced Practice,2.5096924588222542,2.5096924588222542,96.62315966465678,96.62315966465678,96.62315966465678,96.62315966465678
10328,1,Application Exercise,Application Exercise,2.6417831226082997,2.6417831226082997,67.8938262510333,67.8938262510333,67.8938262510333,67.8938262510333
10383,1,Application Exercise,Application Exercise,6.8900105626869035,6.8900105626869035,518.8177953703238,518.8177953703238,518.8177953703238,518.8177953703238
10452,1,Application Exercise,Application Exercise,5.962727853311597,5.962727853311597,382.2108553972733,382.2108553972733,382.2108553972733,382.2108553972733
10523,1,Application Exercise,Application Exercise,4.082538177651806,4.082538177651806,171.46660346137583,171.46660346137583,171.46660346137583,171.46660346137583
10219,1,Practice Questions,Practice Questions,3.4354774230194174,3.4354774230194174,151.5045543551563,151.5045543551563,151.5045543551563,151.5045543551563
10788,1,Application Exercise,Application Exercise,4.431413390058215,4.431413390058215,258.35140064039393,258.35140064039393,258.35140064039393,258.35140064039393
10437,1,Application Exercise,Application Exercise,3.9375576096981146,3.9375576096981146,154.7460140611359,154.7460140611359,154.7460140611359,154.7460140611359
10765,1,Advanced Practice,Advanced Practice,3.051437209734834,3.051437209734834,112.29288931824188,112.29288931824188,112.29288931824188,112.29288931824188
10089,1,Practice Questions,Practice Questions,3.658132431990346,3.658132431990346,131.69276755165245,131.69276755165245,131.69276755165245,131.69276755165245
10064,1,Application Exercise,Application Exercise,6.41869689163563,6.41869689163563,483.3278759401629,483.3278759401629,483.3278759401629,483.3278759401629
10827,1,Application Exercise,Application Exercise,6.404033466080405,6.404033466080405,383.60160461821624,383.60160461821624,383.60160461821624,383.60160461821624
10717,1,Critical Thinking Activity,Critical Thinking Activity,6.927153389219993,6.927153389219993,692.7153389219993,692.7153389219993,692.7153389219993,692.7153389219993
10352,1,Application Exercise,Application Exercise,2.1502562198396,2.1502562198396,36.76938135925716,36.76938135925716,36.76938135925716,36.76938135925716
10937,1,Application Exercise,Application Exercise,5.861850722389157,5.861850722389157,377.5031865218617,377.5031865218617,377.5031865218617,377.5031865218617
10257,1,Application Exercise,Application Exercise,4.7859390331059615,4.7859390331059615,192.87334303417023,192.87334303417023,192.87334303417023,192.87334303417023
10636,1,Application Exercise,Application Exercise,4.517727362128876,4.517727362128876,230.40409546857268,230.40409546857268,230.40409546857268,230.40409546857268
10645,1,Advanced Practice,Advanced Practice,1.5736000396879883,1.5736000396879883,16.52280041672388,16.52280041672388,16.52280041672388,16.52280041672388
10555,1,Advanced Practice,Advanced Practice,4.560922150898662,4.560922150898662,204.32931236026005,204.32931236026005,204.32931236026005,204.32931236026005
10960,1,Concept Review,Concept Review,3.4416695542327385,3.4416695542327385,157.28429862843615,157.28429862843615,157.28429862843615,157.28429862843615
10169,1,Critical Thinking Activity,Critical Thinking Activity,3.597529963721605,3.597529963721605,167.28514331305462,167.28514331305462,167.28514331305462,167.28514331305462
10918,1,Application Exercise,Application Exercise,2.2074997550885156,2.2074997550885156,53.862994024159775,53.862994024159775,53.862994024159775,53.862994024159775
10529,1,Application Exercise,Application Exercise,5.5945282160332575,5.5945282160332575,252.31322254309993,252.31322254309993,252.31322254309993,252.31322254309993
10824,1,Application Exercise,Application Exercise,2.1132620457061515,2.1132620457061515,34.8688237541515,34.8688237541515,34.8688237541515,34.8688237541515
10986,1,Application Exercise,Application Exercise,4.279480050867958,4.279480050867958,121.10928543956322,121.10928543956322,121.10928543956322,121.10928543956322
10817,1,Critical Thinking Activity,Critical Thinking Activity,3.9932273262996323,3.9932273262996323,190.47694346449248,190.47694346449248,190.47694346449248,190.47694346449248
10087,1,Application Exercise,Application Exercise,4.407308628101826,4.407308628101826,214.63593018855894,214.63593018855894,214.63593018855894,214.63593018855894
10433,1,Application Exercise,Application Exercise,6.506392816184512,6.506392816184512,545.8863572778806,545.8863572778806,545.8863572778806,545.8863572778806
10185,1,Application Exercise,Application Exercise,5.168544528827933,5.168544528827933,296.1576015018406,296.1576015018406,296.1576015018406,296.1576015018406
10979,1,Application Exercise,Application Exercise,3.0513023924265714,3.0513023924265714,88.48776938037057,88.48776938037057,88.48776938037057,88.48776938037057
10535,1,Application Exercise,Application Exercise,5.53190685295217,5.53190685295217,397.1909120419658,397.1909120419658,397.1909120419658,397.1909120419658
10295,1,Concept Review,Concept Review,4.93180097016923,4.93180097016923,263.85135190405384,263.85135190405384,263.85135190405384,263.85135190405384
10893,1,Concept Review,Concept Review,4.490321641919897,4.490321641919897,202.51350605058735,202.51350605058735,202.51350605058735,202.51350605058735
10426,1,Advanced Practice,Advanced Practice,2.5960962415712476,2.5960962415712476,66.97928303253819,66.97928303253819,66.97928303253819,66.97928303253819
10714,1,Advanced Practice,Advanced Practice,2.221071877732199,2.221071877732199,49.52990287342804,49.52990287342804,49.52990287342804,49.52990287342804
10261,1,Concept Review,Concept Review,3.0170064677382156,3.0170064677382156,103.48332184342078,103.48332184342078,103.48332184342078,103.48332184342078
10238,1,Application Exercise,Application Exercise,3.3858929305140997,3.3858929305140997,73.81246588520737,73.81246588520737,73.81246588520737,73.81246588520737
10560,1,Application Exercise,Application Exercise,2.643616902246743,2.643616902246743,57.366486778754314,57.366486778754314,57.366486778754314,57.366486778754314
10584,1,Application Exercise,Application Exercise,4.381741462321381,4.381741462321381,171.76426532299814,171.76426532299814,171.76426532299814,171.76426532299814
10446,1,Application Exercise,Application Exercise,4.628763542979159,4.628763542979159,205.51710130827465,205.51710130827465,205.51710130827465,205.51710130827465
10868,1,Application Exercise,Application Exercise,6.176845764697471,6.176845764697471,564.5637028933488,564.5637028933488,564.5637028933488,564.5637028933488
10801,1,Concept Review,Concept Review,3.9339327444266803,3.9339327444266803,180.9609062436273,180.9609062436273,180.9609062436273,180.9609062436273
10600,1,Practice Questions,Practice Questions,1.0608362185698388,1.0608362185698388,18.03421571568726,18.03421571568726,18.03421571568726,18.03421571568726
10850,1,Practice Questions,Practice Questions,2.606534098818001,2.606534098818001,62.296164961750215,62.296164961750215,62.296164961750215,62.296164961750215
10266,1,Application Exercise,Application Exercise,4.674165515008353,4.674165515008353,272.9712660764878,272.9712660764878,272.9712660764878,272.9712660764878
10996,1,Concept Review,Concept Review,5.142181655810348,5.142181655810348,276.6493730825967,276.6493730825967,276.6493730825967,276.6493730825967
10530,1,Critical Thinking Activity,Critical Thinking Activity,3.498037273613663,3.498037273613663,120.33248221231,120.33248221231,120.33248221231,120.33248221231
10056,1,Critical Thinking Activity,Critical Thinking Activity,6.020809093950732,6.020809093950732,432.89617385505767,432.89617385505767,432.89617385505767,432.89617385505767
10121,1,Advanced Practice,Advanced Practice,7.04750970418829,7.04750970418829,626.523612702339,626.523612702339,626.523612702339,626.523612702339
10216,1,Concept Review,Concept Review,4.0031670183390515,4.0031670183390515,235.78653738017013,235.78653738017013,235.78653738017013,235.78653738017013
10026,1,Application Exercise,Application Exercise,6.0742842207857155,6.0742842207857155,464.0753144680287,464.0753144680287,464.0753144680287,464.0753144680287
10073,1,Concept Review,Concept Review,4.674730095479097,4.674730095479097,269.73192650914393,269.73192650914393,269.73192650914393,269.73192650914393
10045,1,Practice Questions,Practice Questions,5.369154587452179,5.369154587452179,348.99504818439164,348.99504818439164,348.99504818439164,348.99504818439164
10248,1,Application Exercise,Application Exercise,1.7852862897508557,1.7852862897508557,18.92403467135907,18.92403467135907,18.92403467135907,18.92403467135907
10722,1,Application Exercise,Application Exercise,5.643019327426343,5.643019327426343,398.39716451629977,398.39716451629977,398.39716451629977,398.39716451629977
10282,1,Application Exercise,Application Exercise,5.240537306495558,5.240537306495558,253.642005634385,253.642005634385,253.642005634385,253.642005634385
10894,1,Concept Review,Concept Review,2.62708925846284,2.62708925846284,35.72841391509462,35.72841391509462,35.72841391509462,35.72841391509462
10915,1,Application Exercise,Application Exercise,4.684713707896915,4.684713707896915,169.58663622586832,169.58663622586832,169.58663622586832,169.58663622586832
10811,1,Application Exercise,Application Exercise,4.497932296144958,4.497932296144958,203.75633301536658,203.75633301536658,203.75633301536658,203.75633301536658
10245,1,Application Exercise,Application Exercise,4.0799563830458485,4.0799563830458485,157.48631638556975,157.48631638556975,157.48631638556975,157.48631638556975
10823,1,Application Exercise,Application Exercise,3.6869960564021573,3.6869960564021573,74.8460199449638,74.8460199449638,74.8460199449638,74.8460199449638
10322,1,Concept Review,Concept Review,5.027814316244667,5.027814316244667,311.72448760716935,311.72448760716935,311.72448760716935,311.72448760716935
10644,1,Application Exercise,Application Exercise,7.069047628833401,7.069047628833401,504.7300006987048,504.7300006987048,504.7300006987048,504.7300006987048
10159,1,Practice Questions,Practice Questions,3.3082422686250412,3.3082422686250412,142.25441755087678,142.25441755087678,142.25441755087678,142.25441755087678
10978,1,Application Exercise,Application Exercise,4.431473814220672,4.431473814220672,241.5153228750266,241.5153228750266,241.5153228750266,241.5153228750266
10430,1,Application Exercise,Application Exercise,4.538172977209264,4.538172977209264,248.23806185334675,248.23806185334675,248.23806185334675,248.23806185334675
10942,1,Application Exercise,Application Exercise,3.998595510700933,3.998595510700933,169.94030920478966,169.94030920478966,169.94030920478966,169.94030920478966
10463,1,Application Exercise,Application Exercise,4.517313032844211,4.517313032844211,223.60699512578842,223.60699512578842,223.60699512578842,223.60699512578842
10310,1,Application Exercise,Application Exercise,4.391841835066665,4.391841835066665,234.5243539925599,234.5243539925599,234.5243539925599,234.5243539925599
10698,1,Concept Review,Concept Review,3.70054813351517,3.70054813351517,184.28729704905547,184.28729704905547,184.28729704905547,184.28729704905547
10061,1,Application Exercise,Application Exercise,3.6678721146928397,3.6678721146928397,135.3444810321658,135.3444810321658,135.3444810321658,135.3444810321658
10885,1,Application Exercise,Application Exercise,4.163344394264839,4.163344394264839,132.3943517376219,132.3943517376219,132.3943517376219,132.3943517376219
10596,1,Practice Questions,Practice Questions,6.0113761161791786,6.0113761161791786,455.0611719947638,455.0611719947638,455.0611719947638,455.0611719947638
10768,1,Application Exercise,Application Exercise,5.361219848839802,5.361219848839802,309.3423852780566,309.3423852780566,309.3423852780566,309.3423852780566
10650,1,Application Exercise,Application Exercise,3.4126878573835437,3.4126878573835437,83.95212129163518,83.95212129163518,83.95212129163518,83.95212129163518
10651,1,Application Exercise,Application Exercise,4.115107916426885,4.115107916426885,183.12230228099637,183.12230228099637,183.12230228099637,183.12230228099637
10866,1,Application Exercise,Application Exercise,6.474174742278681,6.474174742278681,543.1832608771814,543.1832608771814,543.1832608771814,543.1832608771814
10669,1,Concept Review,Concept Review,5.621656352136847,5.621656352136847,327.74256532957816,327.74256532957816,327.74256532957816,327.74256532957816
10299,1,Application Exercise,Application Exercise,3.2171771881511235,3.2171771881511235,130.93911155775075,130.93911155775075,130.93911155775075,130.93911155775075
10690,1,Concept Review,Concept Review,5.079074083785072,5.079074083785072,333.18725989630065,333.18725989630065,333.18725989630065,333.18725989630065
10315,1,Application Exercise,Application Exercise,1.5326896391084324,1.5326896391084324,19.31188945276625,19.31188945276625,19.31188945276625,19.31188945276625
10311,1,Application Exercise,Application Exercise,4.358291950598632,4.358291950598632,201.35308811765682,201.35308811765682,201.35308811765682,201.35308811765682
10362,1,Concept Review,Concept Review,2.864223838604251,2.864223838604251,63.29934683315395,63.29934683315395,63.29934683315395,63.29934683315395
10480,1,Advanced Practice,Advanced Practice,6.17752051512813,6.17752051512813,538.06203686766,538.06203686766,538.06203686766,538.06203686766
10111,1,Application Exercise,Application Exercise,3.375368825456812,3.375368825456812,105.9865811193439,105.9865811193439,105.9865811193439,105.9865811193439
10990,1,Application Exercise,Application Exercise,4.511518800707524,4.511518800707524,209.3344723528291,209.3344723528291,209.3344723528291,209.3344723528291
10487,1,Application Exercise,Application Exercise,4.082490750045855,4.082490750045855,172.28110965193508,172.28110965193508,172.28110965193508,172.28110965193508
10364,1,Application Exercise,Application Exercise,4.350968022987249,4.350968022987249,133.57471830570856,133.57471830570856,133.57471830570856,133.57471830570856
10255,1,Advanced Practice,Advanced Practice,1.8069651527657262,1.8069651527657262,52.40198943020606,52.40198943020606,52.40198943020606,52.40198943020606
10260,1,Concept Review,Concept Review,5.3330489416802624,5.3330489416802624,370.11359655261026,370.11359655261026,370.11359655261026,370.11359655261026
10803,1,Application Exercise,Application Exercise,5.986132616867071,5.986132616867071,438.78352081635626,438.78352081635626,438.78352081635626,438.78352081635626
10678,1,Advanced Practice,Advanced Practice,2.7309984305355193,2.7309984305355193,113.88263455333116,113.88263455333116,113.88263455333116,113.88263455333116
10495,1,Application Exercise,Application Exercise,2.435250496957427,2.435250496957427,46.513284491886864,46.513284491886864,46.513284491886864,46.513284491886864
10671,1,Concept Review,Concept Review,3.273515060478507,3.273515060478507,160.40223796344682,160.40223796344682,160.40223796344682,160.40223796344682
10378,1,Advanced Practice,Advanced Practice,5.2311545060496645,5.2311545060496645,318.57730941842453,318.57730941842453,318.57730941842453,318.57730941842453
10527,1,Concept Review,Concept Review,4.960234823179624,4.960234823179624,343.7442732463479,343.7442732463479,343.7442732463479,343.7442732463479
10846,1,Concept Review,Concept Review,4.12105710242911,4.12105710242911,218.41602642874284,218.41602642874284,218.41602642874284,218.41602642874284
10138,1,Application Exercise,Application Exercise,5.148519262678138,5.148519262678138,181.74272997253826,181.74272997253826,181.74272997253826,181.74272997253826
10356,1,Application Exercise,Application Exercise,4.678584898510117,4.678584898510117,223.16849965893257,223.16849965893257,223.16849965893257,223.16849965893257
10366,1,Concept Review,Concept Review,5.948795946863628,5.948795946863628,434.26210412104484,434.26210412104484,434.26210412104484,434.26210412104484
10943,1,Application Exercise,Application Exercise,3.103891369691182,3.103891369691182,121.36215255492522,121.36215255492522,121.36215255492522,121.36215255492522
10750,1,Application Exercise,Application Exercise,5.756135550282911,5.756135550282911,347.0949736820595,347.0949736820595,347.0949736820595,347.0949736820595
10949,1,Advanced Practice,Advanced Practice,5.0350252710033185,5.0350252710033185,321.73811481711203,321.73811481711203,321.73811481711203,321.73811481711203
10830,1,Application Exercise,Application Exercise,4.901843414163819,4.901843414163819,292.1498674841636,292.1498674841636,292.1498674841636,292.1498674841636
10657,1,Application Exercise,Application Exercise,4.531827148646725,4.531827148646725,242.90593516746446,242.90593516746446,242.90593516746446,242.90593516746446
10200,1,Concept Review,Concept Review,4.272643595426865,4.272643595426865,203.37783514231876,203.37783514231876,203.37783514231876,203.37783514231876
10214,1,Application Exercise,Application Exercise,5.417298015716618,5.417298015716618,358.6251286404401,358.6251286404401,358.6251286404401,358.6251286404401
10409,1,Application Exercise,Application Exercise,3.162510628906386,3.162510628906386,98.3540805589886,98.3540805589886,98.3540805589886,98.3540805589886
10333,1,Application Exercise,Application Exercise,6.028027052985502,6.028027052985502,337.5695149671881,337.5695149671881,337.5695149671881,337.5695149671881
10209,1,Application Exercise,Application Exercise,4.420448666763409,4.420448666763409,221.4644782048468,221.4644782048468,221.4644782048468,221.4644782048468
10614,1,Practice Questions,Practice Questions,3.2189877808719505,3.2189877808719505,113.95216744286704,113.95216744286704,113.95216744286704,113.95216744286704
10079,1,Application Exercise,Application Exercise,4.233568047045023,4.233568047045023,141.40117277130375,141.40117277130375,141.40117277130375,141.40117277130375
10522,2,Application Exercise,Application Exercise,1.702731579533384,1.702731579533384,0.0,0.0,0.0,0.0
10738,2,Concept Review,Concept Review,5.937216238852816,5.937216238852816,291.1135866234312,291.1135866234312,695.4021823447911,695.4021823447911
10741,2,Application Exercise,Application Exercise,2.185302622445404,2.185302622445404,14.632786359894428,14.632786359894428,34.686483857265145,34.686483857265145
10661,2,Application Exercise,Application Exercise,3.052341588097883,3.052341588097883,57.79914031222151,57.79914031222151,137.31325910682256,137.31325910682256
10412,2,Concept Review,Concept Review,3.12366514286591,3.12366514286591,79.39107327107996,79.39107327107996,189.00999518294677,189.00999518294677
10679,2,Application Exercise,Application Exercise,2.3719841638143273,2.3719841638143273,41.84180064968473,41.84180064968473,99.24513160522146,99.24513160522146
10627,2,Practice Questions,Practice Questions,4.913675160958923,4.913675160958923,192.10504409285002,192.10504409285002,458.91205047342976,458.91205047342976
10514,2,Concept Review,Concept Review,3.1359475469073965,3.1359475469073965,56.672844067710464,56.672844067710464,134.9254649867115,134.9254649867115
10860,2,Concept Review,Concept Review,6.309095579519443,6.309095579519443,367.49219931584855,367.49219931584855,877.8980316989715,877.8980316989715
10137,2,Application Exercise,Application Exercise,3.344249586788807,3.344249586788807,76.81072450936531,76.81072450936531,182.56747139946026,182.56747139946026
10812,2,Application Exercise,Application Exercise,5.451663408363642,5.451663408363642,212.7457128479828,212.7457128479828,506.6545539348043,506.6545539348043
10077,2,Application Exercise,Application Exercise,3.6953330258229355,3.6953330258229355,119.72879003666311,119.72879003666311,284.71417833722006,284.71417833722006
10637,2,Application Exercise,Application Exercise,3.0999827765333694,3.0999827765333694,53.12130485867581,53.12130485867581,126.21090762676756,126.21090762676756
10974,2,Advanced Practice,Advanced Practice,4.848358123635202,4.848358123635202,178.0317102998846,178.0317102998846,426.41731375831984,426.41731375831984
10939,2,Application Exercise,Application Exercise,6.155039715184799,6.155039715184799,339.0195875123787,339.0195875123787,809.8801257240158,809.8801257240158
10900,2,Application Exercise,Application Exercise,7.241243557382253,7.241243557382253,458.2838222596081,458.2838222596081,1095.0061382525628,1095.0061382525628
10281,2,Concept Review,Concept Review,4.0967084934794284,4.0967084934794284,132.14342916567244,132.14342916567244,314.85553619246775,314.85553619246775
10884,2,Application Exercise,Application Exercise,5.867084274528201,5.867084274528201,299.9253481138816,299.9253481138816,716.6636162269183,716.6636162269183
10762,2,Application Exercise,Application Exercise,2.8303493008168163,2.8303493008168163,65.61881819013708,65.61881819013708,155.82255342889408,155.82255342889408
10320,2,Application Exercise,Application Exercise,5.937826245943235,5.937826245943235,365.9601071899734,365.9601071899734,874.1324957799709,874.1324957799709
10550,2,Advanced Practice,Advanced Practice,2.573969438518661,2.573969438518661,50.96459488266948,50.96459488266948,122.30147743086965,122.30147743086965
10175,2,Application Exercise,Application Exercise,6.058049514600768,6.058049514600768,185.81249471183474,185.81249471183474,442.7029071720773,442.7029071720773
10372,2,Application Exercise,Application Exercise,2.543469676902242,2.543469676902242,21.792448191698405,21.792448191698405,51.714743690133865,51.714743690133865
10528,2,Application Exercise,Application Exercise,4.835751724967217,4.835751724967217,225.26865835587282,225.26865835587282,536.2660731470863,536.2660731470863
10211,2,Practice Questions,Practice Questions,4.03702292914081,4.03702292914081,178.46870965145692,178.46870965145692,427.0243598903918,427.0243598903918
10236,2,Application Exercise,Application Exercise,3.018103350056431,3.018103350056431,70.40631495011641,70.40631495011641,167.25355303168263,167.25355303168263
10102,2,Application Exercise,Application Exercise,5.27643140277523,5.27643140277523,204.76774987890107,204.76774987890107,487.6047841610746,487.6047841610746
10987,2,Application Exercise,Application Exercise,6.8447582089039845,6.8447582089039845,392.2867824687051,392.2867824687051,937.5400308409828,937.5400308409828
10903,2,Application Exercise,Application Exercise,2.5648265535335266,2.5648265535335266,52.44557336665354,52.44557336665354,124.46330128109693,124.46330128109693
10948,2,Practice Questions,Practice Questions,3.153924699160052,3.153924699160052,79.93306757551235,79.93306757551235,191.3424543168429,191.3424543168429
10347,2,Concept Review,Concept Review,4.795807821653257,4.795807821653257,184.0439209637654,184.0439209637654,438.6843817743634,438.6843817743634
10140,2,Application Exercise,Application Exercise,4.643502124988915,4.643502124988915,137.07618272967278,137.07618272967278,326.2711362470965,326.2711362470965
10622,2,Application Exercise,Application Exercise,3.501529967329425,3.501529967329425,99.33140211320112,99.33140211320112,236.14943492059996,236.14943492059996
10500,2,Application Exercise,Application Exercise,4.609425918743321,4.609425918743321,147.3541277703865,147.3541277703865,351.40395690248687,351.40395690248687
10371,2,Application Exercise,Application Exercise,4.687891154464454,4.687891154464454,173.4894758444205,173.4894758444205,412.95694051545286,412.95694051545286
10199,2,Application Exercise,Application Exercise,4.22190696369991,4.22190696369991,148.03694577517362,148.03694577517362,352.23195011060716,352.23195011060716
10688,2,Advanced Practice,Advanced Practice,5.63210093669421,5.63210093669421,283.85788720938814,283.85788720938814,678.0920984172373,678.0920984172373
10585,2,Application Exercise,Application Exercise,6.114981763390194,6.114981763390194,254.48108106524631,254.48108106524631,606.2513435137936,606.2513435137936
10902,2,Concept Review,Concept Review,5.151963292168571,5.151963292168571,226.27422779204366,226.27422779204366,539.3978502480811,539.3978502480811
10060,2,Application Exercise,Application Exercise,5.710315114621137,5.710315114621137,284.9218829591362,284.9218829591362,680.674262371172,680.674262371172
10329,2,Application Exercise,Application Exercise,4.216459002586962,4.216459002586962,140.2562922620527,140.2562922620527,333.7173110437892,333.7173110437892
10097,2,Application Exercise,Application Exercise,6.143812714724193,6.143812714724193,341.4976859352296,341.4976859352296,813.5619174029176,813.5619174029176
10313,2,Application Exercise,Application Exercise,5.689853183546274,5.689853183546274,302.3360387609148,302.3360387609148,720.1076632138105,720.1076632138105
10975,2,Application Exercise,Application Exercise,4.786993591305309,4.786993591305309,157.16657358973592,157.16657358973592,374.13148885362983,374.13148885362983
10300,2,Advanced Practice,Advanced Practice,7.49194583510072,7.49194583510072,534.0258991259793,534.0258991259793,1275.842796644735,1275.842796644735
10278,2,Application Exercise,Application Exercise,3.706048596270019,3.706048596270019,86.18786615485556,86.18786615485556,204.95682446047385,204.95682446047385
10925,2,Concept Review,Concept Review,2.750760099130787,2.750760099130787,82.39076648916533,82.39076648916533,196.06055552342895,196.06055552342895
10602,2,Practice Questions,Practice Questions,0.7294907748457851,0.7294907748457851,4.832146892578479,4.832146892578479,11.630356060684662,11.630356060684662
10440,2,Concept Review,Concept Review,6.5143997586807885,6.5143997586807885,372.8842421868883,372.8842421868883,890.424676870979,890.424676870979
10838,2,Concept Review,Concept Review,3.783940379502108,3.783940379502108,116.60590673473695,116.60590673473695,277.7747479910353,277.7747479910353
10571,2,Application Exercise,Application Exercise,3.975932774338864,3.975932774338864,106.20511626813973,106.20511626813973,252.6366537369843,252.6366537369843
10880,2,Application Exercise,Application Exercise,5.18565233512749,5.18565233512749,191.91062161839815,191.91062161839815,456.96301097551054,456.96301097551054
10262,2,Application Exercise,Application Exercise,5.900973259679475,5.900973259679475,262.144836088001,262.144836088001,624.4461375868242,624.4461375868242
10579,2,Concept Review,Concept Review,3.2264978505075756,3.2264978505075756,82.00466936850054,82.00466936850054,195.25358586011816,195.25358586011816
10024,2,Critical Thinking Activity,Critical Thinking Activity,7.000372322734467,7.000372322734467,437.4952686816132,437.4952686816132,1045.4406351498283,1045.4406351498283
10031,2,Concept Review,Concept Review,3.927670759016906,3.927670759016906,63.34547400142466,63.34547400142466,150.9044219639952,150.9044219639952
10618,2,Critical Thinking Activity,Critical Thinking Activity,2.961307407232839,2.961307407232839,90.18957839468334,90.18957839468334,215.69191639653297,215.69191639653297
10011,2,Application Exercise,Application Exercise,3.201870182904221,3.201870182904221,69.16039595073117,69.16039595073117,164.34676953020767,164.34676953020767
10222,2,Application Exercise,Application Exercise,5.4142770316284725,5.4142770316284725,231.5578000886865,231.5578000886865,551.4437865902705,551.4437865902705
10821,2,Advanced Practice,Advanced Practice,4.600416271378002,4.600416271378002,196.75060309429438,196.75060309429438,471.2092112702515,471.2092112702515
10297,2,Application Exercise,Application Exercise,5.474806567522991,5.474806567522991,249.1255980485662,249.1255980485662,593.3790585230001,593.3790585230001
10055,2,Application Exercise,Application Exercise,4.83890356708553,4.83890356708553,239.00312498548845,239.00312498548845,568.9631227253958,568.9631227253958
10543,2,Concept Review,Concept Review,5.81379206117806,5.81379206117806,295.94527108220797,295.94527108220797,706.9095251302806,706.9095251302806
10210,2,Application Exercise,Application Exercise,3.993637425274394,3.993637425274394,112.42888079632473,112.42888079632473,267.44655353824953,267.44655353824953
10605,2,Advanced Practice,Advanced Practice,4.585868027825417,4.585868027825417,187.8738413639517,187.8738413639517,448.9456978515608,448.9456978515608
10693,2,Application Exercise,Application Exercise,5.124838248091619,5.124838248091619,242.0563601338633,242.0563601338633,576.3439354372786,576.3439354372786
10663,2,Advanced Practice,Advanced Practice,5.285741937212906,5.285741937212906,261.07336576281983,261.07336576281983,623.754436648389,623.754436648389
10867,2,Concept Review,Concept Review,5.774424625491438,5.774424625491438,302.25648259672386,302.25648259672386,720.725779787926,720.725779787926
10071,2,Application Exercise,Application Exercise,6.058005122255432,6.058005122255432,244.25876652933903,244.25876652933903,581.8835538146964,581.8835538146964
10544,2,Practice Questions,Practice Questions,2.927444930155544,2.927444930155544,71.87462792517893,71.87462792517893,172.07951120778915,172.07951120778915
10108,2,Application Exercise,Application Exercise,4.879379605384882,4.879379605384882,203.76289232087265,203.76289232087265,485.0854277450722,485.0854277450722
10494,2,Concept Review,Concept Review,5.118896148837181,5.118896148837181,172.8548851539339,172.8548851539339,412.07222323388885,412.07222323388885
10591,2,Application Exercise,Application Exercise,7.423603705931411,7.423603705931411,445.7725553337694,445.7725553337694,1062.4832497051818,1062.4832497051818
10742,2,Application Exercise,Application Exercise,5.355927973398476,5.355927973398476,247.1867878282864,247.1867878282864,588.6434437471162,588.6434437471162
10293,2,Application Exercise,Application Exercise,4.395776046932262,4.395776046932262,192.7459881058858,192.7459881058858,458.68319359153077,458.68319359153077
10290,2,Application Exercise,Application Exercise,4.124786933808193,4.124786933808193,106.02352334660578,106.02352334660578,252.24343591345462,252.24343591345462
10653,2,Concept Review,Concept Review,6.598254646771274,6.598254646771274,358.20604826391894,358.20604826391894,855.3783769539973,855.3783769539973
10040,2,Application Exercise,Application Exercise,5.2765331467285375,5.2765331467285375,224.90694884615718,224.90694884615718,535.4845904354439,535.4845904354439
10590,2,Advanced Practice,Advanced Practice,4.3762730960525005,4.3762730960525005,178.3418812103315,178.3418812103315,426.15404927965744,426.15404927965744
10308,2,Application Exercise,Application Exercise,3.7126061450166357,3.7126061450166357,99.43844298812557,99.43844298812557,236.5147886893851,236.5147886893851
10680,2,Application Exercise,Application Exercise,5.74639475000659,5.74639475000659,243.27936813627898,243.27936813627898,579.4627048976722,579.4627048976722
10067,2,Application Exercise,Application Exercise,6.030038251158107,6.030038251158107,329.5295303492883,329.5295303492883,785.1918140816197,785.1918140816197
10276,2,Concept Review,Application Exercise,5.960679388736494,5.955928769498318,337.7559368833647,337.48674779485265,804.200801832867,803.9316127443549
10068,2,Application Exercise,Application Exercise,3.6266607455750073,3.6266607455750073,117.50380815663023,117.50380815663023,279.39894384603036,279.39894384603036
10319,2,Critical Thinking Activity,Critical Thinking Activity,2.806045388050218,2.806045388050218,90.51180003694782,90.51180003694782,216.47473899867487,216.47473899867487
10549,2,Application Exercise,Application Exercise,3.8932862470881693,3.8932862470881693,88.86036530354036,88.86036530354036,211.35852262048502,211.35852262048502
10999,2,Critical Thinking Activity,Critical Thinking Activity,5.7718985358239285,5.7718985358239285,336.6171226092515,336.6171226092515,804.4311247668118,804.4311247668118
10715,2,Advanced Practice,Advanced Practice,3.0715565437528416,3.0715565437528416,86.69161189088021,86.69161189088021,207.88450990294905,207.88450990294905
10754,2,Advanced Practice,Advanced Practice,2.489593441042727,2.489593441042727,69.01153018570439,69.01153018570439,165.63468985036116,165.63468985036116
10328,2,Application Exercise,Application Exercise,2.6707741861966374,2.6707741861966374,49.42000554138257,49.42000554138257,117.31383179241587,117.31383179241587
10383,2,Application Exercise,Application Exercise,6.886086512328367,6.886086512328367,373.3360663523947,373.3360663523947,892.1538617227185,892.1538617227185
10452,2,Application Exercise,Application Exercise,5.993017054275157,5.993017054275157,276.589723088907,276.589723088907,658.8005784861803,658.8005784861803
10523,2,Application Exercise,Application Exercise,4.113998038726544,4.113998038726544,124.4073006910907,124.4073006910907,295.87390415246654,295.87390415246654
10219,2,Practice Questions,Practice Questions,3.4242604266808248,3.4242604266808248,108.72711706796954,108.72711706796954,260.2316714231258,260.2316714231258
10788,2,Application Exercise,Application Exercise,4.4287252158923485,4.4287252158923485,185.90016966229723,185.90016966229723,444.25157030269116,444.25157030269116
10437,2,Application Exercise,Application Exercise,3.9665486732864523,3.9665486732864523,112.23746125931343,112.23746125931343,266.9834753204493,266.9834753204493
10765,2,Advanced Practice,Advanced Practice,3.0313381919553075,3.0313381919553075,80.31833673404782,80.31833673404782,192.61122605228968,192.61122605228968
10089,2,Practice Questions,Practice Questions,3.650113649475586,3.650113649475586,94.61094579440719,94.61094579440719,226.30371334605962,226.30371334605962
10064,2,Application Exercise,Application Exercise,6.414929956774007,6.414929956774007,347.7918425364595,347.7918425364595,831.1197184766224,831.1197184766224
10827,2,Application Exercise,Application Exercise,6.433024529668742,6.433024529668742,277.4434819155535,277.4434819155535,661.0450865337698,661.0450865337698
10717,2,Critical Thinking Activity,Critical Thinking Activity,6.927153389219993,6.927153389219993,498.7550440238395,498.7550440238395,1191.4703829458388,1191.4703829458388
10352,2,Application Exercise,Application Exercise,2.179247283427938,2.179247283427938,26.830892553564777,26.830892553564777,63.60027391282193,63.60027391282193
10937,2,Application Exercise,Application Exercise,5.890841785977495,5.890841785977495,273.1465519322045,273.1465519322045,650.6497384540662,650.6497384540662
10257,2,Application Exercise,Application Exercise,4.814930096694299,4.814930096694299,139.71001168568176,139.71001168568176,332.58335471985197,332.58335471985197
10636,2,Application Exercise,Application Exercise,4.546718425717213,4.546718425717213,166.95550059233605,166.95550059233605,397.35959606090876,397.35959606090876
10645,2,Advanced Practice,Advanced Practice,1.5535010219084615,1.5535010219084615,11.744467725627969,11.744467725627969,28.267268142351845,28.267268142351845
10555,2,Advanced Practice,Advanced Practice,4.540823133119137,4.540823133119137,146.46879098189086,146.46879098189086,350.7981033421509,350.7981033421509
10960,2,Concept Review,Concept Review,3.4599828015783416,3.4599828015783416,113.84727410313374,113.84727410313374,271.1315727315699,271.1315727315699
10169,2,Critical Thinking Activity,Critical Thinking Activity,3.5919026070904145,3.5919026070904145,120.25689928538708,120.25689928538708,287.5420425984417,287.5420425984417
10918,2,Application Exercise,Application Exercise,2.2364908186768533,2.2364908186768533,39.29067070251495,39.29067070251495,93.15366472667472,93.15366472667472
10529,2,Application Exercise,Application Exercise,5.623519279621594,5.623519279621594,182.6069180478724,182.6069180478724,434.9201405909723,434.9201405909723
10824,2,Application Exercise,Application Exercise,2.1422531092944888,2.1422531092944888,25.449966938418523,25.449966938418523,60.31879069257002,60.31879069257002
10986,2,Application Exercise,Application Exercise,4.307238193162564,4.307238193162564,87.76428542388041,87.76428542388041,208.87357086344363,208.87357086344363
10817,2,Critical Thinking Activity,Critical Thinking Activity,3.9933577509434954,3.9933577509434954,137.1478785984034,137.1478785984034,327.6248220628959,327.6248220628959
10087,2,Application Exercise,Application Exercise,4.436299691690163,4.436299691690163,155.55441238942387,155.55441238942387,370.19034257798285,370.19034257798285
10433,2,Application Exercise,Application Exercise,6.53538387977285,6.53538387977285,394.78946940931826,394.78946940931826,940.6758266871989,940.6758266871989
10185,2,Application Exercise,Application Exercise,5.19877146860894,5.19877146860894,214.4805157089304,214.4805157089304,510.638117210771,510.638117210771
10979,2,Application Exercise,Application Exercise,3.0802934560149096,3.0802934560149096,64.31652736159131,64.31652736159131,152.80429674196188,152.80429674196188
10535,2,Application Exercise,Application Exercise,5.560897916540508,5.560897916540508,287.47617869347806,287.47617869347806,684.6670907354439,684.6670907354439
10295,2,Concept Review,Concept Review,4.936258154207369,4.936258154207369,190.14466410006787,190.14466410006787,453.9960160041217,453.9960160041217
10893,2,Concept Review,Concept Review,4.508634889265499,4.508634889265499,146.40439212422928,146.40439212422928,348.9178981748166,348.9178981748166
10426,2,Advanced Practice,Advanced Practice,2.5759972237917204,2.5759972237917204,47.851724429155,47.851724429155,114.83100746169319,114.83100746169319
10714,2,Advanced Practice,Advanced Practice,2.2009728599526723,2.2009728599526723,35.33882023940011,35.33882023940011,84.86872311282815,84.86872311282815
10261,2,Concept Review,Concept Review,3.0353197150838187,3.0353197150838187,74.96025568370997,74.96025568370997,178.44357752713074,178.44357752713074
10238,2,Application Exercise,Application Exercise,3.4148839941024374,3.4148839941024374,53.60001917143186,53.60001917143186,127.41248505663924,127.41248505663924
10560,2,Application Exercise,Application Exercise,2.6726079658350805,2.6726079658350805,41.7568268582073,41.7568268582073,99.12331363696161,99.12331363696161
10584,2,Application Exercise,Application Exercise,4.377817411962845,4.377817411962845,123.55951863523933,123.55951863523933,295.32378395823747,295.32378395823747
10446,2,Application Exercise,Application Exercise,4.6577546065674955,4.6577546065674955,148.89909926274967,148.89909926274967,354.4162005710243,354.4162005710243
10868,2,Application Exercise,Application Exercise,6.204603906992077,6.204603906992077,408.3125739113346,408.3125739113346,972.8762768046834,972.8762768046834
10801,2,Concept Review,Concept Review,3.952245991772284,3.952245991772284,130.89838724749805,130.89838724749805,311.85929349112536,311.85929349112536
10600,2,Practice Questions,Practice Questions,1.0497215216693645,1.0497215216693645,12.848591425233021,12.848591425233021,30.88280714092028,30.88280714092028
10850,2,Practice Questions,Practice Questions,2.595419401917527,2.595419401917527,44.6619770681968,44.6619770681968,106.95814202994701,106.95814202994701
10266,2,Application Exercise,Application Exercise,4.7031565785966905,4.7031565785966905,197.75832781683363,197.75832781683363,470.7295938933214,470.7295938933214
10996,2,Concept Review,Concept Review,5.160494903155952,5.160494903155952,199.8969305686489,199.8969305686489,476.5463036512456,476.5463036512456
10530,2,Critical Thinking Activity,Critical Thinking Activity,3.492983575144545,3.492983575144545,86.51421718918009,86.51421718918009,206.84669940149007,206.84669940149007
10056,2,Critical Thinking Activity,Critical Thinking Activity,6.018528753515403,6.018528753515403,311.5671965119854,311.5671965119854,744.4633703670431,744.4633703670431
10121,2,Advanced Practice,Advanced Practice,7.04750970418829,7.04750970418829,451.0970011456841,451.0970011456841,1077.6206138480231,1077.6206138480231
10216,2,Concept Review,Concept Review,4.021480265684655,4.021480265684655,170.54293510715485,170.54293510715485,406.329472487325,406.329472487325
10026,2,Application Exercise,Application Exercise,6.071750207217825,6.071750207217825,333.99483539863814,333.99483539863814,798.0701498666668,798.0701498666668
10073,2,Concept Review,Concept Review,4.6930433428247005,4.6930433428247005,194.96779263430938,194.96779263430938,464.6997191434533,464.6997191434533
10045,2,Practice Questions,Practice Questions,5.368773291463589,5.368773291463589,251.25859004049596,251.25859004049596,600.2536382248876,600.2536382248876
10248,2,Application Exercise,Application Exercise,1.814277353339193,1.814277353339193,13.84656476068472,13.84656476068472,32.77059943204379,32.77059943204379
10722,2,Application Exercise,Application Exercise,5.67201039101468,5.67201039101468,288.3196321960582,288.3196321960582,686.716796712358,686.716796712358
10282,2,Application Exercise,Application Exercise,5.269528370083895,5.269528370083895,183.63252464068358,183.63252464068358,437.27453027506857,437.27453027506857
10894,2,Concept Review,Concept Review,2.645402505808443,2.645402505808443,25.90378133687627,25.90378133687627,61.63219525197089,61.63219525197089
10915,2,Application Exercise,Application Exercise,4.7137047714852525,4.7137047714852525,122.85800116399162,122.85800116399162,292.44463738985996,292.44463738985996
10811,2,Application Exercise,Application Exercise,4.526923359733296,4.526923359733296,147.65013230106115,147.65013230106115,351.4064653164277,351.4064653164277
10245,2,Application Exercise,Application Exercise,4.108947446634185,4.108947446634185,114.19586743685727,114.19586743685727,271.682183822427,271.682183822427
10823,2,Application Exercise,Application Exercise,3.7159871199904946,3.7159871199904946,54.31286774578106,54.31286774578106,129.15888769074485,129.15888769074485
10322,2,Concept Review,Concept Review,5.0451378447825945,5.0451378447825945,225.214953391095,225.214953391095,536.9394409982643,536.9394409982643
10644,2,Application Exercise,Application Exercise,7.065123578474865,7.065123578474865,363.20387292223586,363.20387292223586,867.9338736209406,867.9338736209406
10159,2,Practice Questions,Practice Questions,3.297127571724567,3.297127571724567,102.07906962059259,102.07906962059259,244.33348717146936,244.33348717146936
10978,2,Application Exercise,Application Exercise,4.4604648778090095,4.4604648778090095,175.02864180522553,175.02864180522553,416.54396468025215,416.54396468025215
10430,2,Application Exercise,Application Exercise,4.567164040797601,4.567164040797601,179.8731885827727,179.8731885827727,428.11125043611946,428.11125043611946
10942,2,Application Exercise,Application Exercise,4.02758657428927,4.02758657428927,123.24414917325166,123.24414917325166,293.1844583780413,293.1844583780413
10463,2,Application Exercise,Application Exercise,4.546304096432547,4.546304096432547,162.03027799685597,162.03027799685597,385.6372731226444,385.6372731226444
10310,2,Concept Review,Application Exercise,4.465263433910533,4.420832898655002,171.68044850699215,169.9721832874875,406.20480249955204,404.4965372800474
10698,2,Concept Review,Concept Review,3.7188613808607736,3.7188613808607736,133.3434936721439,133.3434936721439,317.63079072119933,317.63079072119933
10061,2,Application Exercise,Application Exercise,3.696863178281177,3.696863178281177,98.2182609205743,98.2182609205743,233.56274195274008,233.56274195274008
10885,2,Application Exercise,Application Exercise,4.192335457853176,4.192335457853176,95.9877126430063,95.9877126430063,228.3820643806282,228.3820643806282
10596,2,Practice Questions,Practice Questions,6.000261419278704,6.000261419278704,327.0382483963665,327.0382483963665,782.0994203911303,782.0994203911303
10768,2,Application Exercise,Application Exercise,5.39021091242814,5.39021091242814,223.93092214591465,223.93092214591465,533.2733074239712,533.2733074239712
10650,2,Application Exercise,Application Exercise,3.441678920971881,3.441678920971881,60.959017048253955,60.959017048253955,144.91113833988913,144.91113833988913
10651,2,Application Exercise,Application Exercise,4.111183866068348,4.111183866068348,131.72233106882987,131.72233106882987,314.84463334982627,314.84463334982627
10866,2,Application Exercise,Application Exercise,6.474174742278681,6.474174742278681,391.09194783157056,391.09194783157056,934.275208708752,934.275208708752
10669,2,Concept Review,Concept Review,5.639969599482449,5.639969599482449,236.74336390787528,236.74336390787528,564.4859292374534,564.4859292374534
10299,2,Application Exercise,Application Exercise,3.2461682517394608,3.2461682517394608,95.12571444897317,95.12571444897317,226.06482600672393,226.06482600672393
10690,2,Concept Review,Concept Review,5.082652475297294,5.082652475297294,240.06384171324177,240.06384171324177,573.2511016095424,573.2511016095424
10315,2,Application Exercise,Application Exercise,1.5616807026967696,1.5616807026967696,14.167567334865094,14.167567334865094,33.47945678763134,33.47945678763134
10311,2,Application Exercise,Application Exercise,4.38728301418697,4.38728301418697,145.93858218391537,145.93858218391537,347.2916703015722,347.2916703015722
10362,2,Concept Review,Concept Review,2.8816582934239383,2.8816582934239383,45.85294676496171,45.85294676496171,109.15229359811565,109.15229359811565
10480,2,Advanced Practice,Advanced Practice,6.177889100398412,6.177889100398412,387.42778126418517,387.42778126418517,925.4898181318451,925.4898181318451
10111,2,Application Exercise,Application Exercise,3.404359889045149,3.404359889045149,76.96576837153272,76.96576837153272,182.9523494908766,182.9523494908766
10990,2,Application Exercise,Application Exercise,4.540509864295861,4.540509864295861,151.68935354639612,151.68935354639612,361.02382589922524,361.02382589922524
10487,2,Application Exercise,Application Exercise,4.111481813634192,4.111481813634192,124.9232634254613,124.9232634254613,297.2043730773964,297.2043730773964
10364,2,Application Exercise,Application Exercise,4.379959086575587,4.379959086575587,96.81461564966678,96.81461564966678,230.38933395537532,230.38933395537532
10255,2,Advanced Practice,Advanced Practice,1.7877457554460074,1.7877457554460074,37.32813137371263,37.32813137371263,89.73012080391868,89.73012080391868
10260,2,Concept Review,Concept Review,5.351362189025866,5.351362189025866,267.3968658612445,267.3968658612445,637.5104624138548,637.5104624138548
10803,2,Application Exercise,Application Exercise,5.986132616867071,5.986132616867071,315.9241349877765,315.9241349877765,754.7076558041327,754.7076558041327
10678,2,Advanced Practice,Advanced Practice,2.710899412755993,2.710899412755993,81.39204396858594,81.39204396858594,195.2746785219171,195.2746785219171
10495,2,Application Exercise,Application Exercise,2.464241560545764,2.464241560545764,33.88824994062534,33.88824994062534,80.40153443251221,80.40153443251221
10671,2,Concept Review,Concept Review,3.29182830782411,3.29182830782411,116.1357027000346,116.1357027000346,276.53794066348144,276.53794066348144
10378,2,Advanced Practice,Advanced Practice,5.230368951483741,5.230368951483741,229.34121778465908,229.34121778465908,547.9185272030836,547.9185272030836
10527,2,Concept Review,Concept Review,4.979023976724632,4.979023976724632,248.4333803426522,248.4333803426522,592.1776535890001,592.1776535890001
10846,2,Concept Review,Concept Review,4.139370349774714,4.139370349774714,157.95837254740306,157.95837254740306,376.3743989761459,376.3743989761459
10138,2,Application Exercise,Application Exercise,5.177510326266476,5.177510326266476,131.59160245238874,131.59160245238874,313.33433242492697,313.33433242492697
10356,2,Application Exercise,Application Exercise,4.7075759620984545,4.7075759620984545,161.67698884230933,161.67698884230933,384.8454885012419,384.8454885012419
10366,2,Concept Review,Concept Review,5.967109194209231,5.967109194209231,313.63125924763716,313.63125924763716,747.893363368682,747.893363368682
10943,2,Application Exercise,Application Exercise,3.1328824332795198,3.1328824332795198,88.19690626168504,88.19690626168504,209.55905881661027,209.55905881661027
10750,2,Application Exercise,Application Exercise,5.756135550282911,5.756135550282911,249.90838105108284,249.90838105108284,597.0033547331424,597.0033547331424
10949,2,Advanced Practice,Advanced Practice,5.0368740797539875,5.0368740797539875,231.73650266132145,231.73650266132145,553.4746174784335,553.4746174784335
10830,2,Application Exercise,Application Exercise,4.897919363805284,4.897919363805284,210.17951573961233,210.17951573961233,502.32938322377595,502.32938322377595
10657,2,Application Exercise,Application Exercise,4.5279030982881885,4.5279030982881885,174.74083636913778,174.74083636913778,417.6467715366023,417.6467715366023
10200,2,Concept Review,Concept Review,4.290956842772468,4.290956842772468,147.05967291549803,147.05967291549803,350.4375080578168,350.4375080578168
10214,2,Application Exercise,Application Exercise,5.446289079304956,5.446289079304956,259.59192267599144,259.59192267599144,618.2170513164315,618.2170513164315
10409,2,Application Exercise,Application Exercise,3.15858657854785,3.15858657854785,70.72707066684346,70.72707066684346,169.08115122583206,169.08115122583206
10333,2,Application Exercise,Application Exercise,6.05701811657384,6.05701811657384,244.2189704602572,244.2189704602572,581.7884854274453,581.7884854274453
10209,2,Application Exercise,Application Exercise,4.449439730351746,4.449439730351746,160.5001899532482,160.5001899532482,381.96466815809504,381.96466815809504
10614,2,Practice Questions,Practice Questions,3.207873083971476,3.207873083971476,81.76226916426498,81.76226916426498,195.71443660713203,195.71443660713203
10079,2,Application Exercise,Application Exercise,4.262559110633361,4.262559110633361,102.50602149251105,102.50602149251105,243.9071942638148,243.9071942638148
10522,3,Application Exercise,Application Exercise,1.702731579533384,1.702731579533384,0.0,0.0,0.0,0.0
10738,3,Concept Review,Concept Review,5.937742379007249,5.937742379007249,202.1801280051968,202.1801280051968,897.5823103499879,897.5823103499879
10741,3,Application Exercise,Application Exercise,2.2142936860337414,2.2142936860337414,10.296465640056898,10.296465640056898,44.982949497322046,44.982949497322046
10661,3,Application Exercise,Application Exercise,3.0813326516862203,3.0813326516862203,40.519524369673796,40.519524369673796,177.83278347649636,177.83278347649636
10412,3,Concept Review,Concept Review,3.1419783902115137,3.1419783902115137,55.455918587233214,55.455918587233214,244.46591377017998,244.46591377017998
10679,3,Application Exercise,Application Exercise,2.4009752274026646,2.4009752274026646,29.41194653568264,29.41194653568264,128.6570781409041,128.6570781409041
10627,3,Practice Questions,Practice Questions,4.913777460397041,4.913777460397041,133.40905804977965,133.40905804977965,592.3211085232094,592.3211085232094
10514,3,Concept Review,Concept Review,3.154260794253,3.154260794253,39.58597296787515,39.58597296787515,174.51143795458663,174.51143795458663
10860,3,Concept Review,Concept Review,6.309095579519443,6.309095579519443,255.20291619156148,255.20291619156148,1133.100947890533,1133.100947890533
10137,3,Application Exercise,Application Exercise,3.373240650377144,3.373240650377144,53.80318837351545,53.80318837351545,236.37065977297573,236.37065977297573
10812,3,Application Exercise,Application Exercise,5.480654471951979,5.480654471951979,148.52573618989865,148.52573618989865,655.180290124703,655.180290124703
10077,3,Application Exercise,Application Exercise,3.7243240894112732,3.7243240894112732,83.79729201175365,83.79729201175365,368.5114703489737,368.5114703489737
10637,3,Application Exercise,Application Exercise,3.1289738401217067,3.1289738401217067,37.23478869744831,37.23478869744831,163.44569632421587,163.44569632421587
10974,3,Advanced Practice,Advanced Practice,4.826410297105008,4.826410297105008,123.0734625761777,123.0734625761777,549.4907763344976,549.4907763344976
10939,3,Application Exercise,Application Exercise,6.155039715184799,6.155039715184799,235.43026910581855,235.43026910581855,1045.3103948298344,1045.3103948298344
10900,3,Application Exercise,Application Exercise,7.238774759895852,7.238774759895852,318.14415069742273,318.14415069742273,1413.1502889499855,1413.1502889499855
10281,3,Concept Review,Concept Review,4.115021740825032,4.115021740825032,92.17648699448071,92.17648699448071,407.0320231869485,407.0320231869485
10884,3,Application Exercise,Application Exercise,5.8646154770418,5.8646154770418,208.19384943498392,208.19384943498392,924.8574656619023,924.8574656619023
10762,3,Application Exercise,Application Exercise,2.8593403644051536,2.8593403644051536,46.03537986692298,46.03537986692298,201.85793329581708,201.85793329581708
10320,3,Application Exercise,Application Exercise,5.939059167236967,5.939059167236967,254.19173235774215,254.19173235774215,1128.324228137713,1128.324228137713
10550,3,Advanced Practice,Advanced Practice,2.553870420739134,2.553870420739134,35.11571828516309,35.11571828516309,157.41719571603272,157.41719571603272
10175,3,Application Exercise,Application Exercise,6.0858076568953745,6.0858076568953745,129.62770309187147,129.62770309187147,572.3306102639488,572.3306102639488
10372,3,Application Exercise,Application Exercise,2.5724607404905795,2.5724607404905795,15.306141405918948,15.306141405918948,67.02088509605281,67.02088509605281
10528,3,Application Exercise,Application Exercise,4.864742788555555,4.864742788555555,157.37442920977222,157.37442920977222,693.6405023568585,693.6405023568585
10211,3,Practice Questions,Practice Questions,4.025908232240336,4.025908232240336,123.59538272977831,123.59538272977831,550.6197426201701,550.6197426201701
10236,3,Application Exercise,Application Exercise,3.0470944136447686,3.0470944136447686,49.36292950104525,49.36292950104525,216.61648253272787,216.61648253272787
10102,3,Application Exercise,Application Exercise,5.305422466363567,5.305422466363567,142.98113546849814,142.98113546849814,630.5859196295728,630.5859196295728
10987,3,Application Exercise,Application Exercise,6.839601237251717,6.839601237251717,272.2161292426183,272.2161292426183,1209.7561600836011,1209.7561600836011
10903,3,Application Exercise,Application Exercise,2.593817617121864,2.593817617121864,36.83221016313046,36.83221016313046,161.29551144422737,161.29551144422737
10948,3,Practice Questions,Practice Questions,3.1428100022595773,3.1428100022595773,55.31345603976857,55.31345603976857,246.65591035661146,246.65591035661146
10347,3,Concept Review,Concept Review,4.814121068998862,4.814121068998862,128.29632648881966,128.29632648881966,566.980708263183,566.980708263183
10140,3,Application Exercise,Application Exercise,4.672493188577253,4.672493188577253,95.78611036583368,95.78611036583368,422.05724661293016,422.05724661293016
10622,3,Application Exercise,Application Exercise,3.530521030917763,3.530521030917763,69.55126430907993,69.55126430907993,305.7006992296799,305.7006992296799
10500,3,Application Exercise,Application Exercise,4.605501868384785,4.605501868384785,102.24214147814222,102.24214147814222,453.6460983806291,453.6460983806291
10371,3,Application Exercise,Application Exercise,4.716882218052791,4.716882218052791,121.22387300395673,121.22387300395673,534.1808135194096,534.1808135194096
10199,3,Application Exercise,Application Exercise,4.250898027288247,4.250898027288247,103.50936696446881,103.50936696446881,455.741317075076,455.741317075076
10688,3,Advanced Practice,Advanced Practice,5.632284570419145,5.632284570419145,197.1299599646701,197.1299599646701,875.2220583819073,875.2220583819073
10585,3,Application Exercise,Application Exercise,6.143972826978532,6.143972826978532,177.56081469967955,177.56081469967955,783.8121582134731,783.8121582134731
10902,3,Concept Review,Concept Review,5.170752445713578,5.170752445713578,157.70794959426414,157.70794959426414,697.1057998423453,697.1057998423453
10060,3,Application Exercise,Application Exercise,5.706391064262601,5.706391064262601,197.7264503766991,197.7264503766991,878.400712747871,878.400712747871
10329,3,Application Exercise,Application Exercise,4.2454500661753,4.2454500661753,98.06989652864944,98.06989652864944,431.78720757243866,431.78720757243866
10097,3,Application Exercise,Application Exercise,6.172803778312531,6.172803778312531,238.2702258428637,238.2702258428637,1051.8321432457813,1051.8321432457813
10313,3,Concept Review,Application Exercise,5.720870205887373,5.718844247134611,211.10011059724405,211.02535271926715,931.2077738110545,931.1330159330777
10975,3,Application Exercise,Application Exercise,4.815984654893646,4.815984654893646,109.80445013157514,109.80445013157514,483.935938985205,483.935938985205
10300,3,Advanced Practice,Advanced Practice,7.490791695264516,7.490791695264516,370.79418891559357,370.79418891559357,1646.6369855603286,1646.6369855603286
10278,3,Application Exercise,Application Exercise,3.735039659858357,3.735039659858357,60.32089050671246,60.32089050671246,265.27771496718634,265.27771496718634
10925,3,Concept Review,Concept Review,2.7690733464763895,2.7690733464763895,57.5967256067089,57.5967256067089,253.65728113013785,253.65728113013785
10602,3,Practice Questions,Practice Questions,0.7227772938345884,0.7227772938345884,3.3247755516391067,3.3247755516391067,14.955131612323768,14.955131612323768
10440,3,Concept Review,Concept Review,6.518856942718928,6.518856942718928,259.1245634730774,259.1245634730774,1149.5492403440564,1149.5492403440564
10838,3,Concept Review,Concept Review,3.8022536268477114,3.8022536268477114,81.36822761454101,81.36822761454101,359.14297560557634,359.14297560557634
10571,3,Application Exercise,Application Exercise,4.004923837927201,4.004923837927201,74.29133719354958,74.29133719354958,326.9279909305339,326.9279909305339
10880,3,Application Exercise,Application Exercise,5.214643398715827,5.214643398715827,134.01633534699675,134.01633534699675,590.9793463225074,590.9793463225074
10262,3,Application Exercise,Application Exercise,5.929964323267811,5.929964323267811,182.93939937281198,182.93939937281198,807.3855369596362,807.3855369596362
10579,3,Concept Review,Concept Review,3.2448110978531792,3.2448110978531792,57.27091587710861,57.27091587710861,252.52450173722676,252.52450173722676
10024,3,Critical Thinking Activity,Critical Thinking Activity,6.997031011745434,6.997031011745434,303.67114590975183,303.67114590975183,1349.1117810595802,1349.1117810595802
10031,3,Concept Review,Concept Review,3.9400267403120193,3.9400267403120193,44.128299491494616,44.128299491494616,195.03272145548982,195.03272145548982
10618,3,Critical Thinking Activity,Critical Thinking Activity,2.9556564692682885,2.9556564692682885,62.5121343250243,62.5121343250243,278.2040507215573,278.2040507215573
10011,3,Application Exercise,Application Exercise,3.2308612464925583,3.2308612464925583,48.462918697388375,48.462918697388375,212.80968822759604,212.80968822759604
10222,3,Application Exercise,Application Exercise,5.44326809521681,5.44326809521681,161.66506242793926,161.66506242793926,713.1088490182098,713.1088490182098
10821,3,Advanced Practice,Advanced Practice,4.580317253598475,4.580317253598475,136.0354224318747,136.0354224318747,607.2446337021262,607.2446337021262
10297,3,Application Exercise,Application Exercise,5.502564709817597,5.502564709817597,173.88104483023608,173.88104483023608,767.2601033532362,767.2601033532362
10055,3,Application Exercise,Application Exercise,4.8678946306738675,4.8678946306738675,166.96878583211364,166.96878583211364,735.9319085575095,735.9319085575095
10543,3,Concept Review,Concept Review,5.814794107531897,5.814794107531897,205.55297170125257,205.55297170125257,912.4624968315331,912.4624968315331
10210,3,Application Exercise,Application Exercise,4.022628488862731,4.022628488862731,78.6423869572664,78.6423869572664,346.08894049551594,346.08894049551594
10605,3,Advanced Practice,Advanced Practice,4.584202852799685,4.584202852799685,130.42057116215105,130.42057116215105,579.3662690137119,579.3662690137119
10693,3,Application Exercise,Application Exercise,5.1538293116799565,5.1538293116799565,169.04560142310257,169.04560142310257,745.3895368603811,745.3895368603811
10663,3,Advanced Practice,Advanced Practice,5.2845877973767,5.2845877973767,181.2613614500208,181.2613614500208,805.0157980984097,805.0157980984097
10867,3,Concept Review,Concept Review,5.792737872837041,5.792737872837041,210.56602167762642,210.56602167762642,931.2918014655523,931.2918014655523
10071,3,Application Exercise,Application Exercise,6.086996185843769,6.086996185843769,170.43589320362554,170.43589320362554,752.3194470183219,752.3194470183219
10544,3,Practice Questions,Practice Questions,2.9163302332550702,2.9163302332550702,49.72343047699895,49.72343047699895,221.80294168478812,221.80294168478812
10108,3,Application Exercise,Application Exercise,4.908370668973219,4.908370668973219,142.34274940022334,142.34274940022334,627.4281771452955,627.4281771452955
10494,3,Concept Review,Concept Review,5.137209396182785,5.137209396182785,120.4675603404863,120.4675603404863,532.5397835743752,532.5397835743752
10591,3,Application Exercise,Application Exercise,7.452594769519749,7.452594769519749,310.7732018889735,310.7732018889735,1373.2564515941554,1373.2564515941554
10742,3,Application Exercise,Application Exercise,5.384919036986813,5.384919036986813,172.58665513542732,172.58665513542732,761.2300988825435,761.2300988825435
10293,3,Application Exercise,Application Exercise,4.424767110520599,4.424767110520599,134.73415851535225,134.73415851535225,593.4173521068831,593.4173521068831
10290,3,Application Exercise,Application Exercise,4.1537779973965305,4.1537779973965305,74.14493725352807,74.14493725352807,326.3883731669827,326.3883731669827
10653,3,Concept Review,Concept Review,6.602711830809412,6.602711830809412,248.92223602151483,248.92223602151483,1104.3006129755122,1104.3006129755122
10040,3,Application Exercise,Application Exercise,5.306822347692097,5.306822347692097,157.08194149168608,157.08194149168608,692.56653192713,692.56653192713
10590,3,Advanced Practice,Advanced Practice,4.374239335756486,4.374239335756486,123.79097320190856,123.79097320190856,549.945022481566,549.945022481566
10308,3,Application Exercise,Application Exercise,3.740364287311241,3.740364287311241,69.57077574398909,69.57077574398909,306.0855644333742,306.0855644333742
10680,3,Application Exercise,Application Exercise,5.7753858135949265,5.7753858135949265,169.79634291969083,169.79634291969083,749.2590478173631,749.2590478173631
10067,3,Application Exercise,Application Exercise,6.0248812795058395,6.0248812795058395,228.64424455724662,228.64424455724662,1013.8360586388663,1013.8360586388663
10276,3,Concept Review,Application Exercise,5.9656124789740375,5.984985049168145,234.74685104762838,235.50916168476653,1038.9476528804953,1039.4407744291213
10068,3,Application Exercise,Application Exercise,3.6556518091633445,3.6556518091633445,82.25216570617525,82.25216570617525,361.6511095522056,361.6511095522056
10319,3,Critical Thinking Activity,Critical Thinking Activity,2.8004180314190275,2.8004180314190275,62.72936390378621,62.72936390378621,279.2041029024611,279.2041029024611
10549,3,Application Exercise,Application Exercise,3.9222773106765065,3.9222773106765065,62.168095374222624,62.168095374222624,273.52661799470764,273.52661799470764
10999,3,Critical Thinking Activity,Critical Thinking Activity,5.76831556352983,5.76831556352983,233.61678032295814,233.61678032295814,1038.0479050897698,1038.0479050897698
10715,3,Advanced Practice,Advanced Practice,3.051457525973314,3.051457525973314,59.80856750907696,59.80856750907696,267.693077412026,267.693077412026
10754,3,Advanced Practice,Advanced Practice,2.4694944232632,2.4694944232632,47.5377676478166,47.5377676478166,213.17245749817778,213.17245749817778
10328,3,Application Exercise,Application Exercise,2.699765249784975,2.699765249784975,34.69198345973693,34.69198345973693,152.00581525215281,152.00581525215281
10383,3,Application Exercise,Application Exercise,6.8821624619698305,6.8821624619698305,259.1134166931641,259.1134166931641,1151.2672784158826,1151.2672784158826
10452,3,Application Exercise,Application Exercise,6.023306255238715,6.023306255238715,193.04696548040081,193.04696548040081,851.8475439665812,851.8475439665812
10523,3,Application Exercise,Application Exercise,4.145457899801282,4.145457899801282,87.05461589582691,87.05461589582691,382.9285200482934,382.9285200482934
10219,3,Practice Questions,Practice Questions,3.413043430342232,3.413043430342232,75.25760763904623,75.25760763904623,335.48927906217205,335.48927906217205
10788,3,Application Exercise,Application Exercise,4.426037041726482,4.426037041726482,129.01897976632694,129.01897976632694,573.2705500690181,573.2705500690181
10437,3,Application Exercise,Application Exercise,3.995539736874789,3.995539736874789,78.5123558295896,78.5123558295896,345.49583115003895,345.49583115003895
10765,3,Advanced Practice,Advanced Practice,3.0112391741757802,3.0112391741757802,55.406800804834354,55.406800804834354,248.01802685712406,248.01802685712406
10089,3,Practice Questions,Practice Questions,3.649834652925114,3.649834652925114,65.69702375265206,65.69702375265206,292.0007370987117,292.0007370987117
10064,3,Application Exercise,Application Exercise,6.411163021912384,6.411163021912384,241.38028777500125,241.38028777500125,1072.5000062516237,1072.5000062516237
10827,3,Application Exercise,Application Exercise,6.46201559325708,6.46201559325708,193.53736701804954,193.53736701804954,854.5824535518193,854.5824535518193
10717,3,Critical Thinking Activity,Critical Thinking Activity,6.927153389219993,6.927153389219993,346.35766946099966,346.35766946099966,1537.8280524068384,1537.8280524068384
10352,3,Application Exercise,Application Exercise,2.2082383470162754,2.2082383470162754,18.880437866989155,18.880437866989155,82.48071177981109,82.48071177981109
10937,3,Application Exercise,Application Exercise,5.919832849565832,5.919832849565832,190.61861775601983,190.61861775601983,841.268356210086,841.268356210086
10257,3,Application Exercise,Application Exercise,4.843921160282637,4.843921160282637,97.60501137969513,97.60501137969513,430.1883660995471,430.1883660995471
10636,3,Application Exercise,Application Exercise,4.5757094893055505,4.5757094893055505,116.68059197729154,116.68059197729154,514.0401880382003,514.0401880382003
10645,3,Advanced Practice,Advanced Practice,1.5334020041289347,1.5334020041289347,8.050360521676907,8.050360521676907,36.31762866402875,36.31762866402875
10555,3,Advanced Practice,Advanced Practice,4.5207241153396085,4.5207241153396085,101.26422018360722,101.26422018360722,452.06232352575813,452.06232352575813
10960,3,Advanced Practice,Concept Review,3.4849532670988,3.478296048923945,79.63118215320759,79.47906471791215,350.76275488477745,350.61063744948206
10169,3,Critical Thinking Activity,Critical Thinking Activity,3.5862752504592246,3.5862752504592246,83.38089957317698,83.38089957317698,370.9229421716187,370.9229421716187
10918,3,Application Exercise,Application Exercise,2.2654818822651905,2.2654818822651905,27.638878963635324,27.638878963635324,120.79254369031005,120.79254369031005
10529,3,Application Exercise,Application Exercise,5.652510343209933,5.652510343209933,127.46410823938399,127.46410823938399,562.3842488303563,562.3842488303563
10824,3,Application Exercise,Application Exercise,2.171244172882826,2.171244172882826,17.912764426283314,17.912764426283314,78.23155511885334,78.23155511885334
10986,3,Application Exercise,Application Exercise,4.33499633545717,4.33499633545717,61.340198146718954,61.340198146718954,270.2137690101626,270.2137690101626
10817,3,Critical Thinking Activity,Critical Thinking Activity,3.9934881755873586,3.9934881755873586,95.24469298775851,95.24469298775851,422.8695150506544,422.8695150506544
10087,3,Application Exercise,Application Exercise,4.465290755278501,4.465290755278501,108.7298298910315,108.7298298910315,478.92017246901435,478.92017246901435
10433,3,Application Exercise,Application Exercise,6.564374943361186,6.564374943361186,275.3755288740018,275.3755288740018,1216.0513555612006,1216.0513555612006
10185,3,Application Exercise,Application Exercise,5.207838692281243,5.207838692281243,149.20457853385759,149.20457853385759,659.8426957446286,659.8426957446286
10979,3,Application Exercise,Application Exercise,3.1092845196032464,3.1092845196032464,45.084625534247074,45.084625534247074,197.88892227620894,197.88892227620894
10535,3,Concept Review,Application Exercise,5.6124870283530095,5.589888980128846,201.48828431787302,200.67701438662556,886.1553750533169,885.3441051220694
10295,3,Concept Review,Concept Review,4.940715338245508,4.940715338245508,132.16413529806735,132.16413529806735,586.1601513021891,586.1601513021891
10893,3,Concept Review,Concept Review,4.526948136611103,4.526948136611103,102.08268048058038,102.08268048058038,451.000578655397,451.000578655397
10426,3,Advanced Practice,Advanced Practice,2.5558982060121935,2.5558982060121935,32.971086857557296,32.971086857557296,147.8020943192505,147.8020943192505
10714,3,Advanced Practice,Advanced Practice,2.1808738421731455,2.1808738421731455,24.316743340230573,24.316743340230573,109.18546645305872,109.18546645305872
10261,3,Concept Review,Concept Review,3.0536329624294223,3.0536329624294223,52.369805305664585,52.369805305664585,230.81338283279536,230.81338283279536
10238,3,Application Exercise,Application Exercise,3.4438750576907746,3.4438750576907746,37.53823812882944,37.53823812882944,164.9507231854687,164.9507231854687
10560,3,Application Exercise,Application Exercise,2.7015990294234173,2.7015990294234173,29.312349469244076,29.312349469244076,128.43566310620568,128.43566310620568
10584,3,Application Exercise,Application Exercise,4.373893361604309,4.373893361604309,85.72830988744447,85.72830988744447,381.05209384568195,381.05209384568195
10446,3,Application Exercise,Application Exercise,4.686745670155833,4.686745670155833,104.04575387745949,104.04575387745949,458.4619544484838,458.4619544484838
10868,3,Application Exercise,Application Exercise,6.232362049286682,6.232362049286682,284.81894565240134,284.81894565240134,1257.6952224570848,1257.6952224570848
10801,3,Concept Review,Concept Review,3.970559239117887,3.970559239117887,91.3228624997114,91.3228624997114,403.18215599083675,403.18215599083675
10600,3,Practice Questions,Practice Questions,1.0386068247688902,1.0386068247688902,8.828158010535567,8.828158010535567,39.71096515145585,39.71096515145585
10850,3,Practice Questions,Practice Questions,2.5843047050170522,2.5843047050170522,30.882441224953773,30.882441224953773,137.8405832549008,137.8405832549008
10266,3,Application Exercise,Application Exercise,4.732147642185028,4.732147642185028,138.17871115180282,138.17871115180282,608.9083050451243,608.9083050451243
10996,3,Concept Review,Concept Review,5.178808150501554,5.178808150501554,139.30993924849182,139.30993924849182,615.8562428997375,615.8562428997375
10530,3,Critical Thinking Activity,Critical Thinking Activity,3.4879298766754268,3.4879298766754268,59.99239387881734,59.99239387881734,266.83909328030745,266.83909328030745
10056,3,Critical Thinking Activity,Critical Thinking Activity,6.018635596825906,6.018635596825906,216.36994970589132,216.36994970589132,960.8333200729344,960.8333200729344
10121,3,Advanced Practice,Advanced Practice,7.04750970418829,7.04750970418829,313.2618063511695,313.2618063511695,1390.8824201991927,1390.8824201991927
10216,3,Concept Review,Concept Review,4.039793513030258,4.039793513030258,118.97191895874109,118.97191895874109,525.3013914460661,525.3013914460661
10026,3,Application Exercise,Application Exercise,6.069216193649934,6.069216193649934,231.8440585974275,231.8440585974275,1029.9142084640944,1029.9142084640944
10073,3,Concept Review,Concept Review,4.7083874337472755,4.7083874337472755,135.83697746360892,135.83697746360892,600.5366966070623,600.5366966070623
10045,3,Practice Questions,Practice Questions,5.367476511038478,5.367476511038478,174.44298660875054,174.44298660875054,774.6966248336381,774.6966248336381
10248,3,Application Exercise,Application Exercise,1.8432684169275302,1.8432684169275302,9.76932260971591,9.76932260971591,42.5399220417597,42.5399220417597
10722,3,Application Exercise,Application Exercise,5.701001454603018,5.701001454603018,201.24535134748652,201.24535134748652,887.9621480598445,887.9621480598445
10282,3,Application Exercise,Application Exercise,5.298519433672233,5.298519433672233,128.22417029486803,128.22417029486803,565.4987005699365,565.4987005699365
10894,3,Concept Review,Concept Review,2.663715753154046,2.663715753154046,18.113267121447514,18.113267121447514,79.7454623734184,79.7454623734184
10915,3,Application Exercise,Application Exercise,4.742695835073589,4.742695835073589,85.84279461483197,85.84279461483197,378.28743200469194,378.28743200469194
10811,3,Application Exercise,Application Exercise,4.555914423321633,4.555914423321633,103.191461688235,103.191461688235,454.5979270046627,454.5979270046627
10245,3,Application Exercise,Application Exercise,4.137938510222523,4.137938510222523,79.86221324729469,79.86221324729469,351.5443970697217,351.5443970697217
10823,3,Application Exercise,Application Exercise,3.744978183578832,3.744978183578832,38.01152856332514,38.01152856332514,167.17041625407,167.17041625407
10322,3,Concept Review,Concept Review,5.049595028820734,5.049595028820734,156.53744589344277,156.53744589344277,693.4768868917072,693.4768868917072
10644,3,Application Exercise,Application Exercise,7.06119952811633,7.06119952811633,252.08482315375298,252.08482315375298,1120.0186967746936,1120.0186967746936
10159,3,Practice Questions,Practice Questions,3.2860128748240927,3.2860128748240927,70.64927680871799,70.64927680871799,314.98276398018737,314.98276398018737
10978,3,Application Exercise,Application Exercise,4.489455941397347,4.489455941397347,122.33767440307771,122.33767440307771,538.8816390833299,538.8816390833299
10430,3,Application Exercise,Application Exercise,4.5961551043859386,4.5961551043859386,125.70484210495543,125.70484210495543,553.8160925410749,553.8160925410749
10942,3,Application Exercise,Application Exercise,4.0565776378776075,4.0565776378776075,86.20227480489916,86.20227480489916,379.3867331829405,379.3867331829405
10463,3,Application Exercise,Application Exercise,4.575295160020885,4.575295160020885,113.2385552105169,113.2385552105169,498.8758283331613,498.8758283331613
10310,3,Concept Review,Application Exercise,4.483576681256136,4.4498239622433395,119.71149738953883,118.81029979189717,525.9162998890909,523.3068370719445
10698,3,Concept Review,Concept Review,3.7371746282063762,3.7371746282063762,93.05564824233876,93.05564824233876,410.68643896353814,410.68643896353814
10061,3,Application Exercise,Application Exercise,3.725854241869514,3.725854241869514,68.74201076249254,68.74201076249254,302.3047527152326,302.3047527152326
10885,3,Application Exercise,Application Exercise,4.221326521441513,4.221326521441513,67.11909169092006,67.11909169092006,295.5011560715483,295.5011560715483
10596,3,Practice Questions,Practice Questions,5.98914672237823,5.98914672237823,226.689203442016,226.689203442016,1008.7886238331463,1008.7886238331463
10768,3,Application Exercise,Application Exercise,5.419201976016477,5.419201976016477,156.34397700807537,156.34397700807537,689.6172844320466,689.6172844320466
10650,3,Application Exercise,Application Exercise,3.4706699845602187,3.4706699845602187,42.689240810090695,42.689240810090695,187.60037914997983,187.60037914997983
10651,3,Application Exercise,Application Exercise,4.107259815709813,4.107259815709813,91.38653089954333,91.38653089954333,406.23116424936956,406.23116424936956
10866,3,Application Exercise,Application Exercise,6.474174742278681,6.474174742278681,271.5916304385907,271.5916304385907,1205.8668391473427,1205.8668391473427
10669,3,Concept Review,Concept Review,5.658282846828053,5.658282846828053,164.93894498503772,164.93894498503772,729.4248742224911,729.4248742224911
10299,3,Application Exercise,Application Exercise,3.2751593153277985,3.2751593153277985,66.6494920669207,66.6494920669207,292.7143180736446,292.7143180736446
10690,3,Concept Review,Concept Review,5.086230866809517,5.086230866809517,166.82837243135214,166.82837243135214,740.0794740408945,740.0794740408945
10315,3,Application Exercise,Application Exercise,1.5906717662851073,1.5906717662851073,10.021232127596177,10.021232127596177,43.50068891522752,43.50068891522752
10311,3,Application Exercise,Application Exercise,4.416274077775307,4.416274077775307,102.01593119660959,102.01593119660959,449.3076014981818,449.3076014981818
10362,3,Concept Review,Concept Review,2.899092748243626,2.899092748243626,32.03497486809207,32.03497486809207,141.18726846620774,141.18726846620774
10480,3,Advanced Practice,Advanced Practice,6.178257685668694,6.178257685668694,269.0631222108716,269.0631222108716,1194.5529403427167,1194.5529403427167
10111,3,Application Exercise,Application Exercise,3.4333509526334867,3.4333509526334867,53.90360995634574,53.90360995634574,236.85595944722235,236.85595944722235
10990,3,Application Exercise,Application Exercise,4.5695009278841985,4.5695009278841985,106.0124215269134,106.0124215269134,467.03624742613863,467.03624742613863
10487,3,Application Exercise,Application Exercise,4.14047287722253,4.14047287722253,87.36397770939539,87.36397770939539,384.56835078679177,384.56835078679177
10364,3,Application Exercise,Application Exercise,4.408950150163925,4.408950150163925,67.67738480501625,67.67738480501625,298.0667187603916,298.0667187603916
10255,3,Advanced Practice,Advanced Practice,1.7685263581262896,1.7685263581262896,25.6436321928312,25.6436321928312,115.37375299674989,115.37375299674989
10260,3,Concept Review,Concept Review,5.36967543637147,5.36967543637147,186.32773764209,186.32773764209,823.8382000559448,823.8382000559448
10803,3,Application Exercise,Application Exercise,5.986132616867071,5.986132616867071,219.39176040817813,219.39176040817813,974.0994162123109,974.0994162123109
10678,3,Advanced Practice,Advanced Practice,2.690800394976465,2.690800394976465,56.1031882352593,56.1031882352593,251.3778667571764,251.3778667571764
10495,3,Application Exercise,Application Exercise,2.4932326241341007,2.4932326241341007,23.810371560480664,23.810371560480664,104.21190599299287,104.21190599299287
10671,3,Concept Review,Concept Review,3.3101415551697135,3.3101415551697135,81.09846810165799,81.09846810165799,357.63640876513944,357.63640876513944
10378,3,Advanced Practice,Advanced Practice,5.229583396917817,5.229583396917817,159.2408144361475,159.2408144361475,707.1593416392311,707.1593416392311
10527,3,Concept Review,Concept Review,4.9978131302696385,4.9978131302696385,173.17422496384296,173.17422496384296,765.3518785528431,765.3518785528431
10846,3,Concept Review,Concept Review,4.157683597120316,4.157683597120316,110.17861532368838,110.17861532368838,486.5530142998343,486.5530142998343
10138,3,Application Exercise,Application Exercise,5.206501389854813,5.206501389854813,91.89474953093743,91.89474953093743,405.22908195586444,405.22908195586444
10356,3,Application Exercise,Application Exercise,4.736567025686792,4.736567025686792,112.96712356263001,112.96712356263001,497.81261206387194,497.81261206387194
10366,3,Concept Review,Concept Review,5.985422441554834,5.985422441554834,218.46791911675146,218.46791911675146,966.3612824854334,966.3612824854334
10943,3,Application Exercise,Application Exercise,3.161873496867857,3.161873496867857,61.814626863766605,61.814626863766605,271.37368568037687,271.37368568037687
10750,3,Application Exercise,Application Exercise,5.756135550282911,5.756135550282911,173.54748684102975,173.54748684102975,770.5508415741721,770.5508415741721
10949,3,Advanced Practice,Advanced Practice,5.038722888504655,5.038722888504655,160.98719628772372,160.98719628772372,714.4618137661572,714.4618137661572
10830,3,Application Exercise,Application Exercise,4.893995313446748,4.893995313446748,145.84106034071308,145.84106034071308,648.170443564489,648.170443564489
10657,3,Application Exercise,Application Exercise,4.523979047929653,4.523979047929653,121.2426384845147,121.2426384845147,538.889410021117,538.889410021117
10200,3,Concept Review,Concept Review,4.309270090118072,4.309270090118072,102.56062814481011,102.56062814481011,452.9981362026269,452.9981362026269
10214,3,Application Exercise,Application Exercise,5.475280142893293,5.475280142893293,181.231772729768,181.231772729768,799.4488240461995,799.4488240461995
10409,3,Application Exercise,Application Exercise,3.1546625281893146,3.1546625281893146,49.05500231334384,49.05500231334384,218.1361535391759,218.1361535391759
10333,3,Application Exercise,Application Exercise,6.086009180162176,6.086009180162176,170.4082570445409,170.4082570445409,752.1967424719862,752.1967424719862
10209,3,Application Exercise,Application Exercise,4.478430793940084,4.478430793940084,112.1846913881991,112.1846913881991,494.14935954629414,494.14935954629414
10614,3,Practice Questions,Practice Questions,3.1967583870710015,3.1967583870710015,56.58262345115672,56.58262345115672,252.29706005828874,252.29706005828874
10079,3,Application Exercise,Application Exercise,4.2915501742216975,4.2915501742216975,71.66888790950235,71.66888790950235,315.57608217331716,315.57608217331716
10522,4,Application Exercise,Application Exercise,1.702731579533384,1.702731579533384,0.0,0.0,0.0,0.0
10738,4,Concept Review,Concept Review,5.938268519161682,5.938268519161682,161.75843446196424,161.75843446196424,1059.3407448119522,1059.3407448119522
10741,4,Application Exercise,Application Exercise,2.243284749622079,2.243284749622079,8.345019268594134,8.345019268594134,53.32796876591618,53.32796876591618
10661,4,Application Exercise,Application Exercise,3.110323715274558,3.110323715274558,32.72060548468835,32.72060548468835,210.5533889611847,210.5533889611847
10412,4,Concept Review,Concept Review,3.1602916375571164,3.1602916375571164,44.623317922306484,44.623317922306484,289.08923169248646,289.08923169248646
10679,4,Application Exercise,Application Exercise,2.429966290991002,2.429966290991002,23.81366965171182,23.81366965171182,152.47074779261592,152.47074779261592
10627,4,Practice Questions,Practice Questions,4.91387975983516,4.91387975983516,106.72946838361966,106.72946838361966,699.0505769068291,699.0505769068291
10514,4,Advanced Practice,Concept Review,3.1853007961761177,3.1725740415986037,31.980419993608223,31.852643377649983,206.49185794819485,206.36408133223662
10860,4,Concept Review,Concept Review,6.309095579519443,6.309095579519443,204.1623329532492,204.1623329532492,1337.2632808437822,1337.2632808437822
10137,4,Application Exercise,Application Exercise,3.4022317139654814,3.4022317139654814,43.41247667019954,43.41247667019954,279.78313644317524,279.78313644317524
10812,4,Application Exercise,Application Exercise,5.509645535540318,5.509645535540318,119.44911521051411,119.44911521051411,774.6294053352171,774.6294053352171
10077,4,Application Exercise,Application Exercise,3.753315152999611,3.753315152999611,67.559672753993,67.559672753993,436.0711431029667,436.0711431029667
10637,4,Application Exercise,Application Exercise,3.1579649037100443,3.1579649037100443,30.063825883319623,30.063825883319623,193.5095222075355,193.5095222075355
10974,4,Advanced Practice,Advanced Practice,4.804462470574812,4.804462470574812,98.01103439972617,98.01103439972617,647.5018107342237,647.5018107342237
10939,4,Application Exercise,Application Exercise,6.155039715184799,6.155039715184799,188.34421528465487,188.34421528465487,1233.6546101144893,1233.6546101144893
10900,4,Application Exercise,Application Exercise,7.2363059624094515,7.2363059624094515,254.42851763831632,254.42851763831632,1667.5788065883019,1667.5788065883019
10281,4,Concept Review,Concept Review,4.133334988170635,4.133334988170635,74.06936298801777,74.06936298801777,481.10138617496625,481.10138617496625
10884,4,Application Exercise,Application Exercise,5.862146679555399,5.862146679555399,166.48496569937333,166.48496569937333,1091.3424313612757,1091.3424313612757
10762,4,Application Exercise,Application Exercise,2.888331427993491,2.888331427993491,37.20170879255617,37.20170879255617,239.05964208837324,239.05964208837324
10320,4,Application Exercise,Application Exercise,5.940292088530698,5.940292088530698,203.39560111129109,203.39560111129109,1331.719829249004,1331.719829249004
10550,4,Advanced Practice,Advanced Practice,2.5337714029596072,2.5337714029596072,27.871485432555684,27.871485432555684,185.2886811485884,185.2886811485884
10175,4,Application Exercise,Application Exercise,6.113565799189979,6.113565799189979,104.17516121819727,104.17516121819727,676.505771482146,676.505771482146
10372,4,Application Exercise,Application Exercise,2.6014518040789163,2.6014518040789163,12.382910587415644,12.382910587415644,79.40379568346846,79.40379568346846
10528,4,Application Exercise,Application Exercise,4.8937338521438924,4.8937338521438924,126.64983209348395,126.64983209348395,820.2903344503425,820.2903344503425
10211,4,Practice Questions,Practice Questions,4.014793535339861,4.014793535339861,98.603329227947,98.603329227947,649.2230718481171,649.2230718481171
10236,4,Application Exercise,Application Exercise,3.0760854772331054,3.0760854772331054,39.866067784941045,39.866067784941045,256.48255031766894,256.48255031766894
10102,4,Application Exercise,Application Exercise,5.334413529951905,5.334413529951905,115.00995570576309,115.00995570576309,745.5958753353358,745.5958753353358
10987,4,Application Exercise,Application Exercise,6.834444265599448,6.834444265599448,217.60870541668643,217.60870541668643,1427.3648655002876,1427.3648655002876
10903,4,Application Exercise,Application Exercise,2.622808680710201,2.622808680710201,29.795106612867887,29.795106612867887,191.09061805709527,191.09061805709527
10948,4,Practice Questions,Practice Questions,3.131695305359103,3.131695305359103,44.09426989945618,44.09426989945618,290.75018025606767,290.75018025606767
10347,4,Concept Review,Concept Review,4.8324343163444645,4.8324343163444645,103.02749962446399,103.02749962446399,670.008207887647,670.008207887647
10140,4,Application Exercise,Application Exercise,4.7014842521655895,4.7014842521655895,77.10434173551567,77.10434173551567,499.1615883484458,499.1615883484458
10622,4,Application Exercise,Application Exercise,3.5595120945061,3.5595120945061,56.09791060941614,56.09791060941614,361.79860983909606,361.79860983909606
10500,4,Application Exercise,Application Exercise,4.60157781802625,4.60157781802625,81.7240220481462,81.7240220481462,535.3701204287753,535.3701204287753
10371,4,Application Exercise,Application Exercise,4.745873281641129,4.745873281641129,97.57515467054161,97.57515467054161,631.7559681899512,631.7559681899512
10199,4,Application Exercise,Application Exercise,4.279889090876584,4.279889090876584,83.37223949027587,83.37223949027587,539.1135565653519,539.1135565653519
10688,4,Advanced Practice,Advanced Practice,5.6324682041440814,5.6324682041440814,157.70910971603428,157.70910971603428,1032.9311680979417,1032.9311680979417
10585,4,Application Exercise,Application Exercise,6.1694372712154175,6.1694372712154175,142.63738971050046,142.63738971050046,926.4495479239736,926.4495479239736
10902,4,Concept Review,Concept Review,5.1816238487971775,5.1816238487971775,126.43162191065115,126.43162191065115,823.5374217529964,823.5374217529964
10060,4,Application Exercise,Application Exercise,5.702467013904064,5.702467013904064,158.07238562542068,158.07238562542068,1036.4730983732918,1036.4730983732918
10329,4,Application Exercise,Application Exercise,4.274441129763637,4.274441129763637,78.99167207803202,78.99167207803202,510.7788796504707,510.7788796504707
10097,4,Application Exercise,Application Exercise,6.201794841900868,6.201794841900868,191.51142471789882,191.51142471789882,1243.3435679636802,1243.3435679636802
10313,4,Application Exercise,Application Exercise,5.739991457054322,5.747835310722948,169.4445478122436,169.67609837254145,1100.6523216232981,1100.809114305619
10975,4,Application Exercise,Application Exercise,4.844975718481984,4.844975718481984,88.3723571051114,88.3723571051114,572.3082960903164,572.3082960903164
10300,4,Advanced Practice,Advanced Practice,7.48963755542831,7.48963755542831,296.58964719496106,296.58964719496106,1943.2266327552898,1943.2266327552898
10278,4,Application Exercise,Application Exercise,3.764030723446694,3.764030723446694,48.63127694693129,48.63127694693129,313.9089919141176,313.9089919141176
10925,4,Concept Review,Concept Review,2.7873865938219935,2.7873865938219935,46.38211292119797,46.38211292119797,300.0393940513358,300.0393940513358
10602,4,Practice Questions,Practice Questions,0.7181580597697668,0.7181580597697668,2.6428216599527414,2.6428216599527414,17.59795327227651,17.59795327227651
10440,4,Concept Review,Concept Review,6.523314126757066,6.523314126757066,207.44138923087473,207.44138923087473,1356.990629574931,1356.990629574931
10838,4,Concept Review,Concept Review,3.8205668741933145,3.8205668741933145,65.40810488618955,65.40810488618955,424.5510804917659,424.5510804917659
10571,4,Application Exercise,Application Exercise,4.033914901515539,4.033914901515539,59.8632971384906,59.8632971384906,386.79128806902446,386.79128806902446
10880,4,Application Exercise,Application Exercise,5.243634462304165,5.243634462304165,107.80912454497364,107.80912454497364,698.788470867481,698.788470867481
10262,4,Application Exercise,Application Exercise,5.9589553868561485,5.9589553868561485,147.06701894760974,147.06701894760974,954.4525559072459,954.4525559072459
10579,4,Concept Review,Concept Review,3.2631243451987824,3.2631243451987824,46.075315754206805,46.075315754206805,298.59981749143356,298.59981749143356
10024,4,Critical Thinking Activity,Critical Thinking Activity,6.997137855055937,6.997137855055937,242.94062632754213,242.94062632754213,1592.0524073871222,1592.0524073871222
10031,4,Concept Review,Concept Review,3.944959830549562,3.944959830549562,35.346840081724075,35.346840081724075,230.37956153721387,230.37956153721387
10618,4,Critical Thinking Activity,Critical Thinking Activity,2.950005531303738,2.950005531303738,49.914093589659245,49.914093589659245,328.1181443112165,328.1181443112165
10011,4,Application Exercise,Application Exercise,3.259852310080896,3.259852310080896,39.11822772097076,39.11822772097076,251.9279159485668,251.9279159485668
10222,4,Application Exercise,Application Exercise,5.472259158805147,5.472259158805147,130.0208776132103,130.0208776132103,843.12972663142,843.12972663142
10821,4,Advanced Practice,Advanced Practice,4.560218235818947,4.560218235818947,108.3507852830582,108.3507852830582,715.5954189851844,715.5954189851844
10297,4,Application Exercise,Application Exercise,5.530322852112203,5.530322852112203,139.8065617013965,139.8065617013965,907.0666650546327,907.0666650546327
10055,4,Application Exercise,Application Exercise,4.896885694262204,4.896885694262204,134.3705434505549,134.3705434505549,870.3024520080644,870.3024520080644
10543,4,Concept Review,Concept Review,5.815796153885735,5.815796153885735,164.4707152318886,164.4707152318886,1076.9332120634217,1076.9332120634217
10210,4,Application Exercise,Application Exercise,4.0516195524510685,4.0516195524510685,63.367329800334716,63.367329800334716,409.45627029585063,409.45627029585063
10605,4,Advanced Practice,Advanced Practice,4.582537677773954,4.582537677773954,104.29855754613519,104.29855754613519,683.664826559847,683.664826559847
10693,4,Application Exercise,Application Exercise,5.182820375268294,5.182820375268294,135.99720664704003,135.99720664704003,881.3867435074211,881.3867435074211
10663,4,Advanced Practice,Advanced Practice,5.2834336575404945,5.2834336575404945,144.97741956291117,144.97741956291117,949.9932176613208,949.9932176613208
10867,4,Concept Review,Concept Review,5.811051120182645,5.811051120182645,168.98536657491135,168.98536657491135,1100.2771680404637,1100.2771680404637
10071,4,Application Exercise,Application Exercise,6.1159872494321075,6.1159872494321075,136.9981143872792,136.9981143872792,889.317561405601,889.317561405601
10544,4,Practice Questions,Practice Questions,2.9052155363545955,2.9052155363545955,39.62713991587668,39.62713991587668,261.4300816006648,261.4300816006648
10108,4,Application Exercise,Application Exercise,4.937361732561556,4.937361732561556,114.54679219542811,114.54679219542811,741.9749693407236,741.9749693407236
10494,4,Concept Review,Concept Review,5.155522643528388,5.155522643528388,96.71760479259257,96.71760479259257,629.2573883669677,629.2573883669677
10591,4,Application Exercise,Application Exercise,7.481585833108086,7.481585833108086,249.58570339248578,249.58570339248578,1622.8421549866412,1622.8421549866412
10742,4,Application Exercise,Application Exercise,5.41391010057515,5.41391010057515,138.81265497874685,138.81265497874685,900.0427538612904,900.0427538612904
10293,4,Application Exercise,Application Exercise,4.453758174108937,4.453758174108937,108.49354912129371,108.49354912129371,701.9109012281767,701.9109012281767
10290,4,Application Exercise,Application Exercise,4.182769060984867,4.182769060984867,59.729942190863916,59.729942190863916,386.1183153578466,386.1183153578466
10653,4,Concept Review,Concept Review,6.607169014847551,6.607169014847551,199.27221748780215,199.27221748780215,1303.5728304633144,1303.5728304633144
10040,4,Application Exercise,Application Exercise,5.337111548655656,5.337111548655656,126.38280147216595,126.38280147216595,818.9493333992959,818.9493333992959
10590,4,Advanced Practice,Advanced Practice,4.372205575460471,4.372205575460471,98.98673422842508,98.98673422842508,648.9317567099911,648.9317567099911
10308,4,Application Exercise,Application Exercise,3.768122429605847,3.768122429605847,56.069661752535005,56.069661752535005,362.1552261859092,362.1552261859092
10680,4,Application Exercise,Application Exercise,5.785568240642194,5.785568240642194,136.0765650199044,136.0765650199044,885.3356128372675,885.3356128372675
10067,4,Application Exercise,Application Exercise,6.019724307853572,6.019724307853572,182.75882998643448,182.75882998643448,1196.5948886253009,1196.5948886253009
10276,4,Concept Review,Application Exercise,5.970545569211579,6.014041328837973,187.95277451878053,189.32202103181942,1226.900427399276,1228.7627954609409
10068,4,Application Exercise,Application Exercise,3.684642872751682,3.684642872751682,66.32357170953027,66.32357170953027,427.9746812617359,427.9746812617359
10319,4,Critical Thinking Activity,Critical Thinking Activity,2.794790674787837,2.794790674787837,50.08264889219804,50.08264889219804,329.28675179465915,329.28675179465915
10549,4,Application Exercise,Application Exercise,3.951268374264844,3.951268374264844,50.10208298567822,50.10208298567822,323.6287009803859,323.6287009803859
10999,4,Critical Thinking Activity,Critical Thinking Activity,5.764732591235732,5.764732591235732,186.77733595603775,186.77733595603775,1224.8252410458076,1224.8252410458076
10715,4,Advanced Practice,Advanced Practice,3.031358508193787,3.031358508193787,47.53170140847859,47.53170140847859,315.2247788205046,315.2247788205046
10754,4,Advanced Practice,Advanced Practice,2.4493954054836733,2.4493954054836733,37.72068924444857,37.72068924444857,250.89314674262636,250.89314674262636
10328,4,Application Exercise,Application Exercise,2.728756313373312,2.728756313373312,28.051614901477645,28.051614901477645,180.05743015363046,180.05743015363046
10383,4,Application Exercise,Application Exercise,6.878238411611296,6.878238411611296,207.17254095773225,207.17254095773225,1358.439819373615,1358.439819373615
10452,4,Application Exercise,Application Exercise,6.053595456202274,6.053595456202274,155.2141874970263,155.2141874970263,1007.0617314636074,1007.0617314636074
10523,4,Application Exercise,Application Exercise,4.17691776087602,4.17691776087602,70.17221838271715,70.17221838271715,453.1007384310106,453.1007384310106
10219,4,Practice Questions,Practice Questions,3.4076312734768557,3.4076312734768557,60.11061566413174,60.11061566413174,395.59989472630383,395.59989472630383
10788,4,Application Exercise,Application Exercise,4.423348867560615,4.423348867560615,103.15249559151356,103.15249559151356,676.4230456605317,676.4230456605317
10437,4,Application Exercise,Application Exercise,4.024530800463126,4.024530800463126,63.265624183280345,63.265624183280345,408.76145533331925,408.76145533331925
10765,4,Advanced Practice,Advanced Practice,2.991140156396253,2.991140156396253,44.02958310215284,44.02958310215284,292.0476099592769,292.0476099592769
10089,4,Practice Questions,Practice Questions,3.649555656374642,3.649555656374642,52.553601451794854,52.553601451794854,344.55433855050654,344.55433855050654
10064,4,Application Exercise,Application Exercise,6.407396087050762,6.407396087050762,192.99077014196894,192.99077014196894,1265.4907763935926,1265.4907763935926
10827,4,Application Exercise,Application Exercise,6.491006656845417,6.491006656845417,155.5245194980162,155.5245194980162,1010.1069730498355,1010.1069730498355
10717,4,Critical Thinking Activity,Critical Thinking Activity,6.927153389219993,6.927153389219993,277.08613556879976,277.08613556879976,1814.9141879756382,1814.9141879756382
10352,4,Application Exercise,Application Exercise,2.2372294106046127,2.2372294106046127,15.302649168535552,15.302649168535552,97.78336094834664,97.78336094834664
10937,4,Application Exercise,Application Exercise,5.948823913154169,5.948823913154169,153.2417040028514,153.2417040028514,994.5100602129374,994.5100602129374
10257,4,Application Exercise,Application Exercise,4.872912223870975,4.872912223870975,78.5513450488001,78.5513450488001,508.7397111483472,508.7397111483472
10636,4,Application Exercise,Application Exercise,4.604700552893888,4.604700552893888,93.93589127903533,93.93589127903533,607.9760793172356,607.9760793172356
10645,4,Advanced Practice,Advanced Practice,1.5133029863494074,1.5133029863494074,6.355872542667512,6.355872542667512,42.673501206696265,42.673501206696265
10555,4,Advanced Practice,Advanced Practice,4.500625097560081,4.500625097560081,80.65120174827666,80.65120174827666,532.7135252740347,532.7135252740347
10960,4,Concept Review,Concept Review,3.4857878588579627,3.4966092962695483,63.720202059923565,63.91801793580735,414.4829569447011,414.52865538528937
10169,4,Critical Thinking Activity,Critical Thinking Activity,3.5806478938280337,3.5806478938280337,66.60005082520142,66.60005082520142,437.5229929968201,437.5229929968201
10918,4,Application Exercise,Application Exercise,2.294472945853528,2.294472945853528,22.394055951530433,22.394055951530433,143.18659964184047,143.18659964184047
10529,4,Application Exercise,Application Exercise,5.681501406798269,5.681501406798269,102.49428537864078,102.49428537864078,664.878534208997,664.878534208997
10824,4,Application Exercise,Application Exercise,2.2002352364711633,2.2002352364711633,14.521552560709678,14.521552560709678,92.75310767956302,92.75310767956302
10986,4,Application Exercise,Application Exercise,4.362754477751775,4.362754477751775,49.3863806881501,49.3863806881501,319.6001496983127,319.6001496983127
10817,4,Critical Thinking Activity,Critical Thinking Activity,3.9936186002312217,3.9936186002312217,76.19824289241171,76.19824289241171,499.0677579430661,499.0677579430661
10087,4,Application Exercise,Application Exercise,4.494281818866838,4.494281818866838,87.54860983152602,87.54860983152602,566.4687823005404,566.4687823005404
10433,4,Application Exercise,Application Exercise,6.593366006949524,6.593366006949524,221.27336319322603,221.27336319322603,1437.3247187544266,1437.3247187544266
10185,4,Application Exercise,Application Exercise,5.205150518115376,5.205150518115376,119.30204987520443,119.30204987520443,779.144745619833,779.144745619833
10979,4,Application Exercise,Application Exercise,3.138275583191584,3.138275583191584,36.40399676502238,36.40399676502238,234.29291904123133,234.29291904123133
10535,4,Concept Review,Application Exercise,5.630800275698613,5.618880043717183,161.71658391806417,161.3742348555575,1047.871958971381,1046.718339977627
10295,4,Concept Review,Concept Review,4.945172522283647,4.945172522283647,105.82669197687005,105.82669197687005,691.9868432790591,691.9868432790591
10893,4,Concept Review,Concept Review,4.545261383956706,4.545261383956706,81.99651536657899,81.99651536657899,532.997094021976,532.997094021976
10426,4,Advanced Practice,Advanced Practice,2.5357991882326663,2.5357991882326663,26.169447622561115,26.169447622561115,173.9715419418116,173.9715419418116
10714,4,Advanced Practice,Advanced Practice,2.1607748243936182,2.1607748243936182,19.274111433591077,19.274111433591077,128.4595778866498,128.4595778866498
10261,4,Concept Review,Concept Review,3.071946209775025,3.071946209775025,42.14710199811334,42.14710199811334,272.9604848309087,272.9604848309087
10238,4,Application Exercise,Application Exercise,3.472866121279112,3.472866121279112,30.283392577553855,30.283392577553855,195.23411576302254,195.23411576302254
10560,4,Application Exercise,Application Exercise,2.730590093011755,2.730590093011755,23.701522007342035,23.701522007342035,152.13718511354773,152.13718511354773
10584,4,Application Exercise,Application Exercise,4.369969311245773,4.369969311245773,68.52111880033372,68.52111880033372,449.5732126460157,449.5732126460157
10446,4,Concept Review,Application Exercise,4.763427920210225,4.715736733744171,84.5984798629336,83.75148439129647,543.0604343114175,542.2134388397803
10868,4,Application Exercise,Application Exercise,6.2601201915812865,6.2601201915812865,228.86999420421185,228.86999420421185,1486.5652166612965,1486.5652166612965
10801,4,Concept Review,Concept Review,3.9888724864634906,3.9888724864634906,73.39525375092823,73.39525375092823,476.577409741765,476.577409741765
10600,4,Practice Questions,Practice Questions,1.027492127868416,1.027492127868416,6.986946469505229,6.986946469505229,46.69791162096108,46.69791162096108
10850,4,Practice Questions,Practice Questions,2.573190008116578,2.573190008116578,24.599696477594485,24.599696477594485,162.44027973249527,162.44027973249527
10266,4,Application Exercise,Application Exercise,4.761138705773365,4.761138705773365,111.22020016686582,111.22020016686582,720.12850521199,720.12850521199
10996,4,Concept Review,Concept Review,5.197121397847157,5.197121397847157,111.84205248167082,111.84205248167082,727.6982953814082,727.6982953814082
10530,4,Critical Thinking Activity,Critical Thinking Activity,3.482876178206309,3.482876178206309,47.92437621211881,47.92437621211881,314.7634694924262,314.7634694924262
10056,4,Critical Thinking Activity,Critical Thinking Activity,6.018742440136409,6.018742440136409,173.09903257832315,173.09903257832315,1133.9323526512576,1133.9323526512576
10121,4,Advanced Practice,Advanced Practice,7.04750970418829,7.04750970418829,250.60944508093564,250.60944508093564,1641.4918652801284,1641.4918652801284
10216,4,Concept Review,Concept Review,4.058106760375861,4.058106760375861,95.6089952744553,95.6089952744553,620.9103867205214,620.9103867205214
10026,4,Application Exercise,Application Exercise,6.066682180082044,6.066682180082044,185.39780742330728,185.39780742330728,1215.3120158874017,1215.3120158874017
10073,4,Concept Review,Concept Review,4.712844617785414,4.712844617785414,108.77245377848737,108.77245377848737,709.3091503855496,709.3091503855496
10045,4,Practice Questions,Practice Questions,5.365493117285977,5.365493117285977,139.5028210494354,139.5028210494354,914.1994458830735,914.1994458830735
10248,4,Application Exercise,Application Exercise,1.8722594805158677,1.8722594805158677,7.938380197387279,7.938380197387279,50.47830223914698,50.47830223914698
10722,4,Application Exercise,Application Exercise,5.729992518191354,5.729992518191354,161.81498871372384,161.81498871372384,1049.7771367735684,1049.7771367735684
10282,4,Application Exercise,Application Exercise,5.32751049726057,5.32751049726057,103.14060322696463,103.14060322696463,668.6393037969012,668.6393037969012
10894,4,Concept Review,Concept Review,2.6820290004996497,2.6820290004996497,14.590237762718093,14.590237762718093,94.3357001361365,94.3357001361365
10915,4,Application Exercise,Application Exercise,4.771686898661927,4.771686898661927,69.09402629262472,69.09402629262472,447.3814582973166,447.3814582973166
10811,4,Application Exercise,Application Exercise,4.58490548690997,4.58490548690997,83.07848742280866,83.07848742280866,537.6764144274714,537.6764144274714
10245,4,Application Exercise,Application Exercise,4.166929573810861,4.166929573810861,64.3373926196397,64.3373926196397,415.8817896893614,415.8817896893614
10823,4,Application Exercise,Application Exercise,3.773969247167169,3.773969247167169,30.644630286997415,30.644630286997415,197.81504654106743,197.81504654106743
10322,4,Concept Review,Concept Review,5.054052212858872,5.054052212858872,125.34049487890005,125.34049487890005,818.8173817706072,818.8173817706072
10644,4,Application Exercise,Application Exercise,7.057275477757793,7.057275477757793,201.5557876447626,201.5557876447626,1321.5744844194562,1321.5744844194562
10159,4,Practice Questions,Practice Questions,3.274898177923618,3.274898177923618,56.32824866028623,56.32824866028623,371.31101264047356,371.31101264047356
10978,4,Application Exercise,Application Exercise,4.518447004985684,4.518447004985684,98.50214470868792,98.50214470868792,637.3837837920178,637.3837837920178
10430,4,Application Exercise,Application Exercise,4.625146167974275,4.625146167974275,101.19819815527715,101.19819815527715,655.0142906963521,655.0142906963521
10942,4,Application Exercise,Application Exercise,4.085568701465945,4.085568701465945,69.45466792492107,69.45466792492107,448.84140110786154,448.84140110786154
10463,4,Application Exercise,Application Exercise,4.604286223609223,4.604286223609223,91.16486722746262,91.16486722746262,590.0406955606239,590.0406955606239
10310,4,Concept Review,Application Exercise,4.50188992860174,4.478815025831677,96.16036887493317,95.66748895176462,622.076668764024,618.9743260237092
10698,4,Concept Review,Concept Review,3.755895795151469,3.755895795151469,74.81744423941726,74.81744423941726,485.50388320295536,485.50388320295536
10061,4,Application Exercise,Application Exercise,3.7548453054578514,3.7548453054578514,55.42151670855789,55.42151670855789,357.72626942379054,357.72626942379054
10885,4,Application Exercise,Application Exercise,4.250317585029851,4.250317585029851,54.064039681579715,54.064039681579715,349.56519575312797,349.56519575312797
10596,4,Practice Questions,Practice Questions,5.978032025477756,5.978032025477756,181.01480973146647,181.01480973146647,1189.8034335646128,1189.8034335646128
10768,4,Application Exercise,Application Exercise,5.448193039604814,5.448193039604814,125.74429535407913,125.74429535407913,815.3615797861257,815.3615797861257
10650,4,Application Exercise,Application Exercise,3.499661048148556,3.499661048148556,34.436664713781795,34.436664713781795,222.03704386376162,222.03704386376162
10651,4,Application Exercise,Application Exercise,4.103335765351277,4.103335765351277,73.03937662325274,73.03937662325274,479.2705408726223,479.2705408726223
10866,4,Application Exercise,Application Exercise,6.474174742278681,6.474174742278681,217.27330435087256,217.27330435087256,1423.1401434982151,1423.1401434982151
10669,4,Concept Review,Concept Review,5.676596094173657,5.676596094173657,132.3782209161297,132.3782209161297,861.8030951386208,861.8030951386208
10299,4,Application Exercise,Application Exercise,3.3041503789161357,3.3041503789161357,53.791568168754694,53.791568168754694,346.5058862423993,346.5058862423993
10690,4,Concept Review,Concept Review,5.089809258321741,5.089809258321741,133.55659493836248,133.55659493836248,873.6360689792571,873.6360689792571
10315,4,Application Exercise,Application Exercise,1.619662829873445,1.619662829873445,8.163100662562163,8.163100662562163,51.663789577789686,51.663789577789686
10311,4,Application Exercise,Application Exercise,4.445265141363644,4.445265141363644,82.14849981240016,82.14849981240016,531.456101310582,531.456101310582
10362,4,Concept Review,Concept Review,2.9165272030633136,2.9165272030633136,25.782100475079694,25.782100475079694,166.96936894128743,166.96936894128743
10480,4,Advanced Practice,Advanced Practice,6.178626270938976,6.178626270938976,215.26333927951393,215.26333927951393,1409.8162796222307,1409.8162796222307
10111,4,Application Exercise,Application Exercise,3.462342016221824,3.462342016221824,43.48701572374611,43.48701572374611,280.3429751709685,280.3429751709685
10990,4,Application Exercise,Application Exercise,4.598491991472536,4.598491991472536,85.34801136173027,85.34801136173027,552.3842587878689,552.3842587878689
10487,4,Application Exercise,Application Exercise,4.169463940810867,4.169463940810867,70.38055132088743,70.38055132088743,454.9489021076792,454.9489021076792
10364,4,Application Exercise,Application Exercise,4.437941213752262,4.437941213752262,54.497918104877776,54.497918104877776,352.56463686526934,352.56463686526934
10255,4,Advanced Practice,Advanced Practice,1.749306960806571,1.749306960806571,20.291960745356224,20.291960745356224,135.6657137421061,135.6657137421061
10260,4,Concept Review,Concept Review,5.387988683717072,5.387988683717072,149.57056585998595,149.57056585998595,973.4087659159308,973.4087659159308
10803,4,Application Exercise,Application Exercise,5.986132616867071,5.986132616867071,175.5134083265425,175.5134083265425,1149.6128245388534,1149.6128245388534
10678,4,Concept Review,Advanced Practice,2.6787734312494034,2.670701377196939,44.68194083324005,44.54729897164495,296.0598075904164,295.92516572882136
10495,4,Application Exercise,Application Exercise,2.5222236877224384,2.5222236877224384,19.269788974199432,19.269788974199432,123.48169496719231,123.48169496719231
10671,4,Application Exercise,Concept Review,3.3288507478054186,3.3284548025153167,65.2454746569862,65.23771412930022,422.8818834221256,422.8741228944396
10378,4,Advanced Practice,Advanced Practice,5.228745187313283,5.228745187313283,127.37223276295158,127.37223276295158,834.5315744021827,834.5315744021827
10527,4,Concept Review,Concept Review,5.016602283814645,5.016602283814645,139.06021530734196,139.06021530734196,904.412093860185,904.412093860185
10846,4,Concept Review,Concept Review,4.17599684446592,4.17599684446592,88.53113310267752,88.53113310267752,575.0841474025118,575.0841474025118
10138,4,Application Exercise,Application Exercise,5.23549245344315,5.23549245344315,73.92515344261727,73.92515344261727,479.1542353984817,479.1542353984817
10356,4,Application Exercise,Application Exercise,4.765558089275129,4.765558089275129,90.92684834336947,90.92684834336947,588.7394604072414,588.7394604072414
10366,4,Concept Review,Concept Review,6.003735688900438,6.003735688900438,175.3090821158928,175.3090821158928,1141.6703646013264,1141.6703646013264
10943,4,Application Exercise,Application Exercise,3.1908645604561947,3.1908645604561947,49.90512172553489,49.90512172553489,321.2788074059118,321.2788074059118
10750,4,Application Exercise,Application Exercise,5.756135550282911,5.756135550282911,138.8379894728238,138.8379894728238,909.3888310469958,909.3888310469958
10949,4,Advanced Practice,Advanced Practice,5.040571697255323,5.040571697255323,128.83701258184607,128.83701258184607,843.2988263480033,843.2988263480033
10830,4,Application Exercise,Application Exercise,4.8900712630882115,4.8900712630882115,116.57929891202296,116.57929891202296,764.749742476512,764.749742476512
10657,4,Application Exercise,Application Exercise,4.520054997571117,4.520054997571117,96.90997914792476,96.90997914792476,635.7993891690417,635.7993891690417
10200,4,Concept Review,Concept Review,4.327583337463675,4.327583337463675,82.39718674530839,82.39718674530839,535.3953229479353,535.3953229479353
10214,4,Application Exercise,Application Exercise,5.504271206481631,5.504271206481631,145.7531015476336,145.7531015476336,945.2019255938332,945.2019255938332
10409,4,Application Exercise,Application Exercise,3.150738477830778,3.150738477830778,39.19518666421488,39.19518666421488,257.33134020339077,257.33134020339077
10333,4,Application Exercise,Application Exercise,6.115000243750513,6.115000243750513,136.9760054600115,136.9760054600115,889.1727479319977,889.1727479319977
10209,4,Application Exercise,Application Exercise,4.5074218575284215,4.5074218575284215,90.32873402486958,90.32873402486958,584.4780935711636,584.4780935711636
10614,4,Practice Questions,Practice Questions,3.1856436901705276,3.1856436901705276,45.108714652814676,45.108714652814676,297.4057747111034,297.4057747111034
10079,4,Application Exercise,Application Exercise,4.320541237810035,4.320541237810035,57.722430937142065,57.722430937142065,373.2985131104592,373.2985131104592
10522,5,Application Exercise,Application Exercise,1.702731579533384,1.702731579533384,0.0,0.0,0.0,0.0
10738,5,Concept Review,Concept Review,5.938794659316116,5.938794659316116,129.4182132158168,129.4182132158168,1188.7589580277688,1188.7589580277688
10741,5,Application Exercise,Application Exercise,2.2722758132104164,2.2722758132104164,6.7622928201142,6.7622928201142,60.09026158603038,60.09026158603038
10661,5,Application Exercise,Application Exercise,3.139314778862895,3.139314778862895,26.420473178910125,26.420473178910125,236.97386214009484,236.97386214009484
10412,5,Concept Review,Concept Review,3.17860488490272,3.17860488490272,35.90552077986112,35.90552077986112,324.9947524723476,324.9947524723476
10679,5,Application Exercise,Application Exercise,2.458957354579339,2.458957354579339,19.27822565990202,19.27822565990202,171.74897345251793,171.74897345251793
10627,5,Practice Questions,Practice Questions,4.913982059273278,4.913982059273278,85.38535226193248,85.38535226193248,784.4359291687615,784.4359291687615
10514,5,Concept Review,Concept Review,3.1800658515326212,3.1908872889442073,25.542288919510014,25.629206704799877,232.03414686770486,231.9932880370365
10860,5,Concept Review,Concept Review,6.309095579519443,6.309095579519443,163.32986636259935,163.32986636259935,1500.5931472063817,1500.5931472063817
10137,5,Application Exercise,Application Exercise,3.4312227775538187,3.4312227775538187,35.02592211326938,35.02592211326938,314.80905855644465,314.80905855644465
10812,5,Application Exercise,Application Exercise,5.538636599128655,5.538636599128655,96.0621131752874,96.0621131752874,870.6915185105045,870.6915185105045
10077,5,Application Exercise,Application Exercise,3.782306216587948,3.782306216587948,54.46520951886645,54.46520951886645,490.53635262183315,490.53635262183315
10637,5,Application Exercise,Application Exercise,3.1869559672983816,3.1869559672983816,24.271856646944475,24.271856646944475,217.78137885447998,217.78137885447998
10974,5,Advanced Practice,Advanced Practice,4.782514644044617,4.782514644044617,78.05063899080815,78.05063899080815,725.5524497250319,725.5524497250319
10939,5,Application Exercise,Application Exercise,6.155039715184799,6.155039715184799,150.67537222772387,150.67537222772387,1384.329982342213,1384.329982342213
10900,5,Application Exercise,Application Exercise,7.233837164923051,7.233837164923051,203.4733717749556,203.4733717749556,1871.0521783632576,1871.0521783632576
10281,5,Concept Review,Concept Review,4.151648235516238,4.151648235516238,59.518029104360785,59.518029104360785,540.6194152793271,540.6194152793271
10884,5,Application Exercise,Application Exercise,5.859677882068998,5.859677882068998,133.13188148060763,133.13188148060763,1224.4743128418831,1224.4743128418831
10762,5,Application Exercise,Application Exercise,2.9173224915818285,2.9173224915818285,30.060090953259163,30.060090953259163,269.1197330416324,269.1197330416324
10320,5,Application Exercise,Application Exercise,5.94152500982443,5.94152500982443,162.75025306911078,162.75025306911078,1494.470082318115,1494.470082318115
10550,5,Advanced Practice,Advanced Practice,2.5136723851800795,2.5136723851800795,22.120316989584698,22.120316989584698,207.4089981381731,207.4089981381731
10175,5,Application Exercise,Application Exercise,6.141323941484585,6.141323941484585,83.71852797031787,83.71852797031787,760.2242994524639,760.2242994524639
10372,5,Application Exercise,Application Exercise,2.6304428676672544,2.6304428676672544,10.016726440076907,10.016726440076907,89.42052212354537,89.42052212354537
10528,5,Application Exercise,Application Exercise,4.922724915732229,4.922724915732229,101.9200966553201,101.9200966553201,922.2104311056626,922.2104311056626
10211,5,Practice Questions,Practice Questions,4.003678838439386,4.003678838439386,78.66428181765706,78.66428181765706,727.8873536657741,727.8873536657741
10236,5,Application Exercise,Application Exercise,3.105076540821443,3.105076540821443,32.193433575236725,32.193433575236725,288.67598389290566,288.67598389290566
10102,5,Application Exercise,Application Exercise,5.363404593540242,5.363404593540242,92.50800242938209,92.50800242938209,838.1038777647179,838.1038777647179
10987,5,Application Exercise,Application Exercise,6.82928729394718,6.82928729394718,173.95560595142254,173.95560595142254,1601.32047145171,1601.32047145171
10903,5,Application Exercise,Application Exercise,2.651799744298539,2.651799744298539,24.099556076185117,24.099556076185117,215.19017413328038,215.19017413328038
10948,5,Practice Questions,Practice Questions,3.1205806084586287,3.1205806084586287,35.150219973678,35.150219973678,325.9004002297456,325.9004002297456
10347,5,Concept Review,Concept Review,4.850747563690068,4.850747563690068,82.7343504462978,82.7343504462978,752.7425583339448,752.7425583339448
10140,5,Application Exercise,Application Exercise,4.730475315753926,4.730475315753926,62.06383614269152,62.06383614269152,561.2254244911373,561.2254244911373
10622,5,Application Exercise,Application Exercise,3.5885031580944373,3.5885031580944373,45.24384781725467,45.24384781725467,407.04245765635073,407.04245765635073
10500,5,Application Exercise,Application Exercise,4.597653767667714,4.597653767667714,65.32346473102287,65.32346473102287,600.6935851597982,600.6935851597982
10371,5,Application Exercise,Application Exercise,4.7748643452294655,4.7748643452294655,78.53696875033425,78.53696875033425,710.2929369402855,710.2929369402855
10199,5,Application Exercise,Application Exercise,4.308880154464922,4.308880154464922,67.14958832718135,67.14958832718135,606.2631448925332,606.2631448925332
10688,5,Advanced Practice,Advanced Practice,5.632651837869018,5.632651837869018,126.171401168266,126.171401168266,1159.1025692662076,1159.1025692662076
10585,5,Application Exercise,Application Exercise,6.165513220856882,6.165513220856882,114.03733253296889,114.03733253296889,1040.4868804569426,1040.4868804569426
10902,5,Concept Review,Concept Review,5.186556939034721,5.186556939034721,101.24159144995774,101.24159144995774,924.779013202954,924.779013202954
10060,5,Application Exercise,Application Exercise,5.6985429635455285,5.6985429635455285,126.37088875958564,126.37088875958564,1162.8439871328774,1162.8439871328774
10329,5,Application Exercise,Application Exercise,4.303432193351974,4.303432193351974,63.62194154651559,63.62194154651559,574.4008211969863,574.4008211969863
10097,5,Application Exercise,Application Exercise,6.2307859054892045,6.2307859054892045,153.92533500920533,153.92533500920533,1397.2689029728854,1397.2689029728854
10313,5,Concept Review,Application Exercise,5.819023274226897,5.776826374311286,137.4220536441424,136.4255316557353,1238.0743752674405,1237.2346459613543
10975,5,Application Exercise,Application Exercise,4.873966782070321,4.873966782070321,71.12092328397013,71.12092328397013,643.4292193742865,643.4292193742865
10300,5,Advanced Practice,Advanced Practice,7.488483415592103,7.488483415592103,237.23515460595783,237.23515460595783,2180.4617873612474,2180.4617873612474
10278,5,Application Exercise,Application Exercise,3.7930217870350313,3.7930217870350313,39.20467319079408,39.20467319079408,353.1136651049117,353.1136651049117
10925,5,Concept Review,Concept Review,2.8056998411675966,2.8056998411675966,37.34947628562305,37.34947628562305,337.38887033695886,337.38887033695886
10602,5,Practice Questions,Practice Questions,0.714486289555718,0.714486289555718,2.103447636452034,2.103447636452034,19.701400908728544,19.701400908728544
10440,5,Concept Review,Concept Review,6.527771310795206,6.527771310795206,166.06650214663006,166.06650214663006,1523.0571317215613,1523.0571317215613
10838,5,Concept Review,Concept Review,3.8388801215389177,3.8388801215389177,52.57730214459701,52.57730214459701,477.1283826363629,477.1283826363629
10571,5,Application Exercise,Application Exercise,4.062905965103877,4.062905965103877,48.23481961771323,48.23481961771323,435.0261076867377,435.0261076867377
10880,5,Application Exercise,Application Exercise,5.2726255258925026,5.2726255258925026,86.72414464987988,86.72414464987988,785.5126155173608,785.5126155173608
10262,5,Application Exercise,Application Exercise,5.987946450444486,5.987946450444486,118.22601471757595,118.22601471757595,1072.6785706248218,1072.6785706248218
10579,5,Concept Review,Concept Review,3.2814375925443855,3.2814375925443855,37.067119045381375,37.067119045381375,335.66693653681494,335.66693653681494
10024,5,Critical Thinking Activity,Critical Thinking Activity,6.997244698366439,6.997244698366439,194.3554687418262,194.3554687418262,1786.4078761289484,1786.4078761289484
10031,5,Concept Review,Concept Review,3.9498929207871045,3.9498929207871045,28.312832456201964,28.312832456201964,258.69239399341586,258.69239399341586
10618,5,Critical Thinking Activity,Critical Thinking Activity,2.944619835977613,2.944619835977613,39.85837409979296,39.85837409979296,367.97651841100947,367.97651841100947
10011,5,Application Exercise,Application Exercise,3.2888433736692333,3.2888433736692333,31.57289638722464,31.57289638722464,283.50081233579147,283.50081233579147
10222,5,Application Exercise,Application Exercise,5.501250222393485,5.501250222393485,104.56776422725535,104.56776422725535,947.6974908586755,947.6974908586755
10821,5,Critical Thinking Activity,Advanced Practice,4.550405624144366,4.540119218039421,86.49411010373612,86.29858609649331,802.0895290889205,801.8940050816777
10297,5,Application Exercise,Application Exercise,5.558080994406808,5.558080994406808,112.40663003088328,112.40663003088328,1019.473295085516,1019.473295085516
10055,5,Application Exercise,Application Exercise,4.925876757850542,4.925876757850542,108.13284658833508,108.13284658833508,978.4352985963994,978.4352985963994
10543,5,Concept Review,Concept Review,5.816798200239571,5.816798200239571,131.59924248222006,131.59924248222006,1208.532454545642,1208.532454545642
10210,5,Application Exercise,Application Exercise,4.080610616039406,4.080610616039406,51.056600027885054,51.056600027885054,460.5128703237357,460.5128703237357
10605,5,Advanced Practice,Advanced Practice,4.580872502748222,4.580872502748222,83.40852653003962,83.40852653003962,767.0733530898867,767.0733530898867
10693,5,Application Exercise,Application Exercise,5.211811438856631,5.211811438856631,109.4063457244784,109.4063457244784,990.7930892318996,990.7930892318996
10663,5,Advanced Practice,Advanced Practice,5.282279517704288,5.282279517704288,115.95659997264453,115.95659997264453,1065.9498176339655,1065.9498176339655
10867,5,Concept Review,Concept Review,5.829364367528248,5.829364367528248,135.61433264617716,135.61433264617716,1235.891500686641,1235.891500686641
10071,5,Application Exercise,Application Exercise,6.129696295830825,6.129696295830825,109.84415762128837,109.84415762128837,999.1617190268894,999.1617190268894
10544,5,Practice Questions,Practice Questions,2.894100839454121,2.894100839454121,31.580428360123374,31.580428360123374,293.01050996078817,293.01050996078817
10108,5,Application Exercise,Application Exercise,4.966352796149894,4.966352796149894,92.17550789654204,92.17550789654204,834.1504772372657,834.1504772372657
10494,5,Concept Review,Concept Review,5.173835890873991,5.173835890873991,77.64892905023686,77.64892905023686,706.9063174172046,706.9063174172046
10591,5,Application Exercise,Application Exercise,7.510576896696423,7.510576896696423,200.44227621903417,200.44227621903417,1823.2844312056752,1823.2844312056752
10742,5,Application Exercise,Application Exercise,5.442901164163488,5.442901164163488,111.64478867932146,111.64478867932146,1011.6875425406118,1011.6875425406118
10293,5,Application Exercise,Application Exercise,4.4827492376972735,4.4827492376972735,87.35981714424446,87.35981714424446,789.2707183724212,789.2707183724212
10290,5,Application Exercise,Application Exercise,4.197653647167402,4.197653647167402,47.95399526524041,47.95399526524041,434.07231062308705,434.07231062308705
10653,5,Concept Review,Concept Review,6.6116261988856895,6.6116261988856895,159.52531692671394,159.52531692671394,1463.0981473900283,1463.0981473900283
10040,5,Application Exercise,Application Exercise,5.367400749619215,5.367400749619215,101.6800398007864,101.6800398007864,920.6293732000823,920.6293732000823
10590,5,Advanced Practice,Advanced Practice,4.370171815164458,4.370171815164458,79.15255191625866,79.15255191625866,728.0843086262497,728.0843086262497
10308,5,Application Exercise,Application Exercise,3.7958805719004522,3.7958805719004522,45.186162327902984,45.186162327902984,407.34138851381215,407.34138851381215
10680,5,Application Exercise,Application Exercise,5.781644190283658,5.781644190283658,108.78741708437731,108.78741708437731,994.1230299216447,994.1230299216447
10067,5,Application Exercise,Application Exercise,6.014567336201305,6.014567336201305,146.08181146165728,146.08181146165728,1342.6767000869581,1342.6767000869581
10276,5,Concept Review,Application Exercise,5.975478659449122,6.0430976085078,150.48645455956668,152.18937017266043,1377.3868819588424,1380.9521656336012
10068,5,Application Exercise,Application Exercise,3.7136339363400195,3.7136339363400195,53.47632868329628,53.47632868329628,481.4510099450321,481.4510099450321
10319,5,Critical Thinking Activity,Critical Thinking Activity,2.7891633181566466,2.7891633181566466,39.985445329093686,39.985445329093686,369.2721971237528,369.2721971237528
10549,5,Application Exercise,Application Exercise,3.9802594378531815,3.9802594378531815,40.375751737582675,40.375751737582675,364.00445271796855,364.00445271796855
10999,5,Critical Thinking Activity,Critical Thinking Activity,5.761149618941632,5.761149618941632,149.3289981229671,149.3289981229671,1374.1542391687747,1374.1542391687747
10715,5,Advanced Practice,Advanced Practice,3.0112594904142598,3.0112594904142598,37.773239047756476,37.773239047756476,352.99801786826106,352.99801786826106
10754,5,Advanced Practice,Advanced Practice,2.429296387704146,2.429296387704146,29.92893149651508,29.92893149651508,280.82207823914143,280.82207823914143
10328,5,Application Exercise,Application Exercise,2.7577473769616496,2.7577473769616496,22.679714428132606,22.679714428132606,202.73714458176306,202.73714458176306
10383,5,Application Exercise,Application Exercise,6.874314361252759,6.874314361252759,165.6434788487465,165.6434788487465,1524.0832982223612,1524.0832982223612
10452,5,Application Exercise,Application Exercise,6.083884657165833,6.083884657165833,124.79264208778555,124.79264208778555,1131.8543735513929,1131.8543735513929
10523,5,Application Exercise,Application Exercise,4.208377621950759,4.208377621950759,56.560595239018205,56.560595239018205,509.6613336700288,509.6613336700288
10219,5,Practice Questions,Practice Questions,3.407249977488265,3.407249977488265,48.0831116823144,48.0831116823144,443.6830064086182,443.6830064086182
10788,5,Application Exercise,Application Exercise,4.4206606933947485,4.4206606933947485,82.47184589597242,82.47184589597242,758.894891556504,758.894891556504
10437,5,Application Exercise,Application Exercise,4.053521864051464,4.053521864051464,50.977090962311216,50.977090962311216,459.7385462956305,459.7385462956305
10765,5,Advanced Practice,Advanced Practice,2.9710411386167257,2.9710411386167257,34.98698044835056,34.98698044835056,327.03459040762743,327.03459040762743
10089,5,Practice Questions,Practice Questions,3.64927665982417,3.64927665982417,42.03966712117443,42.03966712117443,386.594005671681,386.594005671681
10064,5,Application Exercise,Application Exercise,6.403629152189138,6.403629152189138,154.30184805114948,154.30184805114948,1419.7926244447422,1419.7926244447422
10827,5,Application Exercise,Application Exercise,6.519997720433754,6.519997720433754,124.97531630527419,124.97531630527419,1135.0822893551097,1135.0822893551097
10717,5,Critical Thinking Activity,Critical Thinking Activity,6.927153389219993,6.927153389219993,221.6689084550398,221.6689084550398,2036.583096430678,2036.583096430678
10352,5,Application Exercise,Application Exercise,2.2662204741929504,2.2662204741929504,12.400758434783825,12.400758434783825,110.18411938313047,110.18411938313047
10937,5,Application Exercise,Application Exercise,5.977814976742506,5.977814976742506,123.19081104070958,123.19081104070958,1117.700871253647,1117.700871253647
10257,5,Application Exercise,Application Exercise,4.901903287459311,4.901903287459311,63.214944795075276,63.214944795075276,571.9546559434225,571.9546559434225
10636,5,Application Exercise,Application Exercise,4.633691616482225,4.633691616482225,75.62184718098992,75.62184718098992,683.5979264982255,683.5979264982255
10645,5,Advanced Practice,Advanced Practice,1.4973346369444722,1.4973346369444722,5.031044380133427,5.031044380133427,47.704545586829695,47.704545586829695
10555,5,Advanced Practice,Advanced Practice,4.480526079780555,4.480526079780555,64.23282187973403,64.23282187973403,596.9463471537688,596.9463471537688
10960,5,Concept Review,Concept Review,3.504101106203566,3.5149225436151514,51.24397457712095,51.40222727782798,465.726931521822,465.93088266311736
10169,5,Critical Thinking Activity,Critical Thinking Activity,3.5750205371968433,3.5750205371968433,53.196305593489036,53.196305593489036,490.7192985903091,490.7192985903091
10918,5,Application Exercise,Application Exercise,2.3234640094418655,2.3234640094418655,18.141606985722085,18.141606985722085,161.32820662756257,161.32820662756257
10529,5,Application Exercise,Application Exercise,5.711048814975987,5.711048814975987,82.42185649773344,82.42185649773344,747.3003907067306,747.3003907067306
10824,5,Application Exercise,Application Exercise,2.229226300059501,2.229226300059501,11.770314864314164,11.770314864314164,104.52342254387717,104.52342254387717
10986,5,Application Exercise,Application Exercise,4.385810460911113,4.385810460911113,39.71789953401104,39.71789953401104,359.31804923232374,359.31804923232374
10817,5,Critical Thinking Activity,Critical Thinking Activity,3.9937490248750844,3.9937490248750844,60.96058511569329,60.96058511569329,560.0283430587594,560.0283430587594
10087,5,Application Exercise,Application Exercise,4.523272882455175,4.523272882455175,70.49068460018145,70.49068460018145,636.9594669007217,636.9594669007217
10433,5,Application Exercise,Application Exercise,6.622357070537861,6.622357070537861,177.7970426298005,177.7970426298005,1615.1217613842273,1615.1217613842273
10185,5,Application Exercise,Application Exercise,5.2024623439495095,5.2024623439495095,95.3923495386582,95.3923495386582,874.5370951584912,874.5370951584912
10979,5,Application Exercise,Application Exercise,3.1672666467799213,3.1672666467799213,29.39223448211767,29.39223448211767,263.685153523349,263.685153523349
10535,5,Concept Review,Application Exercise,5.649113523044216,5.647871107305521,129.7940323054639,129.76548656145167,1177.665991276845,1176.4838265390786
10295,5,Concept Review,Concept Review,4.949629706321786,4.949629706321786,84.73766057222898,84.73766057222898,776.7245038512881,776.7245038512881
10893,5,Concept Review,Concept Review,4.563574631302309,4.563574631302309,65.86150907895492,65.86150907895492,598.858603100931,598.858603100931
10426,5,Advanced Practice,Advanced Practice,2.51570017045314,2.51570017045314,20.76962060726112,20.76962060726112,194.74116254907273,194.74116254907273
10714,5,Advanced Practice,Advanced Practice,2.140675806614091,2.140675806614091,15.275862555998154,15.275862555998154,143.73544044264796,143.73544044264796
10261,5,Concept Review,Concept Review,3.090259457120628,3.090259457120628,33.918687801356015,33.918687801356015,306.8791726322647,306.8791726322647
10238,5,Application Exercise,Application Exercise,3.5018571848674496,3.5018571848674496,24.42895572163533,24.42895572163533,219.66307148465785,219.66307148465785
10560,5,Application Exercise,Application Exercise,2.7595811566000923,2.7595811566000923,19.16253155143104,19.16253155143104,171.29971666497877,171.29971666497877
10584,5,Application Exercise,Application Exercise,4.366045260887237,4.366045260887237,54.767671752569505,54.767671752569505,504.34088439858516,504.34088439858516
10446,5,Concept Review,Application Exercise,4.781741167555829,4.744727797332509,67.93897850863321,67.41309254450027,610.9994128200506,609.6265313842805
10868,5,Application Exercise,Application Exercise,6.288474063929026,6.288474063929026,183.92528942179618,183.92528942179618,1670.490506083093,1670.490506083093
10801,5,Concept Review,Concept Review,4.007185733809094,4.007185733809094,58.985774001669874,58.985774001669874,535.5631837434348,535.5631837434348
10600,5,Practice Questions,Practice Questions,1.0177849038348667,1.0177849038348667,5.536749876861675,5.536749876861675,52.234661497822756,52.234661497822756
10850,5,Practice Questions,Practice Questions,2.5620753112161037,2.5620753112161037,19.59475198018076,19.59475198018076,182.03503171267602,182.03503171267602
10266,5,Application Exercise,Application Exercise,4.790129769361703,4.790129769361703,89.5179451298315,89.5179451298315,809.6464503418215,809.6464503418215
10996,5,Concept Review,Concept Review,5.215434645192762,5.215434645192762,89.78892285163859,89.78892285163859,817.4872182330469,817.4872182330469
10530,5,Critical Thinking Activity,Critical Thinking Activity,3.4778224797371906,3.4778224797371906,38.28386985694699,38.28386985694699,353.0473393493732,353.0473393493732
10056,5,Critical Thinking Activity,Critical Thinking Activity,6.01884928344691,6.01884928344691,138.48168431354654,138.48168431354654,1272.4140369648042,1272.4140369648042
10121,5,Advanced Practice,Advanced Practice,7.04750970418829,7.04750970418829,200.4875560647485,200.4875560647485,1841.9794213448768,1841.9794213448768
10216,5,Concept Review,Concept Review,4.076420007721465,4.076420007721465,76.83236430553417,76.83236430553417,697.7427510260555,697.7427510260555
10026,5,Application Exercise,Application Exercise,6.064148166514153,6.064148166514153,148.25629437493802,148.25629437493802,1363.5683102623398,1363.5683102623398
10073,5,Concept Review,Concept Review,4.717301801823553,4.717301801823553,87.10026046887009,87.10026046887009,796.4094108544197,796.4094108544197
10045,5,Practice Questions,Practice Questions,5.363509723533475,5.363509723533475,111.56100224949628,111.56100224949628,1025.7604481325698,1025.7604481325698
10248,5,Application Exercise,Application Exercise,1.9010272411522242,1.9010272411522242,6.448284401988344,6.448284401988344,56.92658664113532,56.92658664113532
10722,5,Application Exercise,Application Exercise,5.758983581779692,5.758983581779692,130.1069570795668,130.1069570795668,1179.884093853135,1179.884093853135
10282,5,Application Exercise,Application Exercise,5.356501560848907,5.356501560848907,82.96149617442786,82.96149617442786,751.6007999713291,751.6007999713291
10894,5,Concept Review,Concept Review,2.700342247845253,2.700342247845253,11.75188946262254,11.75188946262254,106.08758959875904,106.08758959875904
10915,5,Application Exercise,Application Exercise,4.7806937859253775,4.7806937859253775,55.37955681615958,55.37955681615958,502.7610151134762,502.7610151134762
10811,5,Application Exercise,Application Exercise,4.613896550498308,4.613896550498308,66.88304439602346,66.88304439602346,604.5594588234949,604.5594588234949
10245,5,Application Exercise,Application Exercise,4.195920637399198,4.195920637399198,51.8280117131549,51.8280117131549,467.7098014025163,467.7098014025163
10823,5,Application Exercise,Application Exercise,3.802960310755507,3.802960310755507,24.70403017866777,24.70403017866777,222.51907671973518,222.51907671973518
10322,5,Concept Review,Concept Review,5.058509396897011,5.058509396897011,100.3608264344367,100.3608264344367,919.1782082050439,919.1782082050439
10644,5,Application Exercise,Application Exercise,7.053351427399257,7.053351427399257,161.15497341321824,161.15497341321824,1482.7294578326746,1482.7294578326746
10159,5,Practice Questions,Practice Questions,3.2637834810231436,3.2637834810231436,44.90966069887846,44.90966069887846,416.22067333935206,416.22067333935206
10978,5,Application Exercise,Application Exercise,4.547438068574022,4.547438068574022,79.30731991593095,79.30731991593095,716.6911037079487,716.6911037079487
10430,5,Application Exercise,Application Exercise,4.654137231562613,4.654137231562613,81.46601810127198,81.46601810127198,736.480308797624,736.480308797624
10942,5,Concept Review,Application Exercise,4.1351949042539164,4.114559765054283,56.23865069785327,55.958012804738246,505.0800518057148,504.7994139125998
10463,5,Application Exercise,Application Exercise,4.63327728719756,4.63327728719756,73.39111222920936,73.39111222920936,663.4318077898333,663.4318077898333
10310,5,Concept Review,Application Exercise,4.5202031759473424,4.507806089420014,77.2412318705882,77.0293904560092,699.3179006346122,696.0037164797184
10698,5,Concept Review,Concept Review,3.7746849486964766,3.7746849486964766,60.15337934242705,60.15337934242705,545.6572625453824,545.6572625453824
10061,5,Application Exercise,Application Exercise,3.783836369046189,3.783836369046189,44.6795398456974,44.6795398456974,402.4058092694879,402.4058092694879
10885,5,Application Exercise,Application Exercise,4.279308648618188,4.279308648618188,43.54624480833868,43.54624480833868,393.1114405614666,393.1114405614666
10596,5,Practice Questions,Practice Questions,5.9669173285772805,5.9669173285772805,144.54260536745605,144.54260536745605,1334.346038932069,1334.346038932069
10768,5,Application Exercise,Application Exercise,5.477184103193151,5.477184103193151,101.13072728135835,101.13072728135835,916.4923070674841,916.4923070674841
10650,5,Application Exercise,Application Exercise,3.528652111736893,3.528652111736893,27.777549423592824,27.777549423592824,249.81459328735446,249.81459328735446
10651,5,Application Exercise,Application Exercise,4.0994117149927405,4.0994117149927405,58.37562282149663,58.37562282149663,537.646163694119,537.646163694119
10866,5,Application Exercise,Application Exercise,6.474174742278681,6.474174742278681,173.81864348069806,173.81864348069806,1596.9587869789134,1596.9587869789134
10669,5,Concept Review,Concept Review,5.69490934151926,5.69490934151926,106.24422867538331,106.24422867538331,968.0473238140041,968.0473238140041
10299,5,Application Exercise,Application Exercise,3.333141442504473,3.333141442504473,43.41083414717826,43.41083414717826,389.91672038957756,389.91672038957756
10690,5,Concept Review,Concept Review,5.093387649833964,5.093387649833964,106.92039354531457,106.92039354531457,980.5564625245715,980.5564625245715
10315,5,Application Exercise,Application Exercise,1.6486538934617823,1.6486538934617823,6.647372498437906,6.647372498437906,58.31116207622759,58.31116207622759
10311,5,Application Exercise,Application Exercise,4.474256204951981,4.474256204951981,66.1474037340101,66.1474037340101,597.603505044592,597.603505044592
10362,5,Concept Review,Concept Review,2.9339616578830015,2.9339616578830015,20.74897684454859,20.74897684454859,187.71834578583602,187.71834578583602
10480,5,Advanced Practice,Advanced Practice,6.1789948562092585,6.1789948562092585,172.22094463226443,172.22094463226443,1582.0372242544952,1582.0372242544952
10111,5,Application Exercise,Application Exercise,3.491333079810161,3.491333079810161,35.0809147859325,35.0809147859325,315.42388995690095,315.42388995690095
10990,5,Application Exercise,Application Exercise,4.627483055060873,4.627483055060873,68.70886840154384,68.70886840154384,621.0931271894127,621.0931271894127
10487,5,Application Exercise,Application Exercise,4.198455004399205,4.198455004399205,56.69593637940687,56.69593637940687,511.6448384870861,511.6448384870861
10364,5,Application Exercise,Application Exercise,4.466932277340599,4.466932277340599,43.88314269259405,43.88314269259405,396.4477795578634,396.4477795578634
10255,5,Advanced Practice,Advanced Practice,1.730087563486852,1.730087563486852,16.055212589157986,16.055212589157986,151.72092633126408,151.72092633126408
10260,5,Concept Review,Concept Review,5.406301931062676,5.406301931062676,120.06315328503992,120.06315328503992,1093.4719192009707,1093.4719192009707
10803,5,Application Exercise,Application Exercise,5.986132616867071,5.986132616867071,140.410726661234,140.410726661234,1290.0235512000875,1290.0235512000875
10678,5,Advanced Practice,Advanced Practice,2.704998244609343,2.6506023594174115,36.09549657606707,35.369637884065945,332.1553041664835,331.2948036128873
10495,5,Application Exercise,Application Exercise,2.551214751310776,2.551214751310776,15.593024560011466,15.593024560011466,139.07471952720377,139.07471952720377
10671,5,Concept Review,Concept Review,3.4082946235092386,3.3467680498609202,53.44205969662487,52.47732302181923,476.3239431187505,475.35144591625885
10378,5,Advanced Practice,Advanced Practice,5.227591047477077,5.227591047477077,101.87529433323327,101.87529433323327,936.406868735416,936.406868735416
10527,5,Concept Review,Concept Review,5.035391437359653,5.035391437359653,111.66484051488766,111.66484051488766,1016.0769343750727,1016.0769343750727
10846,5,Concept Review,Concept Review,4.1943100918115235,4.1943100918115235,71.13549915712345,71.13549915712345,646.2196465596353,646.2196465596353
10138,5,Application Exercise,Application Exercise,5.264483517031488,5.264483517031488,59.46760580838769,59.46760580838769,538.6218412068694,538.6218412068694
10356,5,Application Exercise,Application Exercise,4.794549152863467,4.794549152863467,73.18399826930796,73.18399826930796,661.9234586765493,661.9234586765493
10366,5,Concept Review,Concept Review,6.0220489362460405,6.0220489362460405,140.6750631507075,140.6750631507075,1282.3454277520339,1282.3454277520339
10943,5,Application Exercise,Application Exercise,3.219855624044532,3.219855624044532,40.28683356804519,40.28683356804519,361.56564097395693,361.56564097395693
10750,5,Application Exercise,Application Exercise,5.756135550282911,5.756135550282911,111.07039157825905,111.07039157825905,1020.4592226252549,1020.4592226252549
10949,5,Advanced Practice,Advanced Practice,5.042420506005991,5.042420506005991,103.1074145068105,103.1074145068105,946.4062408548137,946.4062408548137
10830,5,Application Exercise,Application Exercise,4.886147212729675,4.886147212729675,93.18859964118037,93.18859964118037,857.9383421176924,857.9383421176924
10657,5,Application Exercise,Application Exercise,4.516130947212581,4.516130947212581,77.46067800659019,77.46067800659019,713.2600671756319,713.2600671756319
10200,5,Concept Review,Concept Review,4.345896584809278,4.345896584809278,66.19669677981493,66.19669677981493,601.5920197277502,601.5920197277502
10214,5,Application Exercise,Application Exercise,5.533262270069968,5.533262270069968,117.2166279291622,117.2166279291622,1062.4185535229954,1062.4185535229954
10409,5,Application Exercise,Application Exercise,3.1468144274722425,3.1468144274722425,31.31709718220376,31.31709718220376,288.64843738559455,288.64843738559455
10333,5,Application Exercise,Application Exercise,6.141640227771218,6.141640227771218,110.05819288166022,110.05819288166022,999.230940813658,999.230940813658
10209,5,Application Exercise,Application Exercise,4.536412921116758,4.536412921116758,72.72777195134388,72.72777195134388,657.2058655225076,657.2058655225076
10614,5,Practice Questions,Practice Questions,3.1745289932700524,3.1745289932700524,35.96106443576315,35.96106443576315,333.36683914686654,333.36683914686654
10079,5,Application Exercise,Application Exercise,4.349532301398373,4.349532301398373,46.48780123734581,46.48780123734581,419.78631434780505,419.78631434780505
10522,6,Application Exercise,Application Exercise,1.702731579533384,1.702731579533384,0.0,0.0,0.0,0.0
10738,6,Concept Review,Concept Review,5.939320799470549,5.939320799470549,109.20629153986498,109.20629153986498,1297.965249567634,1297.965249567634
10741,6,Application Exercise,Application Exercise,2.296781570854277,2.296781570854277,5.76721852441509,5.76721852441509,65.85748011044547,65.85748011044547
10661,6,Application Exercise,Application Exercise,3.1683058424512325,3.1683058424512325,22.498139787246206,22.498139787246206,259.47200192734107,259.47200192734107
10412,6,Concept Review,Concept Review,3.196918132248323,3.196918132248323,30.46982671845877,30.46982671845877,355.4645791908064,355.4645791908064
10679,6,Application Exercise,Application Exercise,2.487948418167676,2.487948418167676,16.457778786179176,16.457778786179176,188.2067522386971,188.2067522386971
10627,6,Practice Questions,Practice Questions,4.914084358711396,4.914084358711396,72.04539078306777,72.04539078306777,856.4813199518293,856.4813199518293
10514,6,Advanced Practice,Concept Review,3.199498645808994,3.20920053628981,21.683002322647553,21.748752034436045,253.71714919035242,253.74204007147253
10860,6,Concept Review,Concept Review,6.309095579519443,6.309095579519443,137.80957474344322,137.80957474344322,1638.4027219498248,1638.4027219498248
10137,6,Application Exercise,Application Exercise,3.460213841142156,3.460213841142156,29.80282181375739,29.80282181375739,344.611880370202,344.611880370202
10812,6,Application Exercise,Application Exercise,5.567627662716991,5.567627662716991,81.47666321620046,81.47666321620046,952.1681817267049,952.1681817267049
10077,6,Application Exercise,Application Exercise,3.8112972801762854,3.8112972801762854,46.30726195414187,46.30726195414187,536.843614575975,536.843614575975
10637,6,Application Exercise,Application Exercise,3.215947030886719,3.215947030886719,20.66567562047806,20.66567562047806,238.44705447495804,238.44705447495804
10974,6,Advanced Practice,Advanced Practice,4.760566817514423,4.760566817514423,65.55300507717361,65.55300507717361,791.1054548022055,791.1054548022055
10939,6,Application Exercise,Application Exercise,6.155039715184799,6.155039715184799,127.13234531714203,127.13234531714203,1511.4623276593552,1511.4623276593552
10900,6,Application Exercise,Application Exercise,7.23136836743665,7.23136836743665,171.62206546437403,171.62206546437403,2042.6742438276315,2042.6742438276315
10281,6,Concept Review,Concept Review,4.169961482861842,4.169961482861842,50.43985409669684,50.43985409669684,591.0592693760238,591.0592693760238
10884,6,Application Exercise,Application Exercise,5.857209084582597,5.857209084582597,112.28269815144839,112.28269815144839,1336.7570109933317,1336.7570109933317
10762,6,Application Exercise,Application Exercise,2.9463135551701662,2.9463135551701662,25.61525004864943,25.61525004864943,294.73498309028184,294.73498309028184
10320,6,Application Exercise,Application Exercise,5.9427579311181615,5.9427579311181615,137.34902130400295,137.34902130400295,1631.8191036221178,1631.8191036221178
10550,6,Advanced Practice,Advanced Practice,2.493573367400553,2.493573367400553,18.514782252949107,18.514782252949107,225.92378039112222,225.92378039112222
10175,6,Application Exercise,Application Exercise,6.169082083779191,6.169082083779191,70.95678212762826,70.95678212762826,831.1810815800922,831.1810815800922
10372,6,Application Exercise,Application Exercise,2.6594339312555917,2.6594339312555917,8.544761221124217,8.544761221124217,97.96528334466959,97.96528334466959
10528,6,Application Exercise,Application Exercise,4.951715979320566,4.951715979320566,86.50152644275099,86.50152644275099,1008.7119575484136,1008.7119575484136
10211,6,Practice Questions,Practice Questions,3.992564141538912,3.992564141538912,66.18872833843209,66.18872833843209,794.0760820042062,794.0760820042062
10236,6,Application Exercise,Application Exercise,3.1340676044097804,3.1340676044097804,27.41682340337676,27.41682340337676,316.0928072962824,316.0928072962824
10102,6,Application Exercise,Application Exercise,5.39239565712858,5.39239565712858,78.47553399819222,78.47553399819222,916.5794117629101,916.5794117629101
10987,6,Application Exercise,Application Exercise,6.824130322294913,6.824130322294913,146.66420888676225,146.66420888676225,1747.9846803384723,1747.9846803384723
10903,6,Application Exercise,Application Exercise,2.6807908078868765,2.6807908078868765,20.55630391487657,20.55630391487657,235.74647804815697,235.74647804815697
10948,6,Practice Questions,Practice Questions,3.109465911558154,3.109465911558154,29.5523640234487,29.5523640234487,355.45276425319435,355.45276425319435
10347,6,Concept Review,Concept Review,4.869060811035672,4.869060811035672,70.07065413161436,70.07065413161436,822.8132124655592,822.8132124655592
10140,6,Application Exercise,Application Exercise,4.759466379342264,4.759466379342264,52.68729281931886,52.68729281931886,613.9127173104562,613.9127173104562
10622,6,Application Exercise,Application Exercise,3.617494221682775,3.617494221682775,38.48290353026137,38.48290353026137,445.5253611866121,445.5253611866121
10500,6,Application Exercise,Application Exercise,4.593729717309177,4.593729717309177,55.06963185110242,55.06963185110242,655.7632170109006,655.7632170109006
10371,6,Application Exercise,Application Exercise,4.78622231206055,4.78622231206055,66.42319324677632,66.42319324677632,776.7161301870618,776.7161301870618
10199,6,Application Exercise,Application Exercise,4.33787121805326,4.33787121805326,57.038668646182316,57.038668646182316,663.3018135387156,663.3018135387156
10688,6,Advanced Practice,Advanced Practice,5.632835471593953,5.632835471593953,106.46059041312571,106.46059041312571,1265.5631596793332,1265.5631596793332
10585,6,Application Exercise,Application Exercise,6.161589170498345,6.161589170498345,96.15776059479718,96.15776059479718,1136.6446410517397,1136.6446410517397
10902,6,Concept Review,Concept Review,5.191490029272263,5.191490029272263,85.50384078211417,85.50384078211417,1010.2828539850683,1010.2828539850683
10060,6,Application Exercise,Application Exercise,5.694618913186993,5.694618913186993,106.55201448464183,106.55201448464183,1269.3960016175192,1269.3960016175192
10329,6,Application Exercise,Application Exercise,4.332423256940312,4.332423256940312,54.04264770707346,54.04264770707346,628.4434689040597,628.4434689040597
10097,6,Application Exercise,Application Exercise,6.259776969077542,6.259776969077542,130.4787911434523,130.4787911434523,1527.7476941163377,1527.7476941163377
10313,6,Concept Review,Application Exercise,5.8373365215725,5.8058174378996235,116.31476752885365,115.6867182675879,1354.3891427962942,1352.9213642289424
10975,6,Application Exercise,Application Exercise,4.902957845658658,4.902957845658658,60.365216995749414,60.365216995749414,703.7944363700359,703.7944363700359
10300,6,Advanced Practice,Advanced Practice,7.487329275755898,7.487329275755898,200.13631154095518,200.13631154095518,2380.5980989022028,2380.5980989022028
10278,6,Application Exercise,Application Exercise,3.8220128506233686,3.8220128506233686,33.33177407028639,33.33177407028639,386.4454391751981,386.4454391751981
10925,6,Concept Review,Concept Review,2.8240130885131998,2.8240130885131998,31.719315010180264,31.719315010180264,369.10818534713917,369.10818534713917
10602,6,Practice Questions,Practice Questions,0.7115638916900702,0.7115638916900702,1.7675247069581341,1.7675247069581341,21.46892561568668,21.46892561568668
10440,6,Concept Review,Concept Review,6.532228494833344,6.532228494833344,140.21428464159774,140.21428464159774,1663.271416363159,1663.271416363159
10838,6,Concept Review,Concept Review,3.8571933688845212,3.8571933688845212,44.57372657082953,44.57372657082953,521.7021092071924,521.7021092071924
10571,6,Application Exercise,Application Exercise,4.091897028692213,4.091897028692213,40.988532536409906,40.988532536409906,476.01464022314764,476.01464022314764
10880,6,Application Exercise,Application Exercise,5.301616589480839,5.301616589480839,73.57583502881509,73.57583502881509,859.088450546176,859.088450546176
10262,6,Application Exercise,Application Exercise,6.016937514032824,6.016937514032824,100.23616204627282,100.23616204627282,1172.9147326710947,1172.9147326710947
10579,6,Concept Review,Concept Review,3.299750839889989,3.299750839889989,31.449925254991484,31.449925254991484,367.1168617918064,367.1168617918064
10024,6,Critical Thinking Activity,Critical Thinking Activity,6.997351541676942,6.997351541676942,163.9899307307408,163.9899307307408,1950.3978068596894,1950.3978068596894
10031,6,Concept Review,Concept Review,3.9548260110246476,3.9548260110246476,23.918787714677066,23.918787714677066,282.6111817080929,282.6111817080929
10618,6,Critical Thinking Activity,Critical Thinking Activity,2.942682294951024,2.942682294951024,33.60837449063565,33.60837449063565,401.5848929016451,401.5848929016451
10011,6,Application Exercise,Application Exercise,3.317834437257571,3.317834437257571,26.874458941786326,26.874458941786326,310.3752712775778,310.3752712775778
10222,6,Application Exercise,Application Exercise,5.5302412859818215,5.5302412859818215,88.69400974457646,88.69400974457646,1036.3915006032519,1036.3915006032519
10821,6,Critical Thinking Activity,Advanced Practice,4.544778267513175,4.520744580670767,72.8891538543763,72.50370158479775,874.9786829432968,874.3977066664754
10297,6,Application Exercise,Application Exercise,5.585839136701413,5.585839136701413,95.31675902867292,95.31675902867292,1114.790054114189,1114.790054114189
10055,6,Application Exercise,Application Exercise,4.95486782143888,4.95486782143888,91.77406178869093,91.77406178869093,1070.2093603850903,1070.2093603850903
10543,6,Concept Review,Concept Review,5.817800246593409,5.817800246593409,111.05598890722159,111.05598890722159,1319.5884434528634,1319.5884434528634
10210,6,Application Exercise,Application Exercise,4.109601679627743,4.109601679627743,43.385064931830094,43.385064931830094,503.8979352555658,503.8979352555658
10605,6,Advanced Practice,Advanced Practice,4.579207327722489,4.579207327722489,70.35036217580061,70.35036217580061,837.4237152656873,837.4237152656873
10693,6,Application Exercise,Application Exercise,5.240802502444969,5.240802502444969,92.82509392330529,92.82509392330529,1083.6181831552049,1083.6181831552049
10663,6,Advanced Practice,Advanced Practice,5.281125377868082,5.281125377868082,97.81700424887262,97.81700424887262,1163.766821882838,1163.766821882838
10867,6,Concept Review,Concept Review,5.8476776148738505,5.8476776148738505,114.78406390235882,114.78406390235882,1350.6755645889998,1350.6755645889998
10071,6,Application Exercise,Application Exercise,6.125772245472288,6.125772245472288,92.621676351541,92.621676351541,1091.7833953784304,1091.7833953784304
10544,6,Practice Questions,Practice Questions,2.8914999071143628,2.8914999071143628,26.62203964480194,26.62203964480194,319.6325496055901,319.6325496055901
10108,6,Application Exercise,Application Exercise,4.975359683413344,4.975359683413344,77.91413264225298,77.91413264225298,912.0646098795187,912.0646098795187
10494,6,Concept Review,Concept Review,5.192149138219595,5.192149138219595,65.74818453727472,65.74818453727472,772.6545019544793,772.6545019544793
10591,6,Application Exercise,Application Exercise,7.53956796028476,7.53956796028476,169.77599132969226,169.77599132969226,1993.0604225353675,1993.0604225353675
10742,6,Application Exercise,Application Exercise,5.471892227751826,5.471892227751826,94.70203878570085,94.70203878570085,1106.3895813263127,1106.3895813263127
10293,6,Concept Review,Application Exercise,4.515714181346817,4.511740301285611,74.2518882838857,74.1865457740393,863.522606656307,863.4572641464605
10290,6,Application Exercise,Application Exercise,4.193729596808867,4.193729596808867,40.423359583640675,40.423359583640675,474.4956702067277,474.4956702067277
10653,6,Concept Review,Concept Review,6.616083382923828,6.616083382923828,134.69022550956333,134.69022550956333,1597.7883728995916,1597.7883728995916
10040,6,Application Exercise,Application Exercise,5.397689950582774,5.397689950582774,86.27667617011507,86.27667617011507,1006.9060493701975,1006.9060493701975
10590,6,Advanced Practice,Advanced Practice,4.368138054868443,4.368138054868443,66.75388575449955,66.75388575449955,794.8381943807492,794.8381943807492
10308,6,Application Exercise,Application Exercise,3.8236387141950576,3.8236387141950576,38.40462724537517,38.40462724537517,445.74601575918734,445.74601575918734
10680,6,Application Exercise,Application Exercise,5.777720139925123,5.777720139925123,91.72708494145124,91.72708494145124,1085.850114863096,1085.850114863096
10067,6,Application Exercise,Application Exercise,6.009410364549037,6.009410364549037,123.15084660070343,123.15084660070343,1465.8275466876617,1465.8275466876617
10276,6,Concept Review,Application Exercise,5.980411749686665,6.072153888177628,127.07776926909196,129.02719796988643,1504.4646512279346,1509.9793636034876
10068,6,Application Exercise,Application Exercise,3.7426249999283563,3.7426249999283563,45.47289374912953,45.47289374912953,526.9239036941617,526.9239036941617
10319,6,Critical Thinking Activity,Critical Thinking Activity,2.7835359615254562,2.7835359615254562,33.66965099061192,33.66965099061192,402.94184811436475,402.94184811436475
10549,6,Application Exercise,Application Exercise,4.009250501441519,4.009250501441519,34.31517504183796,34.31517504183796,398.3196277598065,398.3196277598065
10999,6,Concept Review,Critical Thinking Activity,5.773734124408753,5.757566646647534,126.27156530081943,125.91798256218158,1500.4258044695941,1500.0722217309562
10715,6,Advanced Practice,Advanced Practice,2.9911604726347334,2.9911604726347334,31.658442442366024,31.658442442366024,384.6564603106271,384.6564603106271
10754,6,Advanced Practice,Advanced Practice,2.409197369924619,2.409197369924619,25.043606660366418,25.043606660366418,305.86568489950787,305.86568489950787
10328,6,Application Exercise,Application Exercise,2.786738440549987,2.786738440549987,19.337178038976358,19.337178038976358,222.07432262073942,222.07432262073942
10383,6,Application Exercise,Application Exercise,6.870390310894225,6.870390310894225,139.68190541079048,139.68190541079048,1663.7652036331517,1663.7652036331517
10452,6,Application Exercise,Application Exercise,6.1141738581293925,6.1141738581293925,105.8180069626454,105.8180069626454,1237.6723805140384,1237.6723805140384
10523,6,Application Exercise,Application Exercise,4.239837483025497,4.239837483025497,48.079757057509134,48.079757057509134,557.7410907275379,557.7410907275379
10219,6,Practice Questions,Practice Questions,3.406868681499675,3.406868681499675,40.56558539061664,40.56558539061664,484.2485917992349,484.2485917992349
10788,6,Application Exercise,Application Exercise,4.417972519228882,4.417972519228882,69.54330542518183,69.54330542518183,828.4381969816859,828.4381969816859
10437,6,Application Exercise,Application Exercise,4.082512927639802,4.082512927639802,43.31954467518594,43.31954467518594,503.0580909708164,503.0580909708164
10765,6,Advanced Practice,Advanced Practice,2.9509421208371993,2.9509421208371993,29.320560912638413,29.320560912638413,356.35515132026586,356.35515132026586
10089,6,Practice Questions,Practice Questions,3.6489976632736982,3.6489976632736982,35.46825728702035,35.46825728702035,422.06226295870135,422.06226295870135
10064,6,Application Exercise,Application Exercise,6.399862217327517,6.399862217327517,130.11559874048575,130.11559874048575,1549.9082231852278,1549.9082231852278
10827,6,Application Exercise,Application Exercise,6.518424749642852,6.518424749642852,105.42248347597385,105.42248347597385,1240.5047728310835,1240.5047728310835
10717,6,Critical Thinking Activity,Critical Thinking Activity,6.927153389219993,6.927153389219993,187.03314150893982,187.03314150893982,2223.616237939618,2223.616237939618
10352,6,Application Exercise,Application Exercise,2.295211537781287,2.295211537781287,10.596991669936205,10.596991669936205,120.78111105306667,120.78111105306667
10937,6,Application Exercise,Application Exercise,6.006806040330844,6.006806040330844,104.44634342927272,104.44634342927272,1222.1472146829196,1222.1472146829196
10257,6,Application Exercise,Application Exercise,4.930894351047648,4.930894351047648,53.653061433749464,53.653061433749464,625.607717377172,625.607717377172
10636,6,Concept Review,Application Exercise,4.70122784501242,4.662682680070563,64.73590742582103,64.20514050457166,748.3338339240465,747.8030670027972
10645,6,Advanced Practice,Advanced Practice,1.4846947556387353,1.4846947556387353,4.2091096322358155,4.2091096322358155,51.91365521906551,51.91365521906551
10555,6,Advanced Practice,Advanced Practice,4.460427062001028,4.460427062001028,53.95332574196443,53.95332574196443,650.8996728957333,650.8996728957333
10960,6,Advanced Practice,Concept Review,3.533447984144081,3.533235790960755,43.599214676353824,43.59659642466477,509.3261461981758,509.5274790877821
10169,6,Critical Thinking Activity,Critical Thinking Activity,3.5693931805656534,3.5693931805656534,44.813731382001784,44.813731382001784,535.5330299723109,535.5330299723109
10918,6,Application Exercise,Application Exercise,2.3524550730302027,2.3524550730302027,15.497974021122975,15.497974021122975,176.82618064868555,176.82618064868555
10529,6,Application Exercise,Application Exercise,5.7413380159395455,5.7413380159395455,69.91227302009585,69.91227302009585,817.2126637268263,817.2126637268263
10824,6,Application Exercise,Application Exercise,2.258217363647838,2.258217363647838,10.06035835505112,10.06035835505112,114.5837808989283,114.5837808989283
10986,6,Application Exercise,Application Exercise,4.380653489258846,4.380653489258846,33.47257331142684,33.47257331142684,392.79062254375054,392.79062254375054
10817,6,Critical Thinking Activity,Critical Thinking Activity,3.9938794495189476,3.9938794495189476,51.43717343035453,51.43717343035453,611.465516489114,611.465516489114
10087,6,Application Exercise,Application Exercise,4.552263946043513,4.552263946043513,59.85771862652616,59.85771862652616,696.817185527248,696.817185527248
10433,6,Application Exercise,Application Exercise,6.651348134126199,6.651348134126199,150.6729892823608,150.6729892823608,1765.794750666588,1765.794750666588
10185,6,Application Exercise,Application Exercise,5.199774169783643,5.199774169783643,80.44570618072274,80.44570618072274,954.9828013392139,954.9828013392139
10979,6,Application Exercise,Application Exercise,3.1962577103682586,3.1962577103682586,25.026697872183465,25.026697872183465,288.71185139553245,288.71185139553245
10535,6,Concept Review,Application Exercise,5.667426770389819,5.676862170893857,109.86873537077705,110.05165004494832,1287.534726647622,1286.5354765840268
10295,6,Concept Review,Concept Review,4.954086890359925,4.954086890359925,71.56178513124912,71.56178513124912,848.2862889825373,848.2862889825373
10893,6,Concept Review,Concept Review,4.581887878647913,4.581887878647913,55.79364869829564,55.79364869829564,654.6522517992265,654.6522517992265
10426,6,Advanced Practice,Advanced Practice,2.4956011526736126,2.4956011526736126,17.384357629524384,17.384357629524384,212.1255201785971,212.1255201785971
10714,6,Advanced Practice,Advanced Practice,2.120576788834564,2.120576788834564,12.767992845572913,12.767992845572913,156.50343328822086,156.50343328822086
10261,6,Concept Review,Concept Review,3.1085727044662317,3.1085727044662317,28.78849181606177,28.78849181606177,335.6676644483265,335.6676644483265
10238,6,Application Exercise,Application Exercise,3.530848248455787,3.530848248455787,20.782572790410764,20.782572790410764,240.44564427506862,240.44564427506862
10560,6,Application Exercise,Application Exercise,2.7885722201884295,2.7885722201884295,16.33824463808401,16.33824463808401,187.63796130306278,187.63796130306278
10584,6,Application Exercise,Application Exercise,4.362121210528701,4.362121210528701,46.16869089223578,46.16869089223578,550.509575290821,550.509575290821
10446,6,Concept Review,Application Exercise,4.800054414901432,4.749032525460691,57.54305232583837,56.93140191522276,668.542465145889,666.5579332995034
10868,6,Concept Review,Application Exercise,6.361653620029472,6.317622243014277,156.99288803508733,155.90628171310635,1827.48339411818,1826.396787796199
10801,6,Concept Review,Concept Review,4.025498981154698,4.025498981154698,49.99669734594135,49.99669734594135,585.5598810893762,585.5598810893762
10600,6,Practice Questions,Practice Questions,1.0100924917479848,1.0100924917479848,4.63632453712325,4.63632453712325,56.870986034946,56.870986034946
10850,6,Practice Questions,Practice Questions,2.5509606143156294,2.5509606143156294,16.461348844178758,16.461348844178758,198.49638055685477,198.49638055685477
10266,6,Application Exercise,Application Exercise,4.790907878138434,4.790907878138434,75.54303542248682,75.54303542248682,885.1894857643084,885.1894857643084
10996,6,Concept Review,Concept Review,5.233747892538365,5.233747892538365,76.0254218870123,76.0254218870123,893.5126401200591,893.5126401200591
10530,6,Critical Thinking Activity,Critical Thinking Activity,3.4727687812680723,3.4727687812680723,32.25507644041786,32.25507644041786,385.3024157897911,385.3024157897911
10056,6,Critical Thinking Activity,Critical Thinking Activity,6.018956126757413,6.018956126757413,116.84599528874168,116.84599528874168,1389.2600322535457,1389.2600322535457
10121,6,Advanced Practice,Advanced Practice,7.04750970418829,7.04750970418829,169.16137542963156,169.16137542963156,2011.1407967745083,2011.1407967745083
10216,6,Concept Review,Concept Review,4.094733255067068,4.094733255067068,65.11854295533158,65.11854295533158,762.8612939813871,762.8612939813871
10026,6,Application Exercise,Application Exercise,6.0616141529462615,6.0616141529462615,125.03897674697551,125.03897674697551,1488.607287009315,1488.607287009315
10073,6,Concept Review,Concept Review,4.721758985861692,4.721758985861692,73.56028324073931,73.56028324073931,869.969694095159,869.969694095159
10045,6,Practice Questions,Practice Questions,5.361526329780974,5.361526329780974,94.0947870876561,94.0947870876561,1119.855235220226,1119.855235220226
10248,6,Application Exercise,Application Exercise,1.9243950690439404,1.9243950690439404,5.507618687603758,5.507618687603758,62.43420532873908,62.43420532873908
10722,6,Application Exercise,Application Exercise,5.787974645368029,5.787974645368029,110.33037269000538,110.33037269000538,1290.2144665431406,1290.2144665431406
10282,6,Application Exercise,Application Exercise,5.385492624437244,5.385492624437244,70.37761761614591,70.37761761614591,821.978417587475,821.978417587475
10894,6,Concept Review,Concept Review,2.7186554951908564,2.7186554951908564,9.982902978340825,9.982902978340825,116.07049257709986,116.07049257709986
10915,6,Application Exercise,Application Exercise,4.776769735566841,4.776769735566841,46.68814739543031,46.68814739543031,549.4491625089065,549.4491625089065
10811,6,Application Exercise,Application Exercise,4.642887614086645,4.642887614086645,56.78715840789375,56.78715840789375,661.3466172313886,661.3466172313886
10245,6,Application Exercise,Application Exercise,4.224911700987535,4.224911700987535,44.0320297476921,44.0320297476921,511.74183115020844,511.74183115020844
10823,6,Application Exercise,Application Exercise,3.831951374343844,3.831951374343844,21.00292548277861,21.00292548277861,243.52200220251382,243.52200220251382
10322,6,Concept Review,Concept Review,5.06296658093515,5.06296658093515,84.75406056485441,84.75406056485441,1003.9322687698983,1003.9322687698983
10644,6,Application Exercise,Application Exercise,7.049427377040722,7.049427377040722,135.89886097459106,135.89886097459106,1618.6283188072655,1618.6283188072655
10159,6,Practice Questions,Practice Questions,3.252668784122669,3.252668784122669,37.76348458366419,37.76348458366419,453.98415792301626,453.98415792301626
10978,6,Application Exercise,Application Exercise,4.5764291321623585,4.5764291321623585,67.34215467976911,67.34215467976911,784.0332583877179,784.0332583877179
10430,6,Application Exercise,Application Exercise,4.683128295150951,4.683128295150951,69.1651217910844,69.1651217910844,805.6454305887085,805.6454305887085
10942,6,Concept Review,Application Exercise,4.153508151599519,4.14355082864262,47.66150603960448,47.547245758674066,552.7415578453193,552.3466596712739
10463,6,Application Exercise,Application Exercise,4.662268350785897,4.662268350785897,62.31121650825352,62.31121650825352,725.7430242980868,725.7430242980868
10310,6,Concept Review,Application Exercise,4.538516423292946,4.519164056251098,65.4363297910377,65.15730736302834,764.7542304256499,761.1610238427468
10698,6,Concept Review,Concept Review,3.7924843834338073,3.7924843834338073,50.99374501965097,50.99374501965097,596.6510075650334,596.6510075650334
10061,6,Application Exercise,Application Exercise,3.812827432634526,3.812827432634526,37.98719971133779,37.98719971133779,440.3930089808257,440.3930089808257
10885,6,Application Exercise,Application Exercise,4.308299712206526,4.308299712206526,36.991061329005234,36.991061329005234,430.1025018904719,430.1025018904719
10596,6,Practice Questions,Practice Questions,5.955802631676806,5.955802631676806,121.73064998884226,121.73064998884226,1456.076688920911,1456.076688920911
10768,6,Application Exercise,Application Exercise,5.506175166781489,5.506175166781489,85.78070292328883,85.78070292328883,1002.273009990773,1002.273009990773
10650,6,Application Exercise,Application Exercise,3.557643175325231,3.557643175325231,23.629865970510185,23.629865970510185,273.44445925786465,273.44445925786465
10651,6,Application Exercise,Application Exercise,4.095487664634205,4.095487664634205,49.20728429057997,49.20728429057997,586.853447984699,586.853447984699
10866,6,Application Exercise,Application Exercise,6.474174742278681,6.474174742278681,146.65948043683898,146.65948043683898,1743.6182674157521,1743.6182674157521
10669,6,Concept Review,Concept Review,5.712727729461025,5.712727729461025,89.924047189446,89.924047189446,1057.9713710034503,1057.9713710034503
10299,6,Application Exercise,Application Exercise,3.3621325060928102,3.3621325060928102,36.946474109453895,36.946474109453895,426.86319449903147,426.86319449903147
10690,6,Concept Review,Concept Review,5.096966041346187,5.096966041346187,90.27746252432367,90.27746252432367,1070.8339250488953,1070.8339250488953
10315,6,Application Exercise,Application Exercise,1.6727431933114794,1.6727431933114794,5.6906723436456526,5.6906723436456526,64.00183441987323,64.00183441987323
10311,6,Application Exercise,Application Exercise,4.503247268540319,4.503247268540319,56.17350642777194,56.17350642777194,653.7770114723639,653.7770114723639
10362,6,Concept Review,Concept Review,2.9410040652220912,2.9410040652220912,17.54897125718022,17.54897125718022,205.26731704301622,205.26731704301622
10480,6,Advanced Practice,Advanced Practice,6.179363441479541,6.179363441479541,145.32009005327438,145.32009005327438,1727.3573143077695,1727.3573143077695
10111,6,Application Exercise,Application Exercise,3.5203241433984984,3.5203241433984984,29.84530808773247,29.84530808773247,345.2691980446334,345.2691980446334
10990,6,Application Exercise,Application Exercise,4.656474118649211,4.656474118649211,58.336307758437314,58.336307758437314,679.42943494785,679.42943494785
10487,6,Application Exercise,Application Exercise,4.227446067987541,4.227446067987541,48.16752049865005,48.16752049865005,559.8123589857361,559.8123589857361
10364,6,Application Exercise,Application Exercise,4.495923340928937,4.495923340928937,37.26670857295996,37.26670857295996,433.7144881308234,433.7144881308234
10255,6,Advanced Practice,Advanced Practice,1.7108681661671339,1.7108681661671339,13.39609774108866,13.39609774108866,165.11702407235276,165.11702407235276
10260,6,Concept Review,Concept Review,5.4246151784082794,5.4246151784082794,101.64643921301436,101.64643921301436,1195.118358413985,1195.118358413985
10803,6,Application Exercise,Application Exercise,5.986132616867071,5.986132616867071,118.4715506204162,118.4715506204162,1408.4951018205036,1408.4951018205036
10678,6,Concept Review,Advanced Practice,2.704578488529024,2.6478884714988524,30.450849202348287,29.812576300605585,362.6061533688318,361.1073799134929
10495,6,Application Exercise,Application Exercise,2.5802058148991134,2.5802058148991134,13.30612138743473,13.30612138743473,152.3808409146385,152.3808409146385
10671,6,Concept Review,Concept Review,3.4266078708548418,3.3650812972065234,45.33402213140956,44.520025562042306,521.65796525016,519.8714714783011
10378,6,Advanced Practice,Advanced Practice,5.2264369076408705,5.2264369076408705,85.93830207233884,85.93830207233884,1022.3451708077548,1022.3451708077548
10527,6,Concept Review,Concept Review,5.05418059090466,5.05418059090466,94.5687730364171,94.5687730364171,1110.6457074114899,1110.6457074114899
10846,6,Concept Review,Concept Review,4.212623339157127,4.212623339157127,60.28263998333849,60.28263998333849,706.5022865429737,706.5022865429737
10138,6,Application Exercise,Application Exercise,5.293474580619826,5.293474580619826,50.45210622788756,50.45210622788756,589.073947434757,589.073947434757
10356,6,Application Exercise,Application Exercise,4.8235402164518035,4.8235402164518035,62.12237444768279,62.12237444768279,724.0458331242321,724.0458331242321
10366,6,Concept Review,Concept Review,6.040362183591645,6.040362183591645,119.05553863859133,119.05553863859133,1401.4009663906252,1401.4009663906252
10943,6,Application Exercise,Application Exercise,3.248846687632869,3.248846687632869,34.2980744813402,34.2980744813402,395.86371545529715,395.86371545529715
10750,6,Application Exercise,Application Exercise,5.756135550282911,5.756135550282911,93.71564289415608,93.71564289415608,1114.174865519411,1114.174865519411
10949,6,Advanced Practice,Advanced Practice,5.044269314756659,5.044269314756659,87.02877848749664,87.02877848749664,1033.4350193423104,1033.4350193423104
10830,6,Application Exercise,Application Exercise,4.88222316237114,4.88222316237114,78.5647351288764,78.5647351288764,936.5030772465688,936.5030772465688
10657,6,Application Exercise,Application Exercise,4.512206896854045,4.512206896854045,65.30065821127175,65.30065821127175,778.5607253869036,778.5607253869036
10200,6,Concept Review,Concept Review,4.364209832154882,4.364209832154882,56.08882476285454,56.08882476285454,657.6808444906047,657.6808444906047
10214,6,Application Exercise,Application Exercise,5.5622533336583055,5.5622533336583055,99.41971608580856,99.41971608580856,1161.838269608804,1161.838269608804
10409,6,Application Exercise,Application Exercise,3.142890377113706,3.142890377113706,26.390850496623795,26.390850496623795,315.03928788221833,315.03928788221833
10333,6,Application Exercise,Application Exercise,6.137716177412681,6.137716177412681,92.80226860247974,92.80226860247974,1092.0332094161377,1092.0332094161377
10209,6,Application Exercise,Application Exercise,4.565403984705096,4.565403984705096,61.75621970110584,61.75621970110584,718.9620852236134,718.9620852236134
10614,6,Practice Questions,Practice Questions,3.163414296369578,3.163414296369578,30.235913844700427,30.235913844700427,363.602752991567,363.602752991567
10079,6,Application Exercise,Application Exercise,4.37852336498671,4.37852336498671,39.48552370545015,39.48552370545015,459.2718380532552,459.2718380532552
10522,7,Application Exercise,Application Exercise,1.702731579533384,1.702731579533384,0.0,0.0,0.0,0.0
10738,7,Concept Review,Concept Review,5.939846939624982,5.939846939624982,93.03582261534608,93.03582261534608,1391.00107218298,1391.00107218298
10741,7,Application Exercise,Application Exercise,2.3176812957254214,2.3176812957254214,4.957520291556676,4.957520291556676,70.81500040200214,70.81500040200214
10661,7,Application Exercise,Application Exercise,3.1972969060395697,3.1972969060395697,19.34044898463336,19.34044898463336,278.8124509119744,278.8124509119744
10412,7,Concept Review,Concept Review,3.2152313795939267,3.2152313795939267,26.104463570923087,26.104463570923087,381.56904276172946,381.56904276172946
10679,7,Application Exercise,Application Exercise,2.516939481756013,2.516939481756013,14.182953979695135,14.182953979695135,202.38970621839226,202.38970621839226
10627,7,Practice Questions,Practice Questions,4.914186658149514,4.914186658149514,61.37327717362928,61.37327717362928,917.8545971254586,917.8545971254586
10514,7,Concept Review,Concept Review,3.2058709088122423,3.2275137836354135,18.50749275657308,18.632437072927242,272.2246419469255,272.3744771443998
10860,7,Concept Review,Concept Review,6.309095579519443,6.309095579519443,117.39334144811829,117.39334144811829,1755.796063397943,1755.796063397943
10137,7,Application Exercise,Application Exercise,3.476273967108508,3.476273967108508,25.505422096675122,25.505422096675122,370.11730246687716,370.11730246687716
10812,7,Application Exercise,Application Exercise,5.596618726305329,5.596618726305329,69.76744904212224,69.76744904212224,1021.9356307688272,1021.9356307688272
10077,7,Application Exercise,Application Exercise,3.8402883437646227,3.8402883437646227,39.746984357963846,39.746984357963846,576.5905989339388,576.5905989339388
10637,7,Application Exercise,Application Exercise,3.2449380944750565,3.2449380944750565,17.76279112915646,17.76279112915646,256.2098456041145,256.2098456041145
10974,7,Advanced Practice,Advanced Practice,4.738618990984228,4.738618990984228,55.584000764245,55.584000764245,846.6894555664504,846.6894555664504
10939,7,Application Exercise,Application Exercise,6.155039715184799,6.155039715184799,108.29792378867654,108.29792378867654,1619.7602514480316,1619.7602514480316
10900,7,Application Exercise,Application Exercise,7.228899569950249,7.228899569950249,146.14666260568418,146.14666260568418,2188.8209064333155,2188.8209064333155
10281,7,Concept Review,Concept Review,4.1882747302074455,4.1882747302074455,43.15598282005752,43.15598282005752,634.2152521960815,634.2152521960815
10884,7,Application Exercise,Application Exercise,5.854740287096195,5.854740287096195,95.60790888828087,95.60790888828087,1432.3649198816124,1432.3649198816124
10762,7,Application Exercise,Application Exercise,2.9753046187585035,2.9753046187585035,22.035106006525478,22.035106006525478,316.77008909680734,316.77008909680734
10320,7,Application Exercise,Application Exercise,5.943990852411893,5.943990852411893,117.02529190228536,117.02529190228536,1748.8443955244031,1748.8443955244031
10550,7,Advanced Practice,Advanced Practice,2.473474349621026,2.473474349621026,15.64472526135299,15.64472526135299,241.5685056524752,241.5685056524752
10175,7,Application Exercise,Application Exercise,6.196840226073796,6.196840226073796,60.71664053507106,60.71664053507106,891.8977221151632,891.8977221151632
10372,7,Application Exercise,Application Exercise,2.6884249948439285,2.6884249948439285,7.358219210887833,7.358219210887833,105.32350255555741,105.32350255555741
10528,7,Application Exercise,Application Exercise,4.980707042908904,4.980707042908904,74.1179015055274,74.1179015055274,1082.829859053941,1082.829859053941
10211,7,Practice Questions,Practice Questions,3.9814494446384376,3.9814494446384376,56.22602905718402,56.22602905718402,850.3021110613902,850.3021110613902
10236,7,Concept Review,Application Exercise,3.194082145745101,3.1630586679981176,23.802300150092492,23.571113193921974,339.8951074463749,339.66392049020436
10102,7,Application Exercise,Application Exercise,5.421386720716917,5.421386720716917,67.20893117672762,67.20893117672762,983.7883429396378,983.7883429396378
10987,7,Application Exercise,Application Exercise,6.818973350642645,6.818973350642645,124.84176410356555,124.84176410356555,1872.8264444420379,1872.8264444420379
10903,7,Application Exercise,Application Exercise,2.7097818714752133,2.7097818714752133,17.700295184476094,17.700295184476094,253.44677323263306,253.44677323263306
10948,7,Practice Questions,Practice Questions,3.0983512146576797,3.0983512146576797,25.084251433868577,25.084251433868577,380.53701568706293,380.53701568706293
10347,7,Concept Review,Concept Review,4.884404901958247,4.884404901958247,59.87791969310614,59.87791969310614,882.6911321586654,882.6911321586654
10140,7,Application Exercise,Application Exercise,4.788457442930602,4.788457442930602,45.155153686835575,45.155153686835575,659.0678709972917,659.0678709972917
10622,7,Application Exercise,Application Exercise,3.6464852852711123,3.6464852852711123,33.04444965512682,33.04444965512682,478.5698108417389,478.5698108417389
10500,7,Application Exercise,Application Exercise,4.5898056669506415,4.5898056669506415,46.87109547089995,46.87109547089995,702.6343124818005,702.6343124818005
10371,7,Application Exercise,Application Exercise,4.782298261702014,4.782298261702014,56.536330049841204,56.536330049841204,833.252460236903,833.252460236903
10199,7,Application Exercise,Application Exercise,4.3668622816415965,4.3668622816415965,48.913224416667525,48.913224416667525,712.2150379553831,712.2150379553831
10688,7,Advanced Practice,Advanced Practice,5.633019105318889,5.633019105318889,90.69160759563411,90.69160759563411,1356.2547672749674,1356.2547672749674
10585,7,Application Exercise,Application Exercise,6.157665120139811,6.157665120139811,81.86000010713865,81.86000010713865,1218.5046411588783,1218.5046411588783
10902,7,Concept Review,Concept Review,5.196423119509806,5.196423119509806,72.90581636672258,72.90581636672258,1083.1886703517907,1083.1886703517907
10060,7,Application Exercise,Application Exercise,5.690694862828457,5.690694862828457,90.70398541862278,90.70398541862278,1360.099987036142,1360.099987036142
10329,7,Application Exercise,Application Exercise,4.361414320528649,4.361414320528649,46.34438856993743,46.34438856993743,674.7878574739972,674.7878574739972
10097,7,Application Exercise,Application Exercise,6.28876803266588,6.28876803266588,111.66336518801538,111.66336518801538,1639.411059304353,1639.411059304353
10313,7,Concept Review,Application Exercise,5.855649768918104,5.834808501487961,99.39379917761589,99.04003950425665,1453.78294197391,1451.961403733199
10975,7,Application Exercise,Application Exercise,4.931948909246996,4.931948909246996,51.7262801601825,51.7262801601825,755.5207165302185,755.5207165302185
10300,7,Advanced Practice,Advanced Practice,7.486175135919692,7.486175135919692,170.46020784489139,170.46020784489139,2551.058306747094,2551.058306747094
10278,7,Application Exercise,Application Exercise,3.851003914211706,3.851003914211706,28.609108078678762,28.609108078678762,415.0545472538769,415.0545472538769
10925,7,Concept Review,Concept Review,2.8423263358588033,2.8423263358588033,27.195378381497033,27.195378381497033,396.30356372863616,396.30356372863616
10602,7,Practice Questions,Practice Questions,0.7091082040173271,0.7091082040173271,1.500472959700664,1.500472959700664,22.96939857538734,22.96939857538734
10440,7,Concept Review,Concept Review,6.536685678871484,6.536685678871484,119.5232976381651,119.5232976381651,1782.794714001324,1782.794714001324
10838,7,Concept Review,Concept Review,3.875506616230125,3.875506616230125,38.150487130169346,38.150487130169346,559.8525963373618,559.8525963373618
10571,7,Application Exercise,Application Exercise,4.120888092280551,4.120888092280551,35.16353809142995,35.16353809142995,511.17817831457756,511.17817831457756
10880,7,Application Exercise,Application Exercise,5.330607653069176,5.330607653069176,63.0184436745838,63.0184436745838,922.1068942207597,922.1068942207597
10262,7,Application Exercise,Application Exercise,6.04592857762116,6.04592857762116,85.79777244502189,85.79777244502189,1258.7125051161165,1258.7125051161165
10579,7,Concept Review,Concept Review,3.3180640872355927,3.3180640872355927,26.939362324265776,26.939362324265776,394.0562241160722,394.0562241160722
10024,7,Critical Thinking Activity,Critical Thinking Activity,6.9974583849874445,6.9974583849874445,139.69725919788934,139.69725919788934,2090.0950660575786,2090.0950660575786
10031,7,Concept Review,Concept Review,3.95975910126219,3.95975910126219,20.400678889702803,20.400678889702803,303.0118605977957,303.0118605977957
10618,7,Critical Thinking Activity,Critical Thinking Activity,2.940744753924435,2.940744753924435,28.610505710930827,28.610505710930827,430.19539861257596,430.19539861257596
10011,7,Application Exercise,Application Exercise,3.346825500845908,3.346825500845908,23.093095955836763,23.093095955836763,333.46836723341454,333.46836723341454
10222,7,Application Exercise,Application Exercise,5.559232349570159,5.559232349570159,75.95023235982752,75.95023235982752,1112.3417329630795,1112.3417329630795
10821,7,Critical Thinking Activity,Advanced Practice,4.539150910881985,4.520928214395703,62.01387974446968,61.764921265074086,936.9925626877665,936.1626279315495
10297,7,Application Exercise,Application Exercise,5.61359727899602,5.61359727899602,81.59925004748615,81.59925004748615,1196.3893041616752,1196.3893041616752
10055,7,Application Exercise,Application Exercise,4.983858885027217,4.983858885027217,78.63532548795943,78.63532548795943,1148.84468587305,1148.84468587305
10543,7,Concept Review,Concept Review,5.818802292947246,5.818802292947246,94.61954408561517,94.61954408561517,1414.2079875384786,1414.2079875384786
10210,7,Application Exercise,Application Exercise,4.138592743216081,4.138592743216081,37.21836453974221,37.21836453974221,541.116299795308,541.116299795308
10605,7,Advanced Practice,Advanced Practice,4.577542152696758,4.577542152696758,59.90629415234247,59.90629415234247,897.3300094180297,897.3300094180297
10693,7,Application Exercise,Application Exercise,5.2697935660333055,5.2697935660333055,79.5106453243105,79.5106453243105,1163.1288284795153,1163.1288284795153
10663,7,Advanced Practice,Advanced Practice,5.279971238031877,5.279971238031877,83.30738619366694,83.30738619366694,1247.0742080765049,1247.0742080765049
10867,7,Concept Review,Concept Review,5.853124517719666,5.853124517719666,97.87009506079053,97.87009506079053,1448.5456596497902,1448.5456596497902
10071,7,Application Exercise,Application Exercise,6.121848195113753,6.121848195113753,78.84940475306513,78.84940475306513,1170.6328001314955,1170.6328001314955
10544,7,Practice Questions,Practice Questions,2.891220910563891,2.891220910563891,22.6758456015526,22.6758456015526,342.3083952071427,342.3083952071427
10108,7,Application Exercise,Application Exercise,4.971435633054808,4.971435633054808,66.31895134495115,66.31895134495115,978.3835612244698,978.3835612244698
10494,7,Concept Review,Concept Review,5.210462385565198,5.210462385565198,56.20525775309179,56.20525775309179,828.8597597075711,828.8597597075711
10591,7,Application Exercise,Application Exercise,7.568559023873098,7.568559023873098,145.1800991959338,145.1800991959338,2138.240521731301,2138.240521731301
10742,7,Application Exercise,Application Exercise,5.500883291340163,5.500883291340163,81.09952236422801,81.09952236422801,1187.4891036905408,1187.4891036905408
10293,7,Concept Review,Application Exercise,4.53402742869242,4.517220569197611,63.50812219369473,63.27270851275094,927.0307288500017,926.7299726592114
10290,7,Application Exercise,Application Exercise,4.18980554645033,4.18980554645033,34.402493341903664,34.402493341903664,508.8981635486314,508.8981635486314
10653,7,Concept Review,Concept Review,6.620540566961967,6.620540566961967,114.81341451225444,114.81341451225444,1712.601787411846,1712.601787411846
10040,7,Application Exercise,Application Exercise,5.4279791515463325,5.4279791515463325,73.90736412745487,73.90736412745487,1080.8134134976524,1080.8134134976524
10590,7,Advanced Practice,Advanced Practice,4.366104294572429,4.366104294572429,56.83794570674388,56.83794570674388,851.6761400874932,851.6761400874932
10308,7,Application Exercise,Application Exercise,3.851396856489663,3.851396856489663,32.95255150412556,32.95255150412556,478.6985672633129,478.6985672633129
10680,7,Application Exercise,Application Exercise,5.773796089566586,5.773796089566586,78.0848183152985,78.0848183152985,1163.9349331783944,1163.9349331783944
10067,7,Application Exercise,Application Exercise,6.004253392896769,6.004253392896769,104.8162514797989,104.8162514797989,1570.6437981674603,1570.6437981674603
10276,7,Concept Review,Application Exercise,5.985344839924208,6.101210167847455,108.3407269474681,110.43800524820679,1612.8053781754027,1620.4173688516944
10068,7,Application Exercise,Application Exercise,3.771616063516694,3.771616063516694,39.03622625739778,39.03622625739778,565.9601299515595,565.9601299515595
10319,7,Critical Thinking Activity,Critical Thinking Activity,2.777908604894266,2.777908604894266,28.623570264830512,28.623570264830512,431.56541837919525,431.56541837919525
10549,7,Application Exercise,Application Exercise,4.038241565029856,4.038241565029856,29.442819250632684,29.442819250632684,427.7624470104392,427.7624470104392
10999,7,Concept Review,Critical Thinking Activity,5.778667214646296,5.753983674353436,107.65657020886049,107.19671585320451,1608.0823746784547,1607.2689375841608
10715,7,Advanced Practice,Advanced Practice,2.971061454855206,2.971061454855206,26.787090076974543,26.787090076974543,411.44355038760165,411.44355038760165
10754,7,Advanced Practice,Advanced Practice,2.389098352145092,2.389098352145092,21.15546590824479,21.15546590824479,327.02115080775263,327.02115080775263
10328,7,Application Exercise,Application Exercise,2.8157295041383246,2.8157295041383246,16.643777098961635,16.643777098961635,238.71809971970106,238.71809971970106
10383,7,Application Exercise,Application Exercise,6.866466260535688,6.866466260535688,118.92032916621758,118.92032916621758,1782.6855327993694,1782.6855327993694
10452,7,Application Exercise,Application Exercise,6.144463059092951,6.144463059092951,90.58781888020738,90.58781888020738,1328.2601993942458,1328.2601993942458
10523,7,Application Exercise,Application Exercise,4.271297344100236,4.271297344100236,41.26073234400828,41.26073234400828,599.0018230715463,599.0018230715463
10219,7,Practice Questions,Practice Questions,3.406487385511085,3.406487385511085,34.55200155123894,34.55200155123894,518.8005933504738,518.8005933504738
10788,7,Application Exercise,Application Exercise,4.415284345063015,4.415284345063015,59.204547782949966,59.204547782949966,887.6427447646358,887.6427447646358
10437,7,Application Exercise,Application Exercise,4.111503991228139,4.111503991228139,37.16388457671114,37.16388457671114,540.2219755475276,540.2219755475276
10765,7,Advanced Practice,Advanced Practice,2.930843103057672,2.930843103057672,24.806656024280134,24.806656024280134,381.161807344546,381.161807344546
10089,7,Practice Questions,Practice Questions,3.648718666723226,3.648718666723226,30.21139056046831,30.21139056046831,452.27365351916967,452.27365351916967
10064,7,Application Exercise,Application Exercise,6.396095282465893,6.396095282465893,110.7739741970268,110.7739741970268,1660.6821973822546,1660.6821973822546
10827,7,Application Exercise,Application Exercise,6.514500699284316,6.514500699284316,89.75027613404002,89.75027613404002,1330.2550489651235,1330.2550489651235
10717,7,Critical Thinking Activity,Critical Thinking Activity,6.927153389219993,6.927153389219993,159.32452795205984,159.32452795205984,2382.9407658916775,2382.9407658916775
10352,7,Application Exercise,Application Exercise,2.324202601369625,2.324202601369625,9.141088831186735,9.141088831186735,129.92219988425342,129.92219988425342
10937,7,Application Exercise,Application Exercise,6.035797103919181,6.035797103919181,89.40222670325093,89.40222670325093,1311.5494413861707,1311.5494413861707
10257,7,Application Exercise,Application Exercise,4.959885414635986,4.959885414635986,45.97317790826095,45.97317790826095,671.5808952854329,671.5808952854329
10636,7,Concept Review,Application Exercise,4.719541092358024,4.6916737436589,55.36021701335962,55.033333013118906,803.6940509374061,802.8364000159161
10645,7,Advanced Practice,Advanced Practice,1.4741198844719494,1.4741198844719494,3.559999520999758,3.559999520999758,55.473654740065264,55.473654740065264
10555,7,Advanced Practice,Advanced Practice,4.441776805043248,4.441776805043248,45.768068199165626,45.768068199165626,696.6677410948989,696.6677410948989
10960,7,Concept Review,Concept Review,3.5286208021348644,3.551549038306358,37.08933325123956,37.330331941638136,546.4154794494153,546.8578110294203
10169,7,Critical Thinking Activity,Critical Thinking Activity,3.563765823934463,3.563765823934463,38.11447548697908,38.11447548697908,573.64750545929,573.64750545929
10918,7,Application Exercise,Application Exercise,2.3814461366185404,2.3814461366185404,13.364675718703248,13.364675718703248,190.1908563673888,190.1908563673888
10529,7,Application Exercise,Application Exercise,5.771627216903106,5.771627216903106,59.86908912093592,59.86908912093592,877.0817528477623,877.0817528477623
10824,7,Application Exercise,Application Exercise,2.2872084272361755,2.2872084272361755,8.679955981361287,8.679955981361287,123.26373688028958,123.26373688028958
10986,7,Application Exercise,Application Exercise,4.375496517606578,4.375496517606578,28.480106833101217,28.480106833101217,421.27072937685176,421.27072937685176
10817,7,Critical Thinking Activity,Critical Thinking Activity,3.9940098741628103,3.9940098741628103,43.818282329440194,43.818282329440194,655.2837988185541,655.2837988185541
10087,7,Application Exercise,Application Exercise,4.58125500963185,4.58125500963185,51.31463736288635,51.31463736288635,748.1318228901343,748.1318228901343
10433,7,Application Exercise,Application Exercise,6.680339197714536,6.680339197714536,128.91050549829743,128.91050549829743,1894.7052561648854,1894.7052561648854
10185,7,Application Exercise,Application Exercise,5.197085995617776,5.197085995617776,68.49239633624667,68.49239633624667,1023.4751976754605,1023.4751976754605
10979,7,Application Exercise,Application Exercise,3.2252487739565954,3.2252487739565954,21.512409322290495,21.512409322290495,310.224260717823,310.224260717823
10535,7,Concept Review,Application Exercise,5.685740017735423,5.705853234482195,93.89431065288278,94.22646031423898,1381.429037300505,1380.761936898266
10295,7,Concept Review,Concept Review,4.9585440743980636,4.9585440743980636,61.01488483546818,61.01488483546818,909.3011738180054,909.3011738180054
10893,7,Concept Review,Concept Review,4.600201125993516,4.600201125993516,47.71788627993075,47.71788627993075,702.3701380791573,702.3701380791573
10426,7,Advanced Practice,Advanced Practice,2.4755021348940858,2.4755021348940858,14.689629668461507,14.689629668461507,226.81514984705862,226.81514984705862
10714,7,Advanced Practice,Advanced Practice,2.1004777710550377,2.1004777710550377,10.773350487741288,10.773350487741288,167.27678377596214,167.27678377596214
10261,7,Concept Review,Concept Review,3.1268859518118353,3.1268859518118353,24.668003273843567,24.668003273843567,360.33566772217006,360.33566772217006
10238,7,Application Exercise,Application Exercise,3.5598393120441236,3.5598393120441236,17.84903431058924,17.84903431058924,258.29467858565783,258.29467858565783
10560,7,Application Exercise,Application Exercise,2.8175632837767672,2.8175632837767672,14.062458349329846,14.062458349329846,201.7004196523926,201.7004196523926
10584,7,Application Exercise,Application Exercise,4.358197160170166,4.358197160170166,39.293505596094214,39.293505596094214,589.8030808869152,589.8030808869152
10446,7,Concept Review,Application Exercise,4.818367662247035,4.745108475102155,49.20517056686673,48.45704774774321,717.7476357127557,715.0149810472465
10868,7,Concept Review,Application Exercise,6.365987550239689,6.336190564045176,133.82579028113875,133.19939803735772,1961.3091843993188,1959.5961858335568
10801,7,Concept Review,Concept Review,4.0438122285003,4.0438122285003,42.78353337753318,42.78353337753318,628.3434144669094,628.3434144669094
10600,7,Practice Questions,Practice Questions,1.0036510740026898,1.0036510740026898,3.9242756993505172,3.9242756993505172,60.79526173429652,60.79526173429652
10850,7,Practice Questions,Practice Questions,2.5398459174151546,2.5398459174151546,13.961533008031106,13.961533008031106,212.4579135648859,212.4579135648859
10266,7,Application Exercise,Application Exercise,4.786983827779898,4.786983827779898,64.29876677473959,64.29876677473959,949.488252539048,949.488252539048
10996,7,Concept Review,Concept Review,5.244638248826398,5.244638248826398,64.89715369097785,64.89715369097785,958.4097938110369,958.4097938110369
10530,7,Critical Thinking Activity,Critical Thinking Activity,3.4703675091832125,3.4703675091832125,27.457547732657577,27.457547732657577,412.7599635224487,412.7599635224487
10056,7,Critical Thinking Activity,Critical Thinking Activity,6.019062970067916,6.019062970067916,99.53724433601313,99.53724433601313,1488.7972765895588,1488.7972765895588
10121,7,Advanced Practice,Advanced Practice,7.04750970418829,7.04750970418829,144.100430921538,144.100430921538,2155.2412276960463,2155.2412276960463
10216,7,Concept Review,Concept Review,4.113046502412671,4.113046502412671,55.71944096818446,55.71944096818446,818.5807349495716,818.5807349495716
10026,7,Application Exercise,Application Exercise,6.05908013937837,6.05908013937837,106.47015620915673,106.47015620915673,1595.077443218472,1595.077443218472
10073,7,Concept Review,Concept Review,4.726216169899831,4.726216169899831,62.72161479074066,62.72161479074066,932.6913088858996,932.6913088858996
10045,7,Practice Questions,Practice Questions,5.359542936028472,5.359542936028472,80.12516689362565,80.12516689362565,1199.9804021138516,1199.9804021138516
10248,7,Application Exercise,Application Exercise,1.94435403449302,1.94435403449302,4.740335136093983,4.740335136093983,67.17454046483306,67.17454046483306
10722,7,Application Exercise,Application Exercise,5.816965708956367,5.816965708956367,94.45588918203349,94.45588918203349,1384.670355725174,1384.670355725174
10282,7,Application Exercise,Application Exercise,5.414483688025582,5.414483688025582,60.27403241510078,60.27403241510078,882.2524500025758,882.2524500025758
10894,7,Concept Review,Concept Review,2.73696874253646,2.73696874253646,8.561238226654048,8.561238226654048,124.63173080375391,124.63173080375391
10915,7,Application Exercise,Application Exercise,4.772845685208305,4.772845685208305,39.73871317504435,39.73871317504435,589.1878756839509,589.1878756839509
10811,7,Application Exercise,Application Exercise,4.671878677674982,4.671878677674982,48.67630394269564,48.67630394269564,710.0229211740842,710.0229211740842
10245,7,Application Exercise,Application Exercise,4.253902764575873,4.253902764575873,37.7661487439046,37.7661487439046,549.507979894113,549.507979894113
10823,7,Application Exercise,Application Exercise,3.8609424379321813,3.8609424379321813,18.02674024270536,18.02674024270536,261.54874244521915,261.54874244521915
10322,7,Concept Review,Concept Review,5.067423764973289,5.067423764973289,72.2614628885191,72.2614628885191,1076.1937316584174,1076.1937316584174
10644,7,Application Exercise,Application Exercise,7.044270405388454,7.044270405388454,115.68100859728922,115.68100859728922,1734.3093274045548,1734.3093274045548
10159,7,Practice Questions,Practice Questions,3.2415540872221946,3.2415540872221946,32.05896992262751,32.05896992262751,486.04312784564377,486.04312784564377
10978,7,Application Exercise,Application Exercise,4.605420195750696,4.605420195750696,57.72894215373498,57.72894215373498,841.7622005414528,841.7622005414528
10430,7,Application Exercise,Application Exercise,4.7121193587392876,4.7121193587392876,59.283173652298984,59.283173652298984,864.9286042410074,864.9286042410074
10942,7,Concept Review,Application Exercise,4.171821398945123,4.172541892230957,40.77955417468858,40.78659699655761,593.5211120200079,593.1332566678315
10463,7,Application Exercise,Application Exercise,4.691259414374235,4.691259414374235,53.40998843265067,53.40998843265067,779.1530127307375,779.1530127307375
10310,7,Concept Review,Application Exercise,4.55682967063855,4.515240005892562,55.966982014782666,55.45617775237245,820.7212124404326,816.6172015951191
10698,7,Concept Review,Concept Review,3.7974174736713504,3.7974174736713504,43.49561974343165,43.49561974343165,640.1466273084651,640.1466273084651
10061,7,Application Exercise,Application Exercise,3.841818496222863,3.841818496222863,32.60551357744344,32.60551357744344,472.99852255826914,472.99852255826914
10885,7,Application Exercise,Application Exercise,4.337290775794862,4.337290775794862,31.722944734163626,31.722944734163626,461.8254466246355,461.8254466246355
10596,7,Practice Questions,Practice Questions,5.944687934776332,5.944687934776332,103.50296163239074,103.50296163239074,1559.579650553302,1559.579650553302
10768,7,Application Exercise,Application Exercise,5.535166230369827,5.535166230369827,73.45719104323797,73.45719104323797,1075.7302010340109,1075.7302010340109
10650,7,Application Exercise,Application Exercise,3.586634238913568,3.586634238913568,20.29317652377297,20.29317652377297,293.7376357816376,293.7376357816376
10651,7,Application Exercise,Application Exercise,4.091563614275669,4.091563614275669,41.877153592111476,41.877153592111476,628.7306015768104,628.7306015768104
10866,7,Application Exercise,Application Exercise,6.474174742278681,6.474174742278681,124.93215000175172,124.93215000175172,1868.550417417504,1868.550417417504
10669,7,Concept Review,Concept Review,5.717184913499164,5.717184913499164,76.66173250511028,76.66173250511028,1134.6331035085605,1134.6331035085605
10299,7,Application Exercise,Application Exercise,3.391123569681148,3.391123569681148,31.74430773578523,31.74430773578523,458.6075022348167,458.6075022348167
10690,7,Concept Review,Concept Review,5.10054443285841,5.10054443285841,76.95701440296769,76.95701440296769,1147.7909394518629,1147.7909394518629
10315,7,Application Exercise,Application Exercise,1.6933655237833576,1.6933655237833576,4.9073732879241705,4.9073732879241705,68.9092077077974,68.9092077077974
10311,7,Application Exercise,Application Exercise,4.532238332128656,4.532238332128656,48.1595645171991,48.1595645171991,701.936575989563,701.936575989563
10362,7,Concept Review,Concept Review,2.9445824567343144,2.9445824567343144,14.96731262758052,14.96731262758052,220.23462967059675,220.23462967059675
10480,7,Advanced Practice,Advanced Practice,6.179732026749823,6.179732026749823,123.7985716918792,123.7985716918792,1851.1558859996487,1851.1558859996487
10111,7,Application Exercise,Application Exercise,3.5457885876353856,3.5457885876353856,25.607685179902756,25.607685179902756,370.8768832245362,370.8768832245362
10990,7,Application Exercise,Application Exercise,4.685465182237548,4.685465182237548,50.003284424839116,50.003284424839116,729.4327193726891,729.4327193726891
10487,7,Application Exercise,Application Exercise,4.256437131575879,4.256437131575879,41.31297879907549,41.31297879907549,601.1253377848116,601.1253377848116
10364,7,Application Exercise,Application Exercise,4.524914404517274,4.524914404517274,31.950420610296472,31.950420610296472,465.66490874111986,465.66490874111986
10255,7,Advanced Practice,Advanced Practice,1.6916487688474149,1.6916487688474149,11.283297288212259,11.283297288212259,176.40032136056502,176.40032136056502
10260,7,Concept Review,Concept Review,5.442928425753882,5.442928425753882,86.88002353188348,86.88002353188348,1281.9983819458685,1281.9983819458685
10803,7,Application Exercise,Application Exercise,5.986132616867071,5.986132616867071,100.92020978776195,100.92020978776195,1509.4153116082655,1509.4153116082655
10678,7,Concept Review,Advanced Practice,2.7228917358746267,2.6480721052237888,26.115254638773546,25.397659561201362,388.72140800760536,386.50503947469423
10495,7,Application Exercise,Application Exercise,2.6091968784874506,2.6091968784874506,11.462201887195372,11.462201887195372,163.84304280183386,163.84304280183386
10671,7,Concept Review,Concept Review,3.444921118200445,3.3833945445521265,38.824261002119016,38.13085651710247,560.482226252279,558.0023279954037
10378,7,Advanced Practice,Advanced Practice,5.225282767804665,5.225282767804665,73.19053572863994,73.19053572863994,1095.5357065363949,1095.5357065363949
10527,7,Concept Review,Concept Review,5.072969744449667,5.072969744449667,80.85806475678325,80.85806475678325,1191.5037721682731,1191.5037721682731
10846,7,Concept Review,Concept Review,4.23093658650273,4.23093658650273,51.57511698946828,51.57511698946828,758.077403532442,758.077403532442
10138,7,Application Exercise,Application Exercise,5.322465644208163,5.322465644208163,43.21309856532607,43.21309856532607,632.287046000083,632.287046000083
10356,7,Application Exercise,Application Exercise,4.852531280040141,4.852531280040141,53.2371206733204,53.2371206733204,777.2829537975525,777.2829537975525
10366,7,Concept Review,Concept Review,6.058675430937248,6.058675430937248,101.72516048543639,101.72516048543639,1503.1261268760616,1503.1261268760616
10943,7,Application Exercise,Application Exercise,3.2778377512212065,3.2778377512212065,29.47759489673231,29.47759489673231,425.34131035202944,425.34131035202944
10750,7,Application Exercise,Application Exercise,5.756135550282911,5.756135550282911,79.83184394687369,79.83184394687369,1194.0067094662847,1194.0067094662847
10949,7,Advanced Practice,Advanced Practice,5.044269314756659,5.044269314756659,74.13562611897862,74.13562611897862,1107.5706454612891,1107.5706454612891
10830,7,Application Exercise,Application Exercise,4.878299112012604,4.878299112012604,66.87172422746877,66.87172422746877,1003.3748014740376,1003.3748014740376
10657,7,Application Exercise,Application Exercise,4.50828284649551,4.50828284649551,55.57811093159665,55.57811093159665,834.1388363185002,834.1388363185002
10200,7,Concept Review,Concept Review,4.382523079500485,4.382523079500485,47.97986267437132,47.97986267437132,705.6607071649761,705.6607071649761
10214,7,Application Exercise,Application Exercise,5.579488999408474,5.579488999408474,84.95329950499342,84.95329950499342,1246.7915691137973,1246.7915691137973
10409,7,Application Exercise,Application Exercise,3.1389663267551704,3.1389663267551704,22.453026135279735,22.453026135279735,337.4923140174981,337.4923140174981
10333,7,Application Exercise,Application Exercise,6.133792127054146,6.133792127054146,79.0032425964574,79.0032425964574,1171.036452012595,1171.036452012595
10209,7,Application Exercise,Application Exercise,4.594395048293434,4.594395048293434,52.94121414148524,52.94121414148524,771.9032993650986,771.9032993650986
10614,7,Practice Questions,Practice Questions,3.152299599469104,3.152299599469104,25.66602333887744,25.66602333887744,389.26877633044444,389.26877633044444
10079,7,Application Exercise,Application Exercise,4.407514428575047,4.407514428575047,33.85852584031351,33.85852584031351,493.1303638935687,493.1303638935687
10522,8,Application Exercise,Application Exercise,1.702731579533384,1.702731579533384,0.0,0.0,0.0,0.0
10738,8,Concept Review,Concept Review,5.940373079779414,5.940373079779414,80.90788134659562,80.90788134659562,1471.9089535295757,1471.9089535295757
10741,8,Application Exercise,Application Exercise,2.3356467689770453,2.3356467689770453,4.3443029902973045,4.3443029902973045,75.15930339229945,75.15930339229945
10661,8,Application Exercise,Application Exercise,3.226287969627907,3.226287969627907,16.97027472024279,16.97027472024279,295.7827256322172,295.7827256322172
10412,8,Concept Review,Concept Review,3.23354462693953,3.23354462693953,22.82882506619308,22.82882506619308,404.39786782792254,404.39786782792254
10679,8,Application Exercise,Application Exercise,2.5459305453443504,2.5459305453443504,12.475059672187317,12.475059672187317,214.86476589057958,214.86476589057958
10627,8,Practice Questions,Practice Questions,4.914288957587631,4.914288957587631,53.36917807940168,53.36917807940168,971.2237752048602,971.2237752048602
10514,8,Concept Review,Concept Review,3.2241841561578455,3.245827030981017,16.185404463912388,16.294051695524708,288.4100464108379,288.6685288399245
10860,8,Concept Review,Concept Review,6.309095579519443,6.309095579519443,102.0811664766246,102.0811664766246,1857.8772298745678,1857.8772298745678
10137,8,Application Exercise,Application Exercise,3.472349916749972,3.472349916749972,22.15359246886482,22.15359246886482,392.270894935742,392.270894935742
10812,8,Application Exercise,Application Exercise,5.625609789893666,5.625609789893666,60.98161012244734,60.98161012244734,1082.9172408912746,1082.9172408912746
10077,8,Application Exercise,Application Exercise,3.86927940735296,3.86927940735296,34.82351466617664,34.82351466617664,611.4141136001156,611.4141136001156
10637,8,Application Exercise,Application Exercise,3.273929158063394,3.273929158063394,15.583902792381757,15.583902792381757,271.79374839649626,271.79374839649626
10974,8,Advanced Practice,Advanced Practice,4.7166711644540324,4.7166711644540324,48.11004587743113,48.11004587743113,894.7995014438816,894.7995014438816
10939,8,Application Exercise,Application Exercise,6.155039715184799,6.155039715184799,94.17210764232743,94.17210764232743,1713.9323590903591,1713.9323590903591
10900,8,Application Exercise,Application Exercise,7.226430772463847,7.226430772463847,127.04065297991446,127.04065297991446,2315.86155941323,2315.86155941323
10281,8,Concept Review,Concept Review,4.206587977553048,4.206587977553048,37.69102827887531,37.69102827887531,671.9062804749567,671.9062804749567
10884,8,Application Exercise,Application Exercise,5.8522714896097945,5.8522714896097945,83.10225515245908,83.10225515245908,1515.4671750340715,1515.4671750340715
10762,8,Application Exercise,Application Exercise,3.0042956823468403,3.0042956823468403,19.347664194313655,19.347664194313655,336.11775329112095,336.11775329112095
10320,8,Application Exercise,Application Exercise,5.945223773705625,5.945223773705625,101.7822310058403,101.7822310058403,1850.6266265302434,1850.6266265302434
10550,8,Advanced Practice,Advanced Practice,2.4533753318414986,2.4533753318414986,13.493564325128242,13.493564325128242,255.06206997760347,255.06206997760347
10175,8,Application Exercise,Application Exercise,6.224598368368402,6.224598368368402,53.03357809849879,53.03357809849879,944.931300213662,944.931300213662
10372,8,Application Exercise,Application Exercise,2.7150903199739007,2.7150903199739007,6.461914961537885,6.461914961537885,111.7854175170953,111.7854175170953
10528,8,Application Exercise,Application Exercise,5.0096981064972415,5.0096981064972415,64.82549349807431,64.82549349807431,1147.6553525520153,1147.6553525520153
10211,8,Practice Questions,Practice Questions,3.9703347477379634,3.9703347477379634,48.75571070222219,48.75571070222219,899.0578217636124,899.0578217636124
10236,8,Concept Review,Application Exercise,3.2123953930907043,3.192049731586455,20.816322147227766,20.684482260680227,360.71142959360265,360.3484027508846
10102,8,Application Exercise,Application Exercise,5.450377784305254,5.450377784305254,58.75507251481064,58.75507251481064,1042.5434154544484,1042.5434154544484
10987,8,Application Exercise,Application Exercise,6.813816378990378,6.813816378990378,108.47595675352682,108.47595675352682,1981.3024011955647,1981.3024011955647
10903,8,Application Exercise,Application Exercise,2.738772935063551,2.738772935063551,15.55623027116097,15.55623027116097,269.00300350379405,269.00300350379405
10948,8,Practice Questions,Practice Questions,3.0872365177572054,3.0872365177572054,21.73414508501073,21.73414508501073,402.27116077207364,402.27116077207364
10347,8,Concept Review,Concept Review,4.888862085996386,4.888862085996386,52.115269836721474,52.115269836721474,934.8064019953868,934.8064019953868
10140,8,Application Exercise,Application Exercise,4.80216648932932,4.80216648932932,39.37776521250043,39.37776521250043,698.4456362097922,698.4456362097922
10622,8,Application Exercise,Application Exercise,3.6754763488594495,3.6754763488594495,28.962753629012465,28.962753629012465,507.53256447075137,507.53256447075137
10500,8,Application Exercise,Application Exercise,4.585881616592106,4.585881616592106,40.7226287553379,40.7226287553379,743.3569412371385,743.3569412371385
10371,8,Application Exercise,Application Exercise,4.778374211343477,4.778374211343477,49.121686892610946,49.121686892610946,882.374147129514,882.374147129514
10199,8,Application Exercise,Application Exercise,4.395853345229933,4.395853345229933,42.81561158253956,42.81561158253956,755.0306495379226,755.0306495379226
10688,8,Advanced Practice,Advanced Practice,5.633202739043826,5.633202739043826,78.86483834661357,78.86483834661357,1435.119605621581,1435.119605621581
10585,8,Application Exercise,Application Exercise,6.153741069781274,6.153741069781274,71.13724676667152,71.13724676667152,1289.6418879255498,1289.6418879255498
10902,8,Concept Review,Concept Review,5.201356209747349,5.201356209747349,63.45654575891766,63.45654575891766,1146.6452161107086,1146.6452161107086
10060,8,Application Exercise,Application Exercise,5.686770812469922,5.686770812469922,78.81864346083312,78.81864346083312,1438.918630496975,1438.918630496975
10329,8,Application Exercise,Application Exercise,4.3904053841169866,4.3904053841169866,40.56734574924096,40.56734574924096,715.3552032232382,715.3552032232382
10097,8,Application Exercise,Application Exercise,6.317759096254218,6.317759096254218,97.54620044616513,97.54620044616513,1736.9572597505182,1736.9572597505182
10313,8,Concept Review,Application Exercise,5.873963016263707,5.863799565076299,86.69969412005231,86.54968158052617,1540.4826360939624,1538.511085313725
10975,8,Application Exercise,Application Exercise,4.960939972835334,4.960939972835334,45.24377255225825,45.24377255225825,800.7644890824766,800.7644890824766
10300,8,Advanced Practice,Advanced Practice,7.485020996083486,7.485020996083486,148.20341572245303,148.20341572245303,2699.261722469547,2699.261722469547
10278,8,Application Exercise,Application Exercise,3.8799949778000435,3.8799949778000435,25.06476755658828,25.06476755658828,440.11931481046514,440.11931481046514
10925,8,Concept Review,Concept Review,2.8571755673775403,2.8571755673775403,23.771700720581137,23.771700720581137,420.07526444921734,420.07526444921734
10602,8,Practice Questions,Practice Questions,0.7070235412480241,0.7070235412480241,1.3009233158963642,1.3009233158963642,24.270321891283707,24.270321891283707
10440,8,Concept Review,Concept Review,6.541142862909622,6.541142862909622,104.00417152026299,104.00417152026299,1886.7988855215872,1886.7988855215872
10838,8,Concept Review,Concept Review,3.893819863575728,3.893819863575728,33.33109803220823,33.33109803220823,593.18369436957,593.18369436957
10571,8,Application Exercise,Application Exercise,4.149879155868888,4.149879155868888,30.79210333654715,30.79210333654715,541.9702816511248,541.9702816511248
10880,8,Application Exercise,Application Exercise,5.359598716657514,5.359598716657514,55.096674807239246,55.096674807239246,977.203569027999,977.203569027999
10262,8,Application Exercise,Application Exercise,6.0749196412094975,6.0749196412094975,74.9645083725252,74.9645083725252,1333.6770134886417,1333.6770134886417
10579,8,Concept Review,Concept Review,3.336649280980855,3.336649280980855,23.556743923724838,23.556743923724838,417.612968039797,417.612968039797
10024,8,Critical Thinking Activity,Critical Thinking Activity,6.997565228297947,6.997565228297947,121.47773236325236,121.47773236325236,2211.572798420831,2211.572798420831
10031,8,Concept Review,Concept Review,3.964692191499733,3.964692191499733,17.761821017918802,17.761821017918802,320.7736816157145,320.7736816157145
10618,8,Critical Thinking Activity,Critical Thinking Activity,2.9388072128978457,2.9388072128978457,24.862309021115777,24.862309021115777,455.05770763369173,455.05770763369173
10011,8,Application Exercise,Application Exercise,3.3758165644342455,3.3758165644342455,20.254899386605473,20.254899386605473,353.72326662002,353.72326662002
10222,8,Application Exercise,Application Exercise,5.588223413158497,5.588223413158497,66.38809414832295,66.38809414832295,1178.7298271114023,1178.7298271114023
10821,8,Critical Thinking Activity,Advanced Practice,4.533523554250795,4.521111848120639,53.85825982449944,53.71080875567319,990.850822512266,989.8734366872227
10297,8,Application Exercise,Application Exercise,5.634302182587724,5.634302182587724,71.21757958790884,71.21757958790884,1267.606883749584,1267.606883749584
10055,8,Application Exercise,Application Exercise,5.012849948615554,5.012849948615554,68.7763012950054,68.7763012950054,1217.6209871680553,1217.6209871680553
10543,8,Concept Review,Concept Review,5.819804339301083,5.819804339301083,82.29203335771732,82.29203335771732,1496.500020896196,1496.500020896196
10210,8,Application Exercise,Application Exercise,4.167583806804418,4.167583806804418,32.590505369210554,32.590505369210554,573.7068051645185,573.7068051645185
10605,8,Advanced Practice,Advanced Practice,4.575876977671026,4.575876977671026,52.07348000589627,52.07348000589627,949.403489423926,949.403489423926
10693,8,Application Exercise,Application Exercise,5.298784629621643,5.298784629621643,69.52005434063595,69.52005434063595,1232.6488828201514,1232.6488828201514
10663,8,Advanced Practice,Advanced Practice,5.27881709819567,5.27881709819567,72.4253705872446,72.4253705872446,1319.4995786637496,1319.4995786637496
10867,8,Concept Review,Concept Review,5.857581701757805,5.857581701757805,85.1692379435585,85.1692379435585,1533.7148975933487,1533.7148975933487
10071,8,Application Exercise,Application Exercise,6.117924144755217,6.117924144755217,68.52075042125844,68.52075042125844,1239.153550552754,1239.153550552754
10544,8,Practice Questions,Practice Questions,2.8909419140134194,2.8909419140134194,19.71622385357152,19.71622385357152,362.02461906071426,362.02461906071426
10108,8,Application Exercise,Application Exercise,4.967511582696272,4.967511582696272,57.623134359276754,57.623134359276754,1036.0066955837465,1036.0066955837465
10494,8,Concept Review,Concept Review,5.226301335891611,5.226301335891611,49.022706530663314,49.022706530663314,877.8824662382344,877.8824662382344
10591,8,Application Exercise,Application Exercise,7.5975500874614355,7.5975500874614355,126.72713545885675,126.72713545885675,2264.967657190158,2264.967657190158
10742,8,Application Exercise,Application Exercise,5.5298743549285,5.5298743549285,70.89298923018337,70.89298923018337,1258.382092920724,1258.382092920724
10293,8,Application Exercise,Application Exercise,4.554034721125034,4.513296518839074,55.46814290330292,54.97195159945992,982.4988717533046,981.7019242586714
10290,8,Application Exercise,Application Exercise,4.1858814960917945,4.1858814960917945,29.887193882095417,29.887193882095417,538.7853574307268,538.7853574307268
10653,8,Concept Review,Concept Review,6.624997751000107,6.624997751000107,99.90496608508163,99.90496608508163,1812.5067534969276,1812.5067534969276
10040,8,Application Exercise,Application Exercise,5.458268352509892,5.458268352509892,64.62589729371713,64.62589729371713,1145.4393107913695,1145.4393107913695
10590,8,Advanced Practice,Advanced Practice,4.364070534276415,4.364070534276415,49.40127844800902,49.40127844800902,901.0774185355021,901.0774185355021
10308,8,Application Exercise,Application Exercise,3.879154998784269,3.879154998784269,28.86091319095496,28.86091319095496,507.5594804542679,507.5594804542679
10680,8,Application Exercise,Application Exercise,5.7706138319938916,5.7706138319938916,67.86241866424817,67.86241866424817,1231.7973518426427,1231.7973518426427
10067,8,Application Exercise,Application Exercise,5.9990964212445,5.9990964212445,91.06628367449153,91.06628367449153,1661.710081841952,1661.710081841952
10276,8,Concept Review,Application Exercise,5.990277930161751,6.130266447517282,94.28697462074598,96.49039388392202,1707.0923527961486,1716.9077627356164
10068,8,Application Exercise,Application Exercise,3.800607127105031,3.800607127105031,34.20546414394528,34.20546414394528,600.1655940955047,600.1655940955047
10319,8,Critical Thinking Activity,Critical Thinking Activity,2.7722812482630754,2.7722812482630754,24.839639984437156,24.839639984437156,456.4050583636324,456.4050583636324
10549,8,Application Exercise,Application Exercise,4.067232628618194,4.067232628618194,25.78625486543935,25.78625486543935,453.5487018758785,453.5487018758785
10999,8,Concept Review,Critical Thinking Activity,5.783600304883839,5.750400702059338,93.69432493911819,93.15649137336128,1701.7766996175728,1700.425428957522
10715,8,Concept Review,Advanced Practice,2.958743132549511,2.9509624370756793,23.19654615918817,23.135545506673328,434.64009654678983,434.579095894275
10754,8,Advanced Practice,Advanced Practice,2.368999334365565,2.368999334365565,18.24129487461485,18.24129487461485,345.26244568236746,345.26244568236746
10328,8,Application Exercise,Application Exercise,2.844720567726662,2.844720567726662,14.621863718115044,14.621863718115044,253.3399634378161,253.3399634378161
10383,8,Application Exercise,Application Exercise,6.862542210177152,6.862542210177152,103.3498856852679,103.3498856852679,1886.0354184846374,1886.0354184846374
10452,8,Application Exercise,Application Exercise,6.1747522600565095,6.1747522600565095,79.16032397392445,79.16032397392445,1407.4205233681703,1407.4205233681703
10523,8,Application Exercise,Application Exercise,4.302757205174974,4.302757205174974,36.14316052346978,36.14316052346978,635.144983595016,635.144983595016
10219,8,Practice Questions,Practice Questions,3.407150634491897,3.407150634491897,30.051068596218535,30.051068596218535,548.8516619466923,548.8516619466923
10788,8,Application Exercise,Application Exercise,4.412596170897149,4.412596170897149,51.450871352660755,51.450871352660755,939.0936161172966,939.0936161172966
10437,8,Application Exercise,Application Exercise,4.140495054816476,4.140495054816476,32.5442911308575,32.5442911308575,572.766266678385,572.766266678385
10765,8,Advanced Practice,Advanced Practice,2.9107440852781448,2.9107440852781448,21.423076467647146,21.423076467647146,402.58488381219314,402.58488381219314
10089,8,Practice Questions,Practice Questions,3.6484396701727544,3.6484396701727544,26.268765625243834,26.268765625243834,478.5424191444135,478.5424191444135
10064,8,Application Exercise,Application Exercise,6.392328347604272,6.392328347604272,96.26846491492033,96.26846491492033,1756.950662297175,1756.950662297175
10827,8,Application Exercise,Application Exercise,6.510576648925781,6.510576648925781,77.99670825413085,77.99670825413085,1408.2517572192544,1408.2517572192544
10717,8,Critical Thinking Activity,Critical Thinking Activity,6.927153389219993,6.927153389219993,138.54306778439988,138.54306778439988,2521.4838336760777,2521.4838336760777
10352,8,Application Exercise,Application Exercise,2.3531936649579617,2.3531936649579617,8.04792233415623,8.04792233415623,137.97012221840964,137.97012221840964
10937,8,Application Exercise,Application Exercise,6.064788167507519,6.064788167507519,78.11447159749686,78.11447159749686,1389.6639129836676,1389.6639129836676
10257,8,Application Exercise,Application Exercise,4.988876478224324,4.988876478224324,40.21034441448805,40.21034441448805,711.791239699921,711.791239699921
10636,8,Concept Review,Application Exercise,4.7378543397036275,4.720664807247237,48.32611426497701,48.150781033921824,852.0201652023832,850.9871810498379
10645,8,Advanced Practice,Advanced Practice,1.4651758227634892,1.4651758227634892,3.0768692278033276,3.0768692278033276,58.55052396786859,58.55052396786859
10555,8,Advanced Practice,Advanced Practice,4.441960438768183,4.441960438768183,39.799965531362915,39.799965531362915,736.4677066262618,736.4677066262618
10960,8,Advanced Practice,Concept Review,3.559235920350937,3.5698622856519613,32.531416312007565,32.628541290858934,578.946895761423,579.4863523202793
10169,8,Critical Thinking Activity,Critical Thinking Activity,3.5593320591761892,3.5593320591761892,33.10178815033856,33.10178815033856,606.7492936096286,606.7492936096286
10918,8,Application Exercise,Application Exercise,2.4104372002068777,2.4104372002068777,11.762933537009562,11.762933537009562,201.95378990439835,201.95378990439835
10529,8,Application Exercise,Application Exercise,5.801916417866664,5.801916417866664,52.33328608915731,52.33328608915731,929.4150389369196,929.4150389369196
10824,8,Application Exercise,Application Exercise,2.3161994908245127,2.3161994908245127,7.643458319720892,7.643458319720892,130.90719520001048,130.90719520001048
10986,8,Application Exercise,Application Exercise,4.37033954595431,4.37033954595431,24.736121830101396,24.736121830101396,446.0068512069532,446.0068512069532
10817,8,Critical Thinking Activity,Critical Thinking Activity,3.9941402988066734,3.9941402988066734,38.10409845061567,38.10409845061567,693.3878972691698,693.3878972691698
10087,8,Application Exercise,Application Exercise,4.610246073220187,4.610246073220187,44.90379675316463,44.90379675316463,793.0356196432989,793.0356196432989
10433,8,Application Exercise,Application Exercise,6.709330261302874,6.709330261302874,112.58256178466225,112.58256178466225,2007.2878179495476,2007.2878179495476
10185,8,Application Exercise,Application Exercise,5.1943978214519095,5.1943978214519095,59.52779903383888,59.52779903383888,1083.0029967092994,1083.0029967092994
10979,8,Application Exercise,Application Exercise,3.254239837544933,3.254239837544933,18.87459105776061,18.87459105776061,329.09885177558357,329.09885177558357
10535,8,Concept Review,Application Exercise,5.704053265081026,5.7348442980705325,81.91020488656352,82.35236412029285,1463.3392421870683,1463.1143010185588
10295,8,Concept Review,Concept Review,4.963001258436202,4.963001258436202,53.104113465267375,53.104113465267375,962.4052872832727,962.4052872832727
10893,8,Concept Review,Concept Review,4.61851437333912,4.61851437333912,41.65899964751887,41.65899964751887,744.0291377266761,744.0291377266761
10426,8,Advanced Practice,Advanced Practice,2.4554031171145585,2.4554031171145585,12.669880084311123,12.669880084311123,239.48502993136972,239.48502993136972
10714,8,Advanced Practice,Advanced Practice,2.08037875327551,2.08037875327551,9.278489239608776,9.278489239608776,176.55527301557092,176.55527301557092
10261,8,Concept Review,Concept Review,3.1451991991574384,3.1451991991574384,21.576066506220027,21.576066506220027,381.91173422839006,381.91173422839006
10238,8,Application Exercise,Application Exercise,3.588830375632461,3.588830375632461,15.647300437757531,15.647300437757531,273.9419790234154,273.9419790234154
10560,8,Application Exercise,Application Exercise,2.846554347365105,2.846554347365105,12.354045867564556,12.354045867564556,214.05446551995718,214.05446551995718
10584,8,Application Exercise,Application Exercise,4.354273109811629,4.354273109811629,34.137501180923174,34.137501180923174,623.9405820678384,623.9405820678384
10446,8,Concept Review,Application Exercise,4.836680909592639,4.741184424743619,42.94972647718264,42.10171769172334,760.6973621899383,757.1166987389698
10868,8,Concept Review,Application Exercise,6.370321480449908,6.332423629183554,116.44947666262433,115.75670394147538,2077.7586610619433,2075.352889775032
10801,8,Concept Review,Concept Review,4.058166600615199,4.058166600615199,37.33513272565983,37.33513272565983,665.6785471925692,665.6785471925692
10600,8,Practice Questions,Practice Questions,0.9981989321336675,0.9981989321336675,3.39387636925447,3.39387636925447,64.18913810355099,64.18913810355099
10850,8,Practice Questions,Practice Questions,2.5287312205146804,2.5287312205146804,12.087335234060172,12.087335234060172,224.54524879894606,224.54524879894606
10266,8,Application Exercise,Application Exercise,4.783059777421363,4.783059777421363,55.86613820028151,55.86613820028151,1005.3543907393295,1005.3543907393295
10996,8,Concept Review,Concept Review,5.249095432864538,5.249095432864538,56.48026685762242,56.48026685762242,1014.8900606686594,1014.8900606686594
10530,8,Critical Thinking Activity,Critical Thinking Activity,3.469027207652056,3.469027207652056,23.866907188646145,23.866907188646145,436.6268707110948,436.6268707110948
10056,8,Critical Thinking Activity,Critical Thinking Activity,6.019169813378419,6.019169813378419,86.55566191638167,86.55566191638167,1575.3529385059405,1575.3529385059405
10121,8,Advanced Practice,Advanced Practice,7.04750970418829,7.04750970418829,125.30472254046782,125.30472254046782,2280.5459502365143,2280.5459502365143
10216,8,Concept Review,Concept Review,4.131359749758275,4.131359749758275,48.66741785215248,48.66741785215248,867.248152801724,867.248152801724
10026,8,Application Exercise,Application Exercise,6.056546125810479,6.056546125810479,92.54402480238413,92.54402480238413,1687.621468020856,1687.621468020856
10073,8,Concept Review,Concept Review,4.73067335393797,4.73067335393797,54.591970504444184,54.591970504444184,987.2832793903439,987.2832793903439
10045,8,Practice Questions,Practice Questions,5.35755954227597,5.35755954227597,69.64827404958761,69.64827404958761,1269.6286761634392,1269.6286761634392
10248,8,Application Exercise,Application Exercise,1.9615324541630863,1.9615324541630863,4.158448802825743,4.158448802825743,71.3329892676588,71.3329892676588
10722,8,Application Exercise,Application Exercise,5.845956772544705,5.845956772544705,82.54490962833123,82.54490962833123,1467.2152653535052,1467.2152653535052
10282,8,Application Exercise,Application Exercise,5.44347475161392,5.44347475161392,52.69283559562274,52.69283559562274,934.9452855981986,934.9452855981986
10894,8,Concept Review,Concept Review,2.755281989882063,2.755281989882063,7.494367012479213,7.494367012479213,132.1260978162331,132.1260978162331
10915,8,Application Exercise,Application Exercise,4.76892163484977,4.76892163484977,34.526992636312336,34.526992636312336,623.7148683202632,623.7148683202632
10811,8,Application Exercise,Application Exercise,4.70086974126332,4.70086974126332,42.58987985584568,42.58987985584568,752.6128010299299,752.6128010299299
10245,8,Application Exercise,Application Exercise,4.282893828164211,4.282893828164211,33.063940353427704,33.063940353427704,582.5719202475407,582.5719202475407
10823,8,Application Exercise,Application Exercise,3.8899335015205185,3.8899335015205185,15.793130016173306,15.793130016173306,277.3418724613925,277.3418724613925
10322,8,Concept Review,Concept Review,5.071880949011428,5.071880949011428,62.89132376774171,62.89132376774171,1139.0850554261592,1139.0850554261592
10644,8,Application Exercise,Application Exercise,7.039113433736185,7.039113433736185,100.51853983375274,100.51853983375274,1834.8278672383076,1834.8278672383076
10159,8,Practice Questions,Practice Questions,3.2304393903217203,3.2304393903217203,27.781778756766798,27.781778756766798,513.8249066024106,513.8249066024106
10978,8,Application Exercise,Application Exercise,4.634411259339034,4.634411259339034,50.51508272679547,50.51508272679547,892.2772832682483,892.2772832682483
10430,8,Application Exercise,Application Exercise,4.741110422327625,4.741110422327625,51.86774802026422,51.86774802026422,916.7963522612716,916.7963522612716
10942,8,Concept Review,Application Exercise,4.190134646290725,4.201532955819294,35.61614449347117,35.713030124464005,629.1372565134791,628.8462867922955
10463,8,Application Exercise,Application Exercise,4.720250477962572,4.720250477962572,46.73047973182946,46.73047973182946,825.8834924625669,825.8834924625669
10310,8,Concept Review,Application Exercise,4.575142917984153,4.511315955534027,48.86252636407076,48.18085440510341,869.5837388045034,864.7980560002226
10698,8,Concept Review,Concept Review,3.802350563908893,3.802350563908893,37.871411616532576,37.871411616532576,678.0180389249977,678.0180389249977
10061,8,Application Exercise,Application Exercise,3.870809559811201,3.870809559811201,28.56657455140666,28.56657455140666,501.5650971096758,501.5650971096758
10885,8,Application Exercise,Application Exercise,4.3662818393832,4.3662818393832,27.769552498477154,27.769552498477154,489.59499912311264,489.59499912311264
10596,8,Practice Questions,Practice Questions,5.933573237875858,5.933573237875858,89.83429882144048,89.83429882144048,1649.4139493747423,1649.4139493747423
10768,8,Application Exercise,Application Exercise,5.564157293958164,5.564157293958164,64.21037517227722,64.21037517227722,1139.9405762062881,1139.9405762062881
10650,8,Application Exercise,Application Exercise,3.6156253025019054,3.6156253025019054,17.788876488309377,17.788876488309377,311.526512269947,311.526512269947
10651,8,Application Exercise,Application Exercise,4.087639563917133,4.087639563917133,36.37999211886248,36.37999211886248,665.1105936956728,665.1105936956728
10866,8,Application Exercise,Application Exercise,6.474174742278681,6.474174742278681,108.63665217543628,108.63665217543628,1977.1870695929404,1977.1870695929404
10669,8,Concept Review,Concept Review,5.721642097537303,5.721642097537303,66.71434685728495,66.71434685728495,1201.3474503658454,1201.3474503658454
10299,8,Application Exercise,Application Exercise,3.4201146332694847,3.4201146332694847,27.83973311481361,27.83973311481361,486.4472353496303,486.4472353496303
10690,8,Concept Review,Concept Review,5.104122824370634,5.104122824370634,66.96609145574273,66.96609145574273,1214.7570309076057,1214.7570309076057
10315,8,Application Exercise,Application Exercise,1.711149270163597,1.711149270163597,4.312096160812265,4.312096160812265,73.22130386860968,73.22130386860968
10311,8,Application Exercise,Application Exercise,4.561229395716993,4.561229395716993,42.145759616425025,42.145759616425025,744.0823356059881,744.0823356059881
10362,8,Concept Review,Concept Review,2.9481608482465376,2.9481608482465376,13.030870949249698,13.030870949249698,233.26550061984645,233.26550061984645
10480,8,Advanced Practice,Advanced Practice,6.180100612020105,6.180100612020105,107.65735266139023,107.65735266139023,1958.813238661039,1958.813238661039
10111,8,Application Exercise,Application Exercise,3.5418645372768496,3.5418645372768496,22.242909294098617,22.242909294098617,393.1197925186348,393.1197925186348
10990,8,Application Exercise,Application Exercise,4.714456245825886,4.714456245825886,43.750153961264225,43.750153961264225,773.1828733339534,773.1828733339534
10487,8,Application Exercise,Application Exercise,4.285428195164217,4.285428195164217,36.169013967186,36.169013967186,637.2943517519976,637.2943517519976
10364,8,Application Exercise,Application Exercise,4.5539054681056115,4.5539054681056115,27.960979574168455,27.960979574168455,493.6258883152883,493.6258883152883
10255,8,Advanced Practice,Advanced Practice,1.6724293715276972,1.6724293715276972,9.700090354860645,9.700090354860645,186.10041171542565,186.10041171542565
10260,8,Concept Review,Concept Review,5.461241673099487,5.461241673099487,75.80203442262088,75.80203442262088,1357.8004163684893,1357.8004163684893
10803,8,Application Exercise,Application Exercise,5.986132616867071,5.986132616867071,87.75670416327125,87.75670416327125,1597.1720157715367,1597.1720157715367
10678,8,Advanced Practice,Advanced Practice,2.7536378377367985,2.6482557389487242,22.965339566724904,22.086452862832363,411.68674757433024,408.5914923375266
10495,8,Application Exercise,Application Exercise,2.6381879420757883,2.6381879420757883,10.077877938729513,10.077877938729513,173.9209207405634,173.9209207405634
10671,8,Concept Review,Concept Review,3.463234365546048,3.40170779189773,33.93969678235127,33.33673636059776,594.4219230346304,591.3390643560014
10378,8,Advanced Practice,Advanced Practice,5.224128627968459,5.224128627968459,63.62988668865583,63.62988668865583,1159.1655932250505,1159.1655932250505
10527,8,Concept Review,Concept Review,5.0882948821678085,5.0882948821678085,70.52376706684582,70.52376706684582,1262.0275392351189,1262.0275392351189
10846,8,Concept Review,Concept Review,4.249249833848333,4.249249833848333,45.04204823879234,45.04204823879234,803.1194517712344,803.1194517712344
10138,8,Application Exercise,Application Exercise,5.351456707796499,5.351456707796499,37.78128435704328,37.78128435704328,670.0683303571263,670.0683303571263
10356,8,Application Exercise,Application Exercise,4.860362627519774,4.860362627519774,46.36785946653865,46.36785946653865,823.6508132640912,823.6508132640912
10366,8,Concept Review,Concept Review,6.07698867828285,6.07698867828285,88.72403470292961,88.72403470292961,1591.850161578991,1591.850161578991
10943,8,Application Exercise,Application Exercise,3.3068288148095437,3.3068288148095437,25.85940133181063,25.85940133181063,451.2007116838401,451.2007116838401
10750,8,Application Exercise,Application Exercise,5.756135550282911,5.756135550282911,69.4189947364119,69.4189947364119,1263.4257042026966,1263.4257042026966
10949,8,Advanced Practice,Advanced Practice,5.044269314756659,5.044269314756659,64.4657618425901,64.4657618425901,1172.036407303879,1172.036407303879
10830,8,Application Exercise,Application Exercise,4.874375061654068,4.874375061654068,58.1025507349165,58.1025507349165,1061.477352208954,1061.477352208954
10657,8,Application Exercise,Application Exercise,4.504358796136973,4.504358796136973,48.286726294588355,48.286726294588355,882.4255626130887,882.4255626130887
10200,8,Concept Review,Concept Review,4.400836326846088,4.400836326846088,41.895961831574766,41.895961831574766,747.5566689965508,747.5566689965508
10214,8,Application Exercise,Application Exercise,5.575564949049939,5.575564949049939,73.8204799254212,73.8204799254212,1320.6120490392186,1320.6120490392186
10409,8,Application Exercise,Application Exercise,3.135042276396635,3.135042276396635,19.499962959187073,19.499962959187073,356.99227697668516,356.99227697668516
10333,8,Application Exercise,Application Exercise,6.12986807669561,6.12986807669561,68.65452245899084,68.65452245899084,1239.6909744715858,1239.6909744715858
10209,8,Application Exercise,Application Exercise,4.623386111881771,4.623386111881771,46.32632884105536,46.32632884105536,818.229628206154,818.229628206154
10614,8,Practice Questions,Practice Questions,3.141184902568629,3.141184902568629,22.239589110185893,22.239589110185893,411.5083654406303,411.5083654406303
10079,8,Application Exercise,Application Exercise,4.436505492163385,4.436505492163385,29.635856687651412,29.635856687651412,522.7662205812201,522.7662205812201
10522,9,Application Exercise,Application Exercise,1.702731579533384,1.702731579533384,0.0,0.0,0.0,0.0
10738,9,Concept Review,Concept Review,5.940899219933849,5.940899219933849,72.8235426379491,72.8235426379491,1544.7324961675247,1544.7324961675247
10741,9,Application Exercise,Application Exercise,2.351390014506885,2.351390014506885,3.936226884284525,3.936226884284525,79.09553027658397,79.09553027658397
10661,9,Application Exercise,Application Exercise,3.2552790332162447,3.2552790332162447,15.410490943245701,15.410490943245701,311.1932165754629,311.1932165754629
10412,9,Concept Review,Concept Review,3.2518578742851334,3.2518578742851334,20.662304933207736,20.662304933207736,425.0601727611303,425.0601727611303
10679,9,Application Exercise,Application Exercise,2.5749216089326885,2.5749216089326885,11.355404295393155,11.355404295393155,226.22017018597273,226.22017018597273
10627,9,Practice Questions,Practice Questions,4.91439125702575,4.91439125702575,48.033260146169674,48.033260146169674,1019.2570353510299,1019.2570353510299
10514,9,Advanced Practice,Concept Review,3.2479933628542756,3.2641402783266202,14.674434013375619,14.74738577747967,303.0844804242135,303.41591461740416
10860,9,Concept Review,Concept Review,6.309095579519443,6.309095579519443,91.87304982896214,91.87304982896214,1949.7502797035297,1949.7502797035297
10137,9,Application Exercise,Application Exercise,3.468425866391436,3.468425866391436,19.915701324819622,19.915701324819622,412.1865962605616,412.1865962605616
10812,9,Application Exercise,Application Exercise,5.654600853482004,5.654600853482004,55.16628592657043,55.16628592657043,1138.083526817845,1138.083526817845
10077,9,Application Exercise,Application Exercise,3.898270470941297,3.898270470941297,31.575990814624507,31.575990814624507,642.99010441474,642.99010441474
10637,9,Application Exercise,Application Exercise,3.3029202216517306,3.3029202216517306,14.149710229556014,14.149710229556014,285.94345862605223,285.94345862605223
10974,9,Advanced Practice,Advanced Practice,4.694723337923838,4.694723337923838,43.09756024214083,43.09756024214083,937.8970616860224,937.8970616860224
10939,9,Application Exercise,Application Exercise,6.155039715184799,6.155039715184799,84.75489687809467,84.75489687809467,1798.6872559684537,1798.6872559684537
10900,9,Application Exercise,Application Exercise,7.223961974977446,7.223961974977446,114.29752636809316,114.29752636809316,2430.1590857813235,2430.1590857813235
10281,9,Concept Review,Concept Review,4.224901224898652,4.224901224898652,34.069603477582724,34.069603477582724,705.9758839525394,705.9758839525394
10884,9,Application Exercise,Application Exercise,5.849802692123394,5.849802692123394,74.76047840533697,74.76047840533697,1590.2276534394086,1590.2276534394086
10762,9,Application Exercise,Application Exercise,3.0332867459351776,3.0332867459351776,17.580929979440292,17.580929979440292,353.6986832705613,353.6986832705613
10320,9,Application Exercise,Application Exercise,5.946456694999357,5.946456694999357,91.62300475655009,91.62300475655009,1942.2496312867936,1942.2496312867936
10550,9,Advanced Practice,Advanced Practice,2.433276314061972,2.433276314061972,12.044717754606761,12.044717754606761,267.1067877322102,267.1067877322102
10175,9,Application Exercise,Application Exercise,6.252356510663008,6.252356510663008,47.94306972376395,47.94306972376395,992.874369937426,992.874369937426
10372,9,Application Exercise,Application Exercise,2.7385075434179473,2.7385075434179473,5.865883158001243,5.865883158001243,117.65130067509654,117.65130067509654
10528,9,Application Exercise,Application Exercise,5.038689170085579,5.038689170085579,58.680574074816654,58.680574074816654,1206.335926626832,1206.335926626832
10211,9,Practice Questions,Practice Questions,3.959220050837489,3.959220050837489,43.757300001855924,43.757300001855924,942.8151217654683,942.8151217654683
10236,9,Concept Review,Application Exercise,3.230708640436308,3.2210407951747926,18.841492791024546,18.785109917459387,379.5529223846272,379.133512668344
10102,9,Application Exercise,Application Exercise,5.479368847893592,5.479368847893592,53.16083656226363,53.16083656226363,1095.704252016712,1095.704252016712
10987,9,Application Exercise,Application Exercise,6.80865940733811,6.80865940733811,97.55447198834042,97.55447198834042,2078.856873183905,2078.856873183905
10903,9,Application Exercise,Application Exercise,2.7677639986518883,2.7677639986518883,14.148809561108452,14.148809561108452,283.15181306490246,283.15181306490246
10948,9,Practice Questions,Practice Questions,3.0761218208567307,3.0761218208567307,19.490307856948245,19.490307856948245,421.76146862902186,421.76146862902186
10347,9,Concept Review,Concept Review,4.8933192700345245,4.8933192700345245,46.946505076711226,46.946505076711226,981.752907072098,981.752907072098
10140,9,Application Exercise,Application Exercise,4.798242438970783,4.798242438970783,35.41102919960438,35.41102919960438,733.8566654093966,733.8566654093966
10622,9,Application Exercise,Application Exercise,3.7044674124477868,3.7044674124477868,26.2720828890797,26.2720828890797,533.804647359831,533.804647359831
10500,9,Application Exercise,Application Exercise,4.58195756623357,4.58195756623357,36.619004869338696,36.619004869338696,779.9759461064771,779.9759461064771
10371,9,Application Exercise,Application Exercise,4.774450160984943,4.774450160984943,44.17321288943268,44.17321288943268,926.5473600189466,926.5473600189466
10199,9,Application Exercise,Application Exercise,4.424844408818271,4.424844408818271,38.788186087700964,38.788186087700964,793.8188356256236,793.8188356256236
10688,9,Advanced Practice,Advanced Practice,5.633386372768761,5.633386372768761,70.98066829688639,70.98066829688639,1506.1002739184673,1506.1002739184673
10585,9,Application Exercise,Application Exercise,6.149817019422738,6.149817019422738,63.98269627007415,63.98269627007415,1353.624584195624,1353.624584195624
10902,9,Concept Review,Concept Review,5.206289299984892,5.206289299984892,57.16505651383411,57.16505651383411,1203.8102726245427,1203.8102726245427
10060,9,Application Exercise,Application Exercise,5.682846762111385,5.682846762111385,70.88783051057742,70.88783051057742,1509.8064610075526,1509.8064610075526
10329,9,Application Exercise,Application Exercise,4.419396447705324,4.419396447705324,36.75170085911748,36.75170085911748,752.1069040823556,752.1069040823556
10097,9,Application Exercise,Application Exercise,6.316186125463316,6.316186125463316,87.76972239943825,87.76972239943825,1824.7269821499565,1824.7269821499565
10313,9,Concept Review,Application Exercise,5.89227626360931,5.892790628664636,78.27299788578607,78.27983071118102,1618.7556339797484,1616.7909160249062
10975,9,Application Exercise,Application Exercise,4.989931036423671,4.989931036423671,40.95735394696549,40.95735394696549,841.7218430294422,841.7218430294422
10300,9,Advanced Practice,Advanced Practice,7.48386685624728,7.48386685624728,133.36250737832654,133.36250737832654,2832.6242298478737,2832.6242298478737
10278,9,Application Exercise,Application Exercise,3.908986041388381,3.908986041388381,22.726844844632044,22.726844844632044,462.84615965509715,462.84615965509715
10925,9,Concept Review,Concept Review,2.861632751415679,2.861632751415679,21.427906042600604,21.427906042600604,441.5031704918179,441.5031704918179
10602,9,Practice Questions,Practice Questions,0.7052161202046556,0.7052161202046556,1.1678378950589097,1.1678378950589097,25.438159786342617,25.438159786342617
10440,9,Concept Review,Concept Review,6.5456000469477615,6.5456000469477615,93.66753667182246,93.66753667182246,1980.4664221934095,1980.4664221934095
10838,9,Concept Review,Concept Review,3.9121331109213315,3.9121331109213315,30.13907348653793,30.13907348653793,623.3227678561079,623.3227678561079
10571,9,Application Exercise,Application Exercise,4.178870219457226,4.178870219457226,27.906495325535353,27.906495325535353,569.87677697666,569.87677697666
10880,9,Application Exercise,Application Exercise,5.388589780245852,5.388589780245852,49.85523264683462,49.85523264683462,1027.0588016748336,1027.0588016748336
10262,9,Application Exercise,Application Exercise,6.103910704797835,6.103910704797835,67.79003228748476,67.79003228748476,1401.4670457761265,1401.4670457761265
10579,9,Concept Review,Concept Review,3.3554384345258623,3.3554384345258623,21.320455812977325,21.320455812977325,438.93342385277435,438.93342385277435
10024,9,Critical Thinking Activity,Critical Thinking Activity,6.9976720716084495,6.9976720716084495,109.33162844681041,109.33162844681041,2320.904426867641,2320.904426867641
10031,9,Concept Review,Concept Review,3.969625281737276,3.969625281737276,16.005529135964693,16.005529135964693,336.7792107516792,336.7792107516792
10618,9,Critical Thinking Activity,Critical Thinking Activity,2.936869671871256,2.936869671871256,22.36132568162774,22.36132568162774,477.41903331531944,477.41903331531944
10011,9,Application Exercise,Application Exercise,3.4048076280225827,3.4048076280225827,18.385961191321947,18.385961191321947,372.10922781134195,372.10922781134195
10222,9,Application Exercise,Application Exercise,5.617214476746835,5.617214476746835,60.059257185377156,60.059257185377156,1238.7890842967795,1238.7890842967795
10821,9,Critical Thinking Activity,Advanced Practice,4.527896197619604,4.521295481845575,48.41226614494881,48.34169129189289,1039.2630886572147,1038.2151279791156
10297,9,Application Exercise,Application Exercise,5.629145210935456,5.629145210935456,64.03715591960174,64.03715591960174,1331.6440396691858,1331.6440396691858
10055,9,Application Exercise,Application Exercise,5.041841012203891,5.041841012203891,62.25665281869364,62.25665281869364,1279.8776399867488,1279.8776399867488
10543,9,Concept Review,Concept Review,5.82080638565492,5.82080638565492,74.07558206384451,74.07558206384451,1570.5756029600404,1570.5756029600404
10210,9,Application Exercise,Application Exercise,4.196574870392756,4.196574870392756,29.535493937824217,29.535493937824217,603.2422991023428,603.2422991023428
10605,9,Advanced Practice,Advanced Practice,4.574211802645294,4.574211802645294,46.849077282693095,46.849077282693095,996.2525667066192,996.2525667066192
10693,9,Concept Review,Application Exercise,5.362443714713974,5.32777569320998,63.319735383342596,62.910375385423436,1295.9686182034939,1295.5592582055747
10663,9,Advanced Practice,Advanced Practice,5.277662958359465,5.277662958359465,65.16858220982267,65.16858220982267,1384.6681608735723,1384.6681608735723
10867,9,Concept Review,Concept Review,5.862038885795943,5.862038885795943,76.71064085952571,76.71064085952571,1610.4255384528744,1610.4255384528744
10071,9,Application Exercise,Application Exercise,6.1140000943966815,6.1140000943966815,61.62912095151855,61.62912095151855,1300.7826715042725,1300.7826715042725
10544,9,Practice Questions,Practice Questions,2.8906629174629472,2.8906629174629472,17.74288898738757,17.74288898738757,379.76750804810183,379.76750804810183
10108,9,Application Exercise,Application Exercise,4.963587532337736,4.963587532337736,51.81985383760596,51.81985383760596,1087.8265494213526,1087.8265494213526
10494,9,Concept Review,Concept Review,5.23075851992975,5.23075851992975,44.158063425246944,44.158063425246944,922.0405296634814,922.0405296634814
10591,9,Application Exercise,Application Exercise,7.626541151049772,7.626541151049772,114.48963575955919,114.48963575955919,2379.457292949717,2379.457292949717
10742,9,Application Exercise,Application Exercise,5.558865418516838,5.558865418516838,64.13818919884727,64.13818919884727,1322.5202821195714,1322.5202821195714
10293,9,Concept Review,Application Exercise,4.568160639497309,4.509372468480539,50.076176930169495,49.431740999483665,1032.575048683474,1031.1336652581551
10290,9,Application Exercise,Application Exercise,4.181957445733259,4.181957445733259,26.87325854628192,26.87325854628192,565.6586159770087,565.6586159770087
10653,9,Concept Review,Concept Review,6.629454935038245,6.629454935038245,89.97496237833906,89.97496237833906,1902.4817158752667,1902.4817158752667
10040,9,Application Exercise,Application Exercise,5.488557553473451,5.488557553473451,58.486069289813095,58.486069289813095,1203.9253800811825,1203.9253800811825
10590,9,Advanced Practice,Advanced Practice,4.3620367739804,4.3620367739804,44.44043065331231,44.44043065331231,945.5178491888145,945.5178491888145
10308,9,Application Exercise,Application Exercise,3.9069131410788747,3.9069131410788747,26.160690392664147,26.160690392664147,533.720170846932,533.720170846932
10680,9,Application Exercise,Application Exercise,5.767987919010578,5.767987919010578,61.04838413480795,61.04838413480795,1292.8457359774507,1292.8457359774507
10067,9,Application Exercise,Application Exercise,5.993939449592233,5.993939449592233,81.88920076032909,81.88920076032909,1743.5992826022812,1743.5992826022812
10276,9,Concept Review,Application Exercise,5.995211020399294,6.159322727187108,84.9281593149764,87.25296575333257,1792.020512111125,1804.1607284889492
10068,9,Application Exercise,Application Exercise,3.8295981906933685,3.8295981906933685,31.019745344616286,31.019745344616286,631.185339440121,631.185339440121
10319,9,Critical Thinking Activity,Critical Thinking Activity,2.7699694246122077,2.7699694246122077,22.33703344007284,22.33703344007284,478.74209180370525,478.74209180370525
10549,9,Application Exercise,Application Exercise,4.096223692206531,4.096223692206531,23.373052387730468,23.373052387730468,476.921754263609,476.921754263609
10999,9,Concept Review,Critical Thinking Activity,5.788533395121382,5.7468177297652385,84.39681690086975,83.78860249997717,1786.1735165184425,1784.2140314574992
10715,9,Advanced Practice,Advanced Practice,2.9852593044880837,2.930863419296153,21.06398965246792,20.680172286553656,455.70408619925774,455.2592681808286
10754,9,Advanced Practice,Advanced Practice,2.350349077407785,2.350349077407785,16.28791910643595,16.28791910643595,361.55036478880345,361.55036478880345
10328,9,Concept Review,Application Exercise,2.8870535779935316,2.873711631314999,13.355509851798077,13.293790006463185,266.6954732896142,266.6337534442793
10383,9,Application Exercise,Application Exercise,6.858618159818615,6.858618159818615,92.96171053818149,92.96171053818149,1978.9971290228189,1978.9971290228189
10452,9,Application Exercise,Application Exercise,6.20504146102007,6.20504146102007,71.59376837724955,71.59376837724955,1479.0142917454198,1479.0142917454198
10523,9,Application Exercise,Application Exercise,4.334217066249712,4.334217066249712,32.76668102084783,32.76668102084783,667.9116646158639,667.9116646158639
10219,9,Practice Questions,Practice Questions,3.4085972921997594,3.4085972921997594,27.05744530548169,27.05744530548169,575.9091072521741,575.9091072521741
10788,9,Practice Questions,Application Exercise,4.410176993335656,4.409907996731282,46.28039736806438,46.27757451769807,985.374013485361,985.3711906349947
10437,9,Application Exercise,Application Exercise,4.169486118404813,4.169486118404813,29.494944801595643,29.494944801595643,602.2612114799807,602.2612114799807
10765,9,Advanced Practice,Advanced Practice,2.8906450674986184,2.8906450674986184,19.147632927110845,19.147632927110845,421.732516739304,421.732516739304
10089,9,Practice Questions,Practice Questions,3.648160673622282,3.648160673622282,23.640081165072385,23.640081165072385,502.1825003094859,502.1825003094859
10064,9,Application Exercise,Application Exercise,6.388561412742648,6.388561412742648,86.59056138831384,86.59056138831384,1843.5412236854888,1843.5412236854888
10827,9,Application Exercise,Application Exercise,6.5066525985672445,6.5066525985672445,70.15472831775203,70.15472831775203,1478.4064855370063,1478.4064855370063
10717,9,Critical Thinking Activity,Critical Thinking Activity,6.927153389219993,6.927153389219993,124.68876100595988,124.68876100595988,2646.1725946820375,2646.1725946820375
10352,9,Application Exercise,Application Exercise,2.3821847285462994,2.3821847285462994,7.33236459446551,7.33236459446551,145.30248681287515,145.30248681287515
10937,9,Application Exercise,Application Exercise,6.093779231095856,6.093779231095856,70.63908884686316,70.63908884686316,1460.3030018305308,1460.3030018305308
10257,9,Application Exercise,Application Exercise,5.017867541812661,5.017867541812661,36.39961114830904,36.39961114830904,748.19085084823,748.19085084823
10636,9,Concept Review,Application Exercise,4.75616758704923,4.749655870835575,43.66161844911193,43.60184089427058,895.6817836514952,894.5890219441085
10645,9,Advanced Practice,Advanced Practice,1.4574455665991275,1.4574455665991275,2.754572120872351,2.754572120872351,61.305096088740946,61.305096088740946
10555,9,Advanced Practice,Advanced Practice,4.44214407249312,4.44214407249312,35.82144980058452,35.82144980058452,772.2891564268463,772.2891564268463
10960,9,Advanced Practice,Concept Review,3.559419554075873,3.5881755329975644,29.279785251828134,29.516331934437968,608.2266810132511,609.0026842547172
10169,9,Critical Thinking Activity,Critical Thinking Activity,3.55741809948296,3.55741809948296,29.77558949267237,29.77558949267237,636.5248831023009,636.5248831023009
10918,9,Application Exercise,Application Exercise,2.439428263795215,2.439428263795215,10.713968934588584,10.713968934588584,212.66775883898694,212.66775883898694
10529,9,Application Exercise,Application Exercise,5.832205618830223,5.832205618830223,47.34584521366374,47.34584521366374,976.7608841505834,976.7608841505834
10824,9,Concept Review,Application Exercise,2.38730890866325,2.3438984890972416,7.090307458729852,6.961378512618808,137.99750265874033,137.86857371262928
10986,9,Application Exercise,Application Exercise,4.365182574302042,4.365182574302042,22.236240033494603,22.236240033494603,468.24309124044777,468.24309124044777
10817,9,Critical Thinking Activity,Critical Thinking Activity,3.9942707234505366,3.9942707234505366,34.29480843154631,34.29480843154631,727.682705700716,727.682705700716
10087,9,Application Exercise,Application Exercise,4.639237136808525,4.639237136808525,40.667552741263535,40.667552741263535,833.7031723845624,833.7031723845624
10433,9,Application Exercise,Application Exercise,6.738321324891212,6.738321324891212,101.76212864850707,101.76212864850707,2109.0499465980547,2109.0499465980547
10185,9,Application Exercise,Application Exercise,5.191709647286043,5.191709647286043,53.54729330210824,53.54729330210824,1136.5502900114077,1136.5502900114077
10979,9,Application Exercise,Application Exercise,3.2832309011332703,3.2832309011332703,17.13846530391567,17.13846530391567,346.23731707949923,346.23731707949923
10535,9,Concept Review,Application Exercise,5.722366512426629,5.736797946631082,73.95586480660175,74.1423766622601,1537.29510699367,1537.256677680819
10295,9,Concept Review,Concept Review,4.967458442474341,4.967458442474341,47.83662480102791,47.83662480102791,1010.2419120843007,1010.2419120843007
10893,9,Concept Review,Concept Review,4.636827620684723,4.636827620684723,37.641766624718585,37.641766624718585,781.6709043513947,781.6709043513947
10426,9,Advanced Practice,Advanced Practice,2.4353040993350312,2.4353040993350312,11.309552237311886,11.309552237311886,250.79458216868161,250.79458216868161
10714,9,Advanced Practice,Advanced Practice,2.0602797354959836,2.0602797354959836,8.269962858280879,8.269962858280879,184.8252358738518,184.8252358738518
10261,9,Concept Review,Concept Review,3.163512446503042,3.163512446503042,19.53152584470978,19.53152584470978,401.44326007309985,401.44326007309985
10238,9,Application Exercise,Application Exercise,3.617821439220798,3.617821439220798,14.196331327502413,14.196331327502413,288.13831035091783,288.13831035091783
10560,9,Application Exercise,Application Exercise,2.8755454109534417,2.8755454109534417,11.231880375184144,11.231880375184144,225.28634589514132,225.28634589514132
10584,9,Application Exercise,Application Exercise,4.350349059453094,4.350349059453094,30.69606296350103,30.69606296350103,654.6366450313394,654.6366450313394
10446,9,Concept Review,Application Exercise,4.854994156938242,4.737260374385083,38.80111330225043,37.86018491208558,799.4984754921887,794.9768836510555
10868,9,Concept Review,Application Exercise,6.374655410660125,6.32865669432193,104.8758308161804,104.11905993498439,2182.6344918781238,2179.471949710017
10801,9,Concept Review,Concept Review,4.062623784653338,4.062623784653338,33.63852493692964,33.63852493692964,699.3170721294989,699.3170721294989
10600,9,Practice Questions,Practice Questions,0.9934836937384244,0.9934836937384244,3.0400601028395786,3.0400601028395786,67.22919820639056,67.22919820639056
10850,9,Practice Questions,Practice Questions,2.517616523614206,2.517616523614206,10.830786284588314,10.830786284588314,235.3760350835344,235.3760350835344
10266,9,Application Exercise,Application Exercise,4.779135727062826,4.779135727062826,50.23827476288442,50.23827476288442,1055.592665502214,1055.592665502214
10996,9,Concept Review,Concept Review,5.253552616902676,5.253552616902676,50.87540354208551,50.87540354208551,1065.765464210745,1065.765464210745
10530,9,Critical Thinking Activity,Critical Thinking Activity,3.4676869061208992,3.4676869061208992,21.471917322700605,21.471917322700605,458.0987880337954,458.0987880337954
10056,9,Critical Thinking Activity,Critical Thinking Activity,6.0192766566889215,6.0192766566889215,77.90147849086803,77.90147849086803,1653.2544169968087,1653.2544169968087
10121,9,Advanced Practice,Advanced Practice,7.04750970418829,7.04750970418829,112.77425028642102,112.77425028642102,2393.320200522935,2393.320200522935
10216,9,Concept Review,Concept Review,4.1496729971038775,4.1496729971038775,43.99483311529531,43.99483311529531,911.2429859170194,911.2429859170194
10026,9,Application Exercise,Application Exercise,6.054012112242589,6.054012112242589,83.25477456756008,83.25477456756008,1770.876242588416,1770.876242588416
10073,9,Concept Review,Concept Review,4.735130537976109,4.735130537976109,49.17906576741987,49.17906576741987,1036.4623451577638,1036.4623451577638
10045,9,Practice Questions,Practice Questions,5.355576148523468,5.355576148523468,62.66024093772458,62.66024093772458,1332.2889171011639,1332.2889171011639
10248,9,Application Exercise,Application Exercise,1.9766021858720317,1.9766021858720317,3.7713569706438363,3.7713569706438363,75.10434623830264,75.10434623830264
10722,9,Application Exercise,Application Exercise,5.8749478361330425,5.8749478361330425,74.6588371015787,74.6588371015787,1541.8741024550839,1541.8741024550839
10282,9,Application Exercise,Application Exercise,5.467763656066989,5.467763656066989,47.63515697165561,47.63515697165561,982.5804425698541,982.5804425698541
10894,9,Concept Review,Concept Review,2.772437764481846,2.772437764481846,6.7869276474515585,6.7869276474515585,138.91302546368468,138.91302546368468
10915,9,Application Exercise,Application Exercise,4.764997584491233,4.764997584491233,31.04872426054488,31.04872426054488,654.7635925808081,654.7635925808081
10811,9,Application Exercise,Application Exercise,4.729860804851657,4.729860804851657,38.56728500276041,38.56728500276041,791.1800860326903,791.1800860326903
10245,9,Application Exercise,Application Exercise,4.311884891752547,4.311884891752547,29.9589762278967,29.9589762278967,612.5308964754374,612.5308964754374
10823,9,Application Exercise,Application Exercise,3.9189245651088562,3.9189245651088562,14.319750360907761,14.319750360907761,291.6616228223002,291.6616228223002
10322,9,Concept Review,Concept Review,5.076338133049567,5.076338133049567,56.65193356483316,56.65193356483316,1195.7369889909924,1195.7369889909924
10644,9,Application Exercise,Application Exercise,7.033956462083918,7.033956462083918,90.40040845070251,90.40040845070251,1925.22827568901,1925.22827568901
10159,9,Practice Questions,Practice Questions,3.219324693421246,3.219324693421246,24.91757312708044,24.91757312708044,538.742479729491,538.742479729491
10978,9,Application Exercise,Application Exercise,4.663402322927371,4.663402322927371,45.7479767879175,45.7479767879175,938.0252600561657,938.0252600561657
10430,9,Application Exercise,Application Exercise,4.770101485915962,4.770101485915962,46.96641923032856,46.96641923032856,963.7627714916002,963.7627714916002
10942,9,Concept Review,Application Exercise,4.208447893636329,4.230524019407632,32.194626386317914,32.363508748468384,661.3318828997969,661.2097955407638
10463,9,Application Exercise,Application Exercise,4.7492415415509095,4.7492415415509095,42.3157421352186,42.3157421352186,868.1992345977856,868.1992345977856
10310,9,Concept Review,Application Exercise,4.593456165329756,4.50739190517549,44.15230066114961,43.32505099254681,913.736039465653,908.1231069927694
10698,9,Concept Review,Concept Review,3.807283654146436,3.807283654146436,34.12849067576865,34.12849067576865,712.1465296007663,712.1465296007663
10061,9,Application Exercise,Application Exercise,3.899800623399538,3.899800623399538,25.90247574061973,25.90247574061973,527.4675728502955,527.4675728502955
10885,9,Application Exercise,Application Exercise,4.395272902971538,4.395272902971538,25.158542096609082,25.158542096609082,514.7535412197217,514.7535412197217
10596,9,Practice Questions,Practice Questions,5.929811337641456,5.929811337641456,80.79960928670248,80.79960928670248,1730.2135586614447,1730.2135586614447
10768,9,Application Exercise,Application Exercise,5.593148357546501,5.593148357546501,58.09043884147796,58.09043884147796,1198.031015047766,1198.031015047766
10650,9,Application Exercise,Application Exercise,3.6446163660902426,3.6446163660902426,16.138361269047596,16.138361269047596,327.6648735389946,327.6648735389946
10651,9,Application Exercise,Application Exercise,4.083539381945207,4.083539381945207,32.709150449381106,32.709150449381106,697.819744145054,697.819744145054
10866,9,Application Exercise,Application Exercise,6.474174742278681,6.474174742278681,97.77298695789264,97.77298695789264,2074.960056550833,2074.960056550833
10669,9,Concept Review,Concept Review,5.726099281575442,5.726099281575442,60.089685860852676,60.089685860852676,1261.4371362266982,1261.4371362266982
10299,9,Concept Review,Application Exercise,3.4680620156296293,3.449105696857822,25.407022326502666,25.268148335180403,511.854257676133,511.7153836848107
10690,9,Concept Review,Concept Review,5.107701215882857,5.107701215882857,60.31173595714477,60.31173595714477,1275.0687668647504,1275.0687668647504
10315,9,Application Exercise,Application Exercise,1.7267758019132389,1.7267758019132389,3.9163275187392257,3.9163275187392257,77.1376313873489,77.1376313873489
10311,9,Application Exercise,Application Exercise,4.579640601250979,4.579640601250979,38.08429124000314,38.08429124000314,782.1666268459912,782.1666268459912
10362,9,Concept Review,Concept Review,2.951739239758761,2.951739239758761,11.742018695760352,11.742018695760352,245.0075193156068,245.0075193156068
10480,9,Advanced Practice,Advanced Practice,6.180469197290389,6.180469197290389,96.8973960751187,96.8973960751187,2055.7106347361578,2055.7106347361578
10111,9,Application Exercise,Application Exercise,3.5379404869183135,3.5379404869183135,19.99643963206231,19.99643963206231,413.1162321506971,413.1162321506971
10990,9,Application Exercise,Application Exercise,4.743447309414223,4.743447309414223,39.61727192822759,39.61727192822759,812.800145262181,812.800145262181
10487,9,Application Exercise,Application Exercise,4.3144192587525545,4.3144192587525545,32.772328689484404,32.772328689484404,670.066680441482,670.066680441482
10364,9,Application Exercise,Application Exercise,4.582896531693949,4.582896531693949,25.325086234140763,25.325086234140763,518.950974549429,518.950974549429
10255,9,Advanced Practice,Advanced Practice,1.6532099742079782,1.6532099742079782,8.629756065365646,8.629756065365646,194.7301677807913,194.7301677807913
10260,9,Concept Review,Concept Review,5.479554920445089,5.479554920445089,68.45060006620005,68.45060006620005,1426.2510164346895,1426.2510164346895
10803,9,Application Exercise,Application Exercise,5.986132616867071,5.986132616867071,78.98103374694412,78.98103374694412,1676.1530495184809,1676.1530495184809
10678,9,Advanced Practice,Advanced Practice,2.7538214714617344,2.648439372673661,20.67018396479178,19.8791859312885,432.35693153912206,428.4706782688151
10495,9,Application Exercise,Application Exercise,2.667179005664126,2.667179005664126,9.169761421473265,9.169761421473265,183.09068216203664,183.09068216203664
10671,9,Concept Review,Concept Review,3.4815476128916516,3.4200210392433332,30.707249945704362,30.1645855661262,625.1291729803347,621.5036499221276
10378,9,Advanced Practice,Advanced Practice,5.2229744881322535,5.2229744881322535,57.254246338905766,57.254246338905766,1216.4198395639564,1216.4198395639564
10527,9,Concept Review,Concept Review,5.093227972405351,5.093227972405351,63.53292572778434,63.53292572778434,1325.5604649629033,1325.5604649629033
10846,9,Concept Review,Concept Review,4.267563081193936,4.267563081193936,40.71255179459015,40.71255179459015,843.8320035658245,843.8320035658245
10138,9,Application Exercise,Application Exercise,5.380447771384837,5.380447771384837,34.18736513937925,34.18736513937925,704.2556954965056,704.2556954965056
10356,9,Application Exercise,Application Exercise,4.856438577161239,4.856438577161239,41.697381623506395,41.697381623506395,865.3481948875976,865.3481948875976
10366,9,Concept Review,Concept Review,6.095301925628454,6.095301925628454,80.09226730275789,80.09226730275789,1671.942428881749,1671.942428881749
10943,9,Application Exercise,Application Exercise,3.335819878397881,3.335819878397881,23.477500304164288,23.477500304164288,474.67821198800436,474.67821198800436
10750,9,Application Exercise,Application Exercise,5.756135550282911,5.756135550282911,62.47709526277071,62.47709526277071,1325.9027994654673,1325.9027994654673
10949,9,Advanced Practice,Advanced Practice,5.044269314756659,5.044269314756659,58.01918565833108,58.01918565833108,1230.0555929622103,1230.0555929622103
10830,9,Application Exercise,Application Exercise,4.870451011295533,4.870451011295533,52.25019844917848,52.25019844917848,1113.7275506581325,1113.7275506581325
10657,9,Application Exercise,Application Exercise,4.5004347457784375,4.5004347457784375,43.42019442727037,43.42019442727037,925.845757040359,925.845757040359
10200,9,Concept Review,Concept Review,4.419149574191691,4.419149574191691,37.8632735516744,37.8632735516744,785.4199425482252,785.4199425482252
10214,9,Application Exercise,Application Exercise,5.5716408986914026,5.5716408986914026,66.39167294880676,66.39167294880676,1387.0037219880253,1387.0037219880253
10409,9,Application Exercise,Application Exercise,3.1311182260380988,3.1311182260380988,17.527999829361278,17.527999829361278,374.5202768060464,374.5202768060464
10333,9,Application Exercise,Application Exercise,6.125944026337074,6.125944026337074,61.74951578547771,61.74951578547771,1301.4404902570636,1301.4404902570636
10209,9,Application Exercise,Application Exercise,4.652377175470108,4.652377175470108,41.95513736838944,41.95513736838944,860.1847655745435,860.1847655745435
10614,9,Practice Questions,Practice Questions,3.135488055843156,3.135488055843156,19.979329891832588,19.979329891832588,431.4876953324629,431.4876953324629
10079,9,Application Exercise,Application Exercise,4.465496555751722,4.465496555751722,26.846565293179353,26.846565293179353,549.6127858743995,549.6127858743995
10522,10,Application Exercise,Application Exercise,1.702731579533384,1.702731579533384,0.0,0.0,0.0,0.0
10738,10,Concept Review,Concept Review,5.941425360088282,5.941425360088282,64.7377707235219,64.7377707235219,1609.4702668910465,1609.4702668910465
10741,10,Application Exercise,Application Exercise,2.3656544399944366,2.3656544399944366,3.520093806711722,3.520093806711722,82.6156240832957,82.6156240832957
10661,10,Application Exercise,Application Exercise,3.284270096804582,3.284270096804582,13.820208567353681,13.820208567353681,325.0134251428166,325.0134251428166
10412,10,Concept Review,Concept Review,3.2701711216307365,3.2701711216307365,18.469926494970398,18.469926494970398,443.53009925610064,443.53009925610064
10679,10,Application Exercise,Application Exercise,2.6039126725210258,2.6039126725210258,10.207337676282421,10.207337676282421,236.42750786225514,236.42750786225514
10627,10,Practice Questions,Practice Questions,4.914493556463868,4.914493556463868,42.69712001855808,42.69712001855808,1061.954155369588,1061.954155369588
10514,10,Concept Review,Concept Review,3.2499892134374666,3.2824535256722234,13.051956681164866,13.182333359099651,316.1364371053784,316.5982479765038
10860,10,Concept Review,Concept Review,6.309095579519443,6.309095579519443,81.66493318129967,81.66493318129967,2031.4152128848295,2031.4152128848295
10137,10,Application Exercise,Application Exercise,3.4645018160329,3.4645018160329,17.682817269031922,17.682817269031922,429.86941352959354,429.86941352959354
10812,10,Concept Review,Application Exercise,5.701895300491742,5.677714218151257,49.446836045864394,49.237137699807704,1187.5303628637093,1187.3206645176526
10077,10,Application Exercise,Application Exercise,3.9272615345296344,3.9272615345296344,28.27628304861337,28.27628304861337,671.2663874633533,671.2663874633533
10637,10,Application Exercise,Application Exercise,3.331911285240068,3.331911285240068,12.687918174194179,12.687918174194179,298.6313768002464,298.6313768002464
10974,10,Advanced Practice,Advanced Practice,4.672775511393643,4.672775511393643,38.129848172972125,38.129848172972125,976.0269098589946,976.0269098589946
10939,10,Application Exercise,Application Exercise,6.155039715184799,6.155039715184799,75.33768611386193,75.33768611386193,1874.0249420823156,1874.0249420823156
10900,10,Application Exercise,Application Exercise,7.221493177491046,7.221493177491046,101.56308004823408,101.56308004823408,2531.7221658295575,2531.7221658295575
10281,10,Concept Review,Concept Review,4.243214472244255,4.243214472244255,30.41536133704682,30.41536133704682,736.3912452895862,736.3912452895862
10884,10,Application Exercise,Application Exercise,5.847333894636993,5.847333894636993,66.42571304307624,66.42571304307624,1656.6533664824847,1656.6533664824847
10762,10,Application Exercise,Application Exercise,3.0622778095235152,3.0622778095235152,15.776855274665152,15.776855274665152,369.4755385452264,369.4755385452264
10320,10,Application Exercise,Application Exercise,5.947689616293089,5.947689616293089,81.45955698475015,81.45955698475015,2023.7091882715438,2023.7091882715438
10550,10,Advanced Practice,Advanced Practice,2.413177296282445,2.413177296282445,10.617980103642758,10.617980103642758,277.72476783585296,277.72476783585296
10175,10,Application Exercise,Application Exercise,6.280114652957613,6.280114652957613,42.805261474559096,42.805261474559096,1035.6796314119852,1035.6796314119852
10372,10,Application Exercise,Application Exercise,2.759764817372369,2.759764817372369,5.254592212276991,5.254592212276991,122.90589288737354,122.90589288737354
10528,10,Application Exercise,Application Exercise,5.067680233673916,5.067680233673916,52.46062577899238,52.46062577899238,1258.7965524058243,1258.7965524058243
10211,10,Practice Questions,Practice Questions,3.9481053539370143,3.9481053539370143,38.78618699707723,38.78618699707723,981.6013087625456,981.6013087625456
10236,10,Concept Review,Application Exercise,3.2490218877819115,3.25003185876313,16.842929466261428,16.848165155828063,396.3958518508886,395.98167782417204
10102,10,Application Exercise,Application Exercise,5.508359911481929,5.508359911481929,47.50409587662015,47.50409587662015,1143.208347893332,1143.208347893332
10987,10,Application Exercise,Application Exercise,6.803502435685843,6.803502435685843,86.64940702089488,86.64940702089488,2165.5062802048,2165.5062802048
10903,10,Application Exercise,Application Exercise,2.7967550622402255,2.7967550622402255,12.708455002819585,12.708455002819585,295.8602680677221,295.8602680677221
10948,10,Practice Questions,Practice Questions,3.0650071239562564,3.0650071239562564,17.262120122121637,17.262120122121637,439.0235887511435,439.0235887511435
10347,10,Concept Review,Concept Review,4.897776454072663,4.897776454072663,41.768237600331666,41.768237600331666,1023.5211446724297,1023.5211446724297
10140,10,Application Exercise,Application Exercise,4.794318388612247,4.794318388612247,31.450728629296343,31.450728629296343,765.3073940386929,765.3073940386929
10622,10,Application Exercise,Application Exercise,3.733458476036124,3.733458476036124,23.535722232931725,23.535722232931725,557.3403695927627,557.3403695927627
10500,10,Application Exercise,Application Exercise,4.578033515875035,4.578033515875035,32.52235009677624,32.52235009677624,812.4982962032534,812.4982962032534
10371,10,Application Exercise,Application Exercise,4.770526110626406,4.770526110626406,39.23280673379156,39.23280673379156,965.7801667527382,965.7801667527382
10199,10,Application Exercise,Application Exercise,4.423271438027369,4.423271438027369,34.46613104510926,34.46613104510926,828.2849666707328,828.2849666707328
10688,10,Advanced Practice,Advanced Practice,5.632777659886268,5.632777659886268,63.08710979072621,63.08710979072621,1569.1873837091937,1569.1873837091937
10585,10,Application Exercise,Application Exercise,6.145892969064203,6.145892969064203,56.83721817790575,56.83721817790575,1410.4618023735297,1410.4618023735297
10902,10,Concept Review,Concept Review,5.211222390222434,5.211222390222434,50.86153052857096,50.86153052857096,1254.6718031531136,1254.6718031531136
10060,10,Application Exercise,Application Exercise,5.67892271175285,5.67892271175285,62.967895027915596,62.967895027915596,1572.7743560354681,1572.7743560354681
10329,10,Application Exercise,Application Exercise,4.448387511293662,4.448387511293662,32.88248048348275,32.88248048348275,784.9893845658383,784.9893845658383
10097,10,Application Exercise,Application Exercise,6.31226207510478,6.31226207510478,77.96906115169425,77.96906115169425,1902.696043301651,1902.696043301651
10313,10,Concept Review,Application Exercise,5.910589510954914,5.920606152469156,69.79224094535562,69.91051744835579,1688.547874925104,1686.701433473262
10975,10,Application Exercise,Application Exercise,5.0189221000120074,5.0189221000120074,36.618055641687604,36.618055641687604,878.3398986711297,878.3398986711297
10300,10,Advanced Practice,Advanced Practice,7.482712716411074,7.482712716411074,118.52616942795142,118.52616942795142,2951.150399275825,2951.150399275825
10278,10,Application Exercise,Application Exercise,3.937977104976718,3.937977104976718,20.351465678519677,20.351465678519677,483.1976253336168,483.1976253336168
10925,10,Concept Review,Concept Review,2.866089935453818,2.866089935453818,19.076694610380613,19.076694610380613,460.57986510219854,460.57986510219854
10602,10,Practice Questions,Practice Questions,0.7035935996755973,0.7035935996755973,1.0356897787224792,1.0356897787224792,26.473849565065095,26.473849565065095
10440,10,Concept Review,Concept Review,6.5500572309858995,6.5500572309858995,83.31672797814065,83.31672797814065,2063.78315017155,2063.78315017155
10838,10,Concept Review,Concept Review,3.9304463582669342,3.9304463582669342,26.915696661411964,26.915696661411964,650.2384645175199,650.2384645175199
10571,10,Application Exercise,Application Exercise,4.207861283045563,4.207861283045563,24.977864576158463,24.977864576158463,594.8546415528185,594.8546415528185
10880,10,Application Exercise,Application Exercise,5.417580843834188,5.417580843834188,44.55418485969237,44.55418485969237,1071.612986534526,1071.612986534526
10262,10,Application Exercise,Application Exercise,6.104688813574567,6.104688813574567,60.26548796760813,60.26548796760813,1461.7325337437346,1461.7325337437346
10579,10,Concept Review,Concept Review,3.364330399994109,3.364330399994109,19.00173809916673,19.00173809916673,457.9351619519411,457.9351619519411
10024,10,Critical Thinking Activity,Critical Thinking Activity,6.9977789149189515,6.9977789149189515,97.18515357039439,97.18515357039439,2418.0895804380357,2418.0895804380357
10031,10,Concept Review,Concept Review,3.9745583719748185,3.9745583719748185,14.24481720515775,14.24481720515775,351.02402795683696,351.02402795683696
10618,10,Critical Thinking Activity,Critical Thinking Activity,2.9349321308446674,2.9349321308446674,19.86362066155671,19.86362066155671,497.2826539768762,497.2826539768762
10011,10,Application Exercise,Application Exercise,3.43379869161092,3.43379869161092,16.482233719732417,16.482233719732417,388.5914615310744,388.5914615310744
10222,10,Application Exercise,Application Exercise,5.614465966172116,5.614465966172116,53.359884542499785,53.359884542499785,1292.1489688392792,1292.1489688392792
10821,10,Critical Thinking Activity,Advanced Practice,4.5222688409884135,4.521479115570511,42.97964306475388,42.97213751438213,1082.2427317219685,1081.1872654934978
10297,10,Application Exercise,Application Exercise,5.623988239283189,5.623988239283189,56.8697690756316,56.8697690756316,1388.5138087448174,1388.5138087448174
10055,10,Application Exercise,Application Exercise,5.070832075792229,5.070832075792229,55.6574528638955,55.6574528638955,1335.5350928506443,1335.5350928506443
10543,10,Concept Review,Concept Review,5.821808432008757,5.821808432008757,65.85629698288307,65.85629698288307,1636.4318999429236,1636.4318999429236
10210,10,Application Exercise,Application Exercise,4.225565933981093,4.225565933981093,26.435140482985716,26.435140482985716,629.6774395853284,629.6774395853284
10605,10,Advanced Practice,Advanced Practice,4.572546627619562,4.572546627619562,41.62846449784849,41.62846449784849,1037.8810312044677,1037.8810312044677
10693,10,Concept Review,Application Exercise,5.380756962059578,5.356766756798318,56.47642507377732,56.22462387935514,1352.4450432772712,1351.78388208493
10663,10,Advanced Practice,Advanced Practice,5.27650881852326,5.27650881852326,57.914960792111295,57.914960792111295,1442.5831216656836,1442.5831216656836
10867,10,Concept Review,Concept Review,5.866496069834083,5.866496069834083,68.23908228431006,68.23908228431006,1678.6646207371846,1678.6646207371846
10071,10,Application Exercise,Application Exercise,6.110076044038145,6.110076044038145,54.74628135458178,54.74628135458178,1355.5289528588544,1355.5289528588544
10544,10,Practice Questions,Practice Questions,2.890383920912475,2.890383920912475,15.769934672498465,15.769934672498465,395.53744272060027,395.53744272060027
10108,10,Application Exercise,Application Exercise,4.9596634819792005,4.9596634819792005,46.02567711276698,46.02567711276698,1133.8522265341196,1133.8522265341196
10494,10,Concept Review,Concept Review,5.235215703967889,5.235215703967889,39.28505864257504,39.28505864257504,961.3255883060564,961.3255883060564
10591,10,Application Exercise,Application Exercise,7.655532214638109,7.655532214638109,102.15542187213094,102.15542187213094,2481.6127148218484,2481.6127148218484
10742,10,Application Exercise,Application Exercise,5.587856482105175,5.587856482105175,57.30905608047067,57.30905608047067,1379.829338200042,1379.829338200042
10293,10,Concept Review,Application Exercise,4.5825428429592066,4.505448418122003,44.652297461794504,43.9010893861808,1077.2273461452685,1075.0347546443359
10290,10,Application Exercise,Application Exercise,4.178033395374723,4.178033395374723,23.864926754380424,23.864926754380424,589.5235427313892,589.5235427313892
10653,10,Concept Review,Concept Review,6.633912119076384,6.633912119076384,80.0315158045375,80.0315158045375,1982.5132316798042,1982.5132316798042
10040,10,Application Exercise,Application Exercise,5.488282720057771,5.488282720057771,51.985013924387204,51.985013924387204,1255.9103940055697,1255.9103940055697
10590,10,Advanced Practice,Advanced Practice,4.360003013684386,4.360003013684386,39.4841872919258,39.4841872919258,985.0020364807402,985.0020364807402
10308,10,Application Exercise,Application Exercise,3.93467128337348,3.93467128337348,23.419163478638957,23.419163478638957,557.139334325571,557.139334325571
10680,10,Application Exercise,Application Exercise,5.765362006027264,5.765362006027264,54.2405257527045,54.2405257527045,1347.0862617301552,1347.0862617301552
10067,10,Application Exercise,Application Exercise,5.988782477939965,5.988782477939965,72.72777441210295,72.72777441210295,1816.327057014384,1816.327057014384
10276,10,Concept Review,Application Exercise,6.000144110636836,6.188379006856937,75.55381464113904,77.92406845434255,1867.574326752264,1882.0847969432916
10068,10,Concept Review,Application Exercise,3.8707303265567736,3.8585892542817057,27.86925835120877,27.781842630828283,659.0545977913298,658.9671820709493
10319,10,Critical Thinking Activity,Critical Thinking Activity,2.7680554649189792,2.7680554649189792,19.841421572539243,19.841421572539243,498.58351337624447,498.58351337624447
10549,10,Application Exercise,Application Exercise,4.125214755794868,4.125214755794868,20.923089241391573,20.923089241391573,497.8448435050006,497.8448435050006
10999,10,Concept Review,Critical Thinking Activity,5.793466485358925,5.744295728024843,75.08332565025168,74.44607263520197,1861.2568421686942,1858.6601040927012
10715,10,Concept Review,Advanced Practice,2.984548189829132,2.9107644015166247,18.719086246608317,18.25631432631227,474.42317244586604,473.5155825071409
10754,10,Advanced Practice,Advanced Practice,2.350532711132722,2.350532711132722,14.479281500577567,14.479281500577567,376.029646289381,376.029646289381
10328,10,Concept Review,Application Exercise,2.9053668253391356,2.9027026949033368,11.946868385794525,11.935913481442523,278.6423416754087,278.5696669257218
10383,10,Application Exercise,Application Exercise,6.85469410946008,6.85469410946008,82.58535463077504,82.58535463077504,2061.582483653594,2061.582483653594
10452,10,Application Exercise,Application Exercise,6.235330661983628,6.235330661983628,63.94955126930409,63.94955126930409,1542.9638430147238,1542.9638430147238
10523,10,Application Exercise,Application Exercise,4.365676927324451,4.365676927324451,29.337348951620307,29.337348951620307,697.2490135674841,697.2490135674841
10219,10,Practice Questions,Practice Questions,3.4100439499076223,3.4100439499076223,24.061270110548186,24.061270110548186,599.9703773627222,599.9703773627222
10788,10,Practice Questions,Application Exercise,4.397513339289201,4.4072198225654144,41.02000442888967,41.11054650489018,1026.3940179142508,1026.481737139885
10437,10,Application Exercise,Application Exercise,4.198477181993151,4.198477181993151,26.40002452037293,26.40002452037293,628.6612360003536,628.6612360003536
10765,10,Advanced Practice,Advanced Practice,2.870546049719091,2.870546049719091,16.901775140746008,16.901775140746008,438.63429188005,438.63429188005
10089,10,Practice Questions,Practice Questions,3.6478816770718105,3.6478816770718105,21.01179845993363,21.01179845993363,523.1942987694194,523.1942987694194
10064,10,Application Exercise,Application Exercise,6.384794477881026,6.384794477881026,76.9240038695106,76.9240038695106,1920.4652275549995,1920.4652275549995
10827,10,Application Exercise,Application Exercise,6.502728548208709,6.502728548208709,62.322150406032264,62.322150406032264,1540.7286359430386,1540.7286359430386
10717,10,Critical Thinking Activity,Critical Thinking Activity,6.927153389219993,6.927153389219993,110.8344542275199,110.8344542275199,2757.0070489095574,2757.0070489095574
10352,10,Application Exercise,Application Exercise,2.408756359572677,2.408756359572677,6.590357399790845,6.590357399790845,151.892844212666,151.892844212666
10937,10,Application Exercise,Application Exercise,6.1227702946841935,6.1227702946841935,63.08902511642594,63.08902511642594,1523.3920269469565,1523.3920269469565
10257,10,Concept Review,Application Exercise,5.073654016691546,5.046858605400998,32.714921099627084,32.54214428762563,780.9057719478571,780.7329951358556
10636,10,Concept Review,Application Exercise,4.774480834394834,4.778646934423913,38.959763608661845,38.99375898489913,934.6415472601569,933.5827809290076
10645,10,Advanced Practice,Advanced Practice,1.450525042345077,1.450525042345077,2.4368820711397294,2.4368820711397294,63.741978159880674,63.741978159880674
10555,10,Advanced Practice,Advanced Practice,4.442327706218055,4.442327706218055,31.84260499817102,31.84260499817102,804.1317614250173,804.1317614250173
10960,10,Advanced Practice,Concept Review,3.5596031878008088,3.6064887803431684,26.027818509199516,26.37064596186925,634.2544995224506,635.3733302165864
10169,10,Critical Thinking Activity,Critical Thinking Activity,3.5555041397897313,3.5555041397897313,26.4529508000356,26.4529508000356,662.9778339023366,662.9778339023366
10918,10,Application Exercise,Application Exercise,2.468419327383552,2.468419327383552,9.636709054105387,9.636709054105387,222.30446789309232,222.30446789309232
10529,10,Application Exercise,Application Exercise,5.853090501523248,5.853090501523248,42.23590105899176,42.23590105899176,1018.9967852095751,1018.9967852095751
10824,10,Concept Review,Application Exercise,2.403539727944262,2.369125709987469,6.345344881772852,6.254491874366919,144.3428475405132,144.1230655869962
10986,10,Application Exercise,Application Exercise,4.360025602649775,4.360025602649775,19.742195928798182,19.742195928798182,487.98528716924596,487.98528716924596
10817,10,Critical Thinking Activity,Critical Thinking Activity,3.9944011480943997,3.9944011480943997,30.485269562256462,30.485269562256462,758.1679752629725,758.1679752629725
10087,10,Application Exercise,Application Exercise,4.648244024071975,4.648244024071975,36.219117435568826,36.219117435568826,869.9222898201313,869.9222898201313
10433,10,Application Exercise,Application Exercise,6.7673123884795485,6.7673123884795485,90.84440150294947,90.84440150294947,2199.894348101004,2199.894348101004
10185,10,Application Exercise,Application Exercise,5.189021473120175,5.189021473120175,47.57294886556577,47.57294886556577,1184.1232388769736,1184.1232388769736
10979,10,Application Exercise,Application Exercise,3.312221964721608,3.312221964721608,15.368709916308262,15.368709916308262,361.6060269958075,361.6060269958075
10535,10,Concept Review,Application Exercise,5.740679759772233,5.732873896272546,65.94892908026341,65.85925532037899,1603.2440360739336,1603.1159330011978
10295,10,Concept Review,Concept Review,4.97191562651248,4.97191562651248,42.55959776294684,42.55959776294684,1052.8015098472474,1052.8015098472474
10893,10,Concept Review,Concept Review,4.655140868030326,4.655140868030326,33.591496503706836,33.591496503706836,815.2624008551016,815.2624008551016
10426,10,Advanced Practice,Advanced Practice,2.4152050815555044,2.4152050815555044,9.969966576661122,9.969966576661122,260.7645487453427,260.7645487453427
10714,10,Critical Thinking Activity,Advanced Practice,2.045220796735696,2.040180717716457,7.297347802752965,7.279364800812318,192.12258367660476,192.10460067466414
10261,10,Concept Review,Concept Review,3.181825693848645,3.181825693848645,17.461859407841363,17.461859407841363,418.9051194809412,418.9051194809412
10238,10,Application Exercise,Application Exercise,3.646812502809136,3.646812502809136,12.720082009798267,12.720082009798267,300.8583923607161,300.8583923607161
10560,10,Application Exercise,Application Exercise,2.904536474541779,2.904536474541779,10.084550639609056,10.084550639609056,235.3708965347504,235.3708965347504
10584,10,Application Exercise,Application Exercise,4.346425009094558,4.346425009094558,27.26077765704107,27.26077765704107,681.8974226883804,681.8974226883804
10446,10,Concept Review,Application Exercise,4.862816384922479,4.733336324026547,34.54544759848929,33.62562124588459,834.043923090678,828.60250489694
10868,10,Concept Review,Application Exercise,6.378989340870342,6.324889759460309,93.28634012088789,92.49518784234755,2275.9208319990116,2271.967137552364
10801,10,Concept Review,Concept Review,4.067080968691477,4.067080968691477,29.93371592956927,29.93371592956927,729.2507880590681,729.2507880590681
10600,10,Practice Questions,Practice Questions,0.9892600254131385,0.9892600254131385,2.690787269123737,2.690787269123737,69.91998547551431,69.91998547551431
10850,10,Practice Questions,Practice Questions,2.506501826713732,2.506501826713732,9.58486298535331,9.58486298535331,244.9608980688877,244.9608980688877
10266,10,Application Exercise,Application Exercise,4.7752116767042905,4.7752116767042905,44.619577907124885,44.619577907124885,1100.2122434093387,1100.2122434093387
10996,10,Concept Review,Concept Review,5.2580098009408145,5.2580098009408145,45.26094836649853,45.26094836649853,1111.0264125772435,1111.0264125772435
10530,10,Critical Thinking Activity,Critical Thinking Activity,3.466346604589743,3.466346604589743,19.078771711661943,19.078771711661943,477.17755974545736,477.17755974545736
10056,10,Critical Thinking Activity,Critical Thinking Activity,6.019383499999423,6.019383499999423,69.24698778399336,69.24698778399336,1722.501404780802,1722.501404780802
10121,10,Advanced Practice,Advanced Practice,7.04750970418829,7.04750970418829,100.24377803237425,100.24377803237425,2493.5639785553094,2493.5639785553094
10216,10,Concept Review,Concept Review,4.166996525641805,4.166996525641805,39.26977525764837,39.26977525764837,950.5127611746677,950.5127611746677
10026,10,Application Exercise,Application Exercise,6.051478098674698,6.051478098674698,73.97326827819951,73.97326827819951,1844.8495108666157,1844.8495108666157
10073,10,Concept Review,Concept Review,4.739587722014248,4.739587722014248,43.755873849635535,43.755873849635535,1080.2182190073993,1080.2182190073993
10045,10,Practice Questions,Practice Questions,5.3535927547709665,5.3535927547709665,55.67736464961805,55.67736464961805,1387.9662817507817,1387.9662817507817
10248,10,Application Exercise,Application Exercise,1.9902691420908136,1.9902691420908136,3.37549646498602,3.37549646498602,78.47984270328867,78.47984270328867
10722,10,Application Exercise,Application Exercise,5.903938899721379,5.903938899721379,66.6908938112527,66.6908938112527,1608.5649962663365,1608.5649962663365
10282,10,Application Exercise,Application Exercise,5.463839605708453,5.463839605708453,42.31197390660626,42.31197390660626,1024.8924164764603,1024.8924164764603
10894,10,Concept Review,Concept Review,2.7879741000724074,2.7879741000724074,6.066631641757558,6.066631641757558,144.97965710544224,144.97965710544224
10915,10,Application Exercise,Application Exercise,4.761073534132698,4.761073534132698,27.576137909696588,27.576137909696588,682.3397304905046,682.3397304905046
10811,10,Application Exercise,Application Exercise,4.742394311466558,4.742394311466558,34.37287396950961,34.37287396950961,825.5529600021999,825.5529600021999
10245,10,Application Exercise,Application Exercise,4.340875955340885,4.340875955340885,26.80924990018531,26.80924990018531,639.3401463756227,639.3401463756227
10823,10,Application Exercise,Application Exercise,3.9479156286971935,3.9479156286971935,12.822829962008484,12.822829962008484,304.4844527843087,304.4844527843087
10322,10,Concept Review,Concept Review,5.080795317087706,5.080795317087706,50.40148954551004,50.40148954551004,1246.1384785365024,1246.1384785365024
10644,10,Application Exercise,Application Exercise,7.02879949043165,7.02879949043165,80.29700537869118,80.29700537869118,2005.5252810677011,2005.5252810677011
10159,10,Practice Questions,Practice Questions,3.2082099965207718,3.2082099965207718,22.07248477606291,22.07248477606291,560.8149645055539,560.8149645055539
10978,10,Application Exercise,Application Exercise,4.692393386515708,4.692393386515708,40.917670330416975,40.917670330416975,978.9429303865827,978.9429303865827
10430,10,Application Exercise,Application Exercise,4.7990925495043,4.7990925495043,42.00165799326163,42.00165799326163,1005.7644294848618,1005.7644294848618
10942,10,Concept Review,Application Exercise,4.226761140981933,4.259515082995969,28.741975758677142,28.964702564372587,690.0738586584741,690.1744981051364
10463,10,Application Exercise,Application Exercise,4.778232605139246,4.778232605139246,37.84360223270283,37.84360223270283,906.0428368304883,906.0428368304883
10310,10,Concept Review,Application Exercise,4.6117694126753594,4.503467854816955,39.40295786189827,38.47762935155606,953.1389973275512,946.6007363443255
10698,10,Concept Review,Concept Review,3.8122167443839787,3.8122167443839787,30.37574301925154,30.37574301925154,742.5222726200178,742.5222726200178
10061,10,Application Exercise,Application Exercise,3.928791686987876,3.928791686987876,23.19558611997642,23.19558611997642,550.663158970272,550.663158970272
10885,10,Application Exercise,Application Exercise,4.424263966559875,4.424263966559875,22.510655061856642,22.510655061856642,537.2641962815784,537.2641962815784
10596,10,Practice Questions,Practice Questions,5.929532341090984,5.929532341090984,71.818495715294,71.818495715294,1802.0320543767389,1802.0320543767389
10768,10,Application Exercise,Application Exercise,5.622139421134838,5.622139421134838,51.90359113591683,51.90359113591683,1249.934606183683,1249.934606183683
10650,10,Application Exercise,Application Exercise,3.6618520318404113,3.6618520318404113,14.413049597323859,14.413049597323859,342.0779231363184,342.0779231363184
10651,10,Application Exercise,Application Exercise,4.07838241029294,4.07838241029294,29.038082761285732,29.038082761285732,726.8578269063397,726.8578269063397
10866,10,Application Exercise,Application Exercise,6.474174742278681,6.474174742278681,86.90932174034903,86.90932174034903,2161.869378291182,2161.869378291182
10669,10,Concept Review,Concept Review,5.730556465613581,5.730556465613581,53.45463071124348,53.45463071124348,1314.8917669379416,1314.8917669379416
10299,10,Concept Review,Application Exercise,3.4863752629752325,3.4780967604461592,22.703275712494715,22.64936610402539,534.5575333886277,534.3647497888361
10690,10,Concept Review,Concept Review,5.11127960739508,5.11127960739508,53.64799075921876,53.64799075921876,1328.7167576239692,1328.7167576239692
10315,10,Application Exercise,Application Exercise,1.740968114429304,1.740968114429304,3.5097917186894767,3.5097917186894767,80.64742310603837,80.64742310603837
10311,10,Application Exercise,Application Exercise,4.575716550892444,4.575716550892444,33.823696744196944,33.823696744196944,815.9903235901882,815.9903235901882
10362,10,Concept Review,Concept Review,2.955317631270984,2.955317631270984,10.4500031441742,10.4500031441742,255.457522459781,255.457522459781
10480,10,Advanced Practice,Advanced Practice,6.180837782560671,6.180837782560671,86.1361553377655,86.1361553377655,2141.8467900739233,2141.8467900739233
10111,10,Application Exercise,Application Exercise,3.534016436559778,3.534016436559778,17.754898577276325,17.754898577276325,430.8711307279734,430.8711307279734
10990,10,Application Exercise,Application Exercise,4.772438373002561,4.772438373002561,35.43058248117101,35.43058248117101,848.230727743352,848.230727743352
10487,10,Application Exercise,Application Exercise,4.343410322340891,4.343410322340891,29.3267064964457,29.3267064964457,699.3933869379277,699.3933869379277
10364,10,Application Exercise,Application Exercise,4.611887595282287,4.611887595282287,22.65359186802659,22.65359186802659,541.6045664174557,541.6045664174557
10255,10,Advanced Practice,Advanced Practice,1.63399057688826,1.63399057688826,7.581716276761527,7.581716276761527,202.31188405755285,202.31188405755285
10260,10,Concept Review,Concept Review,5.497868167790692,5.497868167790692,61.04832813514785,61.04832813514785,1487.2993445698373,1487.2993445698373
10803,10,Application Exercise,Application Exercise,5.986132616867071,5.986132616867071,70.205363330617,70.205363330617,1746.358412849098,1746.358412849098
10678,10,Advanced Practice,Advanced Practice,2.7540051051866703,2.648623006398597,18.374722061805464,17.67161269869144,450.7316536009275,446.14229096750654
10495,10,Application Exercise,Application Exercise,2.6961700692524633,2.6961700692524633,8.239495731635529,8.239495731635529,191.3301778936722,191.3301778936722
10671,10,Concept Review,Concept Review,3.4998608602372547,3.438334286588937,27.43890914426008,26.956540806857266,652.5680821245948,648.4601907289849
10378,10,Advanced Practice,Advanced Practice,5.221820348296047,5.221820348296047,50.88141747379668,50.88141747379668,1267.301257037753,1267.301257037753
10527,10,Concept Review,Concept Review,5.098161062642894,5.098161062642894,56.528409862584404,56.528409862584404,1382.0888748254877,1382.0888748254877
10846,10,Concept Review,Concept Review,4.284391750328026,4.284391750328026,36.33164204278166,36.33164204278166,880.1636456086062,880.1636456086062
10138,10,Application Exercise,Application Exercise,5.409438834973175,5.409438834973175,30.55251053992849,30.55251053992849,734.8082060364341,734.8082060364341
10356,10,Application Exercise,Application Exercise,4.852514526802702,4.852514526802702,37.034390868558226,37.034390868558226,902.3825857561558,902.3825857561558
10366,10,Concept Review,Concept Review,6.1136151729740575,6.1136151729740575,71.40702522033699,71.40702522033699,1743.349454102086,1743.349454102086
10943,10,Application Exercise,Application Exercise,3.3648109419862187,3.3648109419862187,21.050257253065784,21.050257253065784,495.7284692410702,495.7284692410702
10750,10,Application Exercise,Application Exercise,5.756135550282911,5.756135550282911,55.535195789129524,55.535195789129524,1381.437995254597,1381.437995254597
10949,10,Advanced Practice,Advanced Practice,5.044269314756659,5.044269314756659,51.57260947407208,51.57260947407208,1281.6282024362822,1281.6282024362822
10830,10,Application Exercise,Application Exercise,4.866526960936996,4.866526960936996,46.4072010994952,46.4072010994952,1160.1347517576278,1160.1347517576278
10657,10,Application Exercise,Application Exercise,4.496510695419902,4.496510695419902,38.56207572392108,38.56207572392108,964.4078327642801,964.4078327642801
10200,10,Concept Review,Concept Review,4.437462821537294,4.437462821537294,33.795716848828036,33.795716848828036,819.2156593970533,819.2156593970533
10214,10,Application Exercise,Application Exercise,5.567716848332867,5.567716848332867,58.97325685754173,58.97325685754173,1445.976978845567,1445.976978845567
10409,10,Application Exercise,Application Exercise,3.1271941756795636,3.1271941756795636,15.56091821818151,15.56091821818151,390.08119502422795,390.08119502422795
10333,10,Application Exercise,Application Exercise,6.122019975978539,6.122019975978539,54.85329898476771,54.85329898476771,1356.2937892418313,1356.2937892418313
10209,10,Application Exercise,Application Exercise,4.681368239058445,4.681368239058445,37.525847804292496,37.525847804292496,897.7106133788359,897.7106133788359
10614,10,Practice Questions,Practice Questions,3.1352090592926842,3.1352090592926842,17.757824111833763,17.757824111833763,449.2455194442967,449.2455194442967
10079,10,Application Exercise,Application Exercise,4.49448761934006,4.49448761934006,24.01854183775328,24.01854183775328,573.6313277121527,573.6313277121527
