student_id,age,gender,class_year,previous_gpa,prior_course_grade,attendance_rate,absence_hours,study_hours_week,weekly_questions,quiz_average,assignment_average,assignment_on_time,midterm,practice_test_score,lms_login_count,video_watch_minutes,motivation,self_efficacy,academic_anxiety,time_management,self_regulation,preferred_learning_type,recommendation_completion_rate,conceptual_understanding,problem_solving,application_skills,critical_thinking,advanced_topics,weakest_topic,learning_risk_score,learning_risk_level,recommended_activity,recommended_duration_min,expected_learning_gain,final_grade
10001,23,F,1,2.07,41.7,70.2,13.1,1.2,59,57.9,61.4,64.3,54.4,59.0,9,97,2.56,2.92,3.14,2.53,2.78,Video,21.0,58.0,55.6,62.5,63.4,34.7,Advanced Topics,43.1,Medium,Advanced Practice,30,0.89,59.9
10002,21,F,1,2.42,62.1,100.0,5.0,11.4,388,89.3,89.8,97.8,58.4,69.3,33,442,3.87,4.31,2.4,3.89,4.13,Video,62.4,91.2,61.4,75.3,72.0,89.9,Problem Solving,18.0,Low,Practice Questions,25,5.57,92.6
10003,23,M,1,2.46,89.9,93.9,2.2,7.0,319,94.1,98.3,75.3,93.8,84.3,24,376,4.04,4.13,2.78,4.06,4.09,Video,66.2,100.0,85.3,90.9,97.4,92.4,Problem Solving,12.5,Low,Practice Questions,20,2.87,94.0
10004,25,M,2,2.98,59.9,85.5,7.8,5.2,221,68.7,69.7,82.1,46.4,55.1,28,229,3.11,2.87,2.65,2.77,3.11,Video,62.9,66.2,63.4,75.5,61.5,61.6,Critical Thinking,40.1,Medium,Critical Thinking Activity,25,4.6,57.3
10005,21,F,4,1.2,36.7,67.8,14.0,0.5,0,52.3,41.2,66.0,35.4,41.4,7,95,2.08,1.13,3.29,2.01,1.49,Video,22.8,64.4,28.3,28.2,51.6,25.4,Advanced Topics,58.7,Medium,Advanced Practice,25,1.88,35.7
10006,21,M,3,2.87,67.3,80.0,12.0,4.0,279,74.1,76.3,96.1,64.9,69.4,23,280,2.77,3.32,2.31,3.42,3.02,Video,37.3,79.7,68.3,76.1,89.3,77.6,Problem Solving,29.8,Low,Practice Questions,20,5.84,74.9
10007,25,F,2,2.59,65.9,89.7,3.5,15.5,483,79.9,96.3,96.2,90.2,72.0,35,538,4.16,3.62,2.36,3.61,4.76,Video,80.2,100.0,89.3,82.8,61.6,95.5,Critical Thinking,15.7,Low,Critical Thinking Activity,30,3.87,90.8
10008,23,F,2,2.14,42.3,69.3,17.1,4.2,186,55.5,70.2,79.1,60.4,50.6,21,304,2.66,2.53,3.39,2.98,3.09,Video,27.9,73.9,66.1,62.4,60.3,47.2,Advanced Topics,41.5,Medium,Advanced Practice,25,2.15,63.1
10009,20,M,4,2.23,61.2,71.4,14.6,7.8,268,76.7,78.9,51.3,56.5,81.6,6,133,3.43,2.88,3.13,3.22,3.57,Video,62.8,77.8,83.0,60.6,73.9,79.0,Application Skills,35.5,Medium,Application Exercise,30,5.89,66.6
10010,23,M,2,1.81,54.6,55.6,22.3,6.6,291,70.2,74.8,84.0,60.9,59.5,19,262,2.69,2.77,3.18,2.55,2.9,Video,34.6,66.4,75.3,93.1,63.5,66.3,Critical Thinking,40.2,Medium,Critical Thinking Activity,30,3.63,58.9
10011,20,M,1,1.95,47.6,70.5,14.6,0.5,0,60.1,65.5,59.1,53.2,45.1,11,325,2.25,2.42,2.52,2.53,2.09,Video,30.0,56.2,55.5,63.5,59.4,37.4,Advanced Topics,41.9,Medium,Advanced Practice,25,2.59,62.9
10012,20,M,3,1.56,33.4,70.6,16.6,7.5,254,59.6,65.6,61.7,48.3,51.7,22,203,3.41,1.93,2.96,2.39,3.15,Video,58.7,58.0,72.8,61.9,63.9,52.4,Advanced Topics,44.8,Medium,Advanced Practice,30,2.74,54.2
10013,22,F,1,2.68,70.3,91.1,2.3,0.5,81,58.1,70.3,75.4,70.2,68.1,11,332,2.54,3.61,3.27,2.65,2.96,Video,27.0,89.3,71.4,68.5,76.1,50.4,Advanced Topics,37.0,Medium,Advanced Practice,25,2.03,60.6
10014,18,M,2,3.24,80.5,73.6,13.0,6.2,258,87.6,76.1,88.2,74.9,70.8,24,311,3.04,3.33,3.13,3.67,3.68,Video,41.7,86.3,89.7,92.4,74.1,91.2,Critical Thinking,24.1,Low,Critical Thinking Activity,20,5.87,85.5
10015,18,F,2,3.12,75.7,81.8,11.3,6.5,263,82.2,81.9,97.9,70.6,94.5,20,289,3.29,3.7,2.39,3.46,3.32,Video,50.7,97.7,81.2,73.9,83.0,79.6,Application Skills,27.0,Low,Application Exercise,20,3.95,71.6
10016,20,M,4,2.37,30.0,64.8,24.6,4.9,156,71.3,56.6,55.7,50.6,51.2,5,45,3.02,2.6,4.58,2.38,1.66,Quiz,32.4,65.1,57.8,40.6,56.3,47.0,Application Skills,53.5,Medium,Application Exercise,25,2.63,30.0
10017,19,F,2,1.99,55.4,97.0,2.6,5.7,234,58.8,63.7,89.7,73.0,61.7,30,357,3.07,2.85,3.28,3.09,3.14,Video,33.6,81.2,66.4,88.6,53.0,77.5,Critical Thinking,32.4,Low,Critical Thinking Activity,20,3.12,69.8
10018,22,M,3,3.38,62.8,71.0,14.1,6.5,145,85.8,71.2,74.4,71.9,71.5,31,410,3.58,3.2,2.9,3.25,2.93,Video,29.1,85.9,92.6,84.6,92.5,75.9,Advanced Topics,26.9,Low,Advanced Practice,20,1.19,79.0
10019,20,F,4,3.13,86.9,88.0,5.8,9.0,292,85.6,100.0,75.5,73.8,94.6,29,365,4.09,3.73,2.04,2.87,3.52,Video,60.7,86.6,100.0,91.1,91.8,100.0,Conceptual Understanding,18.5,Low,Concept Review,20,5.94,88.6
10020,18,M,1,2.87,67.3,87.0,7.2,6.8,280,87.7,85.9,94.0,84.5,66.8,21,333,4.28,3.79,1.0,4.1,3.55,Video,81.0,84.9,94.6,84.3,86.4,90.3,Application Skills,17.6,Low,Application Exercise,20,6.03,79.0
10021,25,F,1,2.61,53.8,78.4,11.2,0.5,170,67.4,60.9,66.1,45.6,53.1,17,278,2.51,2.42,3.09,3.3,2.95,Video,50.1,52.7,50.3,77.5,69.5,47.7,Advanced Topics,44.5,Medium,Advanced Practice,35,7.17,56.8
10022,21,M,2,3.49,77.3,54.5,26.8,7.4,124,77.5,66.2,68.0,75.1,85.6,17,228,2.68,3.26,2.9,1.92,2.76,Video,32.4,93.0,86.2,98.2,81.3,85.9,Critical Thinking,31.7,Low,Critical Thinking Activity,20,1.42,68.9
10023,22,F,2,2.22,63.8,98.1,1.5,11.5,410,90.5,75.2,95.8,100.0,84.1,35,321,3.94,3.21,2.81,3.61,3.53,Video,58.7,100.0,94.6,100.0,78.4,100.0,Critical Thinking,15.8,Low,Critical Thinking Activity,25,5.71,81.1
10024,18,F,2,3.16,90.0,77.7,14.1,15.5,431,100.0,94.1,95.0,94.8,86.8,53,561,3.8,4.79,1.95,4.4,4.71,Video,86.8,100.0,100.0,88.2,94.6,100.0,Application Skills,7.5,Low,Application Exercise,20,4.44,100.0
10025,20,F,4,1.98,64.3,68.9,16.5,2.6,168,68.5,83.0,83.3,75.3,63.4,13,336,3.2,3.21,3.81,3.18,2.44,Video,24.2,74.3,69.6,82.9,75.2,63.4,Advanced Topics,37.6,Medium,Advanced Practice,30,2.64,60.7
10026,22,F,3,3.0,72.4,100.0,2.7,10.4,366,86.6,89.3,100.0,76.5,84.2,39,496,4.33,4.6,1.84,4.09,4.38,Video,76.4,88.2,87.3,100.0,81.7,100.0,Critical Thinking,13.4,Low,Critical Thinking Activity,20,7.24,92.2
10027,19,M,3,2.73,54.4,64.9,19.0,1.0,94,55.9,66.9,56.4,56.0,67.5,18,0,2.29,2.27,2.75,1.4,1.28,Practice,20.5,66.1,60.7,72.6,75.2,51.9,Advanced Topics,44.0,Medium,Advanced Practice,35,0.0,59.7
10028,22,F,2,3.21,78.1,100.0,0.0,12.5,455,93.8,98.6,83.7,91.9,87.5,45,547,3.94,3.96,2.52,3.87,4.26,Video,74.0,100.0,100.0,100.0,100.0,100.0,Conceptual Understanding,10.7,Low,Concept Review,20,5.29,95.3
10029,20,M,4,2.5,97.4,100.0,4.4,13.8,371,75.9,88.3,76.9,84.0,93.8,28,504,4.52,4.07,3.11,4.03,3.76,Video,65.8,100.0,100.0,97.7,94.8,87.5,Advanced Topics,16.0,Low,Advanced Practice,25,4.07,95.2
10030,21,F,4,1.36,57.7,73.3,11.0,2.3,131,58.9,68.2,89.2,68.3,39.3,18,88,2.52,2.49,2.89,2.31,2.76,Video,36.3,43.3,64.0,64.5,57.4,55.2,Conceptual Understanding,39.5,Medium,Concept Review,25,2.03,60.5
10031,20,F,4,3.37,90.3,89.2,4.5,6.7,256,84.5,80.9,72.0,81.3,70.6,31,186,2.56,3.3,3.06,3.01,3.24,Video,22.4,95.7,100.0,93.6,81.5,96.2,Critical Thinking,23.0,Low,Critical Thinking Activity,20,3.55,80.4
10032,26,M,1,3.44,80.3,76.3,11.8,11.8,458,86.4,98.7,89.0,88.5,80.4,44,501,3.83,3.69,2.63,3.31,3.71,Video,56.8,97.9,100.0,91.9,86.9,100.0,Critical Thinking,17.0,Low,Critical Thinking Activity,25,6.24,90.1
10033,21,M,3,2.11,42.1,81.6,15.1,3.1,136,60.1,63.8,63.5,37.3,65.3,23,188,1.86,2.66,2.18,2.07,2.22,Video,31.4,60.7,58.9,54.2,37.1,45.7,Critical Thinking,44.1,Medium,Critical Thinking Activity,25,2.28,55.9
10034,19,F,1,2.49,60.0,88.6,9.9,1.7,230,51.1,50.9,82.8,57.9,57.0,14,132,2.79,2.38,3.31,2.73,2.92,Quiz,31.8,75.6,58.8,65.5,73.4,46.0,Advanced Topics,44.1,Medium,Advanced Practice,25,3.36,55.0
10035,23,M,1,2.1,79.2,82.1,12.9,4.7,265,91.3,73.8,65.3,81.2,76.0,11,225,3.61,4.13,2.22,3.32,3.25,Video,58.8,80.8,83.7,83.5,76.7,79.3,Critical Thinking,23.2,Low,Critical Thinking Activity,20,4.43,71.1
10036,19,M,1,2.95,62.6,74.8,13.2,5.0,194,73.6,62.9,61.4,65.9,72.5,30,210,3.65,3.22,2.92,2.3,2.78,Video,50.9,86.5,76.6,80.3,92.8,67.4,Advanced Topics,32.0,Low,Advanced Practice,25,3.61,72.6
10037,22,F,3,2.5,74.7,78.3,16.8,9.7,304,75.9,85.9,75.8,51.6,81.0,32,403,3.44,3.0,2.39,3.36,3.48,Video,55.0,80.3,75.8,68.7,67.5,73.8,Critical Thinking,29.6,Low,Critical Thinking Activity,30,2.67,79.8
10038,18,M,3,2.41,76.8,78.2,12.7,11.3,344,77.1,84.3,82.9,77.7,74.2,30,451,3.83,3.92,3.2,3.73,3.92,Video,63.9,93.4,100.0,79.8,78.4,86.9,Critical Thinking,23.8,Low,Critical Thinking Activity,20,6.64,81.3
10039,19,M,1,3.08,100.0,90.3,7.3,8.3,297,95.8,79.5,90.0,93.7,98.0,27,289,3.85,5.0,1.9,4.22,4.13,Video,65.2,100.0,100.0,100.0,78.7,82.2,Critical Thinking,9.7,Low,Critical Thinking Activity,25,5.63,91.7
10040,22,M,2,2.91,76.7,57.4,23.8,6.3,118,96.0,89.2,65.1,88.6,76.1,16,180,4.26,4.24,2.34,3.36,2.81,Video,59.2,95.6,100.0,77.4,64.6,93.8,Critical Thinking,22.1,Low,Critical Thinking Activity,20,4.51,74.2
10041,23,F,2,2.79,57.8,74.9,13.7,8.9,300,83.0,72.9,82.6,86.6,86.9,31,417,3.05,3.72,3.47,2.95,3.3,Video,50.2,95.6,82.0,79.5,75.8,86.9,Critical Thinking,24.2,Low,Critical Thinking Activity,20,2.79,76.3
10042,22,M,2,2.5,75.7,68.6,16.8,6.3,294,91.3,75.3,73.8,78.3,75.2,17,296,3.81,4.62,1.71,3.7,3.6,Video,68.4,90.2,91.2,62.5,77.3,74.7,Application Skills,21.9,Low,Application Exercise,30,4.19,74.0
10043,21,F,1,1.9,62.4,51.6,26.2,4.5,91,63.2,73.7,48.7,44.0,46.9,6,135,2.84,2.16,3.02,1.83,1.82,Video,24.5,58.1,53.7,64.4,40.7,52.1,Critical Thinking,51.0,Medium,Critical Thinking Activity,35,1.65,43.4
10044,21,F,2,2.73,56.9,62.8,21.7,6.5,163,77.2,81.4,57.8,65.0,79.9,5,362,3.44,4.0,2.88,3.42,2.24,Video,47.4,89.1,94.6,70.5,77.9,56.2,Advanced Topics,31.8,Low,Advanced Practice,25,0.75,69.8
10045,18,F,3,3.0,71.3,96.4,2.7,13.3,359,86.6,93.6,100.0,97.4,93.9,45,597,3.45,3.84,3.2,3.52,4.09,Video,65.0,81.4,100.0,99.8,100.0,92.2,Conceptual Understanding,15.5,Low,Concept Review,20,2.61,85.5
10046,20,F,1,3.13,62.3,71.5,15.6,3.1,186,65.8,66.3,75.0,64.7,65.3,17,305,2.34,3.19,1.93,3.13,3.41,Video,31.2,84.4,88.5,81.0,74.2,67.5,Advanced Topics,33.4,Low,Advanced Practice,20,2.52,69.5
10047,20,M,1,1.82,47.5,73.3,17.7,4.6,177,56.0,49.5,45.6,46.0,54.2,18,200,1.83,2.31,1.47,2.12,2.26,Video,40.8,45.4,69.4,51.6,58.5,41.1,Advanced Topics,44.2,Medium,Advanced Practice,25,3.62,50.1
10048,24,M,2,1.98,56.3,81.4,4.3,4.8,232,71.7,57.4,74.9,62.9,50.5,31,331,3.11,3.21,4.15,2.78,3.38,Video,39.8,63.6,81.5,68.4,80.6,57.8,Advanced Topics,39.1,Medium,Advanced Practice,25,2.72,57.9
10049,22,M,4,1.66,55.8,63.9,20.9,2.2,127,56.0,65.7,67.2,49.5,61.4,16,163,2.96,2.63,3.99,2.76,2.4,Video,37.3,46.4,63.8,54.3,64.7,45.1,Advanced Topics,51.7,Medium,Advanced Practice,25,1.3,43.7
10050,18,F,3,2.86,47.1,79.6,12.7,0.5,122,65.8,54.0,87.7,47.9,56.9,17,276,2.44,2.54,2.15,2.35,2.97,Video,50.4,53.7,59.6,86.1,66.7,51.4,Advanced Topics,43.1,Medium,Advanced Practice,30,2.52,53.4
10051,22,F,3,2.58,45.8,82.4,12.0,0.5,98,73.8,67.9,73.3,51.0,71.8,10,111,2.99,3.17,3.22,2.12,2.6,Video,26.1,82.8,63.1,70.1,56.6,53.9,Advanced Topics,41.6,Medium,Advanced Practice,35,1.91,55.4
10052,21,F,2,1.52,63.2,71.4,15.6,2.5,128,52.0,44.0,58.8,41.5,45.3,14,200,2.41,2.5,4.13,1.51,2.44,Video,17.3,67.5,44.4,68.3,52.2,32.8,Advanced Topics,55.1,Medium,Advanced Practice,25,1.63,38.5
10053,20,M,3,2.98,59.3,67.9,18.1,8.4,256,65.9,70.3,88.9,52.3,76.9,26,304,3.94,3.53,3.79,2.84,3.44,Video,51.0,85.7,72.7,79.8,67.9,67.5,Advanced Topics,38.7,Medium,Advanced Practice,25,7.39,65.5
10054,23,F,1,3.06,67.4,68.3,19.4,4.4,217,89.4,84.7,77.0,78.3,77.8,23,282,3.01,3.73,3.12,3.79,3.08,Video,42.0,97.4,87.3,69.3,74.0,85.9,Application Skills,28.2,Low,Application Exercise,30,5.12,70.4
10055,24,M,3,2.21,62.8,70.1,19.4,2.0,177,70.7,66.6,79.5,52.7,65.1,11,418,3.4,3.24,2.48,3.43,3.18,Video,68.6,72.1,58.6,57.6,57.4,38.7,Advanced Topics,38.1,Medium,Advanced Practice,25,6.08,64.4
10056,24,M,4,3.15,83.7,98.5,0.2,12.3,446,87.9,100.0,83.9,96.3,100.0,43,465,4.1,5.0,2.0,3.95,4.74,Video,71.9,100.0,100.0,96.1,98.2,100.0,Application Skills,6.9,Low,Application Exercise,25,7.66,99.3
10057,20,F,3,2.51,72.5,81.4,10.8,9.6,330,94.0,93.4,62.4,82.4,80.6,35,347,3.78,3.7,2.5,3.47,3.84,Video,59.5,100.0,80.9,100.0,96.4,84.7,Problem Solving,19.8,Low,Practice Questions,20,3.26,79.0
10058,21,M,4,3.17,80.4,72.1,18.7,6.3,336,83.6,79.6,69.9,81.4,65.2,20,412,3.03,3.8,3.16,3.1,2.95,Video,46.1,96.3,84.6,89.8,98.9,87.9,Problem Solving,24.9,Low,Practice Questions,20,1.74,78.6
10059,22,F,3,2.03,65.3,72.3,11.0,6.7,269,67.7,71.9,49.8,57.9,75.5,32,276,3.23,2.86,1.7,2.59,3.16,Video,43.8,78.4,68.6,58.5,67.0,81.5,Application Skills,36.3,Medium,Application Exercise,35,2.0,59.2
10060,24,M,1,3.65,74.7,100.0,0.0,6.0,372,95.3,82.4,100.0,80.3,84.7,36,408,3.62,3.41,1.61,3.85,4.36,Video,69.3,85.4,85.0,99.7,83.9,85.6,Critical Thinking,17.0,Low,Critical Thinking Activity,20,7.52,82.7
10061,20,M,4,1.54,62.6,79.3,14.3,2.5,153,67.1,75.0,67.0,37.7,47.5,15,89,2.66,2.36,3.44,3.01,2.37,Quiz,36.9,56.1,42.0,48.8,62.1,33.4,Advanced Topics,47.2,Medium,Advanced Practice,25,1.97,53.3
10062,21,F,1,3.56,54.2,59.1,24.7,7.6,150,79.3,83.1,55.1,68.2,74.1,25,326,1.9,3.78,3.02,2.37,2.21,Video,22.4,72.3,77.3,84.8,73.6,73.5,Conceptual Understanding,31.0,Low,Concept Review,20,0.27,71.3
10063,19,F,2,2.59,73.8,87.3,8.0,6.9,320,79.5,78.5,82.4,70.9,59.6,22,379,2.51,3.16,3.44,3.48,3.66,Video,44.4,84.9,66.5,87.3,80.3,71.6,Problem Solving,28.0,Low,Practice Questions,30,3.44,76.9
10064,19,M,1,2.93,71.6,79.1,10.6,12.6,383,98.6,95.9,88.8,81.8,98.0,37,431,4.59,5.0,1.83,3.86,4.17,Video,75.3,100.0,92.6,100.0,94.4,100.0,Problem Solving,9.6,Low,Practice Questions,30,5.21,100.0
10065,23,M,1,2.3,59.3,89.4,4.1,8.1,280,56.8,72.1,78.9,57.8,41.9,24,416,3.18,2.72,2.65,2.85,2.83,Video,34.5,68.5,69.0,77.2,54.4,59.2,Critical Thinking,37.2,Medium,Critical Thinking Activity,25,3.47,61.2
10066,24,F,2,1.88,52.2,67.4,16.8,0.5,96,54.7,62.0,72.1,42.2,48.3,3,0,2.77,2.53,2.49,1.39,2.17,Video,34.7,68.2,44.2,63.4,69.6,38.7,Advanced Topics,49.1,Medium,Advanced Practice,25,2.93,49.2
10067,21,M,2,3.17,68.6,87.9,9.7,10.3,302,78.3,95.9,75.6,81.5,82.1,23,332,3.67,3.99,2.97,3.81,3.85,Video,75.9,100.0,84.0,97.3,88.1,94.9,Problem Solving,22.4,Low,Practice Questions,25,4.09,77.6
10068,24,M,2,1.2,58.5,55.7,23.1,8.6,260,63.3,52.3,60.2,57.8,68.1,24,288,2.85,2.36,2.07,2.91,2.63,Video,45.0,59.4,53.7,68.2,42.9,63.9,Critical Thinking,41.9,Medium,Critical Thinking Activity,25,4.31,51.1
10069,22,M,3,2.5,81.5,98.6,1.0,9.0,307,83.2,89.6,96.8,85.9,82.2,27,335,4.38,3.86,1.6,3.63,3.8,Video,76.5,100.0,96.7,100.0,99.4,88.8,Advanced Topics,14.0,Low,Advanced Practice,25,4.36,89.6
10070,20,F,1,1.54,48.5,59.9,20.5,2.0,158,44.1,48.1,63.1,47.4,48.1,18,2,2.02,2.39,1.93,2.5,1.24,Quiz,30.0,56.1,48.8,35.7,41.8,39.4,Application Skills,51.2,Medium,Application Exercise,25,1.41,41.9
10071,22,M,1,2.48,70.1,90.4,7.0,7.2,259,87.6,99.4,82.2,87.7,82.5,31,315,4.43,3.87,3.01,3.03,3.85,Video,56.0,78.0,92.0,90.1,74.6,89.8,Critical Thinking,16.6,Low,Critical Thinking Activity,20,5.67,91.7
10072,25,M,3,1.88,46.3,91.6,3.5,2.6,170,56.6,72.7,98.0,32.4,53.1,28,327,2.84,2.94,3.24,3.56,3.16,Video,59.3,64.7,52.5,53.1,57.5,48.1,Advanced Topics,48.5,Medium,Advanced Practice,30,3.24,49.0
10073,21,F,2,2.96,72.0,75.6,13.2,8.0,215,83.5,80.8,69.0,85.0,76.4,23,422,3.02,3.11,1.55,3.32,3.29,Video,57.7,95.0,84.3,92.1,96.6,85.8,Problem Solving,20.0,Low,Practice Questions,20,3.4,82.4
10074,25,F,3,3.12,73.9,79.9,7.7,10.3,347,73.4,95.9,74.5,92.3,78.9,31,372,3.28,3.38,3.07,3.11,3.17,Video,62.3,100.0,92.4,91.5,82.2,95.1,Critical Thinking,23.6,Low,Critical Thinking Activity,30,5.2,75.5
10075,18,M,3,2.31,64.5,89.6,2.5,9.4,321,71.5,86.6,83.9,59.8,53.2,22,449,3.08,3.75,4.35,3.56,3.39,Video,38.5,62.7,72.6,63.7,70.7,78.1,Conceptual Understanding,34.9,Low,Concept Review,20,2.37,64.4
10076,23,F,4,2.58,59.0,74.8,13.9,13.3,371,90.0,89.7,68.6,85.7,78.2,33,461,3.55,3.93,2.36,2.82,2.9,Video,66.7,99.6,76.7,100.0,87.8,90.6,Problem Solving,18.3,Low,Practice Questions,20,3.68,83.5
10077,22,M,3,2.82,68.1,70.0,13.8,3.9,148,66.7,87.6,76.9,57.5,66.7,23,366,2.64,2.89,2.37,1.61,2.97,Video,45.0,77.4,71.9,67.3,71.5,59.6,Advanced Topics,38.0,Medium,Advanced Practice,35,4.38,62.5
10078,21,F,2,2.34,57.7,63.7,24.2,9.5,195,72.0,74.6,62.8,49.5,65.8,25,291,3.27,3.6,4.06,2.69,3.22,Video,47.3,69.7,67.0,55.7,66.8,71.0,Application Skills,40.5,Medium,Application Exercise,25,6.91,59.9
10079,22,F,3,2.42,44.7,64.4,15.4,2.6,188,47.3,59.7,69.5,44.0,51.9,26,86,1.52,2.95,2.5,2.64,3.03,Quiz,33.4,65.5,60.3,61.1,47.3,54.3,Critical Thinking,49.4,Medium,Critical Thinking Activity,30,4.1,47.2
10080,18,M,1,1.9,33.1,53.1,24.2,3.7,179,51.7,58.8,70.6,33.8,40.3,6,147,3.04,2.21,3.09,2.39,1.59,Quiz,29.2,37.6,38.4,37.0,56.7,47.6,Application Skills,51.7,Medium,Application Exercise,25,2.6,54.4
10081,21,F,2,2.73,68.1,94.8,2.9,7.5,243,82.8,76.7,79.1,70.3,67.0,27,294,2.76,3.32,2.92,3.53,3.31,Video,57.2,90.7,94.0,75.1,81.7,78.2,Application Skills,27.3,Low,Application Exercise,25,5.05,70.5
10082,22,F,3,1.46,30.0,75.2,12.9,3.0,234,55.6,56.0,63.7,34.6,42.3,19,171,2.86,2.0,3.46,2.71,2.78,Video,39.5,56.8,44.7,46.1,51.8,44.7,Problem Solving,52.5,Medium,Practice Questions,30,1.6,46.3
10083,25,F,2,2.35,63.9,87.3,4.8,10.0,362,89.7,93.2,97.8,69.7,75.1,28,417,3.94,3.8,3.32,3.64,3.51,Video,43.7,81.8,87.1,73.6,58.0,84.5,Critical Thinking,23.9,Low,Critical Thinking Activity,20,4.11,78.4
10084,20,M,3,2.21,54.3,83.9,7.0,1.2,133,67.0,67.9,65.8,58.9,61.2,15,176,3.82,3.28,2.93,2.84,2.98,Video,43.8,79.4,64.9,52.2,65.2,34.4,Advanced Topics,37.0,Medium,Advanced Practice,30,3.47,64.9
10085,20,F,4,2.76,75.3,68.4,15.4,2.3,135,75.8,61.7,65.9,63.0,72.1,20,233,3.09,3.2,1.48,2.4,3.33,Video,52.3,94.6,63.2,90.8,84.2,61.5,Advanced Topics,32.9,Low,Advanced Practice,25,4.58,66.0
10086,20,F,4,2.51,53.5,70.2,15.8,4.6,113,67.6,71.0,71.4,64.5,60.3,15,286,2.7,2.97,2.35,2.18,2.55,Video,40.8,64.8,73.1,63.1,69.4,60.9,Advanced Topics,36.2,Medium,Advanced Practice,25,3.24,61.9
10087,24,M,4,2.66,59.4,85.7,11.7,1.4,218,71.0,63.5,90.7,64.7,53.5,28,234,2.96,3.17,2.33,3.22,3.04,Video,48.7,62.0,47.4,76.5,66.2,56.2,Problem Solving,32.7,Low,Practice Questions,25,4.31,69.1
10088,22,F,2,2.88,90.4,91.3,4.9,12.6,338,80.8,97.9,93.0,100.0,76.1,24,481,4.66,4.61,1.91,3.99,3.71,Video,86.4,100.0,100.0,96.4,93.9,100.0,Critical Thinking,11.3,Low,Critical Thinking Activity,25,5.12,89.8
10089,20,M,2,2.72,79.1,63.7,22.3,10.3,267,76.5,88.3,68.4,86.1,98.8,31,365,3.13,3.94,2.16,3.14,3.07,Video,36.0,84.1,98.0,94.7,92.9,77.3,Advanced Topics,19.8,Low,Advanced Practice,20,3.4,87.3
10090,23,F,3,2.76,74.1,73.6,15.5,5.7,285,83.4,83.7,81.1,69.8,59.0,27,394,2.86,2.68,2.03,2.85,3.81,Video,55.5,76.0,72.8,84.5,82.2,90.9,Problem Solving,26.2,Low,Practice Questions,20,2.75,80.8
10091,22,M,2,2.58,74.0,76.3,15.2,9.9,240,75.2,99.3,84.7,80.4,83.7,26,388,4.75,4.29,2.9,4.79,5.0,Video,71.6,88.8,86.5,100.0,88.3,98.6,Problem Solving,19.7,Low,Practice Questions,20,5.63,91.1
10092,24,F,3,1.46,49.6,59.4,16.7,6.3,109,56.0,67.5,54.9,49.2,54.9,10,207,2.79,1.92,2.92,2.22,2.53,Video,42.5,60.1,48.8,45.4,41.4,59.6,Critical Thinking,47.2,Medium,Critical Thinking Activity,25,5.2,52.2
10093,20,M,3,2.25,76.7,89.9,5.0,15.8,416,100.0,89.9,88.5,92.3,93.0,22,452,4.29,4.39,1.35,3.28,3.6,Video,71.3,100.0,100.0,100.0,100.0,100.0,Conceptual Understanding,13.5,Low,Concept Review,25,5.45,75.8
10094,21,F,3,2.58,71.2,74.1,16.9,7.5,272,79.6,86.5,70.9,71.8,80.2,20,316,3.36,3.96,1.69,3.44,3.62,Video,65.2,78.6,92.0,87.7,80.8,86.5,Conceptual Understanding,22.9,Low,Concept Review,20,4.75,81.1
10095,21,F,2,2.24,56.1,68.9,16.0,6.0,232,60.9,80.0,72.8,61.0,54.6,25,206,3.37,2.73,3.25,3.1,2.54,Video,37.3,73.1,79.8,78.5,70.9,69.1,Advanced Topics,40.2,Medium,Advanced Practice,35,5.78,60.4
10096,18,F,1,2.17,59.2,89.6,9.2,7.8,263,76.2,71.9,81.2,56.7,72.2,26,282,3.67,3.25,1.95,3.69,3.94,Video,77.5,81.4,71.4,82.4,58.6,83.0,Critical Thinking,29.4,Low,Critical Thinking Activity,20,3.42,71.2
10097,22,F,2,2.44,79.7,99.9,3.0,10.0,462,78.5,94.7,79.7,71.9,76.5,38,503,4.05,3.63,3.6,4.28,4.41,Video,77.2,78.4,92.2,80.2,87.7,83.5,Conceptual Understanding,26.6,Low,Concept Review,20,4.17,72.3
10098,22,F,1,2.66,64.8,86.0,6.8,7.8,278,77.7,75.0,91.6,74.6,70.0,25,285,3.81,3.56,1.19,3.98,3.76,Video,76.8,72.5,88.1,78.7,88.2,84.7,Conceptual Understanding,20.5,Low,Concept Review,25,7.87,82.7
10099,22,F,4,2.91,76.8,89.4,4.8,8.7,285,77.8,77.5,86.0,74.4,80.1,31,347,3.58,3.54,3.76,3.73,4.11,Video,57.8,94.2,80.9,83.5,79.5,90.3,Critical Thinking,28.7,Low,Critical Thinking Activity,20,4.98,70.3
10100,21,M,2,2.83,94.9,76.6,10.8,11.0,319,99.3,93.0,66.0,87.8,96.3,28,519,3.44,3.74,2.03,4.49,3.43,Video,68.3,100.0,98.2,100.0,76.3,94.1,Critical Thinking,13.7,Low,Critical Thinking Activity,20,4.37,91.0
10101,18,F,1,3.45,86.2,97.4,0.2,13.2,412,98.1,92.8,84.6,84.3,83.7,31,467,2.93,3.12,2.91,2.9,3.07,Video,39.3,92.1,95.9,83.2,97.8,100.0,Application Skills,15.4,Low,Application Exercise,20,1.63,90.4
10102,21,F,1,2.35,37.1,96.7,0.0,0.5,157,54.2,64.8,69.7,38.8,49.6,16,271,2.74,2.87,2.7,2.85,3.47,Video,53.9,63.5,55.6,61.4,60.0,40.9,Advanced Topics,45.7,Medium,Advanced Practice,25,4.93,53.0
10103,21,M,3,2.42,79.4,92.8,4.8,9.3,379,77.0,80.4,94.7,90.8,90.9,27,364,3.81,4.16,2.02,4.34,3.95,Video,84.2,87.9,100.0,88.4,81.1,92.8,Critical Thinking,13.5,Low,Critical Thinking Activity,20,6.52,93.8
10104,20,M,3,2.87,88.9,66.4,15.6,5.8,173,82.9,89.7,68.5,76.0,91.0,16,235,3.42,4.25,3.05,3.53,3.71,Video,65.3,88.5,84.6,93.9,89.7,74.1,Advanced Topics,26.5,Low,Advanced Practice,30,3.21,76.5
10105,21,F,2,3.19,80.2,75.1,14.9,13.3,358,86.5,83.3,75.0,84.4,95.5,29,307,3.95,4.3,2.24,3.96,4.22,Video,66.1,96.9,100.0,100.0,100.0,100.0,Conceptual Understanding,15.8,Low,Concept Review,20,5.08,91.6
10106,22,F,1,3.02,74.6,88.5,7.6,10.4,340,98.7,84.6,85.2,93.9,77.2,28,495,4.69,4.04,2.21,4.12,3.71,Video,78.9,100.0,90.4,100.0,96.2,96.5,Problem Solving,13.4,Low,Practice Questions,30,4.83,83.8
10107,26,F,2,2.67,84.1,89.0,2.7,5.2,295,83.6,83.6,88.3,83.0,95.4,35,279,3.08,3.78,2.47,4.21,3.76,Video,49.0,99.0,98.7,98.2,80.6,92.1,Critical Thinking,18.7,Low,Critical Thinking Activity,25,4.71,89.5
10108,22,M,2,2.51,84.4,95.1,5.8,8.2,305,76.9,77.2,86.9,80.3,83.3,34,452,3.08,3.85,2.84,2.86,3.92,Video,58.0,88.3,92.9,87.7,82.8,93.4,Critical Thinking,20.6,Low,Critical Thinking Activity,20,3.09,84.8
10109,22,M,3,2.57,61.9,87.9,7.7,10.6,368,82.3,83.0,67.4,66.2,66.8,37,345,3.23,3.48,3.1,3.85,3.61,Video,58.7,74.2,100.0,64.1,70.7,84.9,Application Skills,26.1,Low,Application Exercise,20,6.42,77.2
10110,21,F,3,2.61,77.4,80.7,12.1,10.9,315,96.4,97.8,96.7,97.4,87.8,35,541,3.47,3.48,1.0,4.2,3.51,Video,53.6,100.0,100.0,97.6,98.2,100.0,Application Skills,10.4,Low,Application Exercise,25,5.66,90.2
10111,18,M,2,2.46,78.1,86.5,5.9,5.7,331,67.5,62.8,86.0,57.5,75.8,29,528,2.96,3.31,3.68,2.78,3.05,Video,31.4,92.2,82.6,83.5,63.7,66.1,Critical Thinking,38.5,Medium,Critical Thinking Activity,35,2.59,59.2
10112,21,M,1,2.57,68.6,75.0,15.0,10.1,359,73.1,85.9,91.2,70.1,70.8,21,251,4.35,3.55,2.8,4.03,3.54,Video,65.7,81.4,76.0,83.8,73.8,87.6,Critical Thinking,27.8,Low,Critical Thinking Activity,20,4.41,75.5
10113,22,M,4,2.94,55.6,83.2,11.5,9.6,266,96.7,66.8,88.2,56.6,71.9,31,323,3.41,2.85,1.77,3.44,3.26,Video,56.7,71.6,99.7,71.6,78.7,90.9,Conceptual Understanding,24.0,Low,Concept Review,20,3.99,80.0
10114,27,M,2,3.19,79.0,84.9,8.1,7.7,251,97.4,96.0,85.9,79.0,95.7,32,451,3.76,4.25,3.19,3.58,3.97,Video,52.1,96.6,100.0,85.6,100.0,90.7,Application Skills,18.0,Low,Application Exercise,20,3.43,88.2
10115,21,F,3,2.56,52.9,69.1,21.0,0.5,21,50.9,51.1,46.3,58.7,39.3,16,150,1.87,1.36,3.97,1.12,1.84,Video,18.1,55.7,53.7,68.4,54.1,38.0,Advanced Topics,54.9,Medium,Advanced Practice,25,1.04,36.4
10116,22,F,1,3.83,71.2,100.0,0.1,5.6,290,89.9,76.4,77.0,87.3,79.6,31,413,3.57,3.71,2.05,2.82,3.45,Video,60.3,99.4,84.3,100.0,88.6,99.1,Problem Solving,18.3,Low,Practice Questions,25,4.07,78.2
10117,21,F,2,3.33,70.5,74.7,16.2,4.9,177,78.0,85.4,95.6,75.0,77.2,31,274,3.28,3.45,3.39,3.9,3.37,Video,50.9,92.1,74.9,86.4,90.0,74.3,Advanced Topics,26.7,Low,Advanced Practice,30,6.5,84.0
10118,19,F,1,1.99,43.2,45.0,30.8,0.5,59,49.1,42.3,65.4,30.2,31.2,4,277,1.0,1.78,3.5,1.81,1.46,Video,9.0,57.6,49.6,52.4,37.6,20.5,Advanced Topics,61.2,High,Advanced Practice,30,2.5,38.0
10119,24,F,2,1.98,83.0,84.9,9.5,11.9,391,87.4,84.5,79.4,87.5,74.4,31,463,4.2,3.77,2.51,3.79,3.17,Video,72.4,89.2,99.3,94.1,68.5,95.9,Critical Thinking,19.8,Low,Critical Thinking Activity,25,6.07,77.0
10120,23,M,4,1.72,41.9,49.4,24.5,2.0,95,45.9,33.6,36.4,27.4,37.9,12,42,2.45,1.94,2.98,2.49,2.13,Quiz,43.8,46.9,38.3,55.8,46.5,44.6,Problem Solving,62.9,High,Practice Questions,35,3.39,28.2
10121,23,F,2,3.25,76.4,100.0,0.7,16.4,567,100.0,100.0,100.0,100.0,100.0,57,672,5.0,3.82,2.25,5.0,5.0,Video,88.9,100.0,100.0,100.0,100.0,100.0,Conceptual Understanding,6.5,Low,Concept Review,20,5.04,99.5
10122,19,F,1,2.94,92.5,100.0,0.0,13.7,415,89.2,100.0,100.0,86.5,100.0,42,482,4.62,4.31,1.48,5.0,4.67,Video,85.3,100.0,100.0,100.0,100.0,100.0,Conceptual Understanding,11.5,Low,Concept Review,20,6.26,89.6
10123,25,F,1,2.93,54.2,89.8,3.9,5.5,251,78.5,67.0,72.3,52.4,52.9,22,424,3.58,2.97,2.84,2.69,3.18,Video,55.7,75.4,53.0,85.5,65.5,65.9,Problem Solving,34.7,Low,Practice Questions,25,5.55,65.3
10124,18,M,2,2.94,56.5,80.7,14.1,4.1,168,65.6,62.9,80.2,72.6,73.1,24,216,3.3,3.2,1.82,3.35,2.97,Video,52.2,79.4,85.8,52.7,75.8,71.2,Application Skills,25.9,Low,Application Exercise,30,1.92,84.1
10125,23,F,1,3.7,92.4,100.0,0.0,12.2,424,94.7,100.0,100.0,100.0,94.3,36,596,4.55,5.0,1.71,4.95,5.0,Video,89.6,100.0,100.0,100.0,100.0,100.0,Conceptual Understanding,5.4,Low,Concept Review,25,7.69,96.0
10126,26,F,1,2.72,74.4,71.7,13.6,9.1,324,75.8,74.2,93.1,73.2,58.9,37,358,4.11,2.8,3.59,4.26,4.04,Video,72.4,94.2,79.3,77.1,89.7,82.9,Application Skills,30.5,Low,Application Exercise,20,8.85,74.5
10127,19,F,3,2.17,47.8,61.6,20.4,0.5,83,42.4,49.0,61.2,33.5,41.1,5,75,2.03,2.24,2.82,2.16,1.94,Quiz,9.1,37.8,38.6,52.0,54.3,29.1,Advanced Topics,54.2,Medium,Advanced Practice,25,3.06,49.9
10128,20,F,2,2.31,80.1,77.3,9.9,6.4,244,81.4,97.8,58.2,77.5,87.6,14,164,3.08,3.51,2.37,2.19,2.82,Video,54.8,64.5,91.0,74.2,64.7,56.9,Advanced Topics,23.9,Low,Advanced Practice,20,5.9,80.3
10129,22,M,2,3.3,100.0,93.3,6.5,9.0,293,99.3,88.7,81.8,95.3,96.8,31,465,3.32,4.18,2.47,3.42,4.17,Video,62.5,100.0,100.0,100.0,100.0,100.0,Conceptual Understanding,10.6,Low,Concept Review,25,5.45,92.5
10130,20,M,4,3.01,55.2,52.8,24.6,6.4,142,82.7,82.3,76.7,62.5,71.1,19,282,3.03,3.78,1.52,1.95,2.57,Video,41.8,97.4,64.8,75.1,59.2,73.9,Critical Thinking,30.2,Low,Critical Thinking Activity,25,4.57,69.5
10131,18,F,1,2.73,69.6,86.1,8.7,17.5,494,100.0,98.8,89.5,100.0,87.5,44,510,4.09,4.53,1.3,4.2,3.71,Video,74.2,100.0,100.0,100.0,100.0,100.0,Conceptual Understanding,7.7,Low,Concept Review,20,4.09,90.3
10132,22,M,4,3.11,72.9,78.3,14.6,13.9,356,96.9,100.0,90.8,76.3,91.9,40,380,4.39,4.9,2.36,4.1,4.22,Video,76.0,100.0,99.8,86.0,92.8,95.3,Application Skills,15.1,Low,Application Exercise,25,6.83,90.4
10133,19,M,2,1.8,54.8,59.1,21.5,2.5,154,56.6,60.7,75.5,43.2,52.1,20,317,2.32,3.06,3.47,2.74,2.55,Video,17.4,75.2,50.8,52.1,50.0,50.6,Critical Thinking,48.6,Medium,Critical Thinking Activity,30,3.23,53.5
10134,23,M,4,2.99,53.6,52.9,27.0,0.5,101,55.4,57.6,60.8,43.3,39.4,10,1,1.87,2.62,2.63,1.1,1.76,Quiz,30.0,61.1,47.0,72.3,48.1,45.5,Advanced Topics,49.0,Medium,Advanced Practice,30,2.49,53.7
10135,19,F,3,3.78,96.1,70.6,14.1,9.8,253,81.2,95.2,62.3,67.2,87.0,20,480,3.93,4.11,2.29,4.41,3.65,Video,69.0,100.0,80.6,95.9,78.9,100.0,Critical Thinking,23.5,Low,Critical Thinking Activity,30,6.91,82.9
10136,25,F,4,3.02,87.2,88.0,11.5,7.9,348,93.5,88.7,79.6,77.4,84.7,17,310,3.22,4.23,3.05,2.92,3.24,Video,52.1,91.3,100.0,100.0,97.3,92.0,Conceptual Understanding,20.4,Low,Concept Review,20,3.21,81.2
10137,20,F,4,2.88,63.8,59.2,24.3,3.6,200,57.9,79.8,59.6,70.3,53.5,15,102,2.14,2.89,3.43,2.35,2.08,Quiz,31.9,74.3,65.1,84.3,62.8,52.4,Advanced Topics,42.4,Medium,Advanced Practice,35,2.1,54.7
10138,21,M,2,1.87,53.7,71.5,15.3,0.5,59,73.4,52.8,83.0,51.0,47.5,21,201,2.82,3.38,2.94,3.02,2.99,Video,35.3,75.4,49.5,56.3,48.6,43.8,Advanced Topics,40.6,Medium,Advanced Practice,25,3.37,59.3
10139,23,F,4,3.74,94.6,91.1,3.4,8.7,407,98.0,100.0,96.1,100.0,100.0,36,369,4.66,5.0,2.05,4.41,4.96,Video,91.5,100.0,100.0,100.0,100.0,100.0,Conceptual Understanding,5.7,Low,Concept Review,20,5.23,100.0
10140,19,F,2,2.49,44.2,54.5,24.8,2.8,174,62.5,71.8,63.5,68.9,59.0,23,201,2.48,2.77,2.32,2.98,3.0,Video,41.0,70.5,70.0,81.7,67.3,55.6,Advanced Topics,37.6,Medium,Advanced Practice,35,3.78,65.1
10141,22,F,2,2.7,81.0,79.4,10.6,4.7,187,60.5,72.7,68.2,62.9,58.6,24,247,3.66,3.18,3.83,2.31,1.8,Video,41.9,70.0,60.3,77.6,78.7,69.3,Problem Solving,40.6,Medium,Practice Questions,35,0.0,57.6
10142,24,M,2,2.84,73.3,71.8,19.4,5.9,212,71.4,84.7,70.2,73.4,64.3,25,114,3.51,3.01,3.64,3.73,3.11,Video,33.7,82.5,93.1,76.6,87.3,72.2,Advanced Topics,32.6,Low,Advanced Practice,20,4.84,72.4
10143,18,F,2,4.0,86.4,74.1,11.8,12.6,398,100.0,92.5,65.2,92.7,100.0,29,554,2.82,4.32,2.2,3.28,2.67,Video,44.9,100.0,100.0,100.0,100.0,100.0,Conceptual Understanding,13.6,Low,Concept Review,25,3.38,86.3
10144,22,M,1,2.57,77.7,70.2,16.7,1.3,179,79.2,60.5,70.6,48.8,62.6,16,249,2.58,3.1,2.17,2.44,3.2,Video,39.5,76.0,87.4,84.2,75.6,61.1,Advanced Topics,35.9,Medium,Advanced Practice,30,2.76,69.5
10145,22,M,3,2.1,74.3,88.6,6.2,3.5,160,61.4,73.0,81.2,56.8,70.3,32,172,2.84,2.73,3.18,2.91,2.54,Video,41.9,82.6,72.6,70.5,65.6,59.4,Advanced Topics,39.0,Medium,Advanced Practice,30,1.85,62.8
10146,23,F,2,2.62,71.5,89.0,5.8,12.1,330,95.8,78.6,94.7,80.8,76.6,36,388,3.78,4.02,2.11,3.8,3.46,Video,67.9,67.6,100.0,86.1,100.0,98.1,Conceptual Understanding,18.5,Low,Concept Review,20,4.39,76.3
10147,19,M,3,1.98,61.4,73.5,14.4,7.2,192,84.0,71.8,81.1,74.4,71.3,20,410,3.05,3.7,3.22,3.7,3.21,Video,43.2,74.4,80.6,70.5,80.6,77.6,Application Skills,28.5,Low,Application Exercise,25,4.71,70.5
10148,19,F,4,2.25,77.7,82.8,9.2,9.9,344,81.0,74.7,87.7,80.6,82.2,25,468,3.47,3.86,1.58,3.33,4.17,Video,61.8,100.0,84.6,89.7,71.5,98.2,Critical Thinking,18.0,Low,Critical Thinking Activity,20,5.92,84.8
10149,23,M,2,1.2,31.6,79.1,13.2,2.8,167,39.4,38.2,65.1,20.0,20.0,21,308,1.84,1.08,2.06,1.71,1.58,Video,20.7,39.1,38.7,34.8,37.5,43.9,Application Skills,59.4,Medium,Application Exercise,25,0.53,35.7
10150,22,F,2,2.06,54.1,72.2,16.5,3.1,185,66.3,64.2,70.8,67.3,61.7,11,162,2.75,2.54,2.77,2.87,2.83,Video,34.6,70.0,68.3,61.1,60.1,61.2,Critical Thinking,38.8,Medium,Critical Thinking Activity,25,1.81,58.3
10151,22,M,1,2.3,73.7,67.2,18.9,1.4,119,75.9,47.0,69.8,70.5,67.7,24,210,1.69,2.33,2.56,2.45,2.35,Video,33.4,88.9,69.5,74.6,69.4,60.0,Advanced Topics,38.0,Medium,Advanced Practice,25,3.63,57.2
10152,22,M,1,2.19,52.5,55.3,18.5,2.9,62,52.6,66.0,41.7,56.6,66.8,1,186,3.29,2.15,2.67,1.95,2.88,Video,41.4,67.1,46.7,76.0,56.5,60.1,Problem Solving,47.6,Medium,Practice Questions,35,2.27,50.1
10153,20,M,1,2.54,79.9,67.3,18.6,5.3,185,84.0,99.6,81.8,84.6,77.8,28,341,3.56,3.89,2.84,4.08,4.08,Video,41.1,83.2,93.0,97.4,89.6,72.2,Advanced Topics,23.5,Low,Advanced Practice,20,4.39,81.2
10154,22,M,2,2.38,69.4,67.8,14.4,1.4,172,57.2,66.5,56.8,50.5,56.2,17,270,2.45,3.02,2.86,2.1,2.69,Video,31.1,71.8,48.9,63.3,71.6,58.9,Problem Solving,45.7,Medium,Practice Questions,35,3.03,52.6
10155,22,F,1,3.73,87.0,98.1,2.4,11.1,376,84.0,91.7,100.0,100.0,100.0,38,447,3.65,4.68,2.28,3.71,4.31,Video,60.1,100.0,100.0,100.0,100.0,88.2,Advanced Topics,7.7,Low,Advanced Practice,20,5.62,100.0
10156,20,M,4,3.01,89.4,98.2,3.9,11.9,387,100.0,95.6,85.3,95.6,100.0,33,460,3.78,3.89,1.42,4.73,3.55,Video,59.0,100.0,100.0,100.0,90.8,84.0,Advanced Topics,8.1,Low,Advanced Practice,25,5.79,91.8
10157,26,M,3,2.23,68.6,61.9,19.1,9.2,243,67.5,74.4,78.1,71.6,65.5,35,310,3.81,3.07,2.8,3.5,3.65,Video,51.4,81.6,83.3,62.6,65.7,100.0,Application Skills,31.6,Low,Application Exercise,25,2.42,72.3
10158,23,M,2,2.62,56.0,62.5,20.1,3.7,179,68.8,69.6,56.5,64.2,57.8,20,218,3.3,2.75,2.25,3.05,3.01,Video,52.9,71.6,75.5,66.5,51.1,62.5,Critical Thinking,36.4,Medium,Critical Thinking Activity,30,0.99,65.0
10159,19,F,3,1.78,62.6,65.1,18.0,2.6,118,54.0,67.7,75.0,59.6,69.5,10,250,2.53,2.09,3.28,2.9,2.24,Video,43.0,63.9,58.2,63.6,65.4,51.9,Advanced Topics,43.8,Medium,Advanced Practice,30,2.05,61.7
10160,23,M,1,1.43,54.7,65.9,21.2,3.6,206,54.2,53.2,66.7,44.7,44.1,7,83,1.71,2.51,2.26,1.49,1.79,Video,22.6,46.4,57.5,35.6,32.7,54.8,Critical Thinking,46.2,Medium,Critical Thinking Activity,30,4.53,52.9
10161,19,M,2,2.78,60.2,68.0,17.8,5.5,218,78.0,88.1,71.9,68.8,79.4,17,321,3.14,3.33,2.93,2.19,2.54,Video,35.0,88.4,78.2,65.5,70.4,70.3,Application Skills,30.7,Low,Application Exercise,30,5.89,73.9
10162,23,M,3,2.37,78.9,92.0,7.8,9.5,318,70.5,67.7,83.8,74.4,73.2,32,343,4.58,3.32,2.54,4.58,4.56,Video,85.5,71.7,80.4,92.3,94.8,80.4,Conceptual Understanding,23.5,Low,Concept Review,25,8.99,82.5
10163,24,F,2,2.79,39.4,69.8,17.4,4.3,149,64.1,67.7,58.3,47.3,58.5,7,176,3.48,3.01,3.23,2.23,2.53,Video,38.1,73.9,44.3,68.6,54.8,56.8,Problem Solving,45.2,Medium,Practice Questions,25,2.67,51.2
10164,20,M,2,2.91,62.9,80.4,11.3,11.1,342,81.9,83.4,85.7,86.6,77.3,33,556,2.88,3.71,3.13,2.91,3.55,Video,41.6,91.4,100.0,81.6,90.2,89.1,Application Skills,23.8,Low,Application Exercise,25,1.22,73.0
10165,24,F,4,3.16,84.8,82.7,9.7,10.7,242,93.2,98.7,67.7,86.3,75.6,22,392,3.92,3.65,2.59,3.7,2.76,Video,47.9,98.3,99.5,85.8,92.8,98.2,Application Skills,18.5,Low,Application Exercise,20,0.0,81.2
10166,22,M,4,2.09,59.9,80.4,12.4,0.8,87,69.1,64.6,77.0,49.1,66.3,16,223,3.24,2.88,3.26,2.56,2.96,Video,30.0,72.2,60.4,74.5,73.3,40.8,Advanced Topics,40.6,Medium,Advanced Practice,25,2.1,64.3
10167,23,F,3,3.09,66.6,82.3,6.3,3.4,217,73.0,75.4,63.4,85.2,71.7,27,201,3.53,4.0,1.54,2.94,3.15,Video,55.4,100.0,71.7,92.0,89.9,62.3,Advanced Topics,22.3,Low,Advanced Practice,30,3.76,78.2
10168,26,M,3,2.88,63.6,93.5,3.7,7.8,285,71.4,70.9,74.1,59.6,62.1,33,260,3.63,3.17,1.4,4.21,3.5,Video,69.4,79.9,73.8,70.0,85.8,71.9,Application Skills,25.8,Low,Application Exercise,20,6.78,79.2
10169,21,M,3,1.86,80.7,86.4,7.4,7.0,236,78.7,78.8,86.2,84.0,72.3,25,364,3.39,3.74,2.39,2.48,2.67,Video,46.5,83.5,87.0,90.0,81.3,93.1,Critical Thinking,21.1,Low,Critical Thinking Activity,25,4.67,81.8
10170,20,F,1,3.1,75.8,93.3,5.1,6.9,260,87.2,75.3,86.0,82.4,80.5,23,312,3.85,3.78,2.67,3.06,3.68,Video,57.5,100.0,72.7,88.3,84.6,92.1,Problem Solving,21.1,Low,Practice Questions,20,4.9,78.0
10171,20,M,2,3.35,82.7,45.0,29.9,6.3,233,68.3,64.3,62.6,62.9,55.3,18,195,2.86,2.89,3.1,2.14,2.08,Video,24.7,56.4,100.0,79.4,75.5,82.4,Conceptual Understanding,39.7,Medium,Concept Review,25,0.79,62.8
10172,20,F,1,2.88,60.8,99.3,0.0,10.5,341,88.7,75.4,100.0,74.3,78.3,30,495,4.88,4.02,2.17,3.9,3.54,Video,80.7,100.0,100.0,95.6,87.4,89.7,Critical Thinking,17.5,Low,Critical Thinking Activity,20,3.82,84.5
10173,21,M,2,2.93,65.5,91.7,4.6,6.4,293,68.6,65.7,63.3,61.7,60.2,19,262,3.77,2.83,2.65,3.18,3.13,Video,45.7,73.8,68.9,69.9,62.1,70.9,Critical Thinking,33.2,Low,Critical Thinking Activity,20,4.08,66.8
10174,22,M,2,2.22,70.2,95.3,0.4,6.2,166,69.1,70.5,68.8,60.7,70.2,26,344,2.87,2.74,1.83,2.49,2.61,Video,50.6,61.5,76.7,73.2,72.8,67.9,Conceptual Understanding,32.1,Low,Concept Review,25,4.5,64.8
10175,22,M,1,2.44,72.1,92.1,0.5,6.8,77,84.7,79.3,76.6,58.2,63.7,33,330,3.31,3.9,4.3,4.22,3.52,Video,42.6,100.0,90.7,67.6,77.0,63.5,Advanced Topics,29.3,Low,Advanced Practice,20,4.49,78.7
10176,23,M,4,2.2,52.1,75.4,15.0,7.0,213,67.5,51.1,67.3,53.8,43.5,16,241,2.49,3.27,2.8,2.44,2.27,Video,26.8,60.5,55.0,67.2,55.4,70.8,Problem Solving,39.0,Medium,Practice Questions,25,0.8,56.7
10177,22,M,4,1.62,58.2,84.1,9.9,1.8,88,68.9,65.0,80.1,51.8,43.9,10,184,2.19,3.44,2.99,3.04,2.95,Video,25.0,78.0,70.4,56.5,64.0,55.6,Advanced Topics,39.8,Medium,Advanced Practice,25,3.81,58.3
10178,25,F,3,1.36,45.8,73.5,15.5,2.2,101,54.0,56.2,52.6,44.3,31.4,12,109,2.23,1.45,2.7,2.03,2.14,Video,24.0,46.6,41.4,66.0,51.6,47.1,Problem Solving,52.4,Medium,Practice Questions,25,2.79,40.5
10179,21,F,2,1.9,60.2,63.9,22.5,4.4,89,57.0,58.9,53.8,62.8,64.0,1,31,2.34,1.85,3.87,1.54,1.0,Practice,22.8,59.1,54.8,57.0,62.7,46.7,Advanced Topics,46.3,Medium,Advanced Practice,30,0.0,53.2
10180,27,M,4,2.73,67.3,85.9,6.4,2.9,261,71.5,66.8,77.7,52.3,64.8,26,309,3.39,2.78,1.76,3.85,3.89,Video,69.7,74.7,52.9,65.3,76.5,69.7,Problem Solving,35.4,Medium,Practice Questions,25,3.98,64.6
10181,23,M,1,2.76,65.0,53.3,22.8,0.5,111,49.7,56.6,71.5,66.0,57.0,14,94,2.41,2.54,2.88,1.64,1.9,Video,33.3,68.1,53.1,58.0,63.0,59.7,Problem Solving,44.8,Medium,Practice Questions,30,3.32,57.3
10182,20,M,3,2.56,50.3,75.6,13.3,5.5,242,73.0,62.1,65.2,57.6,63.7,23,391,2.53,1.71,2.55,2.77,2.93,Video,45.2,77.2,65.8,60.5,69.5,58.0,Advanced Topics,37.9,Medium,Advanced Practice,35,3.17,63.4
10183,19,M,1,2.83,56.7,61.3,20.6,4.1,174,41.7,58.4,53.9,49.1,57.2,10,157,1.83,2.35,3.08,2.01,1.61,Video,9.0,58.2,71.5,65.7,58.5,40.9,Advanced Topics,51.2,Medium,Advanced Practice,30,3.59,47.0
10184,23,F,3,2.72,63.6,58.7,21.0,6.5,179,77.6,80.3,53.6,79.6,73.5,11,102,3.32,4.05,3.25,3.16,2.44,Video,40.5,91.5,92.7,77.3,92.2,88.3,Application Skills,29.0,Low,Application Exercise,25,3.72,72.7
10185,21,M,1,3.43,73.2,75.6,13.3,5.9,235,89.9,98.6,90.5,74.7,86.6,26,321,3.53,4.17,2.15,4.28,3.49,Video,57.3,100.0,92.0,96.2,100.0,89.8,Advanced Topics,20.1,Low,Advanced Practice,20,3.67,86.7
10186,23,F,4,2.24,63.6,60.5,20.5,6.1,269,54.5,60.9,66.1,56.1,60.0,17,252,2.87,2.51,2.13,2.8,2.91,Video,57.2,63.0,62.6,68.4,51.6,62.0,Critical Thinking,41.3,Medium,Critical Thinking Activity,25,3.91,59.7
10187,23,F,4,1.99,47.0,45.4,26.4,3.7,47,55.5,53.3,49.0,41.4,58.3,1,199,2.29,1.92,3.07,2.12,1.49,Video,12.4,65.8,34.0,66.5,62.9,42.3,Problem Solving,53.6,Medium,Practice Questions,35,1.32,45.2
10188,21,F,1,1.95,68.8,63.4,19.3,0.5,70,46.6,54.0,58.3,37.3,51.3,12,59,1.94,2.34,4.23,1.0,2.01,Video,22.1,62.6,49.1,65.4,61.0,24.0,Advanced Topics,57.2,Medium,Advanced Practice,30,0.89,43.5
10189,20,F,2,2.58,61.3,100.0,0.0,2.9,168,64.3,64.3,96.4,65.0,57.2,27,327,3.18,3.38,2.91,4.48,3.76,Video,66.4,84.0,67.7,77.2,65.0,78.0,Critical Thinking,31.9,Low,Critical Thinking Activity,25,3.56,71.1
10190,18,F,4,2.22,59.3,77.5,12.8,4.5,186,71.8,74.7,74.3,56.4,56.4,18,347,3.57,2.64,2.77,2.34,1.98,Video,55.7,80.8,60.9,54.8,64.5,65.4,Application Skills,37.6,Medium,Application Exercise,30,4.19,62.9
10191,21,F,2,2.55,56.4,87.9,5.4,6.4,253,67.3,51.4,77.9,46.2,54.7,25,359,3.59,2.72,2.56,3.08,2.85,Video,48.9,70.6,78.4,73.2,73.4,65.6,Advanced Topics,40.2,Medium,Advanced Practice,25,4.86,55.6
10192,23,M,4,1.5,40.2,58.3,25.1,0.5,138,35.6,49.4,52.9,45.7,54.2,9,232,1.79,1.86,4.06,2.14,2.24,Video,23.8,38.0,42.1,59.4,46.2,36.5,Advanced Topics,59.4,Medium,Advanced Practice,25,3.13,39.3
10193,22,F,3,1.91,58.9,46.7,32.5,7.0,113,62.4,76.8,56.7,52.3,60.9,8,315,2.34,2.52,2.09,2.49,2.31,Video,53.6,62.4,56.4,61.0,62.7,57.0,Problem Solving,41.9,Medium,Practice Questions,30,5.6,59.3
10194,19,F,2,2.9,80.0,81.7,11.4,7.6,249,88.8,81.0,83.4,66.0,71.0,18,283,4.04,3.71,2.71,3.97,3.9,Video,63.0,87.6,77.9,96.7,80.3,95.1,Problem Solving,24.5,Low,Practice Questions,25,4.11,80.5
10195,22,F,2,2.8,75.4,81.6,7.0,3.5,229,83.3,75.4,83.1,84.6,78.9,18,349,4.03,3.75,1.84,4.29,3.28,Video,56.2,100.0,84.6,80.8,69.3,68.3,Advanced Topics,19.1,Low,Advanced Practice,20,6.7,87.6
10196,22,F,1,2.11,50.1,64.8,22.4,2.7,150,74.2,67.4,64.8,45.4,56.4,16,310,2.61,2.28,1.89,2.44,2.57,Video,25.9,51.8,71.5,63.8,63.8,34.8,Advanced Topics,40.7,Medium,Advanced Practice,35,1.21,61.1
10197,20,F,3,2.69,52.8,76.0,16.3,5.7,223,80.9,77.3,73.1,43.3,66.5,17,402,3.59,3.26,2.83,2.65,2.7,Video,53.7,62.1,76.3,70.5,65.6,67.8,Conceptual Understanding,38.4,Medium,Concept Review,25,2.12,60.4
10198,22,F,2,1.87,48.4,75.4,13.6,2.5,101,56.1,62.7,56.5,55.3,68.4,14,283,2.81,2.69,2.62,3.42,2.37,Video,26.6,80.9,57.2,63.2,62.8,74.1,Problem Solving,42.5,Medium,Practice Questions,25,0.0,56.7
10199,22,M,2,2.46,65.2,83.6,11.7,3.0,139,87.6,66.2,79.2,61.6,73.1,29,311,3.14,3.47,2.13,3.32,2.95,Video,48.7,64.6,80.2,77.4,81.0,63.3,Advanced Topics,29.4,Low,Advanced Practice,30,3.0,69.7
10200,19,M,2,2.67,62.3,58.7,21.6,0.5,118,57.6,63.4,60.4,47.8,52.7,1,74,3.03,2.28,2.24,3.08,2.33,Quiz,47.6,64.5,63.0,90.8,69.1,42.5,Advanced Topics,46.2,Medium,Advanced Practice,30,2.37,56.3
10201,22,M,3,3.41,61.5,69.5,13.0,5.7,247,71.6,76.3,89.2,71.4,63.0,22,267,3.09,2.91,4.24,3.76,3.68,Video,49.7,78.9,75.6,66.0,74.3,76.4,Application Skills,35.4,Medium,Application Exercise,25,5.07,69.8
10202,23,F,4,2.29,39.2,48.3,26.9,4.4,121,47.9,60.9,51.2,43.5,42.2,16,93,2.7,2.22,2.8,1.51,2.01,Video,32.5,43.3,61.9,56.3,44.7,45.0,Conceptual Understanding,51.4,Medium,Concept Review,25,2.71,49.8
10203,24,F,4,2.27,58.7,55.5,27.9,6.0,149,48.5,76.4,39.4,52.3,65.0,11,47,2.75,2.45,3.5,2.22,1.24,Video,24.6,78.8,70.2,58.4,58.0,56.8,Advanced Topics,48.2,Medium,Advanced Practice,25,0.0,53.4
10204,24,M,2,3.16,51.6,89.7,2.7,7.4,221,84.0,55.5,72.8,80.2,58.9,23,462,2.68,2.83,2.4,2.51,2.98,Video,52.9,81.5,67.0,100.0,81.6,86.0,Problem Solving,23.5,Low,Practice Questions,25,3.25,76.8
10205,18,F,4,2.28,57.0,70.8,16.1,1.3,181,76.0,67.3,69.4,48.8,78.0,23,188,3.11,2.5,2.86,2.6,2.59,Video,34.3,70.2,56.1,66.8,52.5,75.2,Critical Thinking,40.9,Medium,Critical Thinking Activity,25,2.32,62.2
10206,19,F,3,3.5,91.2,92.4,4.2,6.0,296,88.8,82.5,89.8,100.0,94.1,29,471,3.29,4.55,2.12,3.37,3.0,Video,48.4,100.0,93.3,98.6,100.0,99.4,Problem Solving,13.0,Low,Practice Questions,25,1.03,85.9
10207,23,F,3,1.82,60.0,66.1,17.6,5.4,276,69.1,88.9,44.5,71.9,66.9,13,119,2.81,3.67,2.19,1.65,2.23,Video,29.4,68.4,84.2,78.1,75.3,75.5,Conceptual Understanding,33.0,Low,Concept Review,30,0.94,62.7
10208,23,F,4,2.7,53.6,66.8,17.4,5.5,133,62.5,61.0,64.7,47.1,50.9,17,312,2.98,2.41,4.34,2.32,2.45,Video,37.6,86.8,83.5,56.7,76.2,57.0,Application Skills,46.8,Medium,Application Exercise,30,1.72,57.0
10209,23,F,1,2.18,60.0,77.9,12.3,4.8,223,60.0,73.6,71.3,53.1,66.1,15,205,2.96,2.52,3.27,3.44,2.73,Video,50.1,72.8,50.2,64.9,56.9,65.5,Problem Solving,44.3,Medium,Practice Questions,25,5.69,52.0
10210,30,F,1,1.65,38.2,51.2,25.7,0.5,0,38.4,54.2,50.1,47.9,35.6,1,0,2.87,2.38,2.72,2.39,2.11,Video,39.1,61.6,24.6,48.6,58.3,33.6,Problem Solving,56.5,Medium,Practice Questions,30,2.94,36.8
10211,23,M,4,2.17,67.4,67.7,14.9,3.7,169,68.7,66.3,70.5,56.1,83.1,16,350,3.3,3.26,1.65,2.89,2.7,Video,61.4,82.9,72.0,74.5,67.5,54.8,Advanced Topics,34.9,Low,Advanced Practice,20,4.9,67.1
10212,24,F,2,2.41,62.3,65.7,19.3,0.5,141,47.9,46.5,56.2,39.0,55.8,7,243,1.48,1.3,3.17,2.61,2.25,Video,12.0,45.6,57.6,57.4,52.2,38.2,Advanced Topics,53.8,Medium,Advanced Practice,25,0.0,50.7
10213,24,M,4,2.85,92.1,93.4,5.8,10.9,303,87.3,100.0,88.8,92.8,93.7,38,522,4.21,4.34,3.37,4.08,3.6,Video,77.7,100.0,100.0,96.3,84.8,100.0,Critical Thinking,12.1,Low,Critical Thinking Activity,20,6.99,99.1
10214,23,M,4,1.79,44.5,79.5,13.0,8.4,254,73.8,80.6,70.1,64.3,55.7,25,327,3.62,3.86,2.88,3.22,3.17,Video,66.2,73.8,73.1,84.2,67.3,71.0,Critical Thinking,31.2,Low,Critical Thinking Activity,20,6.4,66.8
10215,21,M,1,2.66,65.4,71.4,14.1,3.8,169,75.3,80.6,67.2,45.5,62.4,25,304,3.28,1.94,3.26,3.14,2.19,Video,46.5,57.7,64.3,72.6,53.1,60.2,Critical Thinking,40.7,Medium,Critical Thinking Activity,35,0.0,67.7
10216,23,M,4,1.7,56.2,63.7,17.4,6.2,139,65.6,70.1,66.3,73.7,72.1,19,220,4.1,2.5,3.5,2.49,2.15,Video,58.9,75.0,73.8,79.9,75.3,79.3,Problem Solving,37.4,Medium,Practice Questions,25,2.32,63.3
10217,20,M,2,3.07,87.1,89.8,5.0,8.5,346,91.7,91.9,80.4,85.5,92.1,30,364,3.47,3.21,2.61,3.28,3.9,Video,46.7,90.4,100.0,99.0,83.9,100.0,Critical Thinking,20.4,Low,Critical Thinking Activity,20,5.1,77.9
10218,21,F,2,1.6,57.8,72.1,18.5,7.2,275,75.6,70.3,61.0,60.4,57.5,22,245,3.19,3.03,2.47,1.97,2.35,Video,36.0,93.3,70.9,71.9,67.4,60.9,Advanced Topics,34.8,Low,Advanced Practice,30,3.71,62.0
10219,20,F,3,2.89,87.0,82.9,10.7,8.4,308,93.5,87.0,96.3,91.5,81.4,33,562,2.67,4.49,1.18,2.93,2.93,Video,44.1,88.5,93.1,83.2,100.0,99.1,Application Skills,12.8,Low,Application Exercise,20,2.47,84.3
10220,22,F,4,3.01,72.2,69.5,18.2,4.1,193,68.1,65.9,75.9,75.1,65.2,20,463,2.71,3.3,3.15,2.08,3.33,Video,46.1,82.1,86.2,71.9,70.5,71.4,Critical Thinking,31.9,Low,Critical Thinking Activity,25,3.42,73.3
10221,27,M,1,2.03,65.8,89.7,7.5,5.6,272,76.9,77.8,69.6,87.5,67.3,26,487,3.19,3.96,2.02,3.53,3.12,Video,46.5,99.8,87.6,86.3,81.8,83.4,Critical Thinking,21.1,Low,Critical Thinking Activity,20,2.83,77.2
10222,18,M,2,2.16,62.4,75.3,14.4,6.8,229,80.9,72.5,65.1,58.8,85.0,16,327,3.42,3.76,2.88,2.78,3.55,Video,59.4,83.3,67.4,77.5,63.7,72.2,Critical Thinking,33.5,Low,Critical Thinking Activity,20,4.68,63.0
10223,23,F,3,2.74,65.6,83.1,9.5,7.3,229,68.6,80.4,81.3,78.4,56.8,29,333,3.69,4.0,1.89,4.11,3.26,Video,74.9,82.8,100.0,80.5,65.9,78.8,Critical Thinking,26.2,Low,Critical Thinking Activity,30,6.63,69.5
10224,18,M,3,1.42,37.9,69.1,18.3,0.5,105,50.2,46.5,54.9,37.5,40.7,1,24,1.65,1.92,3.8,1.2,1.35,Quiz,20.6,54.1,57.5,40.4,30.8,38.7,Critical Thinking,58.0,Medium,Critical Thinking Activity,25,0.24,36.4
10225,20,F,3,3.17,65.0,64.7,18.3,5.4,216,77.4,71.1,57.6,59.9,52.2,18,205,2.56,2.79,3.05,3.34,2.96,Video,43.7,65.3,70.7,73.1,71.0,74.4,Conceptual Understanding,40.8,Medium,Concept Review,30,5.0,51.4
10226,24,M,1,3.65,83.8,83.8,6.1,12.0,385,83.3,100.0,90.7,90.5,76.3,19,403,3.52,3.96,2.3,3.7,4.1,Video,57.4,96.1,100.0,98.6,94.8,100.0,Critical Thinking,16.2,Low,Critical Thinking Activity,20,3.72,87.0
10227,22,F,2,2.2,60.3,58.7,24.2,6.4,177,73.8,73.5,75.6,73.8,51.6,12,441,3.45,2.9,1.9,3.22,2.43,Video,44.5,81.5,83.2,76.8,77.0,58.8,Advanced Topics,30.8,Low,Advanced Practice,20,1.83,69.7
10228,19,F,2,2.09,49.0,71.7,18.1,1.4,86,58.6,62.7,70.0,33.3,44.2,8,304,3.09,2.23,3.72,2.95,2.41,Video,47.4,55.9,53.0,60.4,46.5,32.3,Advanced Topics,54.0,Medium,Advanced Practice,25,4.41,44.2
10229,20,F,4,2.81,70.2,64.5,17.3,6.6,223,65.8,85.4,81.0,78.1,77.0,27,355,2.48,3.02,2.92,1.86,3.05,Video,42.3,79.4,87.2,90.9,73.8,85.1,Critical Thinking,30.5,Low,Critical Thinking Activity,20,4.9,75.7
10230,23,F,1,3.14,100.0,96.4,3.6,9.4,287,100.0,100.0,99.4,84.7,98.8,38,383,4.65,4.8,1.64,4.56,4.74,Video,88.1,100.0,100.0,100.0,100.0,100.0,Conceptual Understanding,7.2,Low,Concept Review,20,7.75,100.0
10231,20,F,1,2.58,78.0,78.2,15.4,3.7,126,80.8,88.1,80.7,68.8,67.0,19,353,2.46,4.23,2.38,2.95,3.52,Video,43.3,100.0,70.1,87.4,72.4,64.7,Advanced Topics,28.6,Low,Advanced Practice,25,1.96,69.6
10232,22,F,4,2.52,63.7,88.2,6.5,7.8,265,65.5,74.9,95.1,67.0,79.0,32,358,3.17,3.24,2.34,3.13,3.82,Video,40.9,80.7,80.8,100.0,72.5,66.3,Advanced Topics,29.7,Low,Advanced Practice,20,3.39,71.8
10233,22,M,1,2.94,82.4,93.7,1.8,12.3,439,97.0,95.3,100.0,100.0,99.4,43,348,4.13,3.97,2.03,4.6,5.0,Video,75.0,100.0,92.2,100.0,100.0,100.0,Problem Solving,6.8,Low,Practice Questions,20,7.46,100.0
10234,20,F,4,2.21,52.2,65.7,19.1,3.1,110,60.8,61.3,61.9,58.7,64.7,13,213,3.18,2.84,3.6,3.69,2.96,Video,61.5,78.7,58.7,66.1,58.0,43.8,Advanced Topics,42.9,Medium,Advanced Practice,25,4.18,59.3
10235,26,F,3,1.9,40.2,82.2,8.7,0.5,57,54.9,55.5,72.4,37.9,58.8,6,96,2.89,2.21,3.8,1.46,2.6,Video,20.3,59.0,36.7,51.5,44.2,41.9,Problem Solving,54.5,Medium,Practice Questions,35,0.78,39.6
10236,23,M,4,1.82,57.2,62.1,19.6,1.1,34,51.4,60.8,52.3,59.6,57.6,7,42,2.72,1.94,3.11,1.97,2.17,Quiz,32.4,79.4,45.3,45.2,59.7,48.4,Application Skills,48.2,Medium,Application Exercise,35,3.16,50.6
10237,18,M,2,2.86,93.8,94.8,3.7,10.9,371,97.8,98.5,100.0,93.6,100.0,37,478,4.88,4.61,1.0,4.02,4.57,Video,98.5,100.0,100.0,100.0,100.0,100.0,Conceptual Understanding,5.7,Low,Concept Review,25,5.63,96.7
10238,22,F,1,2.46,55.3,70.6,13.0,4.5,179,71.7,71.1,72.1,47.3,51.0,14,223,2.2,3.07,3.2,2.44,2.76,Video,21.8,51.7,60.5,67.2,53.2,72.0,Conceptual Understanding,39.9,Medium,Concept Review,35,5.26,64.1
10239,20,F,3,2.58,60.9,70.3,13.5,5.0,238,68.4,58.2,44.0,55.8,65.2,13,167,2.52,2.87,2.79,1.93,1.99,Video,30.4,67.8,69.2,73.0,61.8,47.1,Advanced Topics,39.0,Medium,Advanced Practice,25,4.57,60.9
10240,23,F,4,1.96,53.3,72.4,15.2,4.3,235,58.7,79.6,70.1,70.9,63.3,20,246,3.3,2.89,2.3,2.59,3.1,Video,58.2,69.6,77.6,68.1,60.8,71.9,Critical Thinking,35.6,Medium,Critical Thinking Activity,25,5.02,63.9
10241,20,F,3,3.82,99.4,89.8,5.6,12.0,441,97.5,100.0,95.1,100.0,100.0,38,340,4.45,4.97,1.0,4.79,4.87,Video,91.7,100.0,100.0,100.0,100.0,100.0,Conceptual Understanding,3.4,Low,Concept Review,25,8.75,100.0
10242,21,M,1,2.66,87.1,81.0,11.2,7.4,331,89.7,93.1,80.5,100.0,85.3,28,482,4.42,4.16,3.24,4.52,4.02,Video,95.2,100.0,100.0,96.1,88.2,94.2,Critical Thinking,17.1,Low,Critical Thinking Activity,25,6.25,83.5
10243,23,F,3,3.4,89.8,94.1,7.0,12.8,398,100.0,96.3,95.9,100.0,96.8,45,479,3.47,4.21,1.84,4.95,4.28,Video,60.2,100.0,100.0,100.0,100.0,100.0,Conceptual Understanding,7.0,Low,Concept Review,20,6.28,95.2
10244,23,F,3,2.38,59.1,65.7,19.1,6.4,158,72.4,74.8,74.2,58.6,58.6,18,192,2.15,2.97,2.82,2.46,2.35,Video,38.5,78.3,74.1,64.4,61.6,55.5,Advanced Topics,35.0,Medium,Advanced Practice,25,5.04,69.9
10245,19,M,3,2.45,66.8,60.7,22.8,3.6,109,65.5,83.4,67.9,67.1,50.2,17,190,3.34,3.36,3.11,2.02,2.51,Video,38.6,93.4,69.4,69.4,62.2,88.1,Critical Thinking,37.4,Medium,Critical Thinking Activity,35,3.33,64.5
10246,21,F,3,1.61,39.3,54.6,23.0,2.5,180,41.6,53.7,62.2,33.7,52.0,10,158,2.66,2.29,1.78,2.36,2.39,Video,46.4,39.5,39.9,50.9,50.7,48.3,Conceptual Understanding,51.7,Medium,Concept Review,30,2.75,51.4
10247,20,M,4,3.97,92.6,92.5,5.7,11.6,382,100.0,98.7,100.0,89.8,82.6,35,629,4.54,4.64,1.0,5.0,5.0,Video,97.9,100.0,100.0,98.6,99.9,100.0,Application Skills,5.4,Low,Application Exercise,20,4.47,100.0
10248,20,F,3,1.67,42.5,65.6,17.8,0.5,18,47.8,52.3,61.2,77.2,44.7,16,139,1.39,2.47,1.88,2.2,1.15,Video,10.6,85.5,45.1,71.2,61.4,59.9,Problem Solving,39.6,Medium,Practice Questions,30,0.77,58.0
10249,25,M,1,3.58,85.0,93.8,3.5,11.2,371,100.0,99.8,95.4,87.9,84.4,26,537,3.97,4.47,2.89,5.0,4.28,Video,75.3,100.0,99.3,100.0,100.0,100.0,Problem Solving,14.3,Low,Practice Questions,20,6.89,84.4
10250,22,F,2,2.19,64.3,76.8,12.6,3.3,165,62.3,62.2,68.1,59.4,59.2,23,267,3.16,3.01,2.82,3.17,3.26,Video,35.4,72.8,60.4,56.6,74.6,62.8,Application Skills,38.6,Medium,Application Exercise,25,4.87,62.2
10251,19,M,1,2.3,53.0,74.2,16.2,6.2,183,83.9,73.0,68.9,57.7,63.7,10,224,3.37,3.61,4.41,2.73,2.45,Video,41.0,69.4,68.1,66.8,57.0,55.4,Advanced Topics,34.3,Low,Advanced Practice,20,3.75,71.9
10252,24,M,2,2.33,53.1,75.9,10.6,3.2,147,50.9,71.8,65.5,63.9,56.1,10,208,3.29,2.17,2.4,2.46,2.06,Video,43.6,57.1,59.7,58.2,50.6,76.1,Critical Thinking,39.4,Medium,Critical Thinking Activity,25,1.96,64.5
10253,26,F,2,3.22,51.3,66.5,13.9,2.9,100,51.8,66.2,76.5,64.2,61.7,15,35,2.93,2.37,2.41,2.54,2.77,Video,48.7,82.8,59.4,72.9,71.7,71.4,Problem Solving,38.8,Medium,Practice Questions,25,0.56,68.3
10254,24,M,1,1.91,51.3,64.6,19.1,3.1,189,50.2,68.2,65.9,67.0,59.0,9,200,2.19,2.6,2.62,2.52,2.84,Video,44.1,60.5,72.0,61.1,49.8,62.3,Critical Thinking,41.9,Medium,Critical Thinking Activity,30,2.67,57.2
10255,18,M,2,1.86,72.3,45.3,31.0,8.2,153,74.3,61.4,36.6,73.7,74.5,8,292,2.93,2.23,3.08,2.39,1.07,Video,29.0,88.7,100.0,60.6,80.3,71.7,Application Skills,38.8,Medium,Application Exercise,25,1.01,56.7
10256,20,M,1,2.66,75.0,100.0,0.3,7.2,344,97.7,84.4,86.6,69.2,83.4,33,791,3.93,3.89,2.55,4.8,4.56,Video,77.4,100.0,75.9,80.6,79.2,85.8,Problem Solving,19.9,Low,Practice Questions,25,5.49,81.4
10257,24,M,4,2.03,56.6,79.3,13.8,2.1,186,57.6,76.4,84.4,44.2,58.3,17,131,2.47,3.15,3.1,3.72,3.66,Video,40.3,59.7,62.0,73.1,63.2,62.4,Conceptual Understanding,45.3,Medium,Concept Review,25,4.87,54.2
10258,20,M,4,2.0,69.3,71.5,16.6,0.5,88,62.7,62.9,66.2,53.4,54.8,11,219,2.39,3.55,2.23,2.77,2.99,Video,36.1,76.1,48.0,79.4,57.5,60.7,Problem Solving,38.4,Medium,Practice Questions,25,6.23,64.8
10259,22,F,1,3.14,72.3,86.8,6.1,7.8,297,78.1,85.2,92.4,76.1,86.2,40,379,2.85,3.91,1.65,4.07,4.01,Video,72.1,100.0,93.6,76.4,75.3,100.0,Critical Thinking,19.3,Low,Critical Thinking Activity,30,5.52,86.4
10260,23,F,4,2.95,50.9,84.1,4.1,2.8,244,51.1,67.8,86.4,59.2,64.3,35,481,3.1,2.61,2.25,2.63,4.2,Video,69.4,69.2,65.2,79.7,72.7,61.6,Advanced Topics,38.2,Medium,Advanced Practice,30,5.06,65.6
10261,19,M,2,2.26,42.0,73.9,13.9,1.6,97,60.0,50.6,65.6,43.8,48.5,6,93,2.07,2.41,1.38,2.38,2.36,Quiz,34.3,58.4,50.2,65.5,59.8,47.4,Advanced Topics,43.3,Medium,Advanced Practice,35,2.3,54.7
10262,21,F,2,2.33,56.4,75.9,15.3,7.1,263,75.3,72.4,82.3,83.2,73.2,30,416,3.48,2.9,2.99,3.62,4.12,Video,61.7,93.8,82.0,77.2,72.6,68.9,Advanced Topics,27.3,Low,Advanced Practice,30,5.24,75.2
10263,18,M,1,2.88,56.0,91.5,3.9,3.2,222,80.7,81.9,72.8,93.5,75.1,26,168,2.39,3.8,1.94,3.37,3.13,Quiz,39.5,92.9,96.1,82.3,86.6,74.8,Advanced Topics,18.3,Low,Advanced Practice,20,2.24,83.2
10264,19,M,2,2.98,71.4,73.0,14.9,1.5,231,60.7,72.5,74.1,65.1,71.9,19,182,3.03,3.32,2.08,3.06,3.11,Video,60.4,78.6,56.3,75.0,72.0,69.3,Problem Solving,33.1,Low,Practice Questions,20,4.38,74.3
10265,21,F,3,1.98,73.1,67.0,19.0,4.4,195,75.0,74.6,60.8,72.2,65.9,13,218,3.17,2.72,3.88,2.74,2.09,Video,39.3,81.5,64.4,84.6,76.8,67.5,Problem Solving,38.6,Medium,Practice Questions,35,3.32,58.0
10266,19,F,3,3.48,70.5,60.5,19.7,5.7,225,71.0,86.2,65.3,82.3,77.6,18,348,3.37,3.37,3.78,2.5,3.01,Video,58.4,90.8,81.3,88.4,88.4,61.8,Advanced Topics,31.1,Low,Advanced Practice,30,4.37,74.7
10267,25,M,1,2.76,38.9,64.9,20.5,2.2,134,61.1,54.2,60.2,45.0,53.0,8,69,3.13,2.18,2.27,2.97,2.37,Video,37.8,56.6,53.7,62.1,69.7,43.3,Advanced Topics,48.8,Medium,Advanced Practice,30,3.51,44.5
10268,18,F,1,2.97,68.4,69.4,20.1,3.0,98,66.9,78.9,68.0,57.0,65.2,13,255,2.81,3.41,1.14,3.19,3.05,Video,50.5,73.9,64.6,66.7,67.2,74.2,Problem Solving,32.8,Low,Practice Questions,25,4.46,70.4
10269,21,M,2,2.74,65.8,78.0,11.8,7.3,265,75.5,82.4,82.5,70.4,67.6,18,333,3.54,3.16,2.42,3.16,3.01,Video,55.9,73.7,85.3,64.3,72.6,74.9,Application Skills,27.4,Low,Application Exercise,25,1.31,77.0
10270,22,F,2,2.79,50.8,71.4,13.5,6.8,182,68.7,78.9,56.5,55.4,66.5,14,240,2.94,2.24,3.35,1.94,2.29,Video,37.9,85.5,69.2,48.5,49.3,65.3,Application Skills,42.9,Medium,Application Exercise,25,3.71,52.6
10271,25,M,1,2.56,61.5,76.5,12.8,5.4,222,66.6,71.6,80.4,57.5,78.5,12,348,3.1,2.88,2.9,3.34,3.13,Video,47.2,81.0,75.4,74.8,80.6,61.2,Advanced Topics,37.3,Medium,Advanced Practice,30,2.75,64.4
10272,18,F,2,1.82,64.1,74.1,9.8,5.5,221,70.9,74.2,90.9,60.8,61.7,20,181,3.2,3.46,2.17,3.75,3.26,Video,49.2,83.7,55.3,63.4,51.9,63.8,Critical Thinking,32.5,Low,Critical Thinking Activity,25,2.29,68.8
10273,24,M,4,2.61,63.3,78.0,12.8,7.7,300,84.3,86.2,87.4,76.6,80.2,21,428,3.77,3.95,1.32,3.19,3.19,Video,70.4,90.3,87.4,85.0,74.1,84.6,Critical Thinking,19.7,Low,Critical Thinking Activity,25,2.96,82.3
10274,22,F,4,2.64,89.9,93.4,4.5,7.8,277,84.6,97.3,90.7,93.0,84.6,29,329,3.93,4.34,2.07,4.06,4.07,Video,77.5,89.9,100.0,95.5,89.4,100.0,Critical Thinking,13.4,Low,Critical Thinking Activity,20,6.22,89.8
10275,19,M,2,2.4,65.0,98.2,4.3,4.0,248,59.1,53.5,84.3,41.7,44.9,24,435,2.32,2.08,2.81,3.11,3.33,Video,34.9,51.7,50.4,54.7,58.6,58.0,Problem Solving,45.0,Medium,Practice Questions,25,3.15,51.2
10276,23,F,4,3.02,86.8,94.3,2.8,7.7,259,80.8,82.1,94.8,78.3,70.3,33,439,3.45,3.88,2.56,3.98,4.53,Video,78.7,100.0,100.0,73.0,92.0,82.4,Application Skills,20.2,Low,Application Exercise,20,3.46,84.3
10277,22,M,2,1.2,57.1,53.3,26.5,0.5,11,41.6,54.2,46.3,26.1,20.0,7,24,2.49,1.65,3.27,1.57,1.3,Quiz,28.6,36.5,30.4,30.9,55.3,34.0,Problem Solving,65.4,High,Practice Questions,30,2.36,26.7
10278,20,M,2,2.1,46.0,72.1,13.6,0.5,160,55.7,56.3,71.2,50.6,61.4,20,106,2.12,2.45,2.58,2.19,2.52,Quiz,32.3,63.4,66.3,47.3,45.6,27.0,Advanced Topics,46.5,Medium,Advanced Practice,35,0.59,51.3
10279,22,F,1,2.02,85.2,80.7,9.9,5.4,207,59.7,71.1,71.3,70.9,46.2,5,314,2.75,3.61,3.23,3.0,1.98,Video,33.8,73.9,75.3,72.6,72.6,54.2,Advanced Topics,35.4,Medium,Advanced Practice,25,2.58,62.2
10280,21,F,3,1.77,53.2,55.1,21.7,5.6,186,58.4,68.3,66.5,48.5,60.1,12,337,4.18,2.97,2.82,3.67,3.74,Video,70.7,71.1,62.6,69.9,43.4,57.6,Critical Thinking,43.2,Medium,Critical Thinking Activity,25,5.42,61.0
10281,22,F,4,2.31,50.3,72.1,14.9,5.2,250,50.4,52.1,72.8,54.4,51.0,13,165,3.25,2.8,2.37,3.25,3.0,Video,44.8,54.5,58.3,67.8,61.4,49.7,Advanced Topics,42.8,Medium,Advanced Practice,25,4.9,55.0
10282,23,M,3,1.95,59.4,85.5,7.4,1.9,86,68.8,65.7,75.3,54.2,51.1,19,126,3.43,2.71,3.27,2.87,3.09,Video,48.4,69.2,47.4,78.0,63.3,62.4,Problem Solving,42.6,Medium,Practice Questions,30,6.44,52.4
10283,25,M,2,2.58,60.1,56.0,24.8,4.7,124,73.9,71.5,62.5,60.1,75.0,8,283,2.32,2.43,2.41,1.85,2.2,Video,12.9,69.8,67.1,64.5,77.3,60.6,Advanced Topics,39.4,Medium,Advanced Practice,25,0.0,59.0
10284,19,F,3,1.84,65.2,75.4,12.3,3.5,277,73.7,66.0,74.9,68.7,64.9,17,166,2.68,3.29,2.73,2.98,2.88,Video,49.1,84.7,67.5,56.6,66.0,53.9,Advanced Topics,32.0,Low,Advanced Practice,20,3.54,70.3
10285,26,F,1,1.55,30.0,63.8,20.1,0.5,102,46.7,40.7,68.7,26.8,30.6,13,54,2.72,1.72,1.77,3.39,2.3,Video,31.8,42.5,25.3,50.5,39.9,29.4,Problem Solving,53.6,Medium,Practice Questions,25,2.14,49.1
10286,18,F,4,1.52,35.3,67.6,17.1,0.5,101,30.4,43.2,77.9,29.3,34.4,15,92,2.92,1.98,4.56,2.79,3.36,Video,50.5,48.0,43.6,44.0,33.0,5.5,Advanced Topics,59.4,Medium,Advanced Practice,25,4.71,52.4
10287,21,M,2,1.98,62.2,53.4,25.0,2.8,55,48.0,62.8,61.1,43.6,44.1,12,112,2.42,2.88,3.81,2.54,1.27,Video,16.8,54.0,47.3,53.5,50.4,49.1,Problem Solving,50.2,Medium,Practice Questions,25,1.53,56.9
10288,23,F,2,2.7,68.2,81.8,10.2,4.1,227,73.6,87.4,78.7,77.2,68.1,24,178,3.33,3.16,1.92,2.92,2.69,Video,49.2,80.1,78.6,91.7,82.7,74.9,Advanced Topics,28.8,Low,Advanced Practice,20,2.95,67.9
10289,22,M,3,1.3,30.0,69.2,17.0,3.5,159,40.6,53.7,64.1,22.7,33.9,14,23,2.26,1.0,2.82,2.0,1.79,Video,19.8,30.9,31.8,30.0,31.9,37.6,Application Skills,61.5,High,Application Exercise,40,1.06,34.2
10290,20,F,3,2.0,63.6,82.6,11.1,7.1,183,68.9,62.8,81.9,66.4,80.4,22,201,3.02,3.23,3.91,3.09,2.63,Video,35.7,77.2,64.7,90.0,75.1,56.0,Advanced Topics,35.4,Medium,Advanced Practice,25,1.28,64.7
10291,21,M,1,1.74,61.4,49.8,27.4,0.6,58,55.3,61.1,51.7,63.1,32.8,8,153,1.65,2.24,2.85,1.51,1.5,Video,26.3,59.6,56.5,74.5,48.0,56.1,Critical Thinking,48.3,Medium,Critical Thinking Activity,25,3.2,47.5
10292,20,F,3,3.9,69.9,92.0,3.7,8.7,344,89.9,84.9,85.2,86.9,86.1,39,370,3.1,3.92,2.25,3.72,4.61,Video,45.6,100.0,94.1,98.0,83.6,95.5,Critical Thinking,15.0,Low,Critical Thinking Activity,25,5.57,88.6
10293,20,F,1,2.12,64.9,88.2,6.2,5.2,225,69.3,66.3,85.0,70.3,61.1,10,256,3.09,3.16,1.63,2.66,2.91,Video,60.9,79.0,80.4,85.2,66.1,54.5,Advanced Topics,24.9,Low,Advanced Practice,20,5.44,82.2
10294,23,M,3,2.7,70.3,95.2,1.2,8.2,259,78.2,80.2,82.7,90.3,85.8,38,556,3.69,4.06,2.58,4.13,3.5,Video,65.2,97.3,96.2,94.0,85.7,91.0,Critical Thinking,19.5,Low,Critical Thinking Activity,25,4.22,78.4
10295,22,M,4,3.0,70.1,77.6,11.6,7.1,297,85.3,84.5,69.5,80.4,76.7,11,300,3.9,3.24,2.49,3.81,3.42,Video,53.5,100.0,92.6,85.4,81.8,83.7,Critical Thinking,24.4,Low,Critical Thinking Activity,20,3.22,75.8
10296,20,M,4,2.87,46.6,60.7,25.7,3.5,144,46.4,59.9,41.4,37.3,47.7,3,156,2.15,1.82,3.45,3.25,2.06,Video,19.1,69.9,51.5,53.9,47.9,54.4,Critical Thinking,52.0,Medium,Critical Thinking Activity,30,0.3,55.8
10297,23,F,3,2.45,63.5,74.8,12.0,3.7,161,66.7,76.2,76.5,77.8,75.2,17,168,2.7,4.06,1.63,2.73,3.25,Video,63.2,100.0,80.1,81.0,76.3,51.6,Advanced Topics,28.2,Low,Advanced Practice,25,4.95,69.1
10298,22,F,2,2.82,54.6,72.3,14.7,0.5,91,56.8,63.4,51.1,48.2,50.9,16,332,1.89,2.55,1.81,2.03,2.04,Video,20.7,72.6,57.7,65.7,53.1,47.8,Advanced Topics,43.4,Medium,Advanced Practice,35,0.4,56.9
10299,23,M,1,2.53,55.2,69.2,16.2,3.5,152,72.3,79.2,63.4,64.2,80.6,1,172,3.53,3.51,2.34,2.59,2.75,Video,40.7,76.6,80.7,71.1,92.0,70.1,Advanced Topics,31.6,Low,Advanced Practice,20,6.0,73.7
10300,23,M,3,4.0,100.0,100.0,0.0,22.9,600,100.0,100.0,100.0,100.0,100.0,57,778,4.54,5.0,1.9,5.0,5.0,Video,99.0,100.0,100.0,100.0,89.3,100.0,Critical Thinking,3.8,Low,Critical Thinking Activity,20,5.1,100.0
10301,20,F,1,1.28,51.6,46.3,28.9,5.4,118,54.9,66.9,63.8,60.5,55.8,14,268,3.48,1.7,1.74,2.95,2.41,Video,53.9,65.7,65.5,61.3,47.1,53.8,Critical Thinking,43.0,Medium,Critical Thinking Activity,25,3.82,58.0
10302,20,F,2,2.95,89.0,80.9,11.1,12.5,365,99.3,90.7,79.1,91.9,100.0,37,442,4.08,4.75,2.64,3.65,3.83,Video,59.3,100.0,99.8,79.2,96.6,100.0,Application Skills,9.9,Low,Application Exercise,30,7.09,98.0
10303,23,F,2,2.4,51.6,77.7,8.8,3.6,272,60.9,71.7,78.8,55.9,68.3,18,283,3.73,3.61,3.27,3.06,3.26,Video,55.0,74.9,71.2,74.7,69.0,67.3,Advanced Topics,40.0,Medium,Advanced Practice,35,5.03,59.8
10304,23,M,1,2.13,66.0,83.5,11.1,9.1,362,85.7,73.6,76.2,66.3,87.5,28,383,3.71,3.1,3.16,4.0,3.03,Video,47.3,69.9,89.3,85.9,67.4,66.4,Advanced Topics,28.8,Low,Advanced Practice,20,3.94,71.3
10305,21,F,3,2.89,51.0,64.4,20.9,4.3,221,63.9,69.7,64.4,67.3,67.0,15,216,2.9,3.07,2.84,2.89,2.51,Video,49.2,70.3,65.2,79.1,65.0,57.1,Advanced Topics,36.4,Medium,Advanced Practice,25,1.88,66.4
10306,22,F,1,2.37,50.0,62.6,18.1,5.2,191,66.1,67.1,66.8,61.0,60.1,14,252,2.81,2.78,1.44,2.96,2.81,Video,57.7,65.7,78.0,68.6,64.1,65.2,Critical Thinking,39.2,Medium,Critical Thinking Activity,25,1.79,51.9
10307,24,F,3,2.44,65.0,63.6,15.5,5.9,155,84.2,75.5,70.6,73.6,68.6,14,306,3.36,3.71,3.06,3.22,3.74,Video,59.4,98.0,73.6,94.6,80.2,72.7,Advanced Topics,26.8,Low,Advanced Practice,20,5.83,80.4
10308,20,F,2,2.53,57.5,76.9,10.8,5.1,196,75.1,67.1,67.2,72.6,67.2,15,209,2.83,2.76,3.18,1.94,2.52,Video,37.2,100.0,67.3,73.5,63.7,78.3,Critical Thinking,33.5,Low,Critical Thinking Activity,20,5.18,65.7
10309,23,F,1,1.68,58.0,79.9,10.6,4.9,252,50.7,54.7,66.6,39.7,52.0,23,218,3.89,2.84,2.22,3.19,3.96,Video,80.3,74.8,70.6,71.1,54.2,48.1,Advanced Topics,43.3,Medium,Advanced Practice,25,4.92,59.6
10310,21,F,2,3.02,73.6,74.7,19.1,5.2,197,66.8,65.2,93.3,68.9,88.4,28,297,2.68,3.45,2.31,3.79,3.62,Video,53.4,71.2,98.5,87.5,73.3,87.8,Conceptual Understanding,33.1,Low,Concept Review,25,2.66,64.8
10311,21,F,1,1.91,63.7,72.1,16.5,9.8,326,76.7,77.6,81.1,79.8,74.1,28,250,3.42,3.45,2.9,4.42,3.03,Video,46.2,76.0,89.4,78.5,83.6,81.3,Conceptual Understanding,28.5,Low,Concept Review,30,0.0,67.4
10312,24,M,1,1.87,43.9,56.4,20.4,0.5,151,40.9,49.4,57.4,40.1,44.9,6,0,2.13,2.03,1.95,1.46,1.0,Practice,23.0,38.2,44.6,55.6,47.1,45.2,Conceptual Understanding,55.4,Medium,Concept Review,35,0.0,39.4
10313,23,F,3,2.01,66.8,75.6,12.1,7.6,314,76.2,68.6,87.4,73.5,69.6,28,362,3.53,3.03,3.86,4.25,3.76,Video,73.8,72.0,80.4,74.9,83.0,73.2,Conceptual Understanding,30.3,Low,Concept Review,20,5.02,75.9
10314,23,F,1,2.82,86.1,71.6,15.5,9.1,353,86.4,95.2,67.5,82.8,100.0,30,434,2.79,4.07,2.42,3.41,2.95,Video,38.9,100.0,100.0,98.4,91.4,85.3,Advanced Topics,23.4,Low,Advanced Practice,25,5.72,71.9
10315,24,M,4,1.49,56.7,61.9,21.4,0.5,87,57.2,52.5,56.4,42.2,42.4,1,193,2.01,2.44,3.39,1.47,1.56,Video,12.6,57.4,43.6,49.2,48.3,29.6,Advanced Topics,51.5,Medium,Advanced Practice,35,2.3,48.3
10316,22,M,1,3.23,74.9,94.1,0.6,5.3,308,72.3,88.3,72.2,69.6,66.3,24,171,2.79,3.53,2.47,3.82,3.07,Video,52.7,70.0,75.4,84.5,66.9,76.8,Critical Thinking,27.7,Low,Critical Thinking Activity,20,4.36,73.6
10317,23,F,1,1.94,56.3,72.7,14.7,5.9,214,81.3,82.6,100.0,52.6,52.7,23,307,4.06,2.93,3.87,3.94,3.47,Video,58.3,88.1,77.4,84.5,70.9,70.0,Advanced Topics,37.7,Medium,Advanced Practice,30,3.82,66.0
10318,21,F,3,3.36,77.2,84.4,7.2,6.6,291,97.9,65.0,75.0,70.2,72.3,25,244,2.47,3.55,3.05,2.08,3.25,Video,29.9,87.5,83.9,64.9,95.4,97.7,Application Skills,25.0,Low,Application Exercise,20,2.37,74.8
10319,22,F,2,3.29,67.4,59.1,20.3,3.9,181,70.1,73.7,70.8,70.8,70.4,11,213,2.71,3.34,2.36,2.58,2.02,Video,44.8,79.6,74.8,70.5,80.1,82.1,Application Skills,33.2,Low,Application Exercise,20,4.89,69.0
10320,21,M,1,2.95,89.4,92.3,4.8,11.4,398,99.9,93.7,78.9,100.0,90.5,40,448,3.67,4.18,2.1,4.4,3.66,Video,85.6,94.2,100.0,100.0,100.0,100.0,Conceptual Understanding,9.1,Low,Concept Review,20,5.83,90.8
10321,22,M,2,2.05,60.2,83.6,10.6,9.8,390,74.1,54.3,88.0,54.4,64.0,40,462,3.55,2.98,3.15,3.44,3.17,Video,54.4,71.4,74.9,68.7,77.0,75.1,Application Skills,33.5,Low,Application Exercise,20,0.89,69.3
10322,23,M,1,3.84,71.7,79.0,13.2,7.6,248,82.2,74.5,95.5,79.1,81.1,27,347,3.44,3.53,1.25,3.62,4.07,Video,62.0,97.4,81.3,90.1,96.3,93.1,Problem Solving,23.2,Low,Practice Questions,25,4.02,71.5
10323,20,M,4,3.26,63.4,85.5,9.1,4.1,234,70.8,83.6,89.7,65.3,68.3,28,189,3.81,3.6,3.23,3.96,3.64,Video,48.5,90.2,91.9,90.1,78.3,63.8,Advanced Topics,31.8,Low,Advanced Practice,20,2.92,72.3
10324,26,M,2,3.16,85.9,94.1,2.2,11.1,401,83.6,100.0,84.0,83.3,89.8,42,427,2.95,3.94,1.73,3.88,3.91,Video,63.7,77.1,99.4,93.1,93.7,99.9,Conceptual Understanding,14.4,Low,Concept Review,20,4.14,90.4
10325,19,F,3,2.3,70.9,100.0,1.4,12.6,367,70.4,86.1,90.8,69.9,81.3,28,513,3.4,3.6,3.47,3.79,4.76,Video,72.7,82.5,73.8,76.8,82.0,100.0,Problem Solving,26.5,Low,Practice Questions,20,6.8,77.2
10326,19,F,4,2.67,84.9,76.0,13.8,9.3,334,87.7,87.4,65.8,76.1,86.1,30,417,3.76,4.08,2.82,3.38,3.89,Video,65.9,94.8,96.2,99.6,79.6,92.8,Critical Thinking,24.6,Low,Critical Thinking Activity,30,4.86,72.6
10327,24,M,2,2.62,51.4,92.4,4.4,2.0,81,62.2,67.7,75.0,70.7,68.5,23,121,2.32,2.68,2.9,2.85,3.13,Video,39.1,70.2,77.0,76.9,73.5,54.4,Advanced Topics,34.1,Low,Advanced Practice,20,3.36,68.2
10328,23,M,4,2.25,70.1,76.7,11.6,1.9,216,43.5,75.2,80.3,66.3,66.0,17,127,2.16,2.7,3.13,2.63,2.49,Video,25.7,78.5,82.9,59.7,62.6,57.8,Advanced Topics,44.4,Medium,Advanced Practice,30,4.46,53.1
10329,23,F,2,1.82,63.0,80.7,9.6,2.8,181,73.2,86.8,76.6,74.0,68.2,14,260,3.43,3.46,2.16,2.93,3.21,Video,46.2,88.6,66.8,51.8,86.8,73.6,Application Skills,28.9,Low,Application Exercise,25,2.74,71.7
10330,23,M,4,2.17,72.3,65.7,19.0,7.5,224,75.0,72.2,69.2,66.3,69.5,21,198,3.34,3.26,1.85,2.61,2.74,Video,57.2,64.8,73.2,89.8,87.1,85.3,Conceptual Understanding,30.2,Low,Concept Review,20,6.59,70.4
10331,21,F,1,2.5,58.8,73.1,19.7,4.5,158,84.0,62.3,81.4,59.8,63.9,19,129,3.5,3.22,3.14,3.82,3.16,Video,61.2,77.3,73.5,74.3,83.1,57.7,Advanced Topics,34.0,Low,Advanced Practice,20,3.26,67.4
10332,20,F,3,2.22,70.3,79.8,11.7,6.8,252,80.6,64.4,85.7,72.7,70.3,21,307,2.98,3.17,2.39,3.7,3.19,Video,39.8,76.9,90.7,80.6,89.8,71.8,Advanced Topics,25.6,Low,Advanced Practice,25,3.68,78.7
10333,22,F,2,3.28,85.4,65.3,17.9,4.7,221,73.8,93.4,57.4,82.1,77.1,29,214,3.15,4.29,3.55,2.65,3.12,Video,56.0,96.2,78.3,89.0,72.6,73.9,Critical Thinking,28.1,Low,Critical Thinking Activity,20,3.63,76.7
10334,20,F,2,2.61,66.7,83.4,7.5,9.1,337,71.5,86.9,82.8,78.6,89.1,26,324,4.06,4.32,3.03,3.83,3.63,Video,68.4,79.0,94.6,92.0,67.2,95.8,Critical Thinking,22.8,Low,Critical Thinking Activity,20,5.08,83.0
10335,24,M,3,2.67,83.3,92.7,3.0,8.7,310,82.7,89.3,100.0,74.0,86.5,28,389,3.62,4.0,1.71,3.96,4.37,Video,83.6,100.0,91.7,85.6,100.0,78.6,Advanced Topics,18.1,Low,Advanced Practice,25,6.69,86.4
10336,21,F,3,2.66,73.8,82.2,14.2,8.8,192,72.4,65.8,56.4,67.9,77.0,17,270,3.68,3.68,2.89,3.29,3.1,Video,43.6,86.0,85.9,92.5,81.7,75.5,Advanced Topics,28.0,Low,Advanced Practice,20,4.26,75.4
10337,20,M,1,2.22,54.1,78.2,11.2,5.9,290,73.3,63.7,83.3,54.4,51.9,31,291,3.28,1.86,3.23,4.02,3.85,Video,46.6,58.1,65.0,61.7,66.2,56.3,Advanced Topics,36.9,Medium,Advanced Practice,25,3.18,71.0
10338,21,M,1,3.0,90.7,98.1,2.9,7.6,291,88.2,86.4,100.0,89.5,95.9,33,434,4.12,4.63,1.26,4.0,4.27,Video,77.9,93.4,100.0,96.6,85.1,98.2,Critical Thinking,9.3,Low,Critical Thinking Activity,20,4.06,95.6
10339,22,M,3,3.3,75.3,83.4,8.4,9.8,317,93.9,87.6,87.4,87.5,78.5,30,359,3.92,3.83,3.69,2.97,3.27,Video,56.8,100.0,84.1,97.9,83.5,100.0,Critical Thinking,18.1,Low,Critical Thinking Activity,20,7.96,87.6
10340,20,F,3,3.44,92.5,86.2,8.1,10.3,375,85.3,91.3,87.1,100.0,82.2,31,484,3.42,4.46,2.9,4.06,3.93,Video,75.8,100.0,100.0,96.4,97.3,100.0,Application Skills,10.4,Low,Application Exercise,25,4.67,99.5
10341,20,F,4,2.81,42.6,86.0,9.3,4.9,222,77.5,65.6,80.1,52.0,62.1,28,348,3.23,3.1,3.03,3.03,3.04,Video,53.2,73.3,66.5,70.8,62.2,58.8,Advanced Topics,33.7,Low,Advanced Practice,25,4.94,71.8
10342,22,F,3,2.27,77.7,74.6,12.8,8.0,324,70.9,61.8,73.1,63.7,80.7,30,431,3.17,3.16,2.09,2.51,2.34,Video,42.1,62.3,89.2,78.2,67.8,95.3,Conceptual Understanding,32.0,Low,Concept Review,25,0.53,66.7
10343,22,M,4,1.6,54.1,51.3,25.5,2.4,88,35.8,61.8,61.6,34.2,40.9,21,310,2.45,1.61,4.0,2.39,2.39,Video,19.0,47.1,34.2,54.8,48.4,36.3,Problem Solving,59.3,Medium,Practice Questions,30,1.76,48.1
10344,20,M,3,1.87,55.4,66.1,22.0,2.9,26,71.7,66.3,57.9,46.4,55.2,12,216,2.72,3.25,4.07,1.24,1.55,Video,28.1,63.9,63.1,57.0,65.2,31.2,Advanced Topics,45.9,Medium,Advanced Practice,25,1.63,53.0
10345,20,F,2,2.87,63.6,82.6,11.5,12.8,384,91.8,95.2,85.9,83.9,85.3,41,524,3.47,4.21,1.8,4.13,3.52,Video,56.7,93.6,100.0,84.3,82.2,96.9,Critical Thinking,12.9,Low,Critical Thinking Activity,20,5.11,93.9
10346,22,M,1,2.69,64.4,71.6,17.2,12.2,433,80.8,73.0,78.8,78.3,71.2,25,386,3.95,3.53,3.51,3.5,3.89,Video,74.1,77.2,72.4,83.6,83.1,87.4,Problem Solving,25.6,Low,Practice Questions,20,1.22,79.5
10347,18,F,3,3.35,60.4,85.5,9.6,5.8,328,71.1,57.3,70.4,70.4,67.0,21,282,3.37,3.4,2.49,3.59,3.24,Video,53.3,83.8,80.5,90.4,76.5,70.4,Advanced Topics,28.9,Low,Advanced Practice,20,4.31,72.8
10348,18,M,3,2.82,59.6,55.4,25.5,1.0,162,64.8,54.3,44.2,64.1,52.8,16,50,1.85,1.9,2.17,1.68,1.4,Quiz,32.3,68.0,69.7,79.9,61.0,59.3,Advanced Topics,42.7,Medium,Advanced Practice,35,0.13,55.5
10349,20,F,1,2.02,71.5,98.0,5.1,3.4,221,64.2,67.8,85.6,72.1,77.1,34,330,3.66,3.68,2.69,3.78,4.44,Video,73.2,86.8,65.2,82.5,63.1,51.8,Advanced Topics,28.0,Low,Advanced Practice,25,6.2,76.4
10350,21,M,2,2.41,44.6,91.9,4.6,4.9,141,68.9,68.2,92.9,50.2,60.0,17,354,3.28,2.83,2.7,3.89,2.86,Video,50.6,72.3,61.6,68.1,64.1,50.6,Advanced Topics,36.4,Medium,Advanced Practice,25,2.1,65.8
10351,22,F,4,1.89,76.6,71.1,17.0,6.9,130,82.7,100.0,74.8,79.9,63.4,23,240,3.45,3.96,2.52,3.25,3.58,Video,53.4,88.4,72.2,96.2,67.7,77.5,Critical Thinking,24.0,Low,Critical Thinking Activity,20,3.05,77.5
10352,25,M,2,1.46,32.7,55.4,21.6,0.5,0,29.9,46.5,45.3,26.2,26.9,1,28,2.66,1.2,4.02,1.8,1.52,Video,17.1,26.4,36.9,32.6,31.6,27.6,Conceptual Understanding,68.4,High,Guided Review,30,1.0,29.4
10353,23,M,2,2.32,69.6,66.3,16.9,5.7,198,83.1,90.0,75.5,55.6,60.1,16,212,3.14,2.88,1.83,2.2,3.07,Video,53.0,76.3,77.7,64.9,58.2,71.4,Critical Thinking,29.7,Low,Critical Thinking Activity,20,2.33,78.8
10354,21,M,2,2.03,39.9,80.1,8.6,0.6,140,46.0,51.9,57.2,50.2,39.1,11,146,2.05,2.18,2.05,2.37,1.89,Video,29.5,54.1,54.8,53.2,54.2,28.7,Advanced Topics,46.7,Medium,Advanced Practice,25,1.43,50.7
10355,21,F,1,2.62,71.2,85.8,10.4,10.7,403,97.0,87.7,100.0,91.1,99.2,39,413,3.4,4.93,2.36,3.94,3.41,Video,54.5,100.0,100.0,100.0,85.3,100.0,Critical Thinking,12.6,Low,Critical Thinking Activity,20,2.45,86.4
10356,19,F,2,3.37,80.9,96.3,0.0,3.0,224,64.7,78.7,83.4,72.3,70.7,27,249,3.05,3.54,3.04,2.92,3.5,Video,47.7,77.3,83.5,82.2,81.3,78.1,Conceptual Understanding,30.1,Low,Concept Review,30,1.32,73.1
10357,21,F,2,2.22,75.0,100.0,0.0,9.7,321,100.0,100.0,100.0,77.2,85.6,33,409,4.48,4.0,1.85,5.0,4.9,Video,89.4,85.1,88.5,99.0,100.0,92.8,Conceptual Understanding,10.3,Low,Concept Review,25,8.18,98.8
10358,21,F,1,3.03,75.7,100.0,0.0,9.6,327,86.8,100.0,89.4,100.0,100.0,39,520,3.78,4.79,2.74,3.46,3.7,Video,44.5,100.0,100.0,100.0,81.9,100.0,Critical Thinking,11.3,Low,Critical Thinking Activity,20,2.17,88.9
10359,22,F,3,1.72,61.6,64.9,17.7,1.7,136,63.2,54.8,70.9,52.3,58.0,12,176,2.59,2.31,3.39,2.34,3.18,Video,41.4,50.3,35.7,67.9,62.1,46.3,Problem Solving,48.7,Medium,Practice Questions,25,3.32,46.1
10360,20,M,2,2.72,100.0,76.1,12.2,11.5,366,87.1,95.0,76.9,98.1,95.3,30,367,3.02,4.5,2.45,3.58,3.3,Video,44.8,100.0,100.0,97.9,100.0,100.0,Application Skills,15.8,Low,Application Exercise,20,4.94,81.9
10361,23,M,4,3.03,76.9,65.6,21.7,5.1,245,77.9,72.7,79.3,74.6,94.3,30,327,3.02,3.79,2.64,3.27,3.71,Video,44.5,95.1,82.8,84.7,99.7,90.2,Problem Solving,30.5,Low,Practice Questions,25,3.2,67.4
10362,25,F,4,3.12,78.5,84.4,9.4,4.0,165,73.0,75.1,74.6,67.7,66.7,12,261,2.08,3.55,2.7,2.89,2.84,Video,22.1,88.1,57.9,77.9,100.0,70.5,Problem Solving,33.0,Low,Practice Questions,25,1.41,62.9
10363,21,F,1,4.0,83.9,94.9,1.2,13.6,449,100.0,100.0,84.4,99.9,76.6,41,601,4.8,4.16,1.68,4.06,4.5,Video,71.5,100.0,100.0,100.0,97.0,95.2,Advanced Topics,6.9,Low,Advanced Practice,30,6.04,94.3
10364,22,F,3,2.06,47.7,75.7,15.5,3.0,180,49.9,61.9,73.8,44.4,60.0,10,147,3.18,2.69,3.77,2.1,3.28,Video,30.7,67.1,47.4,61.6,45.3,42.5,Advanced Topics,46.5,Medium,Advanced Practice,25,4.98,60.8
10365,23,M,2,2.58,47.0,45.0,30.3,3.5,96,65.9,56.0,67.7,39.5,40.3,20,179,2.49,2.27,2.46,2.61,2.36,Video,30.2,59.4,57.7,47.1,65.8,44.3,Advanced Topics,49.0,Medium,Advanced Practice,30,0.79,50.9
10366,21,F,4,2.35,75.1,66.5,18.5,8.4,221,83.7,80.7,74.7,71.8,74.6,19,202,3.89,3.32,3.68,3.63,3.54,Video,73.0,70.9,84.4,83.7,82.0,90.8,Conceptual Understanding,30.4,Low,Concept Review,20,4.76,72.2
10367,22,M,1,2.49,51.8,67.6,15.4,5.5,235,60.1,71.6,73.1,46.7,47.9,13,238,2.07,2.75,2.84,2.81,2.58,Video,28.2,62.5,60.8,51.5,65.2,57.8,Application Skills,46.3,Medium,Application Exercise,30,0.05,48.3
10368,22,F,3,1.91,58.9,79.1,9.5,4.6,184,74.4,66.4,73.9,55.1,54.0,23,126,3.09,3.0,1.71,3.09,3.09,Video,54.9,67.7,49.3,81.8,54.6,58.3,Problem Solving,34.3,Low,Practice Questions,20,3.4,63.9
10369,22,M,3,3.21,75.2,81.1,8.7,9.3,370,76.2,87.5,76.5,80.5,79.8,28,430,3.45,4.25,3.65,3.18,3.01,Video,50.3,99.0,81.9,74.4,66.6,92.9,Critical Thinking,27.3,Low,Critical Thinking Activity,20,3.82,69.5
10370,20,M,2,2.63,58.8,75.1,13.8,2.3,171,64.2,69.4,72.3,71.3,57.9,12,274,3.67,3.38,3.07,3.44,3.35,Video,57.0,74.6,95.8,67.1,65.1,56.3,Advanced Topics,35.3,Medium,Advanced Practice,30,2.99,65.8
10371,22,F,1,2.5,78.8,80.6,10.8,6.6,206,82.0,86.6,73.5,70.2,71.6,15,352,3.71,3.56,3.01,3.22,2.88,Video,51.4,89.8,79.0,87.5,72.0,65.1,Advanced Topics,24.1,Low,Advanced Practice,20,3.02,86.8
10372,23,M,3,2.25,49.2,63.2,23.3,1.1,129,48.0,61.6,88.2,57.1,57.5,15,200,1.98,2.3,3.66,1.6,2.44,Video,11.9,47.3,36.0,57.0,55.6,39.8,Problem Solving,48.5,Medium,Practice Questions,25,0.0,54.5
10373,25,F,3,1.65,42.9,78.7,12.5,7.5,234,64.4,58.7,75.1,46.0,50.3,14,215,4.3,2.91,2.83,3.64,2.98,Video,72.9,73.4,72.9,56.5,43.0,52.0,Critical Thinking,40.6,Medium,Critical Thinking Activity,25,4.65,58.5
10374,24,M,2,2.99,81.2,100.0,0.0,13.3,404,89.2,80.8,99.3,89.0,86.8,34,478,3.92,4.17,1.99,4.51,4.33,Video,90.4,97.3,100.0,92.8,88.0,100.0,Critical Thinking,10.3,Low,Critical Thinking Activity,20,7.81,96.0
10375,26,F,3,1.23,51.2,75.9,13.8,0.5,73,43.8,47.2,72.4,51.1,31.4,15,304,2.79,1.0,3.29,2.58,2.75,Video,24.3,44.2,48.5,57.4,43.3,48.4,Critical Thinking,54.0,Medium,Critical Thinking Activity,25,1.0,43.2
10376,20,M,2,2.5,66.3,69.4,14.0,7.1,267,73.7,74.4,65.1,54.2,61.6,16,411,2.4,2.76,2.54,2.93,2.26,Video,26.9,64.9,58.7,72.9,60.1,72.1,Problem Solving,38.1,Medium,Practice Questions,25,1.42,59.0
10377,23,M,3,2.62,42.4,77.4,10.5,1.8,128,54.0,59.8,71.4,48.2,52.7,11,138,2.69,2.31,3.67,2.53,2.6,Video,31.2,40.6,68.2,66.8,44.9,32.3,Advanced Topics,45.6,Medium,Advanced Practice,25,3.53,61.6
10378,22,M,1,3.95,87.7,81.8,8.4,14.3,412,100.0,96.3,73.9,100.0,90.8,38,407,3.48,4.92,1.06,3.98,3.65,Video,60.9,100.0,100.0,99.6,82.7,100.0,Critical Thinking,6.4,Low,Critical Thinking Activity,20,6.47,92.3
10379,26,M,4,3.5,78.8,68.2,16.1,11.1,383,96.7,90.5,82.6,85.2,74.0,25,485,3.3,3.98,3.27,3.94,3.2,Video,56.1,98.8,100.0,81.9,77.8,100.0,Critical Thinking,20.1,Low,Critical Thinking Activity,30,1.88,82.3
10380,20,F,2,2.61,69.5,71.9,12.7,4.4,140,79.1,72.7,65.5,68.2,73.2,16,159,3.57,3.64,2.17,3.2,3.27,Video,52.0,94.4,63.3,90.4,78.3,82.9,Problem Solving,28.5,Low,Practice Questions,20,3.78,74.4
10381,20,F,2,3.28,75.3,100.0,0.4,11.0,478,98.8,99.1,88.2,96.3,98.4,49,533,3.61,3.93,3.17,3.99,4.48,Video,83.4,100.0,85.7,100.0,100.0,96.3,Problem Solving,12.4,Low,Practice Questions,20,6.53,88.7
10382,20,F,1,2.52,63.4,76.0,10.4,7.1,211,62.6,75.1,81.5,61.5,64.5,18,429,3.44,3.2,2.91,3.56,3.95,Video,69.2,72.6,72.3,49.0,85.2,60.6,Application Skills,33.5,Low,Application Exercise,20,5.03,73.2
10383,18,F,1,3.4,74.5,96.6,2.6,10.2,297,88.5,83.0,76.0,66.0,76.7,37,363,3.94,4.13,2.52,4.28,4.46,Video,75.3,98.3,91.7,100.0,88.8,88.0,Advanced Topics,20.4,Low,Advanced Practice,30,2.09,83.1
10384,20,M,2,1.9,51.1,60.7,26.1,3.6,33,62.2,71.4,60.1,72.9,65.5,15,209,2.76,2.54,2.86,1.53,1.89,Video,36.8,64.4,74.9,51.1,73.7,51.1,Application Skills,38.3,Medium,Application Exercise,30,3.15,61.9
10385,20,F,1,2.18,64.8,60.1,19.3,8.9,256,75.3,94.3,68.0,61.7,80.1,28,381,4.41,4.75,1.95,3.56,3.84,Video,82.2,95.8,80.4,82.9,75.1,61.7,Advanced Topics,25.5,Low,Advanced Practice,20,7.83,81.9
10386,22,M,4,3.66,82.4,100.0,0.0,16.2,484,100.0,97.8,97.1,95.1,100.0,51,614,4.71,5.0,3.12,4.66,4.67,Video,77.0,100.0,100.0,100.0,100.0,100.0,Conceptual Understanding,7.2,Low,Concept Review,25,6.21,100.0
10387,22,M,1,2.8,82.7,99.6,0.0,14.6,486,95.8,100.0,89.8,100.0,77.2,42,487,4.99,4.76,3.05,4.9,4.89,Video,80.8,100.0,100.0,100.0,78.9,100.0,Critical Thinking,7.2,Low,Critical Thinking Activity,25,4.79,100.0
10388,26,M,2,2.43,80.9,77.1,12.0,6.2,236,76.7,71.8,91.8,64.1,58.3,18,231,2.65,2.81,3.46,2.97,2.57,Video,36.3,83.9,89.1,62.2,85.2,90.8,Application Skills,35.8,Medium,Application Exercise,30,2.16,62.9
10389,24,F,2,1.28,45.5,78.9,12.9,2.0,76,57.8,58.5,55.2,36.1,39.4,20,212,2.9,2.09,4.65,2.87,2.21,Video,35.8,40.2,53.6,50.3,35.6,38.2,Critical Thinking,52.2,Medium,Critical Thinking Activity,30,5.28,52.5
10390,20,M,1,1.88,39.8,72.8,16.4,3.2,156,37.0,48.4,66.0,50.8,46.3,25,130,1.38,1.94,3.31,1.72,1.79,Video,16.1,61.7,45.9,62.3,34.2,29.5,Advanced Topics,51.1,Medium,Advanced Practice,35,2.96,49.2
10391,20,M,1,1.96,66.6,91.9,4.6,5.3,195,67.5,75.7,85.3,59.7,70.1,26,291,3.1,3.49,2.38,3.59,3.52,Video,43.0,78.5,71.5,67.5,76.8,71.6,Application Skills,28.5,Low,Application Exercise,30,4.88,80.1
10392,23,F,2,3.39,61.9,74.7,15.7,3.5,97,59.1,78.7,81.0,54.3,70.2,19,289,2.67,3.67,3.05,2.84,2.74,Video,32.3,86.0,67.7,77.2,64.9,79.9,Critical Thinking,38.3,Medium,Critical Thinking Activity,30,3.46,66.6
10393,19,M,2,2.0,57.7,86.8,12.3,11.4,294,69.8,68.5,86.8,64.6,68.8,25,488,4.71,2.89,3.59,3.41,3.96,Video,67.9,68.2,100.0,76.1,61.0,88.3,Critical Thinking,33.4,Low,Critical Thinking Activity,20,4.15,67.0
10394,26,M,2,3.69,99.7,100.0,3.4,9.0,369,100.0,88.2,100.0,98.2,85.9,43,427,3.31,4.91,2.28,4.04,4.73,Video,69.1,100.0,100.0,100.0,100.0,100.0,Conceptual Understanding,5.4,Low,Concept Review,25,5.5,100.0
10395,24,F,2,3.5,90.4,63.8,18.9,9.9,330,83.7,75.8,72.7,74.8,93.5,25,416,3.09,3.34,2.7,2.54,2.94,Video,60.9,100.0,97.0,97.1,68.9,97.9,Critical Thinking,26.3,Low,Critical Thinking Activity,25,3.97,76.3
10396,20,F,3,3.2,71.6,90.9,2.1,8.6,319,75.4,71.9,88.0,80.6,85.5,34,532,2.94,3.38,2.94,3.69,3.58,Video,41.0,86.9,100.0,95.5,87.2,91.9,Conceptual Understanding,25.1,Low,Concept Review,20,4.72,74.4
10397,18,F,1,2.94,73.7,62.0,20.1,1.3,143,70.1,67.0,64.4,60.7,46.9,11,203,2.38,2.81,2.61,1.88,2.49,Video,36.2,67.4,81.7,90.5,73.4,74.2,Conceptual Understanding,40.0,Medium,Concept Review,35,5.12,59.7
10398,24,F,2,2.86,71.5,81.3,8.4,2.6,115,55.0,63.2,83.7,61.0,69.3,22,180,3.89,3.58,2.6,3.82,3.77,Video,77.3,74.0,61.5,76.5,76.5,58.6,Advanced Topics,37.1,Medium,Advanced Practice,25,7.0,64.7
10399,21,F,4,1.85,41.1,45.0,31.2,0.5,111,57.1,49.2,49.0,39.5,38.6,1,65,2.05,1.66,3.63,2.1,1.51,Quiz,35.0,55.9,48.0,40.0,53.2,42.3,Application Skills,57.2,Medium,Application Exercise,25,0.0,42.4
10400,24,F,2,2.47,83.8,80.3,8.5,6.5,299,70.4,79.8,68.1,72.1,70.7,28,307,3.38,3.16,3.16,2.68,3.59,Video,48.2,86.4,92.4,72.0,83.2,65.2,Advanced Topics,31.6,Low,Advanced Practice,30,4.49,69.5
10401,18,F,3,2.97,65.4,76.1,13.0,4.9,120,64.9,69.6,78.6,71.5,69.6,17,304,2.54,3.29,2.98,2.44,2.63,Video,39.2,72.9,71.4,69.1,69.9,68.7,Advanced Topics,34.3,Low,Advanced Practice,20,4.18,65.2
10402,20,F,2,1.75,40.9,99.0,2.2,6.2,258,53.9,57.5,94.7,46.4,68.8,34,393,2.78,2.68,1.89,3.53,3.47,Video,58.8,69.8,58.0,47.7,67.4,50.7,Application Skills,36.5,Medium,Application Exercise,25,5.36,66.7
10403,22,M,3,2.71,87.1,100.0,0.0,8.8,357,97.0,88.3,85.5,84.8,87.7,27,455,4.86,4.08,2.59,4.34,4.51,Video,84.7,100.0,100.0,100.0,100.0,100.0,Conceptual Understanding,11.9,Low,Concept Review,20,5.23,95.7
10404,22,F,3,2.63,80.5,70.5,14.3,8.4,284,66.0,76.7,69.5,72.4,72.0,27,305,2.8,2.47,2.12,3.57,3.19,Video,50.4,73.3,100.0,82.5,75.5,90.3,Conceptual Understanding,30.8,Low,Concept Review,20,8.29,72.2
10405,21,M,2,1.93,36.9,46.9,31.6,1.3,41,43.8,45.9,52.4,40.7,35.0,9,125,2.26,2.51,2.15,2.65,1.43,Video,31.4,53.9,47.2,68.3,43.7,34.9,Advanced Topics,53.8,Medium,Advanced Practice,25,0.0,43.8
10406,23,F,4,1.46,49.4,71.8,11.8,6.5,194,67.1,64.1,65.6,55.6,59.3,14,222,3.03,2.62,2.49,2.8,2.34,Video,21.5,66.8,74.7,48.7,43.7,55.5,Critical Thinking,39.2,Medium,Critical Thinking Activity,25,0.6,58.3
10407,19,F,1,2.62,58.1,71.1,15.3,6.3,149,57.2,85.9,61.2,54.1,74.3,17,185,2.76,2.85,2.65,2.46,2.89,Video,46.8,56.6,65.5,73.1,57.4,51.7,Advanced Topics,40.2,Medium,Advanced Practice,25,3.9,61.0
10408,21,F,1,3.37,97.2,98.0,1.0,6.8,290,90.4,100.0,96.7,91.5,93.6,26,332,4.23,4.55,1.89,4.52,4.83,Video,84.6,100.0,100.0,90.8,100.0,100.0,Application Skills,9.6,Low,Application Exercise,30,9.6,98.0
10409,22,F,3,3.09,79.0,88.4,6.4,3.9,260,70.2,89.6,69.3,70.6,60.3,26,440,2.04,3.34,2.97,3.15,2.59,Video,31.1,94.6,89.5,100.0,73.5,72.5,Advanced Topics,30.0,Low,Advanced Practice,30,1.51,74.1
10410,23,F,4,2.2,53.3,60.7,22.0,1.2,40,50.4,56.3,54.3,61.2,38.2,7,227,2.93,2.63,3.21,1.6,2.2,Video,47.6,61.4,56.4,75.0,48.4,39.6,Advanced Topics,47.2,Medium,Advanced Practice,25,2.63,50.7
10411,23,M,1,3.39,65.0,70.4,17.5,0.6,178,56.1,62.6,78.5,55.6,62.3,9,253,1.06,3.07,2.51,2.13,2.68,Video,16.6,87.6,73.0,67.7,72.7,59.6,Advanced Topics,41.6,Medium,Advanced Practice,30,3.94,60.7
10412,19,F,1,2.32,54.6,60.9,21.4,3.3,112,47.9,44.3,59.6,47.4,46.5,10,306,2.92,1.63,2.53,2.11,2.44,Video,35.3,70.8,56.4,67.3,80.4,55.1,Advanced Topics,51.5,Medium,Advanced Practice,25,2.76,45.1
10413,18,M,1,3.58,75.6,77.4,11.7,8.3,237,89.2,79.0,64.9,79.2,75.7,23,408,3.15,3.75,3.31,3.32,3.4,Video,65.4,97.2,100.0,88.7,100.0,90.1,Application Skills,24.6,Low,Application Exercise,20,4.11,75.6
10414,24,M,2,2.87,68.7,76.4,12.1,9.2,322,70.5,87.7,70.8,66.0,75.7,32,365,4.19,3.83,1.81,3.18,3.54,Video,61.2,82.5,75.9,90.2,85.8,78.2,Problem Solving,27.1,Low,Practice Questions,20,5.42,74.3
10415,22,F,3,2.62,61.5,90.6,3.9,6.7,328,79.9,70.2,82.1,78.3,64.3,34,260,3.47,3.27,2.4,3.47,3.55,Video,54.6,91.7,69.9,85.7,84.4,95.0,Problem Solving,25.4,Low,Practice Questions,30,4.76,72.2
10416,20,F,2,3.2,82.4,84.1,10.3,2.8,240,71.9,92.7,92.9,83.6,74.8,32,271,2.92,3.68,3.4,2.78,3.37,Video,43.1,87.5,72.4,81.7,73.5,87.1,Problem Solving,25.0,Low,Practice Questions,30,5.35,85.1
10417,25,M,2,2.26,44.2,62.2,19.5,0.5,21,40.7,44.0,67.3,31.2,44.0,18,100,2.04,1.7,2.94,2.37,2.12,Video,32.9,62.4,45.3,59.0,47.0,33.0,Advanced Topics,57.2,Medium,Advanced Practice,25,4.38,45.6
10418,22,F,2,2.16,46.4,61.0,23.1,3.4,121,69.4,51.6,74.0,41.6,47.4,11,100,2.54,2.5,3.97,3.27,2.23,Video,32.1,58.3,53.6,44.0,58.7,45.8,Application Skills,51.2,Medium,Application Exercise,25,2.97,44.2
10419,24,F,1,2.15,54.0,81.4,10.3,3.9,212,59.6,64.0,77.4,66.8,61.1,17,119,3.17,3.17,2.96,2.54,2.97,Video,34.5,81.0,68.3,69.1,60.1,61.2,Critical Thinking,36.1,Medium,Critical Thinking Activity,25,3.62,64.9
10420,22,M,2,3.2,88.1,79.3,10.4,4.8,211,71.7,80.9,83.1,79.2,86.7,19,320,3.14,4.11,2.04,2.59,3.6,Video,50.1,100.0,76.8,91.5,88.3,76.9,Problem Solving,24.3,Low,Practice Questions,20,4.55,78.2
10421,26,F,3,1.81,37.6,47.7,30.0,0.5,0,36.9,59.1,42.4,30.5,34.4,1,60,2.01,1.93,4.51,1.75,1.4,Video,10.1,38.7,39.1,30.3,43.5,15.7,Advanced Topics,66.8,High,Guided Review,35,1.81,30.2
10422,25,M,4,1.2,30.0,70.0,15.0,0.5,140,47.2,47.6,70.7,20.0,36.7,6,96,2.25,1.59,2.64,2.81,2.91,Video,37.2,48.5,54.4,33.6,41.9,19.1,Advanced Topics,61.6,High,Advanced Practice,30,3.31,31.4
10423,21,M,4,2.82,74.5,62.3,22.0,3.3,131,60.8,62.4,61.7,62.1,59.8,17,167,2.43,3.35,2.28,3.18,2.79,Video,45.3,87.5,58.3,77.4,61.7,62.6,Problem Solving,36.0,Medium,Practice Questions,30,3.42,69.2
10424,24,F,1,2.84,80.0,94.9,3.3,8.8,390,79.1,80.5,79.2,84.3,77.8,22,485,3.95,3.99,3.18,2.94,3.39,Video,59.8,87.2,100.0,83.1,93.4,85.5,Application Skills,23.1,Low,Application Exercise,20,6.2,73.7
10425,23,F,4,3.9,67.8,100.0,0.0,14.3,515,100.0,99.8,100.0,97.9,100.0,39,474,5.0,4.51,1.99,4.61,5.0,Video,78.3,100.0,100.0,100.0,100.0,100.0,Conceptual Understanding,5.2,Low,Concept Review,30,8.61,100.0
10426,25,F,3,1.71,50.5,48.5,29.4,5.7,204,68.0,56.4,59.4,74.8,56.3,26,234,2.3,1.58,3.6,1.14,1.71,Video,25.8,61.1,80.9,80.4,59.1,49.3,Advanced Topics,45.1,Medium,Advanced Practice,30,0.0,46.8
10427,19,F,3,2.14,40.0,69.5,17.9,0.5,146,54.2,51.6,70.1,56.6,54.8,8,120,2.05,2.48,3.96,2.47,2.38,Quiz,25.6,66.3,49.5,77.6,58.0,35.5,Advanced Topics,47.9,Medium,Advanced Practice,25,2.42,53.3
10428,23,F,2,3.12,74.9,86.6,9.7,12.8,359,100.0,100.0,68.6,89.0,96.3,30,461,3.88,4.59,2.35,3.78,3.81,Video,77.7,96.1,100.0,94.3,96.2,100.0,Application Skills,11.8,Low,Application Exercise,25,4.33,90.3
10429,24,M,2,2.08,30.0,78.0,14.0,0.5,168,45.2,35.3,76.2,27.6,34.4,22,142,1.93,1.33,2.57,2.35,2.32,Video,32.0,39.3,38.7,45.2,48.3,36.9,Advanced Topics,57.5,Medium,Advanced Practice,30,2.11,39.0
10430,18,F,2,2.52,57.9,77.3,13.5,6.1,251,74.5,80.2,52.4,52.6,64.5,17,235,3.38,2.87,2.78,1.99,3.0,Video,54.7,71.3,71.5,67.4,55.2,67.9,Critical Thinking,36.8,Medium,Critical Thinking Activity,25,4.52,63.6
10431,19,F,1,2.76,56.3,69.4,14.6,3.6,160,75.2,68.6,65.7,67.4,63.3,16,214,3.45,3.05,3.02,2.07,2.55,Video,45.8,96.5,64.7,67.9,66.3,71.9,Problem Solving,34.8,Low,Practice Questions,20,4.25,66.3
10432,18,M,1,2.34,70.8,65.3,24.0,9.2,277,79.0,74.5,79.7,70.7,73.7,24,374,2.87,3.52,2.42,3.26,2.83,Video,57.0,88.7,82.9,70.8,77.1,67.6,Advanced Topics,28.3,Low,Advanced Practice,30,3.69,72.3
10433,21,M,1,1.87,49.5,95.3,0.0,9.1,257,72.6,83.5,87.7,81.4,68.7,31,434,3.96,3.2,1.0,3.67,4.56,Video,83.9,83.2,90.6,71.5,63.2,98.5,Critical Thinking,19.4,Low,Critical Thinking Activity,20,3.31,80.3
10434,23,M,2,2.69,68.3,84.8,10.3,6.2,240,79.3,88.7,84.7,82.0,76.1,19,347,3.52,3.98,2.19,3.65,3.77,Video,62.2,87.2,96.3,86.7,82.3,86.5,Critical Thinking,22.0,Low,Critical Thinking Activity,20,3.35,78.5
10435,25,F,3,1.2,30.8,51.0,27.8,1.9,102,49.0,57.5,47.1,37.3,39.4,10,263,2.83,1.81,1.6,3.09,1.43,Video,56.3,37.7,42.5,39.3,32.2,40.5,Critical Thinking,55.5,Medium,Critical Thinking Activity,25,4.06,35.8
10436,22,M,2,2.03,64.4,79.0,9.2,0.6,169,50.7,60.8,56.4,38.9,53.2,8,404,2.59,2.03,3.37,2.26,2.31,Video,37.7,56.0,49.8,46.3,69.8,49.3,Application Skills,53.2,Medium,Application Exercise,30,0.0,44.3
10437,25,F,1,2.96,79.2,66.8,18.0,5.7,266,73.7,81.1,80.3,63.3,68.2,29,272,2.2,3.53,3.2,2.51,3.08,Video,39.3,92.8,75.8,63.7,92.0,71.3,Application Skills,33.0,Low,Application Exercise,25,5.22,72.9
10438,18,F,4,1.71,50.5,66.9,18.0,0.5,57,53.2,35.5,68.1,48.7,26.7,3,0,1.42,1.22,2.87,1.47,1.0,Quiz,4.8,45.8,52.2,61.2,50.3,51.6,Conceptual Understanding,54.6,Medium,Concept Review,35,1.35,37.1
10439,18,F,4,3.19,61.0,72.1,18.0,4.2,118,82.9,66.3,67.1,58.8,64.3,27,332,3.0,3.49,2.49,2.42,3.01,Video,35.0,92.0,64.9,71.3,82.9,44.8,Advanced Topics,33.7,Low,Advanced Practice,20,5.21,64.3
10440,21,M,3,3.23,89.4,95.9,0.8,10.2,380,91.5,79.7,100.0,88.8,81.4,38,537,3.84,4.21,2.55,5.0,4.69,Video,79.5,100.0,90.3,97.6,92.8,97.4,Problem Solving,14.8,Low,Practice Questions,20,5.84,85.0
10441,22,F,4,1.79,49.4,93.2,3.2,6.4,284,84.6,81.9,90.1,68.1,68.6,25,486,3.71,3.66,3.29,4.37,3.55,Video,61.7,76.1,66.1,97.7,90.6,58.9,Advanced Topics,29.9,Low,Advanced Practice,25,1.51,64.7
10442,21,F,2,2.28,55.4,76.5,8.2,9.3,264,71.9,74.6,59.8,71.4,66.8,26,361,3.17,3.25,1.75,2.87,2.99,Video,47.4,94.0,77.1,76.9,72.5,74.1,Critical Thinking,28.8,Low,Critical Thinking Activity,25,4.3,66.6
10443,18,F,4,1.22,51.4,83.9,12.3,5.6,272,66.4,69.8,69.4,47.5,46.4,30,332,3.33,2.39,3.61,2.76,3.21,Video,47.1,69.4,60.6,56.4,45.9,43.4,Advanced Topics,41.5,Medium,Advanced Practice,25,5.73,61.9
10444,21,F,1,2.15,78.4,69.5,14.6,3.9,276,75.1,71.3,71.9,59.1,66.1,17,346,2.2,2.92,3.16,2.61,2.39,Video,42.5,62.5,71.6,62.0,67.6,76.3,Application Skills,38.7,Medium,Application Exercise,25,4.39,60.0
10445,19,M,2,3.13,72.1,83.1,9.9,8.5,315,76.3,77.1,80.5,79.5,76.1,33,499,3.38,3.72,3.01,3.52,4.02,Video,64.6,100.0,89.9,88.7,100.0,90.1,Application Skills,23.5,Low,Application Exercise,20,4.08,81.6
10446,23,M,1,2.47,67.7,62.1,20.6,8.8,242,76.9,77.1,59.5,82.3,76.9,9,190,3.67,3.37,3.55,3.38,3.38,Video,44.4,84.9,74.8,88.1,89.2,75.7,Problem Solving,30.0,Low,Practice Questions,25,3.99,69.6
10447,22,M,1,2.44,41.3,61.8,20.8,2.0,101,67.9,67.1,46.3,42.6,48.7,6,97,1.15,2.13,4.46,2.4,1.86,Video,14.1,62.9,51.5,55.7,31.7,40.4,Critical Thinking,51.8,Medium,Critical Thinking Activity,35,0.78,48.8
10448,19,F,1,2.08,76.4,84.0,10.4,2.7,154,67.2,70.1,66.4,66.2,69.9,23,202,3.06,3.37,2.36,2.8,3.08,Video,42.2,89.3,65.4,76.8,66.4,68.6,Problem Solving,33.2,Low,Practice Questions,25,2.31,66.4
10449,20,F,3,3.2,84.7,94.3,6.5,9.1,304,78.1,88.7,92.6,82.8,79.7,32,448,3.67,3.64,1.97,4.56,4.5,Video,72.0,94.6,87.2,100.0,97.7,88.8,Problem Solving,19.2,Low,Practice Questions,30,7.15,81.8
10450,19,F,3,1.36,42.8,75.4,14.0,0.5,104,54.2,42.0,64.8,37.9,29.6,3,138,2.69,1.91,3.52,2.56,2.25,Video,28.2,54.5,47.9,54.9,32.5,41.9,Critical Thinking,54.7,Medium,Critical Thinking Activity,25,0.59,41.1
10451,21,F,3,3.11,77.3,87.0,8.5,13.6,378,100.0,92.3,70.2,84.1,94.6,24,449,3.7,4.27,2.09,3.32,2.72,Video,51.8,98.5,100.0,100.0,96.6,100.0,Critical Thinking,10.4,Low,Critical Thinking Activity,30,2.25,98.1
10452,24,F,1,2.35,62.5,86.3,8.2,11.4,369,89.0,86.9,91.3,66.1,75.7,27,523,4.46,3.79,3.61,4.1,4.65,Video,64.1,66.3,100.0,72.9,70.9,80.0,Conceptual Understanding,21.8,Low,Concept Review,25,3.91,90.6
10453,19,M,4,2.27,60.1,87.1,9.1,6.3,297,77.0,72.8,92.9,77.9,74.5,27,507,3.55,3.13,1.89,3.59,3.37,Video,60.3,97.3,88.4,80.7,81.9,73.5,Advanced Topics,23.5,Low,Advanced Practice,20,2.17,79.1
10454,23,F,3,2.69,82.7,100.0,0.0,12.0,397,89.8,85.7,87.8,77.4,92.1,31,509,3.21,3.81,1.4,3.4,3.72,Video,58.0,98.2,100.0,100.0,96.9,100.0,Critical Thinking,14.9,Low,Critical Thinking Activity,30,4.83,86.3
10455,20,F,2,2.26,36.1,80.8,12.7,2.1,52,52.9,56.1,64.5,52.3,40.6,16,123,1.64,2.72,4.38,2.75,2.86,Video,0.0,58.5,60.7,58.6,44.4,38.3,Advanced Topics,48.7,Medium,Advanced Practice,25,3.63,50.1
10456,20,F,3,2.36,46.6,63.0,22.6,1.9,171,73.4,58.9,80.8,53.1,47.8,16,198,2.97,2.59,3.53,2.58,2.98,Video,56.6,68.2,68.1,64.3,52.1,50.8,Advanced Topics,43.4,Medium,Advanced Practice,35,3.69,58.2
10457,21,F,1,2.81,59.0,84.0,11.0,6.2,211,73.4,67.8,70.3,52.2,86.3,30,310,2.88,3.4,2.96,3.58,3.37,Video,58.0,79.8,76.1,83.6,80.1,63.3,Advanced Topics,34.5,Low,Advanced Practice,30,2.07,68.1
10458,19,F,2,2.3,51.1,71.4,14.4,3.7,111,78.2,58.9,67.1,51.0,53.6,18,258,2.59,2.81,3.29,2.83,2.98,Video,35.6,64.4,54.9,73.9,76.9,53.4,Advanced Topics,40.0,Medium,Advanced Practice,30,4.49,60.7
10459,20,M,4,3.44,81.1,82.8,9.1,3.6,126,79.5,85.1,71.6,88.1,88.1,21,274,3.31,3.18,2.89,2.81,3.2,Video,49.6,95.3,100.0,98.9,95.3,72.6,Advanced Topics,23.8,Low,Advanced Practice,25,6.42,81.0
10460,19,M,2,1.48,57.9,58.9,23.1,2.7,134,61.3,70.6,53.1,48.8,71.8,17,320,3.38,3.34,3.13,2.59,2.18,Video,30.6,73.2,49.4,50.0,57.3,44.4,Advanced Topics,44.9,Medium,Advanced Practice,25,1.45,55.6
10461,26,M,2,2.18,62.2,80.4,8.0,7.5,273,71.7,86.7,81.2,65.7,75.3,25,329,4.17,3.56,2.49,4.31,3.87,Video,85.0,78.6,64.7,86.6,84.9,56.4,Advanced Topics,30.3,Low,Advanced Practice,20,4.95,69.9
10462,22,F,4,2.64,66.6,76.7,16.0,7.2,189,70.5,74.1,62.7,78.1,71.2,19,371,3.91,3.27,2.74,3.01,3.5,Video,74.6,94.2,75.8,90.5,79.5,78.7,Problem Solving,29.0,Low,Practice Questions,20,5.78,71.2
10463,20,F,3,2.72,53.0,69.0,17.0,1.5,141,59.0,78.1,86.8,48.5,54.1,20,366,3.85,2.69,4.26,2.97,3.15,Video,49.5,64.9,68.9,54.1,69.0,55.9,Application Skills,45.4,Medium,Application Exercise,30,6.29,64.6
10464,22,F,1,2.62,51.1,77.3,13.1,7.4,169,71.3,63.0,60.5,54.1,56.6,21,244,2.2,2.49,3.34,2.45,2.81,Video,39.8,76.6,92.2,63.9,73.2,64.0,Application Skills,39.9,Medium,Application Exercise,30,2.46,58.1
10465,21,F,1,3.29,72.1,72.8,13.8,8.2,287,85.2,90.0,92.6,73.3,84.1,27,367,3.89,4.35,2.33,3.6,4.5,Video,73.1,100.0,90.1,87.9,97.4,82.9,Advanced Topics,20.6,Low,Advanced Practice,30,3.76,86.6
10466,21,M,1,2.62,62.5,79.7,8.5,5.9,264,85.4,66.9,81.4,74.5,69.8,22,262,3.08,2.78,3.46,3.14,3.07,Video,33.9,71.7,77.5,88.1,92.0,75.7,Conceptual Understanding,30.7,Low,Concept Review,20,4.19,68.3
10467,23,F,3,2.23,49.2,55.3,23.4,4.6,221,69.6,61.9,70.9,74.5,57.7,14,245,2.35,2.7,2.35,1.81,2.84,Video,32.4,86.9,58.9,68.8,66.4,65.4,Problem Solving,37.9,Medium,Practice Questions,30,4.2,54.9
10468,23,F,2,2.34,66.8,74.3,14.6,3.5,213,74.3,63.2,60.7,42.5,53.0,17,114,3.43,2.72,4.48,2.36,3.06,Video,40.9,69.2,69.0,62.7,65.7,50.7,Advanced Topics,46.2,Medium,Advanced Practice,35,3.49,55.4
10469,20,F,1,1.91,35.1,77.0,14.0,1.2,48,48.0,50.5,64.7,47.2,31.3,18,249,1.57,1.89,3.77,2.8,2.33,Video,17.1,44.8,46.3,51.2,47.2,36.9,Advanced Topics,54.8,Medium,Advanced Practice,30,1.23,38.1
10470,20,F,4,2.35,68.3,72.7,15.3,4.4,191,84.1,77.6,77.3,69.7,76.1,23,272,2.31,3.76,2.91,2.99,2.67,Video,34.1,87.2,74.2,91.0,65.6,65.1,Advanced Topics,31.7,Low,Advanced Practice,20,4.42,64.1
10471,21,M,2,3.25,98.3,89.6,6.4,8.4,310,100.0,99.4,94.1,100.0,93.2,35,342,4.05,5.0,1.65,4.09,4.66,Video,79.2,100.0,99.0,97.5,100.0,88.9,Advanced Topics,4.9,Low,Advanced Practice,20,6.89,100.0
10472,18,F,1,2.48,73.5,95.0,2.1,8.1,341,79.8,70.6,93.4,65.4,73.0,35,487,3.55,3.22,2.55,3.59,3.06,Video,54.9,82.0,100.0,66.5,60.5,66.3,Critical Thinking,27.2,Low,Critical Thinking Activity,20,2.82,73.0
10473,18,F,2,3.27,65.1,84.7,9.4,7.6,263,64.3,65.3,66.2,52.8,60.1,24,333,2.62,3.17,3.53,2.57,2.38,Video,32.3,84.4,85.1,66.1,75.0,80.7,Application Skills,39.7,Medium,Application Exercise,30,2.71,58.2
10474,25,F,3,2.09,74.2,94.2,6.1,11.9,367,86.2,83.7,84.3,89.5,73.8,33,550,3.71,4.1,2.05,3.91,4.53,Video,64.2,100.0,95.3,72.5,79.7,93.4,Application Skills,11.6,Low,Application Exercise,25,3.44,95.8
10475,25,F,1,2.4,57.2,57.9,24.6,6.5,165,63.5,63.3,49.2,44.2,63.3,21,131,3.42,2.19,2.91,2.85,2.36,Video,38.2,61.4,63.0,72.1,73.3,57.7,Advanced Topics,44.1,Medium,Advanced Practice,35,3.85,61.0
10476,21,M,1,3.01,91.2,71.9,17.1,7.2,230,93.0,87.9,85.5,77.6,87.1,25,394,3.52,5.0,1.32,3.47,4.06,Video,58.7,100.0,97.1,95.8,98.2,94.1,Advanced Topics,15.9,Low,Advanced Practice,20,4.51,86.8
10477,23,M,4,2.13,58.6,66.4,19.1,0.5,169,68.6,58.9,79.6,49.1,67.2,18,259,2.39,3.39,3.49,2.08,2.09,Video,33.3,89.8,45.5,59.4,61.4,52.2,Problem Solving,43.7,Medium,Practice Questions,25,1.78,58.0
10478,22,M,2,3.78,80.0,78.4,8.8,13.4,390,99.6,97.3,88.6,99.5,89.6,26,401,3.18,4.43,2.2,3.49,2.95,Video,35.5,100.0,100.0,89.8,100.0,100.0,Application Skills,10.4,Low,Application Exercise,25,3.15,90.9
10479,28,M,2,2.48,37.4,66.4,16.4,8.4,302,64.5,82.2,70.8,58.1,57.0,19,221,2.58,3.14,4.1,1.66,2.45,Video,34.8,52.2,69.7,50.2,56.3,53.5,Application Skills,42.7,Medium,Application Exercise,30,2.84,53.6
10480,24,F,2,3.9,90.8,94.1,4.1,14.5,432,96.1,95.8,83.0,100.0,100.0,38,539,4.09,5.0,1.88,4.17,4.23,Video,87.1,100.0,100.0,98.3,100.0,100.0,Application Skills,4.9,Low,Application Exercise,30,7.37,100.0
10481,21,M,1,3.23,73.7,77.5,12.4,6.2,220,82.9,77.6,64.9,81.7,82.1,21,426,3.68,3.71,1.7,2.73,3.25,Video,56.8,98.2,82.4,86.9,92.3,92.4,Problem Solving,21.7,Low,Practice Questions,25,5.07,78.7
10482,19,F,1,3.6,76.1,69.9,17.4,0.5,91,78.6,70.9,81.6,59.4,68.5,22,311,2.07,3.12,2.57,2.5,2.5,Video,11.0,96.3,71.8,82.0,72.0,66.7,Advanced Topics,35.5,Medium,Advanced Practice,25,1.75,67.7
10483,18,F,2,2.87,69.9,70.5,19.6,3.0,197,78.4,68.9,62.0,65.7,64.9,13,223,2.95,3.82,2.49,2.64,3.66,Video,48.0,89.2,73.6,64.7,78.8,71.7,Application Skills,29.7,Low,Application Exercise,25,5.35,75.5
10484,22,M,1,2.37,71.5,97.6,2.7,0.5,106,68.0,71.1,78.1,53.8,64.8,21,138,2.89,2.65,3.48,3.23,3.87,Video,48.9,67.9,52.6,88.3,73.6,51.9,Advanced Topics,37.3,Medium,Advanced Practice,35,5.01,70.0
10485,20,F,1,3.26,77.2,90.2,7.9,10.1,401,99.6,87.2,79.2,87.2,97.5,29,358,4.02,4.88,3.15,3.99,3.58,Video,55.0,97.8,96.3,100.0,97.8,94.3,Advanced Topics,14.1,Low,Advanced Practice,20,3.75,86.8
10486,18,M,4,3.09,74.1,90.0,5.7,8.8,226,70.9,87.3,72.0,60.7,67.9,16,317,2.63,3.05,3.17,3.46,2.29,Video,32.5,86.2,75.3,89.8,86.9,73.3,Advanced Topics,31.3,Low,Advanced Practice,20,2.38,72.8
10487,20,F,4,1.31,39.0,77.9,10.5,4.7,191,53.6,63.1,72.2,47.7,46.6,15,270,2.59,2.92,3.95,2.64,2.4,Video,42.2,52.8,30.2,40.6,39.9,45.5,Problem Solving,49.5,Medium,Practice Questions,25,2.77,44.0
10488,19,M,3,1.77,51.1,48.2,28.4,0.5,114,42.0,46.0,49.7,48.7,52.8,6,61,2.17,1.86,3.28,1.77,1.36,Video,22.6,51.9,36.1,49.0,56.3,43.3,Problem Solving,55.8,Medium,Practice Questions,25,2.24,44.1
10489,25,M,4,2.34,54.4,100.0,0.0,11.9,413,80.5,78.2,68.5,67.2,70.7,37,417,4.54,3.65,2.39,4.07,4.3,Video,70.7,66.1,85.3,69.1,85.8,92.3,Conceptual Understanding,22.4,Low,Concept Review,25,4.96,80.2
10490,23,M,1,1.9,70.4,95.5,5.6,5.2,292,71.7,72.2,90.8,79.9,75.5,30,483,2.95,3.39,1.69,3.54,3.94,Video,47.9,77.8,73.2,80.0,57.9,80.7,Critical Thinking,22.6,Low,Critical Thinking Activity,20,3.84,79.2
10491,21,M,4,2.58,50.7,84.0,10.4,12.9,332,90.0,91.9,61.9,75.5,75.7,35,461,3.31,3.29,2.13,3.89,3.55,Video,57.8,84.2,100.0,74.2,74.5,79.3,Application Skills,21.6,Low,Application Exercise,20,7.42,77.9
10492,25,M,1,2.42,79.4,90.6,6.2,14.1,373,90.0,83.9,93.2,92.3,74.4,38,565,3.56,4.04,1.1,3.73,3.64,Video,66.4,90.4,93.8,100.0,84.1,100.0,Critical Thinking,7.7,Low,Critical Thinking Activity,20,6.25,100.0
10493,22,F,4,1.63,45.6,47.2,31.5,3.5,185,48.4,52.9,64.3,28.4,56.7,15,65,3.23,2.71,3.39,3.25,3.1,Video,51.1,48.0,34.4,48.4,52.5,26.6,Advanced Topics,57.2,Medium,Advanced Practice,30,2.73,42.7
10494,20,F,4,2.95,61.7,84.6,4.4,4.0,237,84.7,68.6,51.8,51.4,44.8,18,34,3.36,2.42,2.61,2.43,3.37,Quiz,46.9,80.9,62.3,69.7,75.5,58.2,Advanced Topics,34.2,Low,Advanced Practice,20,4.79,69.3
10495,25,F,3,1.5,30.0,49.5,28.9,0.9,3,40.1,46.9,37.3,34.8,21.5,6,0,2.04,1.18,3.63,1.09,1.0,Video,19.1,40.0,33.5,39.1,17.6,9.4,Advanced Topics,66.2,High,Advanced Practice,35,1.25,24.9
10496,23,M,4,3.55,85.7,88.9,3.5,10.2,276,92.1,89.4,80.0,92.1,91.0,26,366,3.98,3.98,2.36,4.45,4.0,Video,87.3,100.0,100.0,94.2,96.1,100.0,Application Skills,11.8,Low,Application Exercise,20,6.44,94.9
10497,19,F,3,1.95,62.6,66.2,18.6,2.6,9,71.7,59.9,74.3,57.0,68.4,10,212,2.64,2.77,2.34,3.31,2.26,Video,46.5,78.5,46.8,59.9,63.4,65.7,Problem Solving,37.9,Medium,Practice Questions,25,3.24,64.0
10498,21,M,1,3.2,67.3,95.9,1.7,10.7,340,74.3,80.0,91.8,90.5,72.5,33,301,3.76,4.15,2.6,3.84,3.49,Video,61.5,100.0,94.7,78.5,91.8,100.0,Application Skills,17.6,Low,Application Exercise,20,6.33,83.9
10499,20,F,2,2.39,57.1,72.9,16.2,9.7,290,80.3,72.8,78.5,68.2,67.0,24,487,3.88,3.47,3.22,2.32,2.97,Video,48.3,82.7,74.2,85.3,81.5,68.3,Advanced Topics,30.8,Low,Advanced Practice,20,4.18,67.4
10500,18,F,3,2.51,100.0,84.0,9.2,7.2,334,87.9,79.1,85.0,74.4,59.8,32,350,3.34,4.04,3.55,2.97,3.22,Video,44.4,97.8,98.0,98.5,84.3,78.7,Advanced Topics,24.6,Low,Advanced Practice,20,3.64,78.5
10501,24,M,1,4.0,89.7,84.8,11.0,6.7,330,98.7,92.9,90.9,84.1,89.8,34,510,3.51,3.95,1.94,4.14,4.38,Video,80.4,100.0,90.0,100.0,85.5,100.0,Critical Thinking,13.2,Low,Critical Thinking Activity,20,7.48,94.8
10502,26,F,3,2.81,80.5,72.4,14.0,3.0,160,69.6,81.9,74.4,90.2,72.6,9,131,3.67,3.94,2.69,2.71,3.26,Video,49.2,92.4,94.9,93.2,75.3,89.7,Critical Thinking,22.7,Low,Critical Thinking Activity,30,4.28,86.9
10503,18,F,4,2.15,66.4,75.3,15.0,5.7,179,71.2,71.5,73.8,54.3,65.4,15,293,2.47,2.56,3.45,2.97,2.78,Video,35.9,85.8,78.1,63.1,63.8,63.9,Application Skills,41.2,Medium,Application Exercise,30,3.26,56.7
10504,23,F,1,2.29,74.3,81.5,10.5,6.3,226,80.2,82.3,69.7,79.5,76.0,27,338,3.66,4.43,1.89,3.26,2.86,Video,57.5,86.7,100.0,85.2,58.3,85.3,Critical Thinking,22.1,Low,Critical Thinking Activity,20,4.37,76.1
10505,20,M,3,2.13,32.3,74.9,10.5,0.5,179,55.5,41.2,79.2,44.7,52.9,10,249,1.45,2.04,2.44,2.62,2.27,Video,20.9,53.6,48.7,52.1,58.8,52.4,Problem Solving,48.6,Medium,Practice Questions,25,2.01,48.5
10506,20,M,4,2.91,68.9,75.6,11.6,8.9,322,71.0,78.5,68.1,83.8,77.0,26,378,2.72,3.52,2.54,2.74,2.81,Video,31.0,92.9,86.6,84.3,81.9,79.2,Advanced Topics,26.0,Low,Advanced Practice,30,2.95,72.9
10507,20,F,4,3.38,86.8,91.5,4.4,14.9,373,100.0,100.0,100.0,100.0,85.7,48,609,5.0,4.69,1.63,5.0,4.29,Video,92.8,100.0,100.0,100.0,100.0,100.0,Conceptual Understanding,4.6,Low,Concept Review,25,5.4,100.0
10508,20,F,4,2.95,66.7,93.1,6.0,14.0,397,85.3,91.8,76.3,88.1,100.0,34,606,4.32,3.91,2.26,4.72,4.35,Video,79.1,100.0,96.1,100.0,87.6,95.6,Critical Thinking,12.3,Low,Critical Thinking Activity,20,4.72,97.5
10509,22,F,2,2.44,45.8,80.7,11.6,1.6,97,63.3,58.2,76.8,61.9,65.5,21,150,2.76,3.39,2.3,2.54,2.97,Video,48.0,77.0,39.3,54.1,64.9,58.0,Problem Solving,41.3,Medium,Practice Questions,30,2.16,46.4
10510,20,M,4,2.58,54.6,68.4,15.0,6.6,233,63.5,95.3,95.2,90.9,63.8,32,357,3.27,3.86,2.64,3.12,3.72,Video,51.5,84.3,67.9,76.0,82.2,82.7,Problem Solving,26.6,Low,Practice Questions,25,2.29,73.7
10511,22,M,3,1.2,46.6,63.7,19.7,4.1,155,42.4,71.0,55.8,46.9,46.9,7,14,2.68,2.67,4.58,2.36,1.94,Practice,32.6,54.8,60.8,53.7,42.9,36.2,Advanced Topics,57.1,Medium,Advanced Practice,30,0.97,35.9
10512,21,F,1,2.77,82.9,85.7,11.9,11.6,366,95.5,93.3,85.6,90.3,83.3,29,514,4.34,3.65,1.33,3.67,4.43,Video,73.9,88.1,100.0,100.0,100.0,100.0,Conceptual Understanding,13.0,Low,Concept Review,20,5.47,86.2
10513,21,F,2,1.87,79.3,70.9,16.2,10.5,294,76.7,89.0,75.0,71.2,84.6,23,511,3.65,3.57,2.61,2.78,2.77,Video,64.4,82.7,99.0,77.7,91.7,84.1,Application Skills,23.0,Low,Application Exercise,20,4.22,88.8
10514,20,F,3,1.79,44.0,55.6,23.8,3.0,192,43.5,38.4,61.1,39.6,27.0,8,81,2.63,2.18,3.11,2.95,2.82,Video,25.1,56.4,59.1,48.1,48.6,49.6,Application Skills,54.2,Medium,Application Exercise,25,2.33,46.7
10515,20,M,1,1.62,44.9,65.6,19.9,10.4,259,77.3,65.0,85.3,57.0,58.2,24,337,2.97,2.88,3.83,3.46,3.18,Video,47.3,67.6,61.0,86.1,59.0,68.1,Critical Thinking,36.6,Medium,Critical Thinking Activity,35,0.27,66.3
10516,23,M,3,2.48,43.7,97.7,2.8,4.9,348,67.5,63.7,86.0,65.6,46.4,28,437,2.72,2.4,2.27,4.01,3.35,Video,56.5,81.8,63.7,62.8,69.6,48.7,Advanced Topics,32.8,Low,Advanced Practice,25,6.62,65.5
10517,23,F,3,2.9,51.1,84.4,7.7,11.4,318,86.9,80.3,79.6,82.2,73.1,32,426,3.86,3.9,2.92,3.93,3.9,Video,58.6,89.2,95.5,85.5,70.0,100.0,Critical Thinking,19.2,Low,Critical Thinking Activity,20,6.4,85.0
10518,19,F,1,1.61,34.6,47.6,29.8,0.5,40,46.7,47.6,43.8,39.3,38.9,11,71,1.5,1.95,2.51,1.22,1.32,Quiz,18.4,49.3,54.2,42.2,35.7,36.5,Critical Thinking,60.3,High,Critical Thinking Activity,40,1.97,27.6
10519,22,F,3,3.14,67.5,87.9,6.0,10.6,333,100.0,70.9,79.4,94.0,84.2,35,398,4.37,3.7,1.98,4.19,4.71,Video,92.5,100.0,92.9,100.0,90.8,86.3,Advanced Topics,9.7,Low,Advanced Practice,30,9.47,95.9
10520,23,M,3,2.51,66.1,85.4,9.5,8.0,293,71.4,79.2,72.8,82.8,66.2,29,332,2.98,2.66,1.97,3.12,3.32,Video,35.3,96.1,80.9,78.0,63.5,99.2,Critical Thinking,26.6,Low,Critical Thinking Activity,30,2.03,70.0
10521,18,F,2,3.12,53.6,90.8,5.4,9.0,350,84.1,77.0,80.0,72.4,60.8,22,416,3.11,3.25,2.73,3.28,3.47,Video,56.4,73.9,86.5,91.1,82.5,81.8,Conceptual Understanding,26.0,Low,Concept Review,30,7.18,71.5
10522,23,M,1,2.05,52.5,57.2,24.5,1.7,110,52.0,66.2,50.4,42.0,52.4,11,132,1.56,2.98,2.75,1.65,1.52,Video,0.0,45.4,44.0,55.0,44.8,45.7,Problem Solving,49.7,Medium,Practice Questions,35,0.0,50.2
10523,20,M,1,2.73,75.9,80.5,9.2,7.3,197,72.0,78.3,64.2,75.8,83.6,29,192,3.41,3.49,2.86,2.59,3.19,Video,42.0,95.0,94.6,73.5,100.0,87.9,Application Skills,27.3,Low,Application Exercise,20,3.98,76.0
10524,23,F,2,3.61,84.4,97.9,0.0,11.1,331,94.2,84.0,100.0,83.5,91.8,20,475,2.61,4.15,1.93,3.59,3.88,Video,68.9,100.0,100.0,100.0,80.6,100.0,Critical Thinking,12.7,Low,Critical Thinking Activity,25,3.2,89.6
10525,20,F,4,2.15,66.0,64.5,21.4,0.5,176,62.4,43.9,50.8,61.1,54.3,11,227,2.41,3.11,3.38,1.72,2.06,Video,19.9,51.5,63.0,70.0,65.0,45.5,Advanced Topics,46.4,Medium,Advanced Practice,30,1.97,45.6
10526,18,F,1,1.94,47.0,70.1,16.3,0.7,73,53.7,61.5,68.2,43.9,51.8,11,116,2.86,2.33,3.16,2.43,2.25,Quiz,25.1,40.0,53.5,69.0,49.5,45.0,Conceptual Understanding,49.7,Medium,Concept Review,25,2.86,51.0
10527,18,M,3,2.6,77.5,90.3,5.9,11.1,377,80.2,93.4,87.4,86.5,81.1,26,325,4.51,3.73,2.24,3.77,3.49,Video,69.3,81.1,100.0,87.2,82.5,89.0,Conceptual Understanding,15.6,Low,Concept Review,20,4.59,91.7
10528,22,M,1,2.36,60.7,78.6,11.2,5.6,142,69.2,66.9,78.3,53.7,68.5,25,268,3.49,2.76,2.71,2.19,3.01,Video,64.7,68.9,73.2,58.6,64.8,64.1,Application Skills,38.2,Medium,Application Exercise,35,5.34,61.1
10529,22,M,2,2.99,61.3,92.1,6.1,7.9,274,76.6,90.5,79.8,74.1,51.8,36,311,3.72,3.59,3.58,3.73,3.94,Video,45.1,75.9,99.5,75.6,72.9,67.7,Advanced Topics,24.5,Low,Advanced Practice,20,4.48,83.8
10530,20,F,4,2.17,79.0,79.6,10.0,5.5,200,58.5,74.7,67.2,72.8,75.1,23,160,3.27,3.89,2.45,1.88,2.61,Video,34.4,100.0,81.9,68.1,85.2,74.1,Application Skills,32.6,Low,Application Exercise,30,2.11,64.4
10531,23,F,3,1.64,44.2,49.1,27.7,0.8,86,50.6,48.1,58.0,43.8,39.7,5,111,3.39,1.68,4.02,2.07,1.5,Video,40.1,53.7,42.8,42.4,54.5,29.3,Advanced Topics,57.7,Medium,Advanced Practice,25,1.35,41.9
10532,18,M,1,3.42,79.9,88.7,7.8,11.2,261,96.4,89.9,97.4,100.0,96.6,31,426,4.65,4.45,3.56,4.17,4.1,Video,87.0,100.0,98.6,100.0,100.0,100.0,Problem Solving,9.7,Low,Practice Questions,20,7.14,100.0
10533,21,M,2,2.66,62.5,69.9,18.9,5.9,234,60.9,73.6,69.9,76.6,64.6,23,245,3.29,2.91,2.24,2.65,3.37,Video,52.4,87.4,71.5,86.2,50.5,66.9,Critical Thinking,33.1,Low,Critical Thinking Activity,20,3.15,65.7
10534,19,F,1,2.85,66.2,92.7,3.0,11.2,294,86.4,67.2,70.4,82.9,53.7,34,435,4.4,3.26,1.53,4.11,4.07,Video,69.4,81.6,82.4,87.2,89.2,100.0,Conceptual Understanding,15.5,Low,Concept Review,20,6.66,88.3
10535,20,M,2,2.48,61.0,66.5,22.3,8.3,298,72.4,78.6,71.9,67.7,64.1,24,235,3.38,2.77,3.16,3.96,3.4,Video,71.8,79.6,72.8,79.9,74.2,81.9,Problem Solving,30.3,Low,Practice Questions,25,6.67,80.3
10536,22,M,3,2.46,69.2,87.0,7.8,10.9,305,84.9,82.4,71.0,61.0,85.5,30,295,3.81,3.19,1.95,3.38,3.74,Video,78.5,90.6,87.5,74.0,72.6,81.8,Critical Thinking,24.5,Low,Critical Thinking Activity,25,2.84,78.8
10537,20,M,1,1.94,47.0,77.1,10.5,4.8,151,60.3,70.0,66.5,37.4,51.1,32,303,3.17,2.56,4.37,2.3,2.98,Video,42.3,55.8,58.1,63.8,54.3,45.1,Advanced Topics,50.3,Medium,Advanced Practice,25,5.16,49.9
10538,21,M,2,3.31,100.0,100.0,0.7,13.2,422,100.0,93.1,96.5,81.1,94.8,45,385,4.21,4.88,1.73,4.96,4.7,Video,78.4,100.0,100.0,96.0,82.9,100.0,Critical Thinking,8.8,Low,Critical Thinking Activity,20,9.19,95.4
10539,24,M,2,2.42,53.0,67.7,17.0,2.0,59,68.5,72.5,67.4,55.1,65.6,17,73,3.26,3.24,2.46,2.63,3.13,Video,49.5,77.2,56.6,67.2,70.7,61.3,Problem Solving,36.4,Medium,Practice Questions,25,4.21,70.3
10540,20,M,4,2.96,68.9,68.7,18.1,4.9,193,78.5,80.2,90.3,71.2,73.9,15,145,3.04,3.46,1.75,3.17,3.23,Video,52.9,77.0,89.2,92.7,68.8,70.0,Critical Thinking,25.3,Low,Critical Thinking Activity,20,4.93,81.9
10541,23,F,4,2.76,70.3,80.4,10.7,7.7,245,81.7,88.0,80.1,76.6,86.1,26,350,3.56,3.88,3.29,3.86,3.92,Video,62.6,100.0,86.9,68.5,71.2,80.0,Application Skills,22.2,Low,Application Exercise,25,6.48,88.0
10542,19,F,1,1.83,57.1,68.2,17.6,6.9,166,57.6,59.8,80.7,53.2,56.0,24,353,3.65,2.18,2.87,2.19,3.39,Video,63.6,52.8,61.2,65.0,75.0,57.2,Conceptual Understanding,42.6,Medium,Concept Review,25,4.12,58.8
10543,23,M,3,2.58,60.8,77.1,10.8,7.6,310,87.7,67.5,81.8,81.8,82.5,19,344,3.69,3.92,2.54,3.67,3.85,Video,70.7,100.0,100.0,100.0,87.0,67.0,Advanced Topics,20.1,Low,Advanced Practice,20,5.43,84.4
10544,25,F,2,2.94,64.2,69.9,18.6,7.4,174,69.9,74.9,79.3,61.8,79.3,28,480,3.02,2.86,2.9,2.72,2.77,Video,34.1,83.3,88.2,75.3,89.4,81.5,Application Skills,34.8,Low,Application Exercise,20,1.04,68.2
10545,18,F,2,1.73,72.9,74.1,11.9,9.4,301,88.1,87.0,85.7,74.5,91.8,35,472,3.87,3.57,1.81,4.2,3.68,Video,80.9,93.4,97.9,88.0,59.3,82.9,Critical Thinking,22.3,Low,Critical Thinking Activity,20,5.58,77.6
10546,20,F,3,1.68,35.2,87.2,4.8,4.1,210,62.3,54.5,65.4,41.4,66.9,15,162,3.46,2.39,2.68,3.56,3.47,Video,59.7,69.9,48.5,58.0,47.1,65.8,Critical Thinking,41.4,Medium,Critical Thinking Activity,25,5.21,62.7
10547,23,F,4,2.52,53.1,76.2,13.8,7.2,258,73.6,81.1,69.5,60.6,64.3,37,278,2.72,3.09,1.99,2.91,3.91,Video,59.7,91.1,66.4,76.6,62.9,77.5,Critical Thinking,28.7,Low,Critical Thinking Activity,20,5.59,78.5
10548,21,M,4,1.62,54.1,83.2,12.5,4.3,136,66.1,67.9,72.5,56.0,74.4,17,447,3.0,3.0,3.59,3.47,3.31,Video,58.1,75.2,72.4,71.5,91.0,47.2,Advanced Topics,40.9,Medium,Advanced Practice,35,5.88,56.8
10549,22,M,3,2.88,75.3,88.8,5.5,2.6,190,63.9,60.2,70.3,75.3,57.9,34,345,2.68,3.37,3.2,2.9,3.03,Video,31.7,69.5,71.8,66.4,63.4,58.0,Advanced Topics,34.4,Low,Advanced Practice,30,1.97,62.2
10550,20,F,2,2.96,64.0,74.9,15.2,0.5,156,64.9,49.8,55.2,57.3,61.1,14,214,2.3,2.42,2.45,1.33,2.22,Video,27.5,65.0,55.7,74.9,63.6,55.6,Advanced Topics,41.7,Medium,Advanced Practice,30,1.54,56.6
10551,22,F,3,2.43,61.6,68.6,19.4,4.5,133,67.9,59.8,61.4,71.4,66.1,21,252,2.82,2.9,3.36,3.06,2.83,Video,36.0,86.6,66.8,73.1,75.9,48.4,Advanced Topics,35.1,Medium,Advanced Practice,25,5.97,68.6
10552,21,F,1,1.2,68.6,73.5,16.2,2.9,137,68.2,81.0,69.3,65.6,52.8,22,222,2.53,2.08,2.42,3.16,2.5,Video,27.3,47.2,67.8,72.3,84.0,60.3,Conceptual Understanding,39.6,Medium,Concept Review,25,2.33,55.7
10553,24,M,3,3.02,64.2,69.5,16.2,3.3,110,63.0,73.9,87.9,56.6,63.3,27,147,2.88,3.55,2.02,2.52,3.34,Video,52.3,84.7,66.4,75.9,83.9,44.6,Advanced Topics,35.4,Medium,Advanced Practice,25,4.4,68.5
10554,22,M,2,1.84,49.2,82.5,7.5,5.4,192,60.1,67.0,69.0,45.9,65.2,23,287,2.35,2.22,2.74,3.53,2.77,Video,60.2,65.6,80.3,63.9,72.6,49.9,Advanced Topics,43.9,Medium,Advanced Practice,30,3.82,54.1
10555,22,F,3,3.22,79.8,99.6,0.0,9.6,385,90.4,83.8,99.9,80.6,75.0,38,506,3.26,3.65,2.91,3.41,4.23,Video,44.8,97.1,97.5,75.5,78.8,83.4,Application Skills,16.8,Low,Application Exercise,30,3.32,88.9
10556,21,M,1,2.65,58.8,72.1,14.8,8.2,216,77.3,75.3,73.0,76.8,83.7,25,241,3.14,3.81,1.63,3.09,3.79,Video,59.7,95.7,93.2,87.4,86.8,83.1,Advanced Topics,25.0,Low,Advanced Practice,20,7.16,72.2
10557,20,M,1,1.2,30.0,51.3,29.1,1.6,71,30.6,49.9,48.0,20.0,20.0,6,89,2.88,1.14,2.76,1.72,2.44,Video,40.5,42.1,29.2,34.5,30.1,27.8,Advanced Topics,64.7,High,Advanced Practice,30,2.18,37.4
10558,21,M,4,2.62,45.8,47.5,26.6,4.8,112,73.4,62.8,70.3,65.3,75.0,17,348,2.38,2.33,2.7,3.01,2.52,Video,37.5,69.6,80.1,61.5,59.0,71.8,Critical Thinking,39.6,Medium,Critical Thinking Activity,30,1.24,60.1
10559,22,M,1,1.91,61.2,61.4,22.6,5.0,176,52.9,71.3,59.4,64.9,67.2,10,211,4.05,3.08,3.35,2.85,2.81,Video,50.7,71.0,62.8,75.9,62.1,57.6,Advanced Topics,42.4,Medium,Advanced Practice,30,2.95,57.0
10560,21,F,2,1.2,39.5,73.8,12.5,0.5,127,54.6,50.2,62.3,32.9,42.7,1,292,2.99,2.27,3.43,1.88,2.23,Video,21.7,62.5,55.4,61.7,44.3,42.6,Advanced Topics,54.3,Medium,Advanced Practice,30,0.0,43.8
10561,22,M,1,2.4,51.4,69.7,16.9,5.0,141,51.6,76.7,67.6,45.4,51.5,19,110,2.92,2.32,2.12,3.13,3.2,Video,52.6,52.3,50.9,40.0,72.5,47.4,Application Skills,47.1,Medium,Application Exercise,30,3.02,48.1
10562,26,F,1,2.31,56.9,95.8,3.7,6.6,293,85.6,78.8,98.7,72.8,63.8,41,395,2.58,2.99,2.65,3.9,3.87,Video,47.1,81.8,72.7,88.8,72.7,64.5,Advanced Topics,26.2,Low,Advanced Practice,30,2.89,71.8
10563,23,M,1,2.86,84.5,88.0,5.3,11.3,376,78.2,97.3,70.8,88.2,84.1,36,310,3.14,3.83,2.61,3.58,3.17,Video,34.5,100.0,86.8,84.7,70.0,84.7,Critical Thinking,18.1,Low,Critical Thinking Activity,20,4.27,86.1
10564,21,M,1,2.55,63.3,87.1,7.5,9.9,340,87.9,76.4,73.6,69.1,74.8,23,245,3.3,3.43,1.66,2.95,3.4,Video,67.3,88.0,69.8,69.5,79.2,82.6,Application Skills,25.2,Low,Application Exercise,30,3.67,66.6
10565,24,M,4,2.36,55.8,86.2,6.7,3.2,101,63.2,73.5,65.8,53.4,68.9,27,168,3.15,2.16,3.32,3.07,3.03,Video,53.1,86.3,81.1,61.0,71.1,62.9,Application Skills,45.6,Medium,Application Exercise,35,5.21,47.3
10566,21,M,2,2.75,79.4,61.3,22.7,7.9,219,79.1,80.2,63.8,75.8,93.0,16,297,3.34,3.66,3.47,2.85,2.75,Video,43.9,86.2,75.3,85.1,82.1,78.4,Problem Solving,33.3,Low,Practice Questions,25,5.43,61.1
10567,18,F,4,2.54,64.5,57.0,24.1,6.0,226,67.7,69.0,40.4,46.9,62.9,10,295,3.17,3.46,2.52,3.46,2.93,Video,52.2,76.1,60.5,56.7,65.6,66.2,Application Skills,37.7,Medium,Application Exercise,25,4.94,69.9
10568,19,F,3,1.71,50.6,81.8,10.1,2.9,127,58.6,68.1,75.7,54.2,42.5,2,127,2.02,1.87,2.15,2.32,2.2,Video,38.9,49.9,65.7,43.7,51.9,50.1,Application Skills,43.1,Medium,Application Exercise,25,2.4,53.1
10569,18,M,2,1.71,34.3,91.1,8.0,4.6,81,50.4,52.1,73.7,44.3,46.7,13,79,2.49,2.09,3.61,3.05,2.28,Practice,33.1,49.0,48.2,70.0,43.7,66.7,Critical Thinking,49.7,Medium,Critical Thinking Activity,25,2.79,45.1
10570,21,M,3,1.67,67.7,78.2,13.3,3.4,196,48.9,59.4,67.6,21.1,47.0,23,359,2.9,1.85,2.98,3.39,3.0,Video,52.9,53.5,48.1,55.5,70.8,31.1,Advanced Topics,52.2,Medium,Advanced Practice,25,1.56,55.7
10571,22,F,2,3.08,73.0,59.7,20.8,1.3,177,67.8,68.6,58.2,56.4,50.5,10,141,2.85,3.09,3.02,2.91,2.56,Video,37.1,66.1,59.0,71.8,54.0,57.6,Critical Thinking,41.9,Medium,Critical Thinking Activity,35,2.75,59.4
10572,25,F,3,2.58,72.2,84.4,8.4,3.3,179,59.4,76.5,69.7,60.0,57.7,21,152,2.82,3.71,3.29,2.55,3.2,Video,52.0,93.5,69.7,70.3,63.5,68.2,Critical Thinking,36.7,Medium,Critical Thinking Activity,25,2.69,66.6
10573,22,F,2,2.92,60.3,76.4,12.8,8.7,224,74.2,76.4,81.2,84.7,90.1,32,355,3.77,3.91,2.49,3.72,3.6,Video,65.5,85.5,100.0,100.0,87.2,87.1,Conceptual Understanding,22.4,Low,Concept Review,20,5.81,80.3
10574,21,M,2,2.36,56.6,62.0,21.1,4.2,123,84.8,80.1,45.3,52.4,61.1,8,204,2.69,2.29,2.79,2.36,2.02,Video,34.1,80.3,78.0,60.7,62.5,50.0,Advanced Topics,40.4,Medium,Advanced Practice,30,6.27,57.2
10575,23,M,4,1.91,43.9,72.0,20.5,0.5,170,44.0,44.6,59.7,35.0,39.2,14,117,2.11,2.27,2.2,2.49,1.47,Video,15.7,55.1,49.1,34.6,42.4,24.6,Advanced Topics,52.8,Medium,Advanced Practice,25,2.08,45.1
10576,18,F,4,2.75,82.8,75.0,14.5,7.2,272,87.9,90.8,84.3,79.7,82.3,23,300,3.9,4.13,2.21,3.34,3.3,Video,64.0,88.6,95.9,83.5,85.3,73.3,Advanced Topics,18.8,Low,Advanced Practice,20,1.49,87.9
10577,22,F,4,1.85,48.2,53.3,21.6,3.3,157,49.5,65.1,51.0,39.4,38.6,8,79,2.49,2.34,2.91,2.45,1.76,Video,21.6,55.4,48.9,43.1,47.7,43.9,Application Skills,53.2,Medium,Application Exercise,25,1.22,45.4
10578,23,M,2,3.15,66.5,68.5,16.2,2.8,162,78.2,88.9,68.8,65.3,62.4,22,265,3.21,3.66,1.88,2.04,2.77,Video,41.9,77.3,60.9,94.5,70.7,69.0,Problem Solving,31.0,Low,Practice Questions,25,3.47,69.3
10579,18,M,3,2.59,47.4,79.0,7.7,5.9,189,65.3,52.0,88.0,56.4,48.7,19,204,2.88,2.32,2.73,2.73,2.72,Video,35.3,76.8,99.1,55.4,68.3,55.7,Application Skills,40.2,Medium,Application Exercise,25,3.14,56.7
10580,24,F,2,2.33,65.3,92.3,3.6,4.3,226,73.1,61.5,89.3,48.5,73.3,24,279,3.18,2.95,2.53,3.31,3.69,Video,47.4,69.0,62.0,63.0,68.1,49.8,Advanced Topics,39.1,Medium,Advanced Practice,35,3.11,54.4
10581,22,M,2,2.3,58.2,60.0,18.0,5.6,148,54.5,69.3,57.3,34.5,47.9,22,233,2.72,2.64,2.48,2.31,2.62,Video,56.0,67.2,57.0,59.8,49.4,48.6,Advanced Topics,47.6,Medium,Advanced Practice,25,4.02,55.3
10582,21,F,1,1.94,71.4,70.2,14.7,4.1,158,81.0,56.0,65.5,73.3,42.6,14,265,3.21,3.11,2.27,2.49,3.55,Video,63.8,82.6,63.3,75.0,66.3,61.0,Advanced Topics,32.8,Low,Advanced Practice,30,2.81,59.9
10583,23,F,3,2.86,89.0,91.3,1.7,9.9,414,90.9,83.8,89.0,94.5,100.0,37,566,4.64,4.07,3.12,4.41,3.96,Video,89.5,87.2,100.0,95.6,100.0,100.0,Conceptual Understanding,12.3,Low,Concept Review,20,4.48,95.9
10584,26,M,1,2.52,68.9,81.4,11.0,5.3,276,78.2,74.1,87.0,70.0,70.1,29,385,2.81,3.35,3.01,3.37,3.56,Video,39.2,72.8,69.2,100.0,92.4,72.3,Problem Solving,29.9,Low,Practice Questions,20,4.79,71.9
10585,22,M,2,3.14,52.9,61.2,21.3,8.8,253,89.0,88.8,81.8,83.5,68.6,27,379,3.14,4.45,2.54,3.59,3.77,Video,57.8,96.8,84.2,91.9,76.5,68.3,Advanced Topics,21.0,Low,Advanced Practice,20,3.12,80.7
10586,22,M,4,2.66,73.0,72.2,15.9,5.1,217,67.8,87.8,57.0,75.5,69.2,27,150,3.28,3.57,2.37,3.03,3.35,Video,43.5,73.8,79.3,71.3,77.4,64.9,Advanced Topics,28.0,Low,Advanced Practice,20,4.61,77.6
10587,20,M,1,2.3,48.0,70.0,16.3,0.9,120,50.5,54.2,57.6,52.2,51.5,8,247,2.7,2.24,1.93,1.57,2.46,Video,31.7,54.8,61.9,62.5,58.2,56.8,Conceptual Understanding,47.2,Medium,Concept Review,25,0.62,47.4
10588,20,M,1,2.04,60.1,71.9,12.7,4.7,228,66.6,63.0,63.7,53.1,63.8,17,378,3.02,2.64,4.12,2.45,3.3,Video,32.5,73.4,78.6,64.3,60.7,43.9,Advanced Topics,43.0,Medium,Advanced Practice,25,6.02,60.3
10589,23,F,1,2.19,53.7,73.4,15.6,2.6,140,56.1,63.9,71.0,54.5,68.5,18,188,2.75,2.96,2.98,3.07,2.97,Video,52.6,65.1,69.7,77.7,71.2,37.2,Advanced Topics,41.9,Medium,Advanced Practice,25,2.66,60.7
10590,20,F,4,3.45,73.1,67.3,21.9,9.9,418,100.0,95.5,72.0,85.5,82.0,21,419,4.07,4.89,2.17,2.95,3.02,Video,56.6,100.0,83.7,100.0,90.2,100.0,Problem Solving,14.8,Low,Practice Questions,25,3.66,86.5
10591,22,F,2,1.2,59.8,87.7,7.6,4.1,123,62.5,74.3,88.1,55.7,63.2,22,217,4.47,3.59,2.71,4.33,4.05,Video,83.4,58.5,72.9,55.1,59.1,47.3,Advanced Topics,36.2,Medium,Advanced Practice,25,6.25,64.1
10592,20,F,2,3.79,80.1,86.5,6.6,7.5,231,89.1,80.0,83.9,79.1,71.4,28,480,3.32,4.16,2.63,3.58,3.3,Video,59.6,84.0,95.3,100.0,100.0,91.2,Conceptual Understanding,18.7,Low,Concept Review,20,3.48,86.5
10593,23,M,4,2.87,81.3,82.2,6.9,7.0,251,87.8,68.5,75.0,78.4,65.6,20,264,2.92,3.62,2.88,2.97,2.97,Video,62.9,100.0,91.2,92.0,81.4,85.7,Critical Thinking,23.3,Low,Critical Thinking Activity,25,4.39,78.7
10594,22,M,4,2.66,96.8,89.6,3.9,14.3,582,99.7,92.1,98.6,100.0,100.0,48,766,3.31,4.35,2.7,5.0,4.36,Video,56.6,100.0,100.0,100.0,100.0,100.0,Conceptual Understanding,8.0,Low,Concept Review,30,5.93,98.3
10595,24,F,2,2.41,65.4,71.4,16.7,3.5,120,62.0,80.0,62.0,64.5,67.0,15,278,3.18,3.03,2.98,3.54,3.32,Video,61.7,66.6,68.9,91.3,80.9,74.3,Conceptual Understanding,38.7,Medium,Concept Review,25,5.86,61.1
10596,20,F,3,2.9,71.9,82.1,12.0,3.8,192,74.9,82.5,63.9,63.8,78.8,21,428,3.56,3.85,1.85,3.2,4.17,Video,75.7,86.6,79.5,92.5,92.1,55.4,Advanced Topics,28.2,Low,Advanced Practice,20,6.77,74.4
10597,21,M,3,3.61,98.4,100.0,0.5,16.0,560,100.0,100.0,100.0,100.0,100.0,46,591,4.53,5.0,1.69,5.0,4.65,Video,80.3,100.0,100.0,100.0,100.0,100.0,Conceptual Understanding,3.4,Low,Concept Review,30,5.87,100.0
10598,19,F,3,2.63,50.9,50.9,28.6,0.5,62,38.0,60.9,58.4,42.2,40.4,10,132,1.0,2.46,3.57,1.45,1.6,Quiz,23.1,51.3,34.6,70.1,48.3,36.2,Problem Solving,56.7,Medium,Practice Questions,25,1.47,45.4
10599,21,M,1,2.1,38.9,45.0,31.7,0.5,0,33.4,36.0,36.9,47.3,26.8,1,0,1.96,1.6,1.64,1.0,1.0,Practice,20.1,53.6,51.3,53.4,55.5,32.3,Advanced Topics,59.7,Medium,Advanced Practice,35,4.63,27.9
10600,22,M,4,1.76,46.5,65.3,20.1,0.5,85,34.6,47.3,51.7,27.9,39.4,5,162,2.26,1.26,2.99,1.56,1.36,Video,17.0,39.8,45.1,36.8,41.9,33.1,Advanced Topics,62.9,High,Advanced Practice,30,2.71,33.5
10601,23,M,2,3.06,82.6,81.4,8.9,14.0,460,100.0,93.0,97.1,85.4,96.8,44,623,4.11,3.51,2.03,4.69,4.45,Video,72.7,100.0,92.5,100.0,93.6,100.0,Problem Solving,13.5,Low,Practice Questions,30,4.32,92.3
10602,19,F,2,1.61,52.3,67.4,18.3,1.4,115,45.3,41.6,49.3,27.2,47.8,6,291,2.17,1.51,3.09,1.18,1.04,Video,9.2,53.6,57.2,55.9,57.1,47.1,Advanced Topics,59.7,Medium,Advanced Practice,25,0.9,37.1
10603,23,F,2,3.05,69.6,56.4,22.3,0.5,113,56.2,53.7,62.0,42.0,52.6,3,126,1.0,2.35,2.71,1.11,1.0,Video,31.4,67.9,56.9,66.8,64.5,46.0,Advanced Topics,53.6,Medium,Advanced Practice,35,1.0,39.6
10604,24,M,1,2.2,73.0,90.7,5.2,7.2,310,85.4,80.8,97.4,77.3,77.2,22,448,3.48,3.71,1.97,3.5,3.68,Video,62.4,94.1,86.1,78.9,94.2,84.6,Application Skills,20.8,Low,Application Exercise,20,4.52,79.6
10605,22,M,1,2.69,37.4,85.6,8.6,11.2,344,81.3,71.0,83.4,85.6,77.3,33,362,3.26,4.13,2.21,2.98,2.9,Video,56.9,100.0,76.1,77.6,80.7,99.9,Problem Solving,20.6,Low,Practice Questions,25,2.07,74.3
10606,26,F,3,2.78,77.6,59.8,25.5,3.4,171,80.8,73.1,74.1,70.3,66.8,17,265,2.57,2.83,2.2,2.56,2.38,Video,31.7,87.4,80.4,69.5,67.2,75.6,Critical Thinking,34.2,Low,Critical Thinking Activity,20,2.0,62.8
10607,20,M,1,2.97,61.0,69.9,13.9,3.1,192,64.3,60.7,61.2,57.6,56.2,20,209,2.63,2.67,4.3,2.9,2.31,Video,22.6,60.8,62.3,73.9,58.8,70.2,Critical Thinking,44.6,Medium,Critical Thinking Activity,25,4.96,56.5
10608,19,F,2,2.84,73.0,86.5,8.4,6.2,277,83.7,84.3,88.3,100.0,79.8,33,377,3.51,3.62,3.68,2.31,3.34,Video,55.3,100.0,80.8,87.3,72.1,80.0,Critical Thinking,21.3,Low,Critical Thinking Activity,25,5.08,77.9
10609,18,M,2,1.43,49.4,99.8,3.1,1.1,179,63.9,71.2,87.2,50.8,42.9,21,289,3.22,2.37,1.93,3.39,3.28,Video,45.6,69.0,50.5,66.6,45.4,56.2,Critical Thinking,37.2,Medium,Critical Thinking Activity,25,0.08,64.2
10610,25,F,1,2.28,50.7,75.2,15.2,0.5,175,48.7,58.6,76.5,46.2,52.2,9,163,2.97,2.76,3.73,2.42,2.9,Video,34.6,57.1,51.9,58.9,45.5,30.5,Advanced Topics,51.0,Medium,Advanced Practice,35,4.96,47.6
10611,23,M,4,2.29,60.9,87.1,8.8,7.9,356,89.5,61.6,83.9,70.7,75.4,28,374,3.28,2.71,2.83,3.93,3.63,Video,57.7,91.8,87.7,92.6,81.7,80.9,Advanced Topics,26.7,Low,Advanced Practice,20,6.16,73.5
10612,21,F,1,3.51,55.9,59.9,23.2,0.5,26,65.1,65.1,63.8,59.8,68.3,13,118,1.28,2.4,2.6,3.0,1.95,Video,22.3,59.4,63.6,70.9,85.5,64.7,Conceptual Understanding,43.9,Medium,Concept Review,35,1.4,53.6
10613,22,F,2,2.5,66.1,76.3,15.6,6.9,230,80.8,74.4,91.2,90.1,68.6,19,260,2.23,3.93,2.41,2.67,2.7,Video,35.1,100.0,93.4,79.4,83.2,86.4,Application Skills,23.6,Low,Application Exercise,20,4.06,70.9
10614,19,F,2,3.21,70.7,88.9,3.9,6.8,214,82.2,78.5,71.1,62.6,68.6,30,401,2.14,2.6,2.58,2.05,2.69,Video,35.4,74.2,79.0,78.5,91.0,59.4,Advanced Topics,30.1,Low,Advanced Practice,30,1.7,70.9
10615,27,F,1,4.0,85.1,93.9,0.6,4.7,217,90.3,83.2,90.0,92.6,73.9,12,330,3.52,3.63,3.34,3.58,3.31,Video,58.8,100.0,88.9,87.9,100.0,96.3,Application Skills,18.4,Low,Application Exercise,30,3.6,86.2
10616,22,M,1,1.84,53.0,58.0,23.1,0.5,75,53.0,67.8,52.7,45.8,47.0,12,118,2.55,1.68,3.06,2.02,1.69,Video,31.7,67.1,57.0,72.7,59.2,39.5,Advanced Topics,53.3,Medium,Advanced Practice,25,4.31,45.3
10617,22,M,3,2.86,83.1,98.7,0.0,14.9,480,100.0,100.0,96.9,100.0,100.0,43,427,4.08,4.75,1.77,5.0,4.54,Video,74.4,100.0,100.0,99.7,95.4,100.0,Critical Thinking,4.1,Low,Critical Thinking Activity,30,5.43,99.8
10618,23,F,4,3.13,72.5,86.3,10.0,6.8,268,71.7,81.0,84.4,97.0,84.3,29,391,2.43,3.81,1.39,3.54,2.38,Video,42.3,79.9,95.1,73.8,89.0,100.0,Application Skills,19.9,Low,Application Exercise,25,0.18,73.7
10619,23,F,1,2.91,70.9,90.2,7.8,6.3,178,77.7,87.2,85.7,68.3,97.5,10,393,4.15,4.46,2.18,3.92,3.6,Video,78.6,88.8,99.8,72.9,94.3,87.4,Application Skills,20.0,Low,Application Exercise,20,5.14,90.6
10620,22,M,3,3.62,92.2,100.0,0.0,14.6,420,100.0,98.2,100.0,100.0,100.0,48,536,3.76,5.0,1.7,4.09,4.32,Video,81.2,100.0,100.0,100.0,97.0,100.0,Critical Thinking,3.4,Low,Critical Thinking Activity,25,5.78,100.0
10621,20,M,3,1.53,59.8,87.2,6.3,9.2,324,68.2,68.0,69.5,41.9,60.1,20,515,4.13,3.17,3.72,3.8,3.67,Video,50.3,64.1,66.0,65.3,59.0,66.3,Critical Thinking,38.1,Medium,Critical Thinking Activity,25,6.09,67.3
10622,23,M,4,2.89,40.3,66.9,18.1,4.3,41,71.9,62.9,61.2,48.1,63.8,13,34,2.77,2.83,2.33,2.65,1.99,Practice,39.4,65.7,46.9,62.4,42.1,62.6,Critical Thinking,43.4,Medium,Critical Thinking Activity,30,2.59,48.9
10623,26,F,2,1.77,54.3,75.9,13.4,2.7,190,62.5,71.2,70.2,48.8,56.7,13,253,3.15,2.49,2.65,2.99,2.82,Video,30.9,55.0,59.3,74.1,51.6,60.8,Critical Thinking,43.5,Medium,Critical Thinking Activity,25,2.31,55.4
10624,24,F,2,2.24,59.1,61.6,21.4,2.7,150,60.4,81.2,68.4,71.6,57.6,15,232,2.77,3.24,3.27,1.56,2.26,Video,30.0,72.3,83.1,66.7,61.2,65.0,Critical Thinking,39.6,Medium,Critical Thinking Activity,25,4.03,59.2
10625,25,M,2,2.47,31.3,62.6,21.7,0.5,179,53.2,54.4,65.8,39.6,51.2,19,232,2.01,1.96,3.34,2.26,1.3,Video,32.0,50.6,39.9,46.3,50.3,49.8,Problem Solving,57.7,Medium,Practice Questions,25,1.94,33.4
10626,20,F,3,2.05,85.1,86.1,7.3,9.3,314,97.8,94.5,95.9,81.6,91.6,34,422,3.83,4.3,2.44,3.98,3.58,Video,57.1,81.8,96.2,98.4,91.4,100.0,Conceptual Understanding,13.8,Low,Concept Review,25,3.34,92.9
10627,19,M,4,3.13,87.6,85.7,9.8,11.7,276,99.0,98.6,77.9,91.4,87.0,37,497,3.88,4.05,3.15,3.63,3.68,Video,54.3,100.0,100.0,100.0,98.3,100.0,Critical Thinking,11.5,Low,Critical Thinking Activity,30,6.18,98.7
10628,21,F,1,4.0,81.1,69.6,17.6,6.5,263,85.2,90.8,72.1,85.8,84.6,25,384,4.22,4.28,3.91,3.62,3.98,Video,69.1,100.0,90.1,92.6,89.9,99.6,Critical Thinking,19.3,Low,Critical Thinking Activity,30,5.49,96.7
10629,22,M,2,2.68,72.4,100.0,0.0,0.5,251,72.7,59.1,89.9,66.7,71.6,28,248,2.48,2.69,3.53,2.91,3.56,Video,28.9,52.7,75.3,81.9,60.8,64.2,Conceptual Understanding,36.5,Medium,Concept Review,25,3.46,61.2
10630,24,F,4,1.65,49.4,45.0,32.9,5.2,209,87.4,77.8,63.7,63.2,64.7,9,235,3.29,2.35,2.75,2.89,2.82,Video,42.2,75.6,75.0,46.5,80.8,57.4,Application Skills,37.1,Medium,Application Exercise,25,3.6,63.5
10631,18,M,4,2.12,55.3,100.0,0.0,6.9,208,73.2,87.2,82.1,77.1,55.2,18,287,3.8,2.85,1.92,3.01,3.23,Video,65.1,86.0,85.4,70.2,81.9,73.0,Application Skills,22.5,Low,Application Exercise,25,2.86,81.5
10632,25,F,4,3.13,100.0,100.0,0.0,8.4,327,81.5,88.9,88.8,87.3,89.0,36,331,3.7,4.27,1.73,4.32,3.53,Video,62.8,85.9,100.0,91.1,87.2,95.5,Conceptual Understanding,13.5,Low,Concept Review,25,3.83,90.1
10633,21,M,3,2.99,74.2,87.4,8.8,4.1,206,77.2,79.5,83.3,72.9,76.3,29,379,3.39,3.48,3.23,3.35,3.88,Video,54.3,91.7,80.9,91.9,70.0,67.1,Advanced Topics,29.0,Low,Advanced Practice,20,4.61,73.5
10634,21,F,2,2.78,70.4,84.7,6.9,6.0,219,76.8,78.1,80.3,71.2,76.6,30,295,3.51,3.08,2.14,2.54,3.01,Video,58.6,84.4,99.2,81.2,89.9,79.1,Advanced Topics,30.3,Low,Advanced Practice,20,3.77,64.2
10635,19,M,3,1.95,55.2,81.7,10.7,1.3,203,46.1,63.4,74.2,42.5,61.0,17,124,2.13,2.78,2.95,3.28,2.4,Practice,36.2,56.6,49.6,55.6,59.6,56.0,Problem Solving,46.1,Medium,Practice Questions,25,4.7,59.4
10636,18,M,3,2.22,30.0,69.7,17.7,5.8,154,57.1,58.0,69.8,38.1,59.9,24,225,2.95,1.88,2.65,2.81,3.42,Video,51.0,57.8,66.4,48.6,49.2,44.2,Advanced Topics,47.7,Medium,Advanced Practice,25,4.45,52.9
10637,23,M,1,2.13,32.7,60.8,19.9,2.2,53,57.6,49.1,55.3,54.8,40.7,3,64,2.28,2.12,2.81,1.82,2.06,Video,23.8,62.0,50.8,63.5,46.9,47.1,Critical Thinking,49.5,Medium,Critical Thinking Activity,30,3.36,42.7
10638,22,M,2,3.74,87.2,91.7,4.4,11.4,331,100.0,100.0,86.7,98.4,91.4,40,558,2.93,4.79,1.0,4.62,4.03,Video,72.0,100.0,93.8,100.0,98.6,96.8,Problem Solving,3.5,Low,Practice Questions,20,5.36,100.0
10639,19,M,3,1.7,52.1,61.5,20.9,2.3,51,57.6,55.3,65.2,30.9,51.8,11,179,1.74,1.94,3.11,2.57,1.58,Video,17.8,54.0,48.5,48.8,57.2,46.8,Advanced Topics,54.3,Medium,Advanced Practice,35,3.07,45.2
10640,19,M,1,3.13,70.7,89.2,4.8,0.5,176,71.3,72.1,83.9,48.9,56.6,31,379,2.58,2.84,3.2,2.47,3.49,Video,45.3,77.9,68.6,73.4,85.0,41.9,Advanced Topics,39.1,Medium,Advanced Practice,25,4.57,65.7
10641,21,F,3,2.94,89.6,72.7,19.6,13.0,422,81.1,98.3,100.0,91.9,79.7,23,387,4.29,4.69,1.92,3.64,4.01,Video,70.0,100.0,100.0,100.0,85.4,89.0,Critical Thinking,14.3,Low,Critical Thinking Activity,20,5.28,90.7
10642,25,M,3,2.05,39.4,75.9,11.7,0.5,113,59.2,54.0,73.0,53.0,51.7,25,261,3.32,2.46,2.56,2.37,2.34,Video,41.1,64.2,56.2,73.4,48.2,56.7,Critical Thinking,41.4,Medium,Critical Thinking Activity,35,2.89,63.6
10643,21,F,4,2.28,84.3,90.0,7.5,7.6,220,87.7,90.7,81.9,84.9,73.8,26,599,4.31,4.24,1.93,4.44,3.38,Video,64.3,100.0,88.3,78.9,85.3,89.9,Application Skills,15.7,Low,Application Exercise,25,3.12,86.9
10644,18,F,1,2.62,69.6,91.4,3.9,5.1,293,84.0,83.3,100.0,79.6,93.0,25,379,3.61,3.86,2.32,4.36,4.47,Video,71.4,99.3,81.1,100.0,76.0,66.4,Advanced Topics,17.4,Low,Advanced Practice,20,6.44,93.6
10645,21,F,1,2.82,61.9,65.4,16.8,3.8,240,50.8,61.3,66.5,74.7,60.9,17,290,1.55,2.5,2.62,1.7,1.72,Video,10.5,85.5,50.8,68.8,96.7,65.2,Problem Solving,39.1,Medium,Practice Questions,30,1.28,60.6
10646,21,F,3,3.76,100.0,100.0,0.2,14.8,429,100.0,100.0,100.0,100.0,100.0,37,614,4.43,5.0,1.39,5.0,4.87,Video,81.4,100.0,100.0,100.0,100.0,100.0,Conceptual Understanding,2.8,Low,Concept Review,20,5.59,100.0
10647,18,M,2,1.42,39.7,65.2,20.4,0.6,76,38.9,38.4,69.2,36.2,38.4,12,41,2.2,1.99,3.4,2.02,2.83,Quiz,31.8,37.4,54.9,49.5,49.8,24.2,Advanced Topics,58.6,Medium,Advanced Practice,30,4.64,39.0
10648,21,M,3,2.81,91.7,96.1,4.0,7.4,331,74.8,87.9,95.9,64.5,98.0,27,454,3.64,4.09,2.6,4.27,4.27,Video,70.3,100.0,85.2,91.7,75.3,74.5,Advanced Topics,21.8,Low,Advanced Practice,20,3.6,90.0
10649,21,M,3,2.73,57.1,94.3,6.3,4.9,304,70.1,76.6,84.4,60.0,68.3,21,339,2.88,2.94,2.58,2.82,3.18,Video,52.9,83.3,68.7,67.2,65.3,73.7,Critical Thinking,32.6,Low,Critical Thinking Activity,25,3.36,68.9
10650,23,F,1,2.68,60.3,74.3,20.0,2.5,137,66.1,75.1,62.1,75.9,65.0,20,210,1.89,3.15,2.54,2.58,2.19,Video,24.6,76.0,71.8,75.8,55.6,53.2,Advanced Topics,35.3,Medium,Advanced Practice,25,3.75,59.5
10651,26,F,2,2.72,71.5,79.5,11.8,8.4,213,98.8,91.8,78.2,87.9,69.7,20,270,2.98,3.37,3.51,3.24,2.75,Video,44.5,98.9,88.4,100.0,97.1,95.1,Problem Solving,22.9,Low,Practice Questions,20,3.83,73.1
10652,24,F,2,2.2,57.9,72.8,13.6,6.7,236,73.8,75.2,62.7,58.5,69.0,14,312,4.58,3.49,3.35,3.54,3.61,Video,70.5,93.0,72.0,79.4,66.6,88.1,Critical Thinking,33.7,Low,Critical Thinking Activity,30,4.88,71.8
10653,21,F,2,1.93,96.4,98.2,1.9,11.0,399,90.6,85.7,83.5,79.4,68.9,26,375,3.51,3.07,1.41,3.87,4.29,Video,75.4,100.0,96.0,95.8,98.7,95.9,Application Skills,17.4,Low,Application Exercise,25,6.05,80.6
10654,19,F,4,1.2,45.5,65.2,18.6,0.5,89,36.3,56.6,58.4,44.9,49.6,9,311,2.45,2.02,3.46,2.03,2.25,Video,20.7,44.7,51.1,50.0,49.1,25.6,Advanced Topics,56.0,Medium,Advanced Practice,25,2.39,43.4
10655,27,F,4,2.97,72.7,91.6,6.4,7.9,241,82.2,100.0,82.5,80.6,67.3,31,344,4.0,4.25,2.14,3.4,3.5,Video,66.1,79.5,92.0,96.6,84.0,100.0,Conceptual Understanding,16.4,Low,Concept Review,20,2.44,90.6
10656,22,F,3,2.41,61.1,76.6,10.3,11.4,377,82.1,83.0,77.6,57.7,75.5,24,301,3.82,3.32,1.88,3.44,3.47,Video,67.2,73.1,73.8,76.0,73.1,90.3,Conceptual Understanding,27.0,Low,Concept Review,20,4.2,76.6
10657,22,M,3,3.26,59.0,73.6,19.3,6.9,276,75.3,75.0,81.7,79.1,82.5,20,284,3.51,4.44,3.36,3.96,3.17,Video,53.6,86.5,98.4,100.0,82.4,90.7,Critical Thinking,27.4,Low,Critical Thinking Activity,25,6.44,72.7
10658,21,M,2,3.43,68.0,74.4,15.8,2.8,103,74.3,83.8,68.6,81.0,76.8,15,168,3.06,3.66,2.63,2.64,2.68,Video,26.8,82.8,91.5,95.1,91.6,75.2,Advanced Topics,25.5,Low,Advanced Practice,25,1.69,82.0
10659,22,M,4,3.0,71.5,73.6,11.1,8.0,260,78.0,93.5,68.9,66.7,69.4,21,514,3.15,3.04,2.31,3.44,3.2,Video,54.6,57.1,77.8,75.5,69.0,81.7,Conceptual Understanding,27.4,Low,Concept Review,25,3.59,78.7
10660,21,M,3,3.31,81.2,81.6,8.7,7.5,182,78.7,79.2,73.0,71.7,81.0,33,233,3.63,3.58,1.26,3.81,3.26,Video,83.0,88.2,81.4,77.9,78.4,98.9,Application Skills,20.2,Low,Application Exercise,20,4.3,87.2
10661,20,M,3,2.1,60.0,45.0,31.9,0.5,110,67.7,63.4,68.4,38.0,42.7,9,116,2.58,2.39,3.63,2.56,2.16,Quiz,26.3,53.8,46.4,52.6,58.4,44.5,Advanced Topics,56.4,Medium,Advanced Practice,30,2.12,37.0
10662,20,F,4,2.45,61.2,75.4,15.9,4.7,172,72.8,81.0,82.5,40.5,64.8,19,198,4.49,3.35,2.32,3.07,3.96,Video,65.4,43.4,73.6,82.2,56.9,51.0,Conceptual Understanding,36.3,Medium,Concept Review,25,4.18,70.9
10663,21,M,1,2.9,78.0,70.7,13.6,15.6,383,96.8,99.8,63.2,98.7,94.3,36,502,3.99,3.97,1.32,2.9,3.34,Video,68.6,100.0,100.0,100.0,79.9,100.0,Critical Thinking,8.9,Low,Critical Thinking Activity,20,5.4,96.9
10664,20,M,4,4.0,83.9,89.6,7.2,6.9,326,89.4,86.4,80.4,84.1,86.1,39,401,3.3,3.63,1.9,3.48,4.38,Video,69.0,100.0,90.0,100.0,97.8,79.8,Advanced Topics,13.5,Low,Advanced Practice,25,5.81,98.1
10665,20,F,1,3.19,60.4,86.4,3.6,2.9,209,76.4,69.2,81.6,77.4,62.2,25,210,3.77,3.01,3.61,4.66,3.65,Video,71.0,91.7,77.2,80.8,83.7,73.2,Advanced Topics,32.6,Low,Advanced Practice,30,6.17,65.7
10666,22,F,2,2.58,78.6,66.5,18.2,9.2,310,74.0,75.1,76.9,75.8,79.3,22,311,3.54,2.96,2.78,3.03,3.15,Video,42.8,92.3,98.5,87.2,68.7,79.8,Critical Thinking,27.0,Low,Critical Thinking Activity,25,2.04,80.6
10667,21,M,2,2.26,53.5,77.2,14.8,7.0,273,64.6,72.3,84.7,55.1,62.0,33,289,3.66,2.65,2.29,3.43,3.44,Video,66.2,95.9,75.8,90.4,78.6,68.1,Advanced Topics,33.2,Low,Advanced Practice,25,4.16,75.7
10668,25,F,4,3.63,79.2,77.0,11.6,6.3,264,86.1,91.5,76.8,81.5,87.4,27,314,2.57,3.59,2.69,3.73,3.15,Video,51.1,100.0,92.9,77.6,89.1,99.3,Application Skills,25.9,Low,Application Exercise,25,3.57,70.4
10669,18,M,4,2.81,56.0,93.6,0.5,5.1,295,87.4,82.5,89.4,79.6,87.7,26,315,2.99,3.45,1.83,3.16,4.0,Video,58.3,86.1,89.1,97.4,75.5,78.4,Critical Thinking,19.6,Low,Critical Thinking Activity,30,5.52,82.9
10670,24,M,3,3.23,90.7,99.9,0.4,13.5,425,100.0,98.9,100.0,100.0,100.0,32,588,4.17,5.0,2.21,4.82,3.87,Video,77.6,100.0,100.0,95.7,95.9,100.0,Application Skills,4.4,Low,Application Exercise,20,4.22,100.0
10671,24,F,3,2.46,60.8,83.3,8.0,3.9,183,60.9,68.9,80.9,56.6,66.2,13,254,2.49,3.3,2.66,3.39,2.7,Video,49.0,66.1,68.1,64.7,76.7,72.7,Application Skills,37.8,Medium,Application Exercise,25,4.85,61.9
10672,18,F,3,2.4,46.0,66.7,19.6,0.5,68,60.5,63.5,68.0,58.8,52.3,13,27,1.61,2.62,3.35,2.06,1.78,Practice,22.8,75.4,60.7,60.4,49.6,65.6,Critical Thinking,46.7,Medium,Critical Thinking Activity,35,3.6,48.7
10673,21,F,4,2.73,59.1,72.6,13.3,8.5,229,71.0,75.9,69.2,65.6,74.1,7,243,2.37,3.52,2.64,1.61,2.42,Video,21.2,74.5,86.0,84.1,67.0,85.7,Critical Thinking,31.4,Low,Critical Thinking Activity,30,0.79,69.1
10674,21,F,2,2.54,82.5,100.0,0.0,8.6,350,86.6,81.0,82.6,73.1,83.8,32,427,3.84,4.34,2.75,4.41,4.23,Video,76.7,100.0,100.0,86.7,74.3,82.6,Critical Thinking,20.0,Low,Critical Thinking Activity,20,4.93,81.5
10675,18,F,2,1.79,50.0,100.0,0.0,8.9,302,68.8,72.2,79.4,65.2,57.3,29,298,2.96,3.35,2.12,3.15,3.35,Video,51.9,76.8,75.4,68.0,50.3,77.2,Critical Thinking,28.7,Low,Critical Thinking Activity,20,3.3,67.2
10676,20,M,1,2.22,60.4,83.4,9.5,5.9,257,59.3,69.5,82.5,54.4,57.5,40,501,2.54,2.35,3.36,2.59,3.18,Video,39.0,85.4,71.2,73.2,68.4,63.5,Advanced Topics,39.7,Medium,Advanced Practice,25,7.46,65.3
10677,19,F,3,3.32,68.8,62.5,20.3,2.6,222,83.3,65.0,66.1,61.7,72.5,5,257,2.95,3.49,2.46,2.11,3.32,Video,46.8,93.7,78.9,78.5,70.1,67.0,Advanced Topics,30.4,Low,Advanced Practice,20,3.25,78.1
10678,25,F,3,2.81,68.6,88.6,3.9,7.9,335,78.2,63.4,85.3,63.7,78.2,23,491,2.69,3.27,1.98,2.53,2.72,Video,41.7,86.9,80.0,82.0,80.3,88.4,Problem Solving,26.9,Low,Practice Questions,30,5.75,74.2
10679,24,F,2,2.66,38.3,62.9,20.8,0.5,31,49.9,62.4,56.8,46.1,43.0,7,135,1.61,1.89,2.92,1.05,1.82,Video,24.5,68.4,50.7,43.0,49.4,41.9,Advanced Topics,52.5,Medium,Advanced Practice,25,0.01,45.5
10680,24,M,1,2.93,85.8,99.1,2.5,4.4,276,76.2,90.1,65.5,80.6,77.1,27,182,3.07,4.2,2.51,3.88,3.98,Video,58.8,80.3,99.1,93.2,89.5,93.5,Conceptual Understanding,22.0,Low,Concept Review,30,3.36,79.5
10681,23,F,4,2.71,98.7,87.7,6.3,6.4,223,81.5,88.0,59.7,79.8,85.4,17,399,3.55,4.14,2.79,2.81,2.61,Video,38.7,93.0,96.9,89.0,87.6,79.6,Advanced Topics,23.7,Low,Advanced Practice,20,2.01,75.2
10682,19,F,1,2.59,70.4,64.6,20.0,5.1,188,67.6,63.1,44.5,61.6,54.4,15,146,2.44,3.19,3.14,2.51,2.28,Video,27.8,91.8,68.3,77.2,52.0,75.4,Critical Thinking,37.2,Medium,Critical Thinking Activity,25,1.13,66.0
10683,20,M,3,2.56,59.0,76.0,13.7,4.9,193,66.7,79.1,71.6,78.9,79.8,12,183,2.8,3.23,1.34,3.63,2.42,Video,50.6,93.6,79.4,76.4,80.4,97.6,Application Skills,27.4,Low,Application Exercise,20,2.91,71.6
10684,23,M,4,3.11,82.5,76.8,10.4,7.4,330,81.9,84.4,83.6,87.0,75.8,28,370,3.65,3.78,2.47,3.55,3.42,Video,69.5,81.5,100.0,84.3,89.4,87.4,Conceptual Understanding,18.6,Low,Concept Review,25,3.71,89.4
10685,19,F,2,1.84,56.6,95.8,6.4,11.5,340,73.9,67.5,79.9,56.9,72.9,15,497,3.9,3.45,2.96,2.87,3.64,Video,63.6,72.1,79.3,62.9,79.2,60.1,Advanced Topics,31.0,Low,Advanced Practice,25,3.51,67.9
10686,23,M,1,3.08,72.3,71.9,14.5,2.9,168,64.4,75.5,62.5,55.1,64.1,19,327,2.14,3.03,3.19,2.4,2.03,Video,18.5,81.5,66.0,60.1,70.7,46.8,Advanced Topics,41.8,Medium,Advanced Practice,30,3.61,57.9
10687,21,F,3,2.26,45.8,73.7,15.8,1.3,175,50.9,55.2,78.9,44.3,48.5,12,266,3.34,1.56,3.23,3.6,3.27,Video,71.7,56.2,38.7,63.5,47.9,38.4,Advanced Topics,49.4,Medium,Advanced Practice,25,6.56,55.7
10688,21,F,4,2.96,55.8,91.3,6.3,12.1,410,85.2,89.0,96.7,92.1,76.3,41,471,3.91,3.8,2.66,4.16,3.93,Video,70.0,98.8,92.1,92.2,75.1,100.0,Critical Thinking,16.1,Low,Critical Thinking Activity,20,6.62,86.0
10689,23,F,2,2.28,34.0,68.8,16.9,1.0,135,44.9,48.5,59.5,38.1,48.6,25,174,3.1,2.29,2.48,3.07,2.02,Video,51.2,69.3,70.9,51.1,57.6,22.8,Advanced Topics,53.8,Medium,Advanced Practice,25,3.79,41.5
10690,22,F,4,2.87,93.2,87.2,8.2,3.8,249,89.4,74.9,77.8,77.4,88.4,25,360,3.73,4.36,2.17,4.18,3.71,Video,65.6,100.0,95.6,89.7,100.0,81.7,Advanced Topics,16.4,Low,Advanced Practice,20,5.0,95.0
10691,21,M,1,2.8,60.6,60.1,22.4,5.2,164,74.7,72.4,62.1,54.5,56.5,22,201,3.05,2.72,1.98,1.73,3.13,Video,50.8,69.0,74.3,62.1,77.6,57.2,Advanced Topics,38.1,Medium,Advanced Practice,30,3.14,60.2
10692,24,F,2,2.85,54.5,76.4,10.2,6.9,283,73.8,75.3,97.7,61.1,61.1,27,444,2.57,3.07,3.22,3.53,2.89,Video,47.6,67.8,67.1,80.4,64.5,56.9,Advanced Topics,33.0,Low,Advanced Practice,25,2.15,72.4
10693,19,F,3,2.58,55.6,71.2,15.2,7.9,227,69.4,74.5,89.5,67.3,66.0,18,382,3.6,3.19,3.57,3.68,3.62,Video,65.6,72.9,77.2,65.8,62.4,89.7,Critical Thinking,32.5,Low,Critical Thinking Activity,25,5.34,74.3
10694,23,M,4,2.41,47.5,100.0,0.0,8.9,280,77.4,84.9,87.0,80.9,59.0,38,445,3.09,3.43,3.32,4.01,3.37,Video,59.8,76.8,81.3,77.7,73.2,84.3,Critical Thinking,26.3,Low,Critical Thinking Activity,20,2.63,68.1
10695,23,M,1,2.11,84.6,100.0,0.0,8.9,325,100.0,83.4,92.4,85.0,100.0,40,285,3.58,4.03,2.26,5.0,4.46,Video,81.2,100.0,95.9,87.6,100.0,95.5,Application Skills,13.9,Low,Application Exercise,20,4.52,85.1
10696,21,F,4,1.2,48.3,68.2,14.9,0.5,8,44.9,38.7,64.8,20.0,43.8,9,123,2.37,1.36,3.92,2.34,2.12,Video,21.9,56.5,16.1,43.6,57.5,21.6,Problem Solving,64.1,High,Practice Questions,30,3.79,34.5
10697,22,M,3,2.93,84.5,77.7,14.5,1.8,78,81.0,71.7,61.7,74.9,77.9,17,163,3.07,3.77,2.4,2.7,2.67,Video,40.3,90.8,83.1,80.7,81.1,71.1,Advanced Topics,29.1,Low,Advanced Practice,20,6.0,68.9
10698,19,F,2,2.34,86.5,87.4,10.2,7.4,229,81.8,75.7,64.1,80.1,70.6,22,309,3.3,3.56,2.81,3.23,2.66,Video,49.8,86.2,99.7,89.7,86.4,91.2,Conceptual Understanding,21.2,Low,Concept Review,25,4.06,85.3
10699,24,M,1,2.02,59.2,71.3,17.8,10.7,351,78.5,71.0,65.2,46.6,60.5,31,369,3.47,2.85,2.07,3.55,3.18,Video,65.5,67.1,67.2,62.2,65.0,63.7,Application Skills,34.7,Low,Application Exercise,25,6.1,65.4
10700,21,M,4,1.87,54.7,50.7,29.7,0.5,61,57.0,55.5,57.8,53.7,50.4,2,11,1.77,2.19,2.8,1.24,2.0,Practice,16.9,57.2,49.1,78.1,31.6,44.0,Critical Thinking,48.5,Medium,Critical Thinking Activity,25,1.42,52.0
10701,20,M,1,3.04,100.0,78.5,11.1,5.8,149,90.7,84.1,75.8,84.6,97.9,25,379,3.46,3.9,1.67,3.32,3.59,Video,70.8,100.0,97.7,100.0,95.7,88.4,Advanced Topics,16.1,Low,Advanced Practice,20,2.94,90.4
10702,24,F,2,1.69,55.7,73.5,13.3,2.2,226,67.2,56.3,74.7,45.3,50.0,21,197,3.72,2.29,2.34,3.15,2.92,Video,67.1,41.6,57.8,54.4,52.9,45.6,Conceptual Understanding,42.4,Medium,Concept Review,35,5.2,59.4
10703,20,F,2,1.72,45.4,66.8,16.7,1.3,167,44.1,66.5,46.9,30.8,37.4,13,224,2.33,2.98,2.73,1.81,2.47,Video,23.3,67.6,63.5,49.3,40.4,23.8,Advanced Topics,53.5,Medium,Advanced Practice,30,3.25,46.1
10704,18,F,4,3.52,86.3,80.3,12.1,4.3,242,70.2,98.0,81.3,83.9,89.8,28,252,3.4,3.7,2.54,3.8,3.19,Video,49.3,100.0,100.0,89.9,67.9,89.6,Critical Thinking,21.7,Low,Critical Thinking Activity,25,3.99,90.3
10705,18,F,3,2.46,80.0,78.4,12.4,6.9,332,76.5,77.4,54.0,69.3,56.8,25,427,3.17,3.29,2.01,3.41,2.73,Video,50.0,92.4,66.5,80.2,80.8,77.5,Problem Solving,29.2,Low,Practice Questions,20,3.17,68.1
10706,23,F,3,1.9,45.0,61.7,20.9,2.8,76,54.0,50.9,66.7,47.7,40.2,7,244,2.39,2.39,2.51,1.39,1.89,Video,28.5,50.9,61.8,50.5,39.9,28.1,Advanced Topics,45.8,Medium,Advanced Practice,25,3.55,57.0
10707,19,M,1,2.48,59.5,74.6,16.6,5.7,327,66.8,82.1,80.2,58.8,64.3,18,346,2.29,3.66,3.67,3.46,3.19,Video,33.7,88.3,76.4,72.7,62.9,58.0,Advanced Topics,39.3,Medium,Advanced Practice,35,1.85,58.3
10708,25,F,3,2.19,54.3,61.0,22.2,0.7,80,65.9,53.0,73.4,48.4,42.6,15,176,3.14,2.56,3.83,3.11,3.33,Video,56.1,54.3,51.0,44.7,53.4,40.9,Advanced Topics,46.6,Medium,Advanced Practice,30,3.07,58.5
10709,18,F,3,3.25,82.8,69.0,15.4,8.2,289,68.0,78.8,77.6,75.2,86.3,23,418,2.9,3.27,1.0,2.53,3.06,Video,56.0,95.2,88.5,92.9,94.5,99.5,Problem Solving,27.2,Low,Practice Questions,20,2.5,70.1
10710,25,M,4,1.9,81.2,80.3,9.5,7.3,236,74.9,73.9,71.8,75.9,81.8,31,416,3.0,3.06,3.37,3.42,2.88,Video,44.2,89.5,84.1,72.9,85.7,92.7,Application Skills,30.3,Low,Application Exercise,25,3.58,70.3
10711,22,F,4,3.19,59.0,75.5,14.9,7.9,271,74.1,70.1,74.7,68.1,68.6,21,361,2.7,3.99,1.96,2.98,3.58,Video,40.3,89.1,99.2,67.1,65.1,87.7,Critical Thinking,27.0,Low,Critical Thinking Activity,25,2.24,73.4
10712,21,M,1,3.27,87.1,69.5,18.9,9.5,309,71.5,81.7,82.9,64.9,88.6,22,441,3.02,3.37,2.52,4.26,3.31,Video,44.6,90.5,100.0,84.5,72.9,84.2,Critical Thinking,29.6,Low,Critical Thinking Activity,20,2.78,75.3
10713,20,F,3,3.0,82.9,80.3,11.9,10.4,328,100.0,88.4,56.6,100.0,100.0,35,529,3.43,4.42,2.13,3.26,3.58,Video,61.6,96.6,98.1,100.0,100.0,100.0,Conceptual Understanding,10.2,Low,Concept Review,20,3.56,90.0
10714,22,F,1,2.18,61.6,59.3,26.2,7.5,260,62.4,73.3,62.3,55.4,66.3,20,179,3.28,2.76,2.47,1.97,2.13,Video,22.3,54.4,66.9,54.2,76.0,61.2,Application Skills,42.1,Medium,Application Exercise,25,1.69,53.0
10715,21,F,2,1.81,42.1,66.7,21.6,8.0,241,57.2,63.9,65.0,53.7,51.7,16,203,2.33,1.92,3.19,2.5,2.47,Video,39.2,49.8,64.1,53.5,69.9,51.7,Conceptual Understanding,46.9,Medium,Concept Review,25,0.72,46.9
10716,24,F,2,2.48,87.9,71.9,16.3,0.8,128,72.2,62.9,73.8,48.4,80.3,20,173,1.9,2.92,3.74,3.0,3.01,Video,29.1,64.6,47.3,74.2,64.2,43.0,Advanced Topics,42.1,Medium,Advanced Practice,30,3.16,64.2
10717,22,M,2,3.64,96.1,83.3,7.5,14.9,413,100.0,100.0,99.3,88.5,100.0,44,406,4.15,4.55,1.01,3.74,4.39,Video,100.0,100.0,100.0,100.0,100.0,100.0,Conceptual Understanding,6.7,Low,Concept Review,20,8.48,100.0
10718,22,F,2,1.32,45.7,63.6,17.4,4.2,216,53.9,62.6,62.4,53.5,58.3,20,237,3.09,2.41,2.99,2.44,3.49,Video,66.1,52.6,47.3,68.2,60.1,51.3,Problem Solving,46.7,Medium,Practice Questions,30,4.91,50.9
10719,21,F,3,1.95,66.0,67.2,17.3,3.9,127,70.0,72.8,60.8,60.0,71.4,18,257,3.06,3.57,3.36,2.71,2.74,Video,39.1,69.4,74.0,64.1,67.9,73.5,Application Skills,35.7,Medium,Application Exercise,35,5.47,70.9
10720,21,F,2,3.33,79.4,77.8,13.7,5.4,273,83.6,81.6,67.1,85.8,79.8,20,308,3.48,4.01,2.85,3.23,3.89,Video,57.7,93.1,77.0,85.2,98.9,87.6,Problem Solving,23.9,Low,Practice Questions,20,6.73,74.9
10721,22,F,3,2.17,59.7,67.7,21.4,2.6,161,80.7,72.0,70.1,62.5,56.1,15,102,2.41,3.18,4.59,2.27,1.89,Video,27.3,75.7,63.4,74.1,61.3,58.3,Advanced Topics,41.5,Medium,Advanced Practice,25,3.23,55.9
10722,18,M,2,2.55,61.7,78.8,12.5,3.7,92,67.8,71.7,71.6,54.2,60.2,29,318,3.99,3.2,2.7,3.16,2.99,Video,70.6,67.5,58.8,64.5,65.9,60.2,Problem Solving,37.4,Medium,Practice Questions,30,4.58,64.0
10723,19,F,1,3.22,73.8,85.1,10.6,7.9,341,86.7,91.7,79.1,76.8,92.3,24,384,3.2,4.06,2.99,3.86,4.03,Video,45.6,99.2,59.5,85.7,83.7,100.0,Problem Solving,20.3,Low,Practice Questions,25,4.45,86.9
10724,23,M,3,2.98,91.1,90.5,4.7,8.1,430,93.1,100.0,92.4,100.0,80.7,28,472,4.2,4.63,2.05,3.52,4.56,Video,62.0,99.9,100.0,100.0,87.6,100.0,Critical Thinking,8.5,Low,Critical Thinking Activity,25,6.56,96.0
10725,22,M,2,2.89,51.5,84.0,10.1,5.3,238,69.2,67.8,82.8,76.3,67.7,24,395,2.87,3.47,2.76,3.79,2.93,Video,42.5,76.7,73.5,71.6,69.2,96.9,Critical Thinking,29.5,Low,Critical Thinking Activity,20,2.84,70.1
10726,21,M,2,2.07,42.0,67.7,19.4,2.6,132,53.6,58.7,63.1,41.2,65.3,15,134,3.17,2.64,3.38,2.35,2.54,Video,43.2,67.3,62.9,61.2,41.0,47.7,Critical Thinking,52.7,Medium,Critical Thinking Activity,25,0.32,41.3
10727,22,M,3,1.63,62.1,82.4,5.7,5.2,269,69.8,75.6,99.7,49.5,50.1,22,462,3.33,2.34,2.5,3.73,3.65,Video,62.9,74.9,56.0,75.5,68.8,75.4,Problem Solving,36.3,Medium,Practice Questions,30,5.46,70.1
10728,22,F,2,2.77,78.7,88.3,5.6,0.5,108,66.6,66.3,75.2,63.2,75.0,10,154,2.24,3.14,4.1,3.11,2.38,Video,35.9,78.3,60.4,73.4,86.9,41.8,Advanced Topics,39.4,Medium,Advanced Practice,35,1.06,62.1
10729,20,F,1,3.26,78.2,86.9,9.1,3.3,208,83.6,60.5,75.7,74.4,87.8,22,442,2.9,3.54,2.33,2.79,3.51,Video,41.0,75.4,85.6,86.4,85.7,88.0,Conceptual Understanding,25.2,Low,Concept Review,20,2.4,76.9
10730,20,F,2,3.05,87.4,94.4,3.6,10.4,281,96.9,85.4,80.1,86.8,81.2,34,345,4.14,3.85,2.32,4.27,3.55,Video,50.8,97.6,85.9,100.0,86.5,91.5,Problem Solving,14.5,Low,Practice Questions,30,4.22,85.4
10731,22,M,4,3.0,62.1,72.0,13.0,2.7,148,50.9,70.1,64.9,68.6,58.6,13,241,2.85,2.94,2.7,2.13,1.82,Video,38.9,85.9,64.8,69.1,74.3,71.3,Problem Solving,40.8,Medium,Practice Questions,25,2.27,56.2
10732,19,M,3,2.42,57.6,85.7,3.0,9.3,321,81.8,56.2,65.7,63.0,65.0,30,318,3.95,2.67,2.57,2.9,3.37,Video,52.6,74.6,94.5,57.8,81.6,70.2,Application Skills,27.6,Low,Application Exercise,30,2.02,77.0
10733,22,F,3,1.5,55.5,76.5,12.2,7.7,295,69.9,81.2,81.1,57.0,85.0,31,435,4.38,2.19,3.31,4.51,3.79,Video,53.5,81.3,73.0,65.5,74.9,73.7,Application Skills,39.4,Medium,Application Exercise,30,4.75,60.1
10734,18,M,3,2.77,74.1,65.6,18.8,8.6,297,85.5,77.8,73.5,91.0,93.5,22,261,2.8,3.39,2.57,3.31,2.73,Video,45.4,100.0,86.7,86.9,88.6,92.2,Problem Solving,23.9,Low,Practice Questions,20,4.82,72.5
10735,24,F,1,4.0,77.3,87.3,5.2,13.3,354,86.2,94.0,77.3,95.1,88.6,33,490,3.43,4.74,2.85,4.61,4.77,Video,77.0,100.0,92.2,100.0,94.6,100.0,Problem Solving,10.4,Low,Practice Questions,25,4.42,100.0
10736,23,M,2,2.08,50.4,61.3,21.6,0.5,41,40.5,47.7,48.9,37.5,35.4,12,51,1.62,1.68,2.31,1.66,1.87,Video,19.3,43.2,42.0,16.4,40.1,29.4,Application Skills,55.2,Medium,Application Exercise,25,3.68,44.5
10737,22,F,3,4.0,89.5,99.6,1.2,10.1,450,100.0,87.8,100.0,81.7,94.9,30,539,3.79,4.88,1.48,4.33,4.42,Video,73.5,100.0,99.4,100.0,100.0,100.0,Problem Solving,8.1,Low,Practice Questions,20,3.37,95.8
10738,24,M,1,3.36,78.9,100.0,1.3,10.0,352,100.0,76.3,76.5,81.4,80.9,29,405,3.87,2.98,2.37,4.0,4.06,Video,68.1,100.0,96.5,100.0,91.6,97.1,Critical Thinking,13.7,Low,Critical Thinking Activity,20,8.41,93.2
10739,25,M,1,3.31,93.2,73.8,9.7,11.7,369,100.0,88.1,66.3,98.0,81.5,30,574,4.08,4.04,2.32,3.81,3.65,Video,64.7,100.0,100.0,100.0,99.3,100.0,Critical Thinking,10.8,Low,Critical Thinking Activity,20,4.17,94.7
10740,24,F,1,2.02,48.4,53.3,23.1,0.8,72,59.5,61.5,49.2,20.0,45.9,6,35,2.24,1.62,2.81,1.81,2.35,Quiz,17.6,60.6,51.5,35.4,49.5,41.8,Application Skills,57.8,Medium,Application Exercise,25,2.31,43.9
10741,18,F,2,1.88,34.5,57.0,23.0,2.4,58,45.8,49.2,39.6,41.1,52.1,5,20,1.82,1.69,4.35,1.19,1.59,Practice,9.3,58.6,37.4,42.7,56.4,28.7,Advanced Topics,59.4,Medium,Advanced Practice,30,0.0,38.1
10742,19,F,4,1.82,53.5,68.1,18.7,6.2,288,69.4,71.5,75.0,63.4,54.4,29,349,3.94,4.15,2.42,3.25,3.2,Video,64.1,73.7,83.2,68.9,61.1,57.0,Advanced Topics,31.4,Low,Advanced Practice,25,4.31,70.8
10743,20,F,1,2.8,67.3,94.8,3.9,2.7,119,61.0,61.2,60.8,61.9,69.3,26,153,2.81,3.12,2.68,1.73,1.96,Video,33.9,81.6,58.2,69.8,74.7,75.2,Problem Solving,35.4,Medium,Practice Questions,25,2.7,65.0
10744,22,F,2,3.87,86.8,99.0,1.5,9.7,313,91.1,100.0,88.9,86.1,100.0,33,467,3.63,5.0,1.73,3.48,3.52,Video,65.1,100.0,99.0,100.0,95.4,93.9,Advanced Topics,7.8,Low,Advanced Practice,30,4.57,100.0
10745,23,M,1,2.66,77.7,80.1,10.2,7.5,237,71.8,97.0,88.2,79.9,77.6,24,300,3.03,3.96,1.88,3.87,3.47,Video,50.2,90.0,99.9,87.6,81.9,99.8,Critical Thinking,22.4,Low,Critical Thinking Activity,25,3.29,80.5
10746,20,M,4,2.59,62.1,76.3,12.4,6.0,149,65.9,80.9,71.7,75.3,79.7,23,209,3.35,3.62,2.57,3.22,3.37,Video,53.0,71.9,67.8,65.9,80.4,76.1,Application Skills,29.5,Low,Application Exercise,30,2.73,72.2
10747,22,F,1,2.38,77.2,65.2,17.7,11.4,259,70.4,79.7,75.0,60.4,62.6,27,323,4.37,3.86,2.85,3.74,3.01,Video,45.1,94.6,84.5,70.6,74.0,80.6,Application Skills,33.4,Low,Application Exercise,25,5.28,66.6
10748,20,F,2,2.79,73.5,88.8,7.7,12.4,338,95.1,97.9,98.5,100.0,95.9,40,567,4.24,4.4,2.11,3.92,4.19,Video,76.5,92.1,100.0,100.0,99.9,100.0,Conceptual Understanding,8.4,Low,Concept Review,20,5.68,95.4
10749,20,M,3,1.92,34.4,65.9,16.9,2.3,144,56.9,50.2,58.4,41.7,48.4,3,245,2.79,2.17,2.62,2.08,2.17,Video,45.9,61.5,48.7,47.3,57.4,46.7,Advanced Topics,46.7,Medium,Advanced Practice,25,5.25,57.7
10750,18,M,3,2.94,89.5,98.4,2.6,9.6,356,96.7,91.8,100.0,98.3,88.3,41,524,3.82,3.95,2.94,4.42,4.61,Video,60.3,100.0,100.0,100.0,100.0,100.0,Conceptual Understanding,8.7,Low,Concept Review,25,4.61,99.9
10751,19,F,2,2.1,58.1,71.5,16.1,6.0,256,69.3,66.3,69.0,62.7,59.6,14,366,2.66,2.93,2.67,2.61,2.56,Video,33.5,73.8,73.8,76.9,60.7,66.4,Critical Thinking,37.2,Medium,Critical Thinking Activity,25,2.17,59.1
10752,19,M,2,2.82,84.5,75.7,13.3,8.2,294,81.2,72.1,69.9,87.6,87.7,28,192,2.43,3.91,3.21,2.17,2.41,Video,32.8,99.5,86.4,100.0,74.9,77.8,Critical Thinking,24.1,Low,Critical Thinking Activity,20,3.9,74.9
10753,19,F,2,2.53,76.2,74.4,12.8,7.1,236,63.3,85.1,48.7,73.7,79.8,18,215,2.74,4.14,2.05,2.2,2.1,Video,46.8,99.5,88.1,68.1,82.0,92.3,Application Skills,30.6,Low,Application Exercise,20,0.48,63.9
10754,24,F,1,3.02,71.9,76.2,10.4,3.6,163,62.8,63.7,57.7,66.1,61.8,14,270,3.2,2.52,2.56,2.71,2.26,Video,38.5,77.6,96.6,59.1,80.4,77.8,Application Skills,38.3,Medium,Application Exercise,25,0.94,59.2
10755,19,F,1,1.95,40.5,56.6,22.6,1.0,119,47.0,64.6,59.7,27.7,38.3,12,162,1.59,2.26,4.25,2.68,1.97,Video,9.6,56.2,38.8,42.4,46.3,35.7,Advanced Topics,60.5,High,Guided Review,30,3.16,41.0
10756,27,F,2,2.43,56.1,82.8,8.8,6.5,174,72.8,77.4,68.2,51.3,67.8,22,295,3.29,2.39,2.22,2.57,3.67,Video,39.7,75.9,80.1,62.8,65.5,58.8,Advanced Topics,36.3,Medium,Advanced Practice,25,2.17,63.7
10757,23,F,1,2.56,73.5,93.4,0.0,4.0,195,81.2,79.9,73.4,73.5,74.3,24,182,3.29,3.33,1.69,3.75,2.76,Video,56.4,84.5,89.8,83.9,100.0,79.4,Advanced Topics,25.6,Low,Advanced Practice,20,1.05,71.0
10758,22,M,2,3.04,67.7,88.6,5.9,2.8,144,70.2,69.5,71.0,43.0,57.7,26,95,2.8,2.89,3.53,2.85,2.71,Video,53.8,72.9,66.0,63.2,65.9,66.0,Application Skills,40.8,Medium,Application Exercise,30,6.45,63.8
10759,20,M,3,2.76,75.7,77.9,14.0,0.5,127,68.8,61.8,75.6,51.4,73.8,6,217,3.25,3.14,1.31,3.62,3.19,Video,62.2,78.3,58.3,66.0,67.2,62.5,Problem Solving,35.1,Medium,Practice Questions,30,2.24,68.2
10760,23,M,4,2.8,72.4,98.6,1.9,8.4,423,75.2,90.4,80.7,68.6,58.6,38,414,2.96,3.56,2.29,4.94,4.54,Video,68.1,96.2,71.7,81.9,78.4,64.6,Advanced Topics,26.0,Low,Advanced Practice,20,5.89,72.1
10761,20,F,3,2.7,66.2,68.5,16.3,8.4,258,72.9,78.0,59.9,64.0,54.1,27,354,3.58,3.52,4.49,3.49,2.61,Video,44.8,72.4,72.4,66.5,74.8,67.8,Application Skills,39.8,Medium,Application Exercise,25,3.36,55.0
10762,22,F,1,1.44,30.0,59.2,22.5,2.0,0,38.9,50.2,49.4,27.5,32.0,2,62,3.14,1.84,2.78,2.23,1.48,Video,32.2,35.8,40.3,53.4,54.5,11.8,Advanced Topics,60.7,High,Advanced Practice,30,0.0,34.8
10763,27,M,1,2.32,68.2,66.1,17.5,7.5,209,71.2,78.0,64.1,78.6,83.2,20,219,3.93,3.78,1.0,2.71,2.69,Video,54.2,92.6,82.0,81.8,76.6,85.4,Critical Thinking,26.6,Low,Critical Thinking Activity,20,3.25,67.4
10764,21,F,4,2.82,49.0,75.0,14.0,5.9,211,71.7,60.6,63.0,63.7,50.8,27,263,3.04,2.4,2.36,2.57,3.37,Video,56.4,74.4,67.0,65.4,65.4,70.2,Application Skills,38.4,Medium,Application Exercise,25,4.94,53.2
10765,24,F,2,1.71,55.7,81.6,13.2,7.5,239,61.1,68.1,55.5,45.5,48.6,27,359,2.66,1.88,3.43,2.96,2.46,Video,36.8,64.8,70.8,54.8,59.7,65.2,Application Skills,43.1,Medium,Application Exercise,25,3.39,60.7
10766,20,F,1,1.99,42.3,57.3,25.4,3.6,104,39.5,53.0,59.3,34.0,49.7,11,163,1.89,1.61,3.63,1.34,1.83,Video,15.1,58.4,46.3,44.9,46.9,27.4,Advanced Topics,59.8,Medium,Advanced Practice,30,2.95,38.9
10767,21,M,3,2.09,31.2,60.0,23.0,2.2,129,45.0,48.9,59.9,34.1,48.5,16,231,3.54,2.02,2.43,2.8,1.83,Video,35.3,47.6,51.3,52.6,46.0,40.4,Advanced Topics,54.3,Medium,Advanced Practice,25,1.72,44.9
10768,25,F,3,1.69,46.6,68.9,16.1,5.8,125,56.7,55.4,74.5,32.8,59.8,31,145,3.39,3.11,2.91,2.15,3.17,Video,57.7,50.6,60.6,54.4,49.9,45.2,Advanced Topics,47.7,Medium,Advanced Practice,25,5.22,52.3
10769,20,F,3,2.6,60.9,66.4,20.0,5.7,154,62.2,55.2,53.5,55.8,62.9,18,237,2.41,2.53,3.53,2.94,2.85,Video,40.3,70.0,65.0,74.9,61.7,75.6,Critical Thinking,45.1,Medium,Critical Thinking Activity,25,2.26,51.1
10770,25,M,1,3.78,99.6,98.2,0.0,11.7,399,100.0,100.0,87.7,100.0,100.0,30,450,4.94,5.0,2.58,4.63,4.99,Video,84.5,100.0,100.0,100.0,100.0,100.0,Conceptual Understanding,5.3,Low,Concept Review,25,4.43,100.0
10771,23,F,1,2.95,61.1,77.5,11.9,2.7,139,59.5,59.9,91.3,63.2,54.1,22,365,2.63,2.85,2.28,3.02,2.5,Video,49.0,93.0,64.8,74.3,73.7,53.1,Advanced Topics,37.4,Medium,Advanced Practice,35,1.37,62.8
10772,20,F,4,2.46,70.5,91.0,6.1,9.8,327,62.3,76.5,67.0,65.5,79.7,27,387,3.82,3.29,1.0,2.87,3.37,Video,61.7,73.2,71.6,69.8,49.7,89.2,Critical Thinking,26.8,Low,Critical Thinking Activity,25,2.26,71.6
10773,23,F,1,2.25,81.5,63.4,21.6,7.9,194,74.5,86.8,68.7,61.4,60.6,20,459,2.57,3.61,2.34,2.08,2.24,Video,28.0,99.2,79.5,60.3,65.6,70.9,Application Skills,33.4,Low,Application Exercise,25,3.89,64.9
10774,24,F,3,2.42,69.2,100.0,1.3,7.7,394,75.6,69.9,77.7,71.0,54.9,34,306,3.78,4.11,2.4,4.2,3.86,Video,61.4,77.2,89.2,88.8,67.1,84.6,Critical Thinking,25.4,Low,Critical Thinking Activity,20,2.57,70.3
10775,23,M,3,2.59,56.2,52.7,26.6,0.5,29,58.1,56.6,45.1,61.7,52.1,1,113,2.2,3.41,3.02,2.4,1.86,Video,11.2,86.6,77.1,90.6,55.5,76.6,Critical Thinking,45.1,Medium,Critical Thinking Activity,25,1.89,51.6
10776,18,F,3,2.0,40.2,45.0,29.9,1.7,70,49.1,51.1,68.4,46.2,55.6,4,127,2.95,2.27,2.93,1.94,2.05,Video,36.8,53.2,44.5,56.4,48.0,45.5,Problem Solving,53.3,Medium,Practice Questions,35,2.13,45.6
10777,20,F,2,3.1,83.4,76.5,14.0,5.6,227,85.4,95.2,72.9,84.9,82.8,24,327,3.54,4.05,2.72,3.17,3.08,Video,38.5,87.4,89.3,100.0,89.6,87.3,Advanced Topics,21.9,Low,Advanced Practice,20,3.26,80.5
10778,21,M,1,2.69,70.0,89.4,3.9,11.5,356,98.6,100.0,89.2,100.0,100.0,26,410,3.84,5.0,3.17,3.81,4.04,Video,54.3,100.0,100.0,87.0,100.0,100.0,Application Skills,9.7,Low,Application Exercise,30,6.78,93.1
10779,21,M,3,1.92,43.7,65.5,17.3,2.1,143,55.1,64.0,58.4,38.2,33.2,20,333,3.18,2.32,2.5,3.2,2.35,Video,28.3,55.5,57.4,41.0,42.0,24.0,Advanced Topics,49.3,Medium,Advanced Practice,30,1.81,51.0
10780,23,M,4,2.81,51.4,66.0,18.8,2.4,188,64.2,69.6,79.3,50.4,58.6,8,236,3.3,2.97,3.72,3.55,3.44,Video,49.4,64.8,73.5,67.1,52.4,47.2,Advanced Topics,43.3,Medium,Advanced Practice,30,5.0,62.3
10781,22,F,4,2.59,43.9,81.3,10.6,0.5,203,51.6,52.7,84.2,63.1,55.5,13,165,1.7,1.91,2.91,2.58,2.62,Video,26.5,52.6,48.9,69.7,51.2,60.6,Problem Solving,42.9,Medium,Practice Questions,25,2.68,58.9
10782,19,F,1,2.32,50.2,73.9,10.7,11.3,309,72.0,90.9,75.5,63.5,58.5,17,306,3.53,3.1,2.43,3.85,2.75,Video,51.9,74.2,80.1,68.1,76.4,84.8,Application Skills,29.9,Low,Application Exercise,25,3.39,73.7
10783,22,M,1,3.01,79.0,92.4,5.1,6.9,272,90.2,83.2,89.6,65.4,83.2,29,343,4.06,4.11,2.94,3.88,3.19,Video,52.6,96.5,92.4,84.7,90.0,78.9,Advanced Topics,21.5,Low,Advanced Practice,20,7.44,86.7
10784,23,M,4,2.35,55.0,64.9,20.9,2.9,120,62.5,67.0,52.5,46.1,52.7,19,396,2.62,2.24,3.26,2.3,2.76,Video,25.8,63.2,56.1,58.4,53.3,54.4,Critical Thinking,48.4,Medium,Critical Thinking Activity,25,0.55,49.9
10785,23,F,3,3.94,95.1,94.2,3.0,11.6,483,100.0,100.0,90.0,94.2,100.0,34,551,3.52,4.79,3.43,3.7,4.48,Video,66.4,100.0,100.0,98.9,100.0,100.0,Application Skills,10.7,Low,Application Exercise,20,7.44,94.2
10786,24,F,4,3.27,83.8,82.9,14.1,6.6,297,96.1,85.8,85.9,87.2,66.6,23,335,2.93,3.6,1.56,3.41,3.85,Video,55.5,100.0,87.1,98.2,94.1,80.5,Advanced Topics,14.7,Low,Advanced Practice,30,5.61,89.0
10787,23,F,1,2.53,66.8,57.9,21.8,1.9,78,72.6,82.1,52.2,56.9,75.9,16,165,2.06,3.89,3.11,2.98,2.37,Video,32.5,85.5,79.4,70.0,80.8,57.2,Advanced Topics,37.6,Medium,Advanced Practice,25,1.91,67.1
10788,23,M,3,2.74,89.2,87.3,6.3,6.4,316,92.1,89.7,85.3,84.2,78.8,29,499,3.89,4.48,1.71,3.49,3.39,Video,58.3,100.0,73.4,100.0,100.0,88.9,Problem Solving,15.8,Low,Practice Questions,20,6.8,84.4
10789,21,F,3,2.99,79.1,87.1,6.3,5.5,247,71.1,92.6,91.6,73.6,65.7,28,437,2.95,3.91,2.42,3.93,3.88,Video,59.6,71.9,84.8,72.6,83.9,81.4,Conceptual Understanding,24.1,Low,Concept Review,20,2.02,83.3
10790,18,F,3,2.4,44.7,70.5,16.0,4.6,180,65.0,67.4,75.7,39.5,54.3,12,13,2.64,2.9,3.26,2.58,2.81,Quiz,47.3,54.6,68.5,67.2,65.5,51.0,Advanced Topics,47.2,Medium,Advanced Practice,30,2.72,49.5
10791,22,F,2,2.04,65.3,84.8,7.7,0.5,76,54.9,53.0,61.3,51.1,53.5,18,259,2.73,2.59,2.36,2.43,2.71,Video,45.6,53.5,65.5,61.6,48.9,62.0,Critical Thinking,42.2,Medium,Critical Thinking Activity,30,1.55,59.1
10792,22,M,1,2.71,65.1,65.8,16.0,7.3,182,80.0,65.4,63.5,65.0,71.9,15,240,2.2,3.34,1.81,1.6,2.34,Video,28.8,100.0,79.7,95.6,74.4,74.9,Critical Thinking,31.0,Low,Critical Thinking Activity,25,3.1,65.6
10793,22,M,3,3.13,72.2,80.3,9.7,11.0,395,93.6,87.9,74.2,87.3,96.7,22,270,3.73,3.72,3.21,3.54,3.5,Video,59.5,94.7,100.0,89.0,99.6,92.9,Application Skills,20.9,Low,Application Exercise,20,2.81,76.8
10794,19,F,1,2.93,58.4,64.3,19.4,9.7,278,75.5,76.4,71.9,68.4,86.5,20,363,3.62,3.79,2.82,3.0,2.89,Video,49.3,81.7,94.5,75.9,74.2,91.8,Critical Thinking,30.1,Low,Critical Thinking Activity,20,4.29,70.5
10795,19,M,2,2.28,48.5,53.3,28.1,3.0,8,57.6,50.5,57.5,38.3,41.4,12,342,3.01,2.67,1.74,3.23,2.48,Video,48.2,72.6,57.9,49.1,49.0,49.1,Critical Thinking,43.5,Medium,Critical Thinking Activity,30,2.99,65.0
10796,24,M,4,2.19,55.6,81.2,14.8,9.7,354,71.6,80.6,80.5,64.8,73.7,32,411,2.89,3.37,2.16,2.79,3.28,Video,46.9,81.4,70.6,81.3,71.5,62.5,Advanced Topics,28.6,Low,Advanced Practice,20,3.15,72.0
10797,21,F,2,2.02,77.5,84.2,11.4,6.0,284,76.6,71.1,83.9,79.1,71.9,15,396,3.08,2.51,1.46,3.09,3.56,Video,57.0,75.3,78.1,83.6,96.8,83.4,Conceptual Understanding,21.3,Low,Concept Review,30,5.03,87.6
10798,23,F,4,2.38,59.8,56.5,22.4,4.5,181,61.3,71.0,69.4,62.8,58.6,20,410,3.08,2.82,2.25,2.83,2.58,Video,47.2,64.5,69.6,65.4,69.9,68.3,Conceptual Understanding,40.9,Medium,Concept Review,30,2.91,55.2
10799,22,F,1,3.51,86.9,80.1,9.5,13.1,419,100.0,100.0,85.2,100.0,99.4,29,399,4.03,4.55,1.81,3.8,4.21,Video,66.2,100.0,100.0,100.0,100.0,100.0,Conceptual Understanding,6.3,Low,Concept Review,20,3.65,100.0
10800,22,M,3,1.2,50.0,60.7,21.3,1.3,74,45.8,46.5,56.9,36.5,36.2,17,20,2.42,1.89,3.11,2.02,1.72,Video,16.4,68.0,45.5,38.2,60.3,52.6,Application Skills,61.0,High,Application Exercise,30,5.75,26.6
10801,24,M,4,3.32,76.7,79.4,14.9,6.8,233,77.0,86.0,87.8,58.8,71.2,28,382,3.64,2.62,2.62,3.06,3.45,Video,46.0,81.2,76.7,79.8,84.7,88.3,Problem Solving,31.5,Low,Practice Questions,25,3.24,74.8
10802,20,M,1,3.32,83.6,82.3,9.4,6.3,347,80.3,77.5,83.3,91.8,76.4,31,355,3.3,3.28,2.12,3.62,3.75,Video,48.1,100.0,95.3,100.0,88.7,100.0,Critical Thinking,18.6,Low,Critical Thinking Activity,20,0.96,87.0
10803,22,M,1,3.79,100.0,86.6,4.7,12.6,361,100.0,100.0,78.2,100.0,97.3,28,340,5.0,5.0,2.37,4.85,3.93,Video,73.3,100.0,100.0,100.0,100.0,100.0,Conceptual Understanding,6.1,Low,Concept Review,20,4.05,100.0
10804,20,F,2,2.87,61.8,80.8,9.5,8.7,210,82.9,77.9,74.2,72.5,73.2,31,364,3.89,3.48,1.08,3.05,3.59,Video,69.7,99.4,79.8,77.5,100.0,96.3,Application Skills,22.5,Low,Application Exercise,25,3.01,75.0
10805,21,M,1,2.55,74.7,74.4,15.6,10.1,292,76.4,83.9,74.9,77.1,84.3,17,414,3.44,3.79,3.15,3.47,2.96,Video,43.1,68.9,85.2,67.8,73.5,57.7,Advanced Topics,24.2,Low,Advanced Practice,20,4.72,82.5
10806,21,F,3,3.04,84.8,79.5,12.7,8.8,296,79.4,77.8,89.1,85.5,80.5,19,366,4.06,4.12,2.19,3.62,4.38,Video,77.3,97.2,84.9,95.6,75.4,93.7,Critical Thinking,19.4,Low,Critical Thinking Activity,25,6.29,82.9
10807,22,F,4,2.6,70.2,73.3,14.3,0.5,184,66.3,74.5,63.7,69.1,73.7,11,143,3.45,3.16,2.87,3.05,3.51,Video,54.7,77.7,83.0,92.0,82.7,58.2,Advanced Topics,35.5,Medium,Advanced Practice,25,4.92,67.9
10808,20,M,2,2.43,63.3,71.2,17.2,6.0,235,67.9,80.0,91.8,79.7,66.5,23,289,3.19,3.64,2.36,3.49,3.56,Video,40.8,100.0,65.3,68.3,75.9,95.5,Problem Solving,28.5,Low,Practice Questions,25,3.32,71.9
10809,24,M,1,2.47,81.3,77.4,7.9,8.3,243,72.8,75.0,74.3,82.1,72.2,26,321,2.89,3.3,3.45,2.67,3.56,Video,50.0,87.2,86.6,73.5,90.1,90.7,Application Skills,30.0,Low,Application Exercise,20,3.78,67.1
10810,20,F,2,1.97,30.0,68.9,17.3,6.3,234,49.1,57.2,66.1,35.6,46.5,1,75,2.56,1.79,3.68,2.18,2.48,Quiz,36.2,56.5,46.0,43.3,35.7,44.6,Critical Thinking,51.6,Medium,Critical Thinking Activity,25,2.29,52.8
10811,21,M,3,2.73,90.2,65.1,20.9,4.4,175,68.1,82.2,68.5,64.1,73.9,23,212,3.26,3.78,2.33,3.21,3.18,Video,45.3,75.9,66.5,76.2,72.6,67.4,Problem Solving,31.9,Low,Practice Questions,30,3.61,73.7
10812,21,M,1,2.88,52.0,97.2,0.0,4.4,195,64.1,63.7,81.1,67.1,67.6,25,208,2.66,2.85,2.66,3.28,3.8,Video,54.2,82.1,73.8,75.3,73.5,58.4,Advanced Topics,30.9,Low,Advanced Practice,25,5.79,73.6
10813,25,F,3,1.73,58.5,75.4,11.9,5.7,271,86.9,68.2,74.2,67.5,47.5,13,339,4.04,3.71,2.75,3.21,3.27,Video,52.8,80.6,74.7,61.1,81.8,60.0,Advanced Topics,27.5,Low,Advanced Practice,20,4.57,75.1
10814,22,M,3,3.98,94.4,100.0,0.0,16.3,533,100.0,100.0,100.0,100.0,100.0,48,520,4.39,4.82,2.13,5.0,4.95,Video,87.6,100.0,100.0,100.0,100.0,100.0,Conceptual Understanding,4.5,Low,Concept Review,20,7.38,100.0
10815,24,F,3,2.63,53.0,60.5,24.9,2.8,128,54.4,64.2,62.7,63.3,40.0,18,257,2.95,2.92,3.38,2.67,2.64,Video,28.3,78.1,68.1,60.2,56.6,34.7,Advanced Topics,41.6,Medium,Advanced Practice,30,3.45,63.9
10816,18,F,1,2.39,67.5,54.8,23.4,2.6,146,68.2,63.5,74.6,57.5,50.9,18,161,2.94,2.99,2.77,2.61,2.99,Video,29.6,74.0,63.8,79.9,69.8,69.6,Problem Solving,40.1,Medium,Practice Questions,25,4.35,63.6
10817,22,F,3,3.42,80.3,84.3,9.1,9.8,271,97.5,86.5,74.2,100.0,79.8,34,354,2.76,4.9,1.3,2.89,3.01,Video,47.7,100.0,100.0,95.8,100.0,94.1,Advanced Topics,9.6,Low,Advanced Practice,30,4.11,83.9
10818,23,M,1,2.3,49.2,66.4,19.7,0.5,74,54.8,47.0,61.0,27.9,34.6,6,179,1.04,1.51,3.12,1.14,1.0,Video,14.0,51.7,26.4,44.1,49.6,30.5,Problem Solving,57.8,Medium,Practice Questions,35,1.43,39.8
10819,22,M,1,3.16,53.6,70.3,19.4,2.1,121,63.5,63.6,61.4,60.1,55.2,11,104,2.84,2.54,3.65,2.87,2.71,Video,34.1,63.4,73.4,69.9,63.9,56.3,Advanced Topics,44.5,Medium,Advanced Practice,30,4.74,53.1
10820,24,F,4,1.81,67.0,79.8,10.8,4.8,218,79.7,68.7,91.5,59.6,64.4,19,332,3.63,3.02,1.74,3.0,2.88,Video,47.2,99.9,81.6,83.2,75.2,69.9,Advanced Topics,28.2,Low,Advanced Practice,20,2.56,78.2
10821,20,F,3,3.25,76.4,82.5,8.5,13.0,438,74.7,76.7,73.4,69.7,89.9,41,399,3.78,3.97,1.86,3.6,3.21,Video,59.4,70.4,89.5,81.4,66.8,86.1,Critical Thinking,21.2,Low,Critical Thinking Activity,20,2.96,86.0
10822,25,M,1,2.3,63.3,50.4,27.6,3.1,109,56.6,73.5,49.3,58.7,61.7,12,84,2.33,3.32,3.93,2.19,1.27,Video,18.7,54.1,63.0,69.9,73.3,56.8,Conceptual Understanding,46.6,Medium,Concept Review,30,0.0,53.5
10823,27,F,1,1.92,42.4,60.1,24.5,2.3,146,54.9,63.6,57.6,33.1,33.0,25,181,2.1,2.78,3.75,2.13,1.98,Video,20.3,44.9,28.5,32.6,35.2,27.8,Advanced Topics,52.5,Medium,Advanced Practice,25,2.17,51.4
10824,21,M,1,2.2,47.8,60.1,21.6,0.5,51,54.7,46.0,47.3,45.8,48.5,3,0,1.75,1.37,3.5,1.22,1.63,Quiz,16.5,54.3,41.9,58.2,51.7,40.8,Advanced Topics,58.0,Medium,Advanced Practice,25,0.0,32.4
10825,21,M,1,2.1,62.9,82.9,7.5,8.3,326,67.6,76.7,85.1,65.5,71.1,22,249,3.46,3.34,1.93,4.45,3.97,Video,63.1,88.6,66.8,80.7,71.8,72.8,Problem Solving,29.6,Low,Practice Questions,20,5.68,70.1
10826,25,F,1,2.51,68.6,67.7,14.7,4.1,162,67.3,60.9,57.7,69.2,58.4,12,207,2.68,1.73,2.58,2.84,2.33,Video,47.3,81.5,80.7,65.1,70.3,69.6,Application Skills,38.8,Medium,Application Exercise,25,2.96,59.7
10827,25,M,1,2.32,69.3,92.9,1.5,10.6,372,82.5,85.6,100.0,68.8,81.8,42,467,4.23,4.22,3.8,3.93,4.53,Video,59.9,86.9,93.7,88.6,97.5,68.5,Advanced Topics,20.2,Low,Advanced Practice,20,7.02,94.0
10828,20,F,2,3.14,66.2,82.9,11.1,9.4,315,82.6,82.7,76.6,86.0,81.5,27,410,3.47,4.24,2.52,3.88,4.05,Video,67.9,96.5,86.5,98.2,73.0,95.0,Critical Thinking,20.2,Low,Critical Thinking Activity,20,4.21,77.9
10829,21,M,3,1.2,43.8,49.6,27.1,1.8,48,52.6,46.0,57.2,36.5,45.6,10,155,2.49,1.7,2.55,2.0,1.0,Video,31.6,42.5,37.5,31.4,42.2,47.1,Application Skills,58.7,Medium,Application Exercise,30,1.2,31.3
10830,21,M,3,3.27,75.9,81.2,9.1,6.1,285,86.1,94.1,73.6,85.7,63.6,27,354,3.67,3.68,2.78,3.22,3.26,Video,59.6,95.8,96.1,100.0,91.0,80.1,Advanced Topics,23.8,Low,Advanced Practice,20,5.98,73.7
10831,19,M,3,2.55,76.0,62.1,19.4,5.0,244,69.4,74.6,88.5,67.3,70.2,26,385,3.77,3.56,1.66,4.4,3.13,Video,64.4,87.0,71.1,73.4,62.4,81.9,Critical Thinking,28.2,Low,Critical Thinking Activity,20,6.43,80.4
10832,19,F,1,2.77,74.0,78.5,12.0,5.9,228,77.1,78.9,79.4,72.2,93.4,22,341,3.05,3.69,3.51,3.3,3.52,Video,44.1,86.7,85.9,76.7,85.5,69.9,Advanced Topics,30.2,Low,Advanced Practice,20,2.94,71.8
10833,19,M,4,2.84,57.0,75.6,12.9,2.4,197,72.5,71.3,72.6,60.6,82.9,16,51,3.28,3.75,3.74,3.3,2.43,Quiz,49.0,80.7,78.5,81.4,73.3,44.6,Advanced Topics,37.1,Medium,Advanced Practice,30,3.53,64.9
10834,20,F,4,2.49,74.1,75.1,13.2,12.7,277,88.2,95.3,78.0,75.2,91.0,25,247,3.17,3.8,2.2,3.2,2.78,Video,38.4,100.0,100.0,92.1,76.8,95.0,Critical Thinking,20.1,Low,Critical Thinking Activity,20,3.61,84.7
10835,21,F,4,2.79,60.3,64.4,22.3,5.3,168,64.9,58.9,57.8,70.1,69.7,17,396,2.03,3.34,1.92,2.69,2.39,Video,26.8,75.7,86.5,76.7,64.2,67.8,Critical Thinking,33.9,Low,Critical Thinking Activity,25,3.01,63.4
10836,22,F,4,2.66,76.3,73.8,17.5,2.2,189,82.1,69.9,71.6,86.1,85.2,21,206,2.38,3.46,1.53,2.73,2.0,Video,33.9,100.0,97.9,99.9,91.8,77.7,Advanced Topics,23.8,Low,Advanced Practice,30,1.99,75.1
10837,25,M,4,2.98,67.5,66.4,15.3,7.1,283,83.0,91.5,74.6,71.2,91.7,35,425,3.09,3.39,1.06,3.73,3.88,Video,75.5,59.7,88.6,86.9,82.7,86.8,Conceptual Understanding,22.0,Low,Concept Review,20,7.27,84.7
10838,19,F,2,2.15,68.1,71.2,16.5,2.9,148,69.5,70.2,69.6,66.0,61.3,12,182,2.18,2.47,1.48,2.1,2.87,Video,42.8,62.9,74.3,79.3,75.5,74.8,Conceptual Understanding,35.3,Medium,Concept Review,25,0.56,61.4
10839,24,M,1,3.47,91.5,83.0,7.8,14.1,469,93.5,100.0,82.5,90.5,91.5,39,561,3.62,4.03,2.26,3.78,4.27,Video,60.4,100.0,100.0,100.0,98.5,100.0,Critical Thinking,12.7,Low,Critical Thinking Activity,20,4.5,93.3
10840,21,M,3,3.09,80.0,74.2,13.7,6.2,252,94.2,100.0,76.3,83.2,80.2,20,284,3.87,4.56,2.29,4.08,3.98,Video,66.9,100.0,98.4,100.0,100.0,89.5,Advanced Topics,16.6,Low,Advanced Practice,30,5.8,89.4
10841,21,F,3,2.53,77.1,86.8,7.9,10.3,273,68.2,90.1,85.2,87.7,100.0,32,622,3.85,3.87,1.75,4.12,3.9,Video,66.5,60.7,100.0,86.6,80.2,91.5,Conceptual Understanding,16.2,Low,Concept Review,25,5.73,92.1
10842,23,M,3,1.92,48.8,86.0,7.3,2.0,135,59.9,52.1,86.4,33.4,36.0,15,242,2.22,2.38,2.85,3.08,2.84,Video,31.3,51.6,54.6,40.6,40.8,44.6,Application Skills,49.6,Medium,Application Exercise,35,5.0,46.2
10843,19,F,2,1.36,46.7,72.2,15.8,4.2,242,61.9,56.2,66.8,44.7,45.8,18,183,2.73,2.86,3.97,3.26,2.48,Video,42.2,65.4,60.4,48.7,45.0,40.3,Advanced Topics,52.7,Medium,Advanced Practice,25,4.86,34.2
10844,22,M,1,2.93,74.3,82.6,10.9,7.6,242,76.6,72.6,93.0,79.6,63.8,31,216,3.23,3.42,2.89,3.06,3.53,Video,41.4,91.7,100.0,68.0,80.3,70.4,Application Skills,24.7,Low,Application Exercise,30,3.44,79.3
10845,22,M,2,3.29,56.9,67.1,18.7,0.5,77,72.8,74.5,65.6,36.1,61.0,1,303,2.4,2.71,2.11,2.78,2.07,Video,48.0,53.5,67.0,68.6,66.4,60.5,Conceptual Understanding,42.2,Medium,Concept Review,25,4.89,64.0
10846,23,F,4,3.32,68.6,64.5,18.2,4.4,144,65.2,71.8,64.9,68.5,50.9,19,208,3.77,2.84,3.01,2.73,2.35,Video,53.0,75.1,70.8,94.8,73.4,74.5,Problem Solving,36.3,Medium,Practice Questions,25,2.26,67.3
10847,22,M,3,2.65,66.5,71.6,14.4,5.2,195,76.6,85.4,86.2,72.9,70.9,17,320,3.79,3.53,1.32,3.68,3.12,Video,73.7,85.6,62.6,62.4,73.8,87.4,Application Skills,24.7,Low,Application Exercise,30,6.07,79.3
10848,27,F,2,3.61,77.6,92.8,1.1,11.6,344,100.0,100.0,90.4,100.0,79.0,35,526,3.58,5.0,2.69,4.04,3.94,Video,60.3,100.0,100.0,95.7,100.0,99.2,Application Skills,8.4,Low,Application Exercise,30,7.58,92.3
10849,20,F,1,2.21,70.6,66.7,16.6,6.9,286,94.9,70.4,67.8,66.9,73.6,21,306,1.82,3.68,4.02,3.42,2.43,Video,24.0,88.6,82.2,77.7,87.7,67.4,Advanced Topics,31.1,Low,Advanced Practice,20,4.21,69.5
10850,20,M,2,2.57,40.9,68.6,21.2,0.5,88,61.5,48.6,64.6,30.1,56.7,16,180,2.47,2.42,2.38,2.25,2.44,Video,23.9,45.2,48.6,51.4,83.0,47.7,Conceptual Understanding,48.9,Medium,Concept Review,25,2.55,54.0
10851,20,F,4,2.79,66.5,59.5,20.7,1.8,130,69.1,65.8,57.9,63.0,56.8,15,88,2.17,3.4,2.17,2.04,1.79,Video,23.1,74.9,58.2,53.4,60.1,63.1,Application Skills,37.6,Medium,Application Exercise,25,1.34,60.8
10852,20,F,3,1.98,72.2,92.0,2.0,2.9,153,55.3,58.1,65.3,52.9,55.5,26,209,2.32,2.65,2.66,3.46,3.33,Video,48.3,81.4,72.4,70.0,59.7,58.2,Advanced Topics,36.3,Medium,Advanced Practice,25,1.66,73.9
10853,20,F,3,2.83,54.8,87.8,7.3,5.2,204,71.0,73.0,84.7,62.8,63.7,26,385,3.55,3.23,1.24,3.45,3.74,Video,77.4,74.0,89.0,75.3,72.1,52.5,Advanced Topics,30.5,Low,Advanced Practice,20,5.77,65.1
10854,24,M,2,2.25,66.2,59.8,21.9,10.2,272,72.6,87.6,81.0,78.6,74.3,19,321,4.07,3.32,2.5,3.91,3.62,Video,57.9,82.3,93.6,72.1,72.2,90.9,Application Skills,26.7,Low,Application Exercise,30,2.85,78.0
10855,25,F,3,2.15,43.2,64.0,19.4,3.3,168,68.8,64.0,80.5,62.4,57.9,12,242,2.93,2.3,2.56,2.75,2.95,Video,42.2,55.0,73.6,63.2,61.5,47.9,Advanced Topics,41.6,Medium,Advanced Practice,30,2.25,53.4
10856,20,F,1,2.13,50.5,60.1,24.8,2.9,101,54.9,58.0,67.2,60.6,54.5,18,221,2.63,2.63,4.14,3.37,2.13,Video,28.9,70.1,82.7,69.6,53.7,59.8,Critical Thinking,45.7,Medium,Critical Thinking Activity,30,0.53,58.4
10857,20,M,3,2.08,59.3,81.2,11.4,6.7,343,69.2,77.9,90.1,71.0,82.2,27,456,3.81,3.71,1.87,4.09,4.52,Video,64.1,79.7,90.1,88.5,48.8,66.4,Critical Thinking,28.4,Low,Critical Thinking Activity,25,4.77,69.4
10858,23,M,2,2.67,53.3,59.3,21.3,5.9,240,68.3,75.3,72.4,54.5,56.1,23,109,2.98,2.95,1.96,2.77,2.32,Video,48.4,79.6,69.5,57.1,59.6,48.1,Advanced Topics,39.9,Medium,Advanced Practice,25,3.11,55.4
10859,20,F,2,1.2,30.0,90.3,4.5,3.7,113,37.8,43.6,75.1,27.6,33.9,14,166,3.27,1.58,1.79,2.6,2.68,Video,43.8,39.6,59.6,49.4,60.4,44.1,Conceptual Understanding,53.9,Medium,Concept Review,30,3.69,40.6
10860,23,F,3,3.14,99.0,100.0,0.0,9.8,373,100.0,83.8,100.0,100.0,100.0,42,491,4.5,4.27,2.36,4.54,4.64,Video,80.9,100.0,100.0,100.0,100.0,100.0,Conceptual Understanding,6.0,Low,Concept Review,25,5.24,100.0
10861,22,F,4,2.73,84.5,90.3,7.1,8.0,241,75.4,84.8,71.2,87.4,66.4,34,265,2.67,3.31,1.84,2.92,2.64,Video,40.7,100.0,87.4,81.2,86.3,97.7,Application Skills,21.8,Low,Application Exercise,20,4.74,75.0
10862,18,F,1,2.66,56.6,72.5,14.5,2.2,242,59.7,68.6,61.1,42.0,39.2,10,210,1.95,2.68,3.72,2.31,2.05,Video,14.2,70.6,43.1,76.0,50.8,43.5,Problem Solving,49.9,Medium,Practice Questions,30,1.42,47.8
10863,25,F,4,2.32,54.1,56.2,20.5,5.2,148,70.6,70.0,53.3,60.9,62.7,15,307,1.9,2.59,2.24,2.09,1.83,Video,24.7,63.6,93.4,69.0,57.5,72.8,Critical Thinking,39.5,Medium,Critical Thinking Activity,25,0.75,57.1
10864,25,M,2,1.48,63.9,68.6,17.2,4.1,243,60.7,59.4,73.8,64.4,59.5,22,331,2.94,2.55,3.06,2.72,2.55,Video,37.7,76.3,63.7,74.4,57.6,53.8,Advanced Topics,41.0,Medium,Advanced Practice,30,3.3,57.7
10865,20,M,2,3.13,84.8,100.0,0.0,13.7,379,100.0,94.4,81.6,98.7,94.0,44,508,4.46,4.79,2.41,4.15,4.86,Video,79.1,94.5,100.0,100.0,100.0,100.0,Conceptual Understanding,5.4,Low,Concept Review,30,9.2,100.0
10866,21,M,1,3.45,78.0,100.0,4.4,14.7,441,100.0,100.0,100.0,100.0,100.0,43,626,4.09,4.94,1.01,4.97,5.0,Video,83.9,100.0,100.0,100.0,100.0,100.0,Conceptual Understanding,2.1,Low,Concept Review,20,7.04,100.0
10867,22,F,2,2.18,73.0,87.0,5.2,8.0,283,84.9,82.0,92.9,77.6,69.3,28,445,3.89,3.29,2.6,4.39,4.09,Video,72.7,85.8,96.8,88.2,88.7,92.0,Conceptual Understanding,23.0,Low,Concept Review,25,4.87,79.1
10868,22,M,2,2.6,73.0,74.4,13.8,11.7,322,86.4,93.1,89.2,97.4,83.1,30,489,4.41,3.78,2.15,4.58,4.06,Video,91.4,100.0,92.9,84.1,94.3,99.5,Application Skills,11.4,Low,Application Exercise,20,3.76,100.0
10869,23,F,1,3.44,73.7,88.2,7.0,6.5,170,74.4,86.5,61.2,61.0,73.6,22,149,2.28,3.14,2.74,2.41,2.31,Video,32.3,85.3,81.6,100.0,64.5,58.8,Advanced Topics,30.9,Low,Advanced Practice,25,2.25,72.1
10870,26,M,2,1.58,41.0,60.6,21.1,0.5,44,57.4,44.8,70.6,33.3,33.3,8,266,1.79,2.16,3.75,1.57,1.94,Video,23.0,53.2,38.9,50.2,50.4,42.9,Problem Solving,58.8,Medium,Practice Questions,25,2.31,34.1
10871,21,M,4,2.23,66.6,79.2,10.8,10.5,291,79.6,89.4,86.1,67.9,68.0,29,477,3.6,2.65,2.03,3.48,3.4,Video,49.8,65.8,79.5,82.9,82.9,100.0,Conceptual Understanding,26.1,Low,Concept Review,20,3.48,77.5
10872,20,F,1,2.47,79.1,84.0,9.7,2.6,229,73.9,75.3,75.2,55.2,62.1,18,331,3.43,3.47,2.22,4.33,4.01,Video,67.9,88.1,69.0,69.7,67.4,58.8,Advanced Topics,31.2,Low,Advanced Practice,20,2.69,76.0
10873,18,M,3,2.17,49.6,71.0,19.0,3.4,215,70.6,55.4,65.6,56.7,49.7,20,316,3.31,3.06,2.92,3.34,3.16,Video,42.4,76.2,65.5,55.6,60.8,64.0,Application Skills,40.2,Medium,Application Exercise,30,2.34,56.8
10874,20,F,2,2.68,58.6,80.4,12.3,6.1,278,75.3,72.5,69.6,67.3,74.3,23,349,3.31,2.87,2.15,3.52,3.3,Video,45.0,83.5,83.2,82.3,90.2,76.8,Advanced Topics,31.5,Low,Advanced Practice,20,6.0,65.9
10875,21,M,3,2.87,64.0,100.0,3.0,7.5,328,79.7,82.5,90.4,82.2,65.5,25,318,3.8,3.78,1.84,4.04,3.61,Video,61.9,88.3,79.6,89.7,62.3,84.4,Critical Thinking,18.2,Low,Critical Thinking Activity,30,6.81,82.9
10876,25,F,1,2.39,79.7,86.3,5.5,12.6,390,68.8,81.2,76.7,78.8,79.1,29,458,3.81,3.46,2.31,4.52,3.87,Video,79.1,86.5,81.1,77.7,89.4,94.8,Application Skills,23.5,Low,Application Exercise,20,4.13,79.6
10877,20,F,1,2.11,63.9,73.6,15.2,4.4,181,67.1,69.1,89.6,75.9,61.5,11,144,3.63,3.66,2.53,3.33,3.89,Video,69.7,82.9,76.7,79.8,85.8,69.6,Advanced Topics,27.8,Low,Advanced Practice,30,6.16,79.3
10878,22,M,1,2.53,47.6,68.4,17.7,3.4,102,68.3,62.8,78.2,61.3,49.9,10,230,2.84,2.61,1.65,2.72,3.31,Video,53.5,57.5,79.9,73.4,60.5,50.7,Advanced Topics,35.1,Medium,Advanced Practice,30,2.35,66.7
10879,21,F,1,2.17,61.5,72.5,15.8,0.8,131,53.9,61.0,67.0,48.1,65.7,18,165,3.74,2.39,1.49,3.06,2.73,Video,45.8,68.3,55.3,77.5,59.5,44.8,Advanced Topics,43.3,Medium,Advanced Practice,25,5.49,57.1
10880,24,M,1,2.59,44.6,94.7,5.7,4.1,162,62.0,65.5,78.1,48.1,74.2,30,294,3.14,2.86,3.02,3.52,3.58,Video,51.4,77.3,72.3,70.1,70.2,56.6,Advanced Topics,38.4,Medium,Advanced Practice,25,4.63,65.8
10881,27,F,3,2.17,78.0,90.6,4.7,8.0,238,80.9,89.0,78.0,99.6,63.7,30,456,3.44,3.46,3.14,3.33,3.7,Video,58.0,97.7,100.0,98.5,87.1,100.0,Critical Thinking,16.7,Low,Critical Thinking Activity,25,6.01,88.6
10882,20,M,4,1.61,30.0,67.6,17.0,6.6,253,46.0,49.0,71.7,40.3,44.6,20,211,3.24,1.92,1.99,2.97,2.04,Video,46.1,28.1,70.1,32.4,42.5,48.5,Conceptual Understanding,51.1,Medium,Concept Review,30,0.27,40.9
10883,20,M,4,3.83,94.3,65.0,20.3,6.0,312,81.9,74.8,84.4,86.6,79.3,21,275,2.01,3.84,2.54,2.56,2.73,Video,18.7,100.0,100.0,85.0,92.7,85.6,Application Skills,25.5,Low,Application Exercise,25,3.45,72.5
10884,24,F,3,3.08,75.6,92.0,0.8,14.3,489,100.0,100.0,84.8,100.0,90.8,47,585,3.82,5.0,1.74,5.0,4.33,Video,71.0,100.0,100.0,100.0,94.3,100.0,Critical Thinking,4.4,Low,Critical Thinking Activity,20,5.54,99.5
10885,23,F,1,2.32,55.2,83.4,8.6,4.0,275,77.2,58.3,75.6,44.9,64.5,26,168,2.06,2.28,3.74,2.81,3.15,Video,31.8,70.5,73.2,62.8,55.1,61.1,Critical Thinking,42.9,Medium,Critical Thinking Activity,25,4.51,57.2
10886,26,F,2,1.41,30.8,66.6,18.1,0.5,65,36.0,37.4,59.1,30.0,26.8,18,99,2.32,1.34,2.32,2.59,2.11,Video,37.1,38.7,41.8,31.8,22.2,22.9,Critical Thinking,59.7,Medium,Critical Thinking Activity,35,3.96,36.8
10887,23,F,2,2.16,73.2,68.3,15.6,0.5,44,70.6,54.6,56.6,55.5,57.4,13,0,2.45,3.21,2.07,3.04,2.51,Video,22.8,67.7,61.8,63.6,73.3,54.0,Advanced Topics,39.3,Medium,Advanced Practice,25,2.5,58.4
10888,21,F,1,2.4,55.0,77.0,14.8,7.8,299,78.5,79.7,74.3,72.0,67.0,32,298,3.85,3.54,2.67,3.88,3.28,Video,59.6,84.2,81.8,80.3,76.2,80.9,Critical Thinking,27.9,Low,Critical Thinking Activity,20,3.41,72.3
10889,23,M,2,1.94,67.3,48.6,26.2,0.5,55,52.3,62.0,55.8,42.3,61.6,7,116,3.3,2.76,3.39,2.28,2.15,Video,37.5,55.1,64.6,55.5,46.0,43.7,Advanced Topics,51.4,Medium,Advanced Practice,25,3.8,53.7
10890,24,M,2,2.06,59.9,70.6,15.9,4.4,193,64.1,55.8,64.1,43.7,48.2,23,290,2.01,2.02,4.16,2.57,2.38,Video,29.4,53.6,65.8,80.2,50.1,52.5,Critical Thinking,47.7,Medium,Critical Thinking Activity,30,2.44,56.4
10891,23,M,2,3.75,89.9,73.4,15.2,10.3,348,99.3,94.8,76.9,89.0,89.0,23,406,3.81,4.33,1.44,4.75,4.21,Video,83.1,92.6,100.0,95.8,93.1,97.5,Conceptual Understanding,11.1,Low,Concept Review,25,4.57,92.7
10892,23,M,2,3.04,64.4,73.9,17.1,9.3,360,80.6,91.4,100.0,75.8,83.6,34,402,2.81,3.48,1.92,3.42,3.35,Video,57.6,96.3,98.8,86.0,73.6,100.0,Critical Thinking,18.8,Low,Critical Thinking Activity,20,2.92,93.5
10893,24,M,4,2.2,59.6,66.0,18.7,4.5,125,67.1,60.8,71.4,65.5,51.6,15,135,3.48,2.57,2.75,2.78,3.16,Video,45.1,65.5,49.3,75.6,59.0,71.6,Problem Solving,34.6,Low,Practice Questions,20,1.49,73.1
10894,24,M,3,2.09,37.9,73.3,16.6,2.8,84,48.1,41.9,62.2,56.7,46.9,9,161,2.8,1.53,4.23,2.62,2.19,Video,13.6,54.0,61.0,70.5,46.1,39.2,Advanced Topics,49.6,Medium,Advanced Practice,25,1.06,53.5
10895,25,F,2,2.29,71.8,68.3,18.8,6.6,182,65.6,76.2,63.7,75.4,51.8,13,524,3.62,2.96,2.79,3.11,3.67,Video,54.9,78.6,91.2,72.5,69.4,76.6,Critical Thinking,31.1,Low,Critical Thinking Activity,20,6.11,73.8
10896,23,M,4,2.15,51.8,79.9,11.3,3.2,191,69.2,65.0,76.3,65.1,50.6,21,413,2.86,3.27,2.12,1.84,2.44,Video,46.9,69.4,67.7,54.9,87.2,49.4,Advanced Topics,30.9,Low,Advanced Practice,20,3.46,73.6
10897,21,M,4,2.56,69.1,77.4,10.2,4.8,151,73.2,70.8,71.2,62.5,73.8,20,271,2.19,3.44,3.86,3.13,2.34,Video,39.0,78.6,74.6,92.0,60.2,83.6,Critical Thinking,37.0,Medium,Critical Thinking Activity,35,2.04,62.8
10898,22,M,2,2.29,52.2,96.9,0.0,4.7,213,63.1,70.3,66.6,53.4,50.7,20,350,2.72,3.21,3.48,3.22,2.69,Video,43.9,77.3,68.4,56.9,68.2,50.1,Advanced Topics,40.0,Medium,Advanced Practice,25,4.5,56.1
10899,24,F,2,2.39,66.2,99.7,0.4,6.9,249,85.1,89.8,78.0,79.3,74.6,21,291,4.34,3.94,1.0,4.4,3.25,Video,79.4,100.0,77.7,84.8,79.8,78.0,Problem Solving,16.5,Low,Practice Questions,20,3.73,82.3
10900,20,F,2,3.29,100.0,91.7,3.5,11.4,354,100.0,89.9,97.1,98.8,100.0,35,388,4.59,4.88,2.05,4.27,4.77,Video,87.9,100.0,100.0,100.0,89.7,100.0,Critical Thinking,6.7,Low,Critical Thinking Activity,30,6.64,95.6
10901,22,F,4,2.75,78.0,74.7,15.7,9.3,235,71.0,76.7,90.6,82.4,72.2,31,404,3.37,4.02,2.72,2.42,3.25,Video,45.3,100.0,85.9,100.0,80.4,74.1,Advanced Topics,24.3,Low,Advanced Practice,20,3.52,77.7
10902,21,M,4,3.33,76.9,73.6,16.0,10.1,309,89.4,97.7,80.0,79.1,81.9,27,329,3.71,3.63,2.97,3.63,3.91,Video,61.0,93.2,100.0,85.6,83.5,98.1,Critical Thinking,20.7,Low,Critical Thinking Activity,25,6.03,86.0
10903,22,F,1,1.41,42.5,46.9,28.8,0.8,93,57.7,63.0,55.2,56.6,54.3,9,128,1.94,2.77,2.97,1.52,1.0,Video,28.4,61.9,57.2,55.9,59.0,39.6,Advanced Topics,48.8,Medium,Advanced Practice,25,0.0,47.7
10904,24,F,2,2.31,65.5,76.8,10.4,6.6,272,62.5,70.3,74.2,66.3,62.4,26,475,2.0,2.25,2.87,2.77,3.12,Video,28.1,75.4,65.8,85.2,62.6,79.0,Critical Thinking,37.0,Medium,Critical Thinking Activity,25,1.8,63.4
10905,22,M,3,3.77,98.2,90.8,6.1,6.0,336,84.8,90.2,81.3,72.4,88.3,27,384,2.6,4.15,3.37,3.3,3.44,Video,56.8,99.0,95.4,90.4,80.6,70.7,Advanced Topics,23.2,Low,Advanced Practice,30,1.88,83.3
10906,22,F,2,2.3,49.4,73.2,12.7,4.7,250,60.3,60.9,74.4,59.7,56.1,14,260,2.48,2.75,2.71,1.85,2.37,Video,29.0,59.8,62.4,67.3,72.3,55.5,Advanced Topics,37.6,Medium,Advanced Practice,30,2.12,66.6
10907,19,F,1,2.86,76.5,75.5,12.0,3.0,193,69.1,71.0,80.0,53.7,71.8,9,87,2.6,2.88,3.4,2.29,2.6,Video,43.6,69.4,57.3,77.9,83.4,73.0,Problem Solving,39.2,Medium,Practice Questions,25,5.02,66.1
10908,23,F,4,2.61,64.7,80.8,8.6,4.5,170,77.8,80.6,79.5,60.3,76.9,25,278,3.47,3.13,2.03,2.93,2.69,Video,40.5,86.8,80.4,91.2,77.8,76.6,Advanced Topics,29.2,Low,Advanced Practice,25,2.41,76.6
10909,23,M,3,2.06,46.7,84.6,8.2,8.9,262,73.6,73.9,58.5,65.7,58.9,27,224,2.5,2.81,3.54,3.13,3.55,Video,46.9,70.9,63.7,67.1,67.5,70.3,Problem Solving,33.9,Low,Practice Questions,30,3.32,64.9
10910,26,M,4,1.2,45.3,77.2,14.9,6.0,261,68.5,59.6,72.5,59.0,63.4,15,261,3.04,2.61,3.27,3.13,3.45,Video,42.3,83.6,65.6,76.8,58.0,55.2,Advanced Topics,41.9,Medium,Advanced Practice,25,5.15,50.2
10911,21,F,4,2.78,79.6,85.4,8.0,8.0,239,87.4,83.2,77.0,79.3,78.8,23,395,4.14,3.78,3.15,3.3,3.14,Video,46.6,82.9,85.1,93.9,88.1,94.8,Conceptual Understanding,25.2,Low,Concept Review,20,5.35,70.8
10912,22,M,3,2.23,58.2,58.0,22.2,8.3,121,74.0,72.2,57.9,68.9,67.1,15,319,3.95,3.5,2.86,3.35,2.07,Video,50.9,81.2,74.9,91.2,72.7,84.1,Critical Thinking,29.4,Low,Critical Thinking Activity,30,2.9,78.9
10913,22,F,2,2.49,68.7,93.1,0.7,7.7,298,74.9,83.6,84.2,79.9,80.7,25,316,3.62,4.17,1.1,3.56,3.63,Video,76.1,88.4,93.2,94.6,84.4,66.2,Advanced Topics,18.9,Low,Advanced Practice,20,6.19,79.8
10914,25,M,3,2.1,62.4,81.2,11.4,6.6,175,78.7,60.7,76.5,60.8,70.7,18,253,2.42,2.62,4.04,3.08,2.88,Video,26.6,76.0,86.4,78.8,74.2,51.0,Advanced Topics,38.4,Medium,Advanced Practice,30,1.22,58.5
10915,21,M,1,3.8,78.1,89.3,4.3,0.5,96,75.1,72.0,85.2,66.0,77.6,20,164,3.16,3.34,3.47,2.98,3.5,Video,36.2,83.2,80.8,90.5,93.6,65.6,Advanced Topics,32.2,Low,Advanced Practice,25,5.73,74.4
10916,22,M,3,3.04,60.8,83.5,9.3,3.7,196,62.5,66.4,93.4,46.7,75.2,25,177,3.47,2.95,4.29,4.18,3.13,Video,48.3,76.5,66.8,61.6,47.7,59.5,Critical Thinking,41.9,Medium,Critical Thinking Activity,30,7.02,67.0
10917,23,F,1,3.45,88.2,86.4,6.8,11.3,382,81.5,86.2,84.9,91.9,98.9,38,434,3.69,4.16,1.8,3.74,3.94,Video,67.7,100.0,100.0,86.1,100.0,100.0,Application Skills,12.1,Low,Application Exercise,20,5.9,95.3
10918,22,M,3,1.53,43.0,50.8,28.7,0.5,13,46.9,44.7,47.7,35.6,42.9,9,0,2.24,1.99,3.1,2.01,1.39,Practice,24.4,53.8,58.4,25.8,39.0,30.7,Application Skills,55.6,Medium,Application Exercise,25,0.0,48.5
10919,21,M,1,2.31,66.9,88.5,6.0,7.2,302,78.9,77.5,87.5,73.2,65.3,29,443,2.91,3.13,2.9,3.47,3.79,Video,60.4,96.7,67.1,99.8,78.1,75.9,Problem Solving,24.8,Low,Practice Questions,25,3.91,82.1
10920,22,F,1,2.96,70.7,77.7,12.1,1.7,146,60.0,74.8,78.1,72.1,65.5,16,181,2.83,3.66,1.92,2.57,2.36,Video,41.4,82.2,68.0,85.9,65.4,70.1,Critical Thinking,33.3,Low,Critical Thinking Activity,20,3.86,64.5
10921,24,M,1,2.85,45.8,71.1,16.9,7.8,205,66.5,72.0,66.2,54.0,58.4,25,366,3.18,3.03,4.06,3.19,3.4,Video,60.3,67.8,64.0,92.6,69.3,68.1,Problem Solving,38.9,Medium,Practice Questions,25,3.8,67.4
10922,19,F,1,2.66,81.9,93.8,7.6,10.8,414,79.5,80.2,89.6,82.2,83.9,33,368,3.47,3.66,2.65,4.01,3.19,Video,58.8,100.0,83.4,100.0,64.4,86.7,Critical Thinking,20.6,Low,Critical Thinking Activity,20,6.12,80.2
10923,22,M,3,2.26,77.9,87.1,8.9,9.4,226,100.0,100.0,83.8,87.3,92.9,26,270,3.42,4.29,1.0,3.59,4.01,Video,66.9,97.4,100.0,98.4,89.7,100.0,Critical Thinking,10.2,Low,Critical Thinking Activity,20,6.03,90.0
10924,20,F,3,1.74,42.0,45.0,30.1,0.5,112,35.4,50.2,45.8,43.2,34.5,3,32,1.47,1.13,3.96,2.04,1.0,Quiz,2.1,36.4,28.0,50.3,49.9,44.1,Problem Solving,65.6,High,Practice Questions,40,0.0,27.8
10925,24,M,2,3.17,68.5,84.1,8.7,8.7,251,75.4,82.6,70.8,74.8,75.0,21,336,2.79,3.26,2.13,3.27,2.42,Video,41.6,81.1,94.4,79.8,91.4,95.3,Application Skills,28.1,Low,Application Exercise,20,3.04,65.6
10926,18,F,1,1.2,36.2,45.0,29.2,7.3,199,44.5,55.5,52.4,56.0,49.2,19,214,2.96,1.68,3.18,2.35,1.76,Video,28.5,54.2,53.5,59.5,57.3,44.5,Advanced Topics,51.5,Medium,Advanced Practice,35,0.66,45.8
10927,20,F,1,2.15,49.5,69.4,14.9,7.2,172,74.0,69.6,57.8,59.0,52.5,19,307,3.49,3.23,3.15,2.64,3.29,Video,57.7,60.6,67.9,83.2,77.0,54.6,Advanced Topics,37.9,Medium,Advanced Practice,25,3.98,57.8
10928,22,F,1,3.5,84.2,89.6,4.6,20.0,551,100.0,100.0,86.4,100.0,100.0,43,786,4.5,5.0,2.24,4.65,4.4,Video,85.3,100.0,100.0,98.2,100.0,100.0,Application Skills,5.5,Low,Application Exercise,25,5.27,100.0
10929,25,F,1,2.24,46.5,67.6,16.3,4.9,195,65.6,81.4,69.5,55.0,49.3,21,275,4.26,2.75,3.22,3.51,2.76,Video,47.2,81.6,56.5,74.6,66.2,58.5,Problem Solving,40.8,Medium,Practice Questions,25,5.22,61.5
10930,21,F,4,1.69,44.0,74.1,15.6,3.7,148,67.8,75.0,78.6,41.3,69.0,9,362,3.06,2.87,3.8,3.37,3.09,Video,45.2,45.3,37.3,58.8,59.9,37.4,Problem Solving,44.5,Medium,Practice Questions,30,6.83,59.5
10931,20,F,1,2.84,56.0,79.3,9.3,0.5,106,50.3,62.4,71.4,46.7,55.3,9,310,3.15,2.96,2.92,3.12,2.84,Video,51.5,57.0,60.8,68.5,60.0,54.2,Advanced Topics,42.9,Medium,Advanced Practice,30,1.53,65.8
10932,26,M,2,3.39,96.4,100.0,2.7,13.8,401,100.0,100.0,90.2,97.3,100.0,40,682,4.86,4.94,1.9,4.0,4.54,Video,97.6,100.0,100.0,100.0,100.0,100.0,Conceptual Understanding,5.8,Low,Concept Review,20,3.76,95.5
10933,18,F,1,1.2,48.5,67.9,19.2,1.9,151,61.1,61.7,53.5,41.2,45.5,2,57,2.68,2.45,3.43,2.13,2.16,Quiz,36.6,76.9,36.6,60.0,66.7,36.9,Problem Solving,51.6,Medium,Practice Questions,35,2.24,43.2
10934,18,F,1,1.27,45.9,58.9,22.6,1.8,115,59.1,53.7,68.8,42.8,52.7,6,212,1.99,2.6,2.36,1.91,2.97,Video,39.6,64.8,40.5,49.4,54.1,50.4,Problem Solving,48.1,Medium,Practice Questions,25,1.08,50.0
10935,22,M,2,3.75,78.4,89.4,5.8,12.0,492,99.7,92.3,100.0,94.4,96.0,44,500,3.72,4.0,2.11,3.65,4.4,Video,70.9,100.0,100.0,100.0,100.0,100.0,Conceptual Understanding,8.9,Low,Concept Review,25,5.67,97.0
10936,20,F,3,3.68,80.8,94.5,1.9,15.7,433,100.0,100.0,97.6,100.0,100.0,37,412,4.16,4.67,2.87,4.02,4.56,Video,76.9,100.0,100.0,100.0,100.0,100.0,Conceptual Understanding,6.8,Low,Concept Review,30,7.06,100.0
10937,19,M,1,2.53,68.8,84.5,9.1,3.1,192,83.5,79.6,90.6,64.1,64.5,31,424,3.02,3.41,3.17,3.84,3.84,Video,64.4,73.1,75.2,66.0,83.1,74.2,Application Skills,29.0,Low,Application Exercise,30,7.17,78.2
10938,23,M,1,1.79,57.2,53.1,28.0,0.5,124,59.0,60.1,50.4,58.8,53.5,5,116,2.43,1.51,4.71,2.51,1.79,Video,8.4,64.7,46.3,73.5,78.9,43.9,Advanced Topics,53.1,Medium,Advanced Practice,35,1.63,47.7
10939,22,M,2,3.35,100.0,100.0,0.0,14.8,385,100.0,100.0,90.5,96.0,94.7,40,473,3.96,5.0,1.53,4.02,4.66,Video,76.5,100.0,100.0,100.0,100.0,100.0,Conceptual Understanding,3.9,Low,Concept Review,20,5.72,100.0
10940,20,M,1,2.91,90.2,100.0,0.0,7.3,300,95.2,78.0,100.0,86.3,85.7,40,449,3.04,3.56,3.64,3.75,4.12,Video,48.0,100.0,100.0,87.0,92.4,80.3,Advanced Topics,17.9,Low,Advanced Practice,20,1.61,86.9
10941,19,M,1,2.71,79.8,89.0,7.5,6.1,271,75.3,84.0,83.3,72.7,84.3,15,221,3.45,4.16,1.47,2.59,3.21,Video,60.2,100.0,79.4,72.2,88.2,99.0,Application Skills,24.5,Low,Application Exercise,20,4.31,71.4
10942,23,F,4,1.35,66.9,69.4,17.5,5.9,143,67.6,58.0,52.8,61.9,64.8,23,192,2.58,2.9,3.7,2.64,2.6,Video,42.5,77.8,70.9,71.7,78.1,53.1,Advanced Topics,40.7,Medium,Advanced Practice,25,3.27,56.8
10943,23,F,3,2.25,66.4,72.6,12.8,2.2,33,61.2,59.6,65.0,44.3,67.6,15,146,3.78,3.32,2.62,2.42,1.94,Video,39.1,68.8,55.8,51.8,61.1,63.0,Application Skills,42.2,Medium,Application Exercise,30,3.48,60.4
10944,21,F,3,2.35,70.1,98.9,0.0,6.6,357,72.3,67.6,87.6,56.3,66.9,19,499,3.41,3.14,2.32,4.39,3.22,Video,40.7,82.8,80.8,76.1,76.7,64.2,Advanced Topics,29.5,Low,Advanced Practice,20,2.54,74.5
10945,26,M,2,2.94,64.0,81.7,8.4,5.3,196,49.7,74.7,75.7,66.2,74.2,27,301,2.84,3.22,3.28,3.29,3.61,Video,44.7,75.3,74.9,78.6,73.8,64.8,Advanced Topics,38.4,Medium,Advanced Practice,30,3.4,62.6
10946,19,F,2,3.23,78.7,100.0,0.0,12.5,469,100.0,100.0,89.4,100.0,93.9,46,722,4.81,4.71,1.0,5.0,5.0,Video,100.0,100.0,100.0,100.0,100.0,100.0,Conceptual Understanding,3.2,Low,Concept Review,20,4.88,97.7
10947,18,M,2,3.27,66.4,85.3,7.4,6.0,267,70.0,75.3,78.7,74.2,84.8,24,422,2.52,2.94,1.28,2.57,2.77,Video,49.5,82.6,82.8,85.9,63.1,69.0,Critical Thinking,26.5,Low,Critical Thinking Activity,20,0.11,73.1
10948,20,M,3,2.55,48.9,72.7,14.5,0.6,0,61.5,58.2,56.2,34.7,47.9,3,166,2.69,2.18,2.92,1.72,2.33,Video,35.2,52.8,52.5,54.6,68.5,28.9,Advanced Topics,47.2,Medium,Advanced Practice,30,1.03,60.1
10949,21,M,3,3.61,84.9,88.9,4.8,13.7,397,98.8,100.0,78.4,83.7,79.8,36,554,4.13,4.58,2.45,3.3,3.74,Video,63.9,99.3,100.0,100.0,100.0,100.0,Conceptual Understanding,13.7,Low,Concept Review,20,2.47,88.0
10950,22,F,1,2.88,86.2,81.8,8.5,7.8,252,88.2,70.5,67.3,88.0,66.3,31,284,3.73,3.67,2.16,2.95,3.22,Video,47.8,91.3,93.7,90.1,72.8,89.2,Critical Thinking,17.0,Low,Critical Thinking Activity,25,4.35,87.2
10951,21,F,2,2.88,74.6,98.9,0.2,9.1,380,75.0,86.6,91.2,73.4,78.7,34,578,3.42,4.21,1.73,3.59,4.05,Video,70.4,100.0,94.0,93.2,79.0,82.6,Critical Thinking,16.3,Low,Critical Thinking Activity,20,4.53,92.9
10952,22,M,2,2.88,93.9,79.8,11.4,11.3,423,100.0,92.6,87.9,83.5,90.7,43,524,3.62,4.54,2.0,3.45,4.02,Video,59.5,100.0,99.6,100.0,95.9,100.0,Critical Thinking,12.4,Low,Critical Thinking Activity,25,4.09,92.1
10953,19,M,4,2.3,47.8,80.3,10.2,2.7,111,74.2,66.3,59.4,62.1,69.8,9,45,3.07,2.82,2.81,2.94,2.45,Practice,59.5,83.4,55.8,60.0,74.7,59.8,Problem Solving,37.6,Medium,Practice Questions,25,2.17,58.2
10954,25,F,3,3.17,61.4,78.4,14.2,0.5,186,72.3,65.6,80.1,69.2,54.6,22,267,2.74,2.59,3.22,3.53,3.5,Video,52.0,75.4,79.0,81.3,75.1,67.5,Advanced Topics,35.3,Medium,Advanced Practice,25,0.0,69.4
10955,21,F,2,2.42,51.0,84.9,9.3,8.7,230,80.8,71.2,59.5,76.9,70.2,26,380,3.84,3.21,2.52,3.27,3.72,Video,58.0,80.5,98.2,75.1,84.7,93.8,Application Skills,24.8,Low,Application Exercise,25,6.87,75.1
10956,24,M,1,2.53,40.4,73.5,11.4,4.3,116,58.7,61.7,74.2,39.2,43.1,18,218,3.32,2.03,3.38,3.82,2.8,Video,43.1,44.7,52.4,67.7,66.0,45.9,Conceptual Understanding,49.7,Medium,Concept Review,35,1.85,49.4
10957,22,M,3,2.14,76.2,93.5,4.6,10.2,268,80.3,96.2,58.8,65.9,75.4,28,414,3.95,3.71,3.0,3.03,4.04,Video,62.2,79.0,94.7,93.6,68.2,71.4,Critical Thinking,26.0,Low,Critical Thinking Activity,20,4.39,74.8
10958,23,M,1,3.32,96.0,100.0,1.2,9.4,296,100.0,100.0,88.6,100.0,100.0,39,420,3.43,4.48,1.54,3.86,3.99,Video,66.0,100.0,100.0,100.0,100.0,100.0,Conceptual Understanding,4.1,Low,Concept Review,20,2.92,100.0
10959,23,M,2,1.99,47.8,67.2,17.2,0.5,120,36.8,47.6,68.5,39.4,32.4,19,9,2.53,1.79,2.82,2.23,2.49,Quiz,43.0,30.5,39.3,50.4,45.0,24.5,Advanced Topics,54.3,Medium,Advanced Practice,25,4.55,49.0
10960,22,M,1,2.63,65.2,69.7,13.7,10.3,202,71.6,66.1,55.2,71.6,74.1,22,191,2.99,3.5,1.96,2.4,2.56,Video,45.7,67.6,80.7,85.7,87.2,95.3,Conceptual Understanding,29.0,Low,Concept Review,20,3.46,67.5
10961,23,F,3,3.36,68.0,81.0,10.5,1.6,160,59.6,61.4,79.6,80.3,71.6,15,98,2.61,3.55,3.11,2.61,2.93,Video,32.6,80.9,66.1,87.3,85.0,71.5,Problem Solving,33.1,Low,Practice Questions,25,1.85,67.6
10962,24,F,1,2.6,84.8,72.3,15.2,8.9,313,73.2,88.4,94.0,58.3,73.2,30,469,3.56,3.8,3.34,3.65,3.86,Video,73.5,65.5,74.0,79.8,80.0,83.1,Conceptual Understanding,30.2,Low,Concept Review,25,4.67,79.8
10963,22,F,2,2.17,61.3,74.9,11.5,3.1,158,71.3,61.9,44.3,67.8,66.5,30,28,2.77,2.44,3.39,2.71,3.23,Quiz,41.8,76.8,73.3,76.2,77.4,64.6,Advanced Topics,38.4,Medium,Advanced Practice,25,6.16,60.4
10964,23,F,4,1.85,58.7,68.8,14.2,3.5,240,62.7,59.8,73.6,40.4,44.2,20,195,3.27,2.56,3.63,2.99,3.22,Video,52.4,61.1,53.1,60.7,61.2,48.8,Advanced Topics,48.2,Medium,Advanced Practice,25,3.9,52.9
10965,21,M,1,2.08,62.0,67.6,17.6,3.4,122,68.9,79.2,40.4,70.9,77.6,11,130,2.99,3.42,2.6,1.9,2.52,Video,33.8,83.9,84.0,76.8,67.0,73.8,Critical Thinking,35.6,Medium,Critical Thinking Activity,30,2.53,60.7
10966,25,M,2,1.76,65.2,72.7,14.6,6.0,259,73.2,62.9,79.1,58.8,82.1,17,279,3.74,3.78,3.4,3.11,3.57,Video,58.3,66.3,62.7,77.2,75.6,54.0,Advanced Topics,36.2,Medium,Advanced Practice,25,3.08,63.2
10967,20,M,2,1.87,40.8,45.0,29.4,0.5,44,26.5,54.3,50.0,22.4,33.9,1,0,2.24,1.0,3.34,1.47,2.0,Quiz,24.1,32.5,27.2,33.5,44.9,29.3,Problem Solving,64.2,High,Practice Questions,35,0.0,47.5
10968,25,F,1,3.46,83.2,100.0,0.0,12.9,411,90.1,90.5,69.7,84.7,100.0,40,550,3.69,4.04,3.14,3.79,4.29,Video,49.6,100.0,100.0,88.8,100.0,100.0,Application Skills,15.6,Low,Application Exercise,20,4.53,89.2
10969,21,M,3,3.15,61.1,98.1,0.0,11.3,471,86.6,83.2,100.0,75.5,84.0,36,354,4.65,4.54,2.81,3.91,4.05,Video,90.6,89.8,100.0,89.5,84.7,96.1,Critical Thinking,15.3,Low,Critical Thinking Activity,25,6.5,93.9
10970,18,M,1,1.92,64.3,80.2,10.0,5.1,161,65.5,69.8,78.6,65.1,68.8,21,395,2.81,3.04,3.05,2.98,3.05,Video,53.5,69.1,68.2,73.9,64.7,70.7,Critical Thinking,32.7,Low,Critical Thinking Activity,20,5.56,74.6
10971,22,M,2,2.52,80.2,93.7,4.5,6.0,333,83.4,75.3,82.0,66.9,86.3,29,321,4.01,3.36,2.79,3.76,4.4,Video,67.2,100.0,77.1,73.1,64.9,77.2,Critical Thinking,25.8,Low,Critical Thinking Activity,25,2.1,78.6
10972,20,M,3,2.6,80.2,82.0,9.2,7.1,313,74.2,83.6,91.2,84.4,72.9,22,363,2.8,3.08,3.47,3.02,3.01,Video,32.0,83.9,90.1,87.8,68.7,65.0,Advanced Topics,26.7,Low,Advanced Practice,20,1.44,76.9
10973,23,F,3,3.1,75.5,94.2,0.0,15.2,421,85.0,84.9,72.9,87.6,72.9,38,530,3.63,3.53,2.45,3.76,3.49,Video,63.8,99.4,100.0,89.2,75.0,100.0,Critical Thinking,16.8,Low,Critical Thinking Activity,20,3.75,86.0
10974,20,F,3,2.76,63.3,72.1,14.4,7.3,322,69.4,71.0,65.2,93.8,67.3,25,334,3.29,3.3,3.7,3.91,3.28,Video,51.0,100.0,90.3,79.1,83.9,68.1,Advanced Topics,30.3,Low,Advanced Practice,25,4.0,64.7
10975,21,F,1,1.99,53.7,80.5,8.6,3.0,73,62.3,64.8,50.8,61.1,76.3,14,222,3.07,2.87,3.27,2.38,3.11,Video,45.6,82.0,66.3,54.4,64.5,61.4,Application Skills,42.2,Medium,Application Exercise,25,3.47,51.9
10976,18,F,1,3.19,85.0,80.0,11.5,7.1,241,79.5,77.6,93.4,88.9,79.5,34,307,3.26,4.4,1.99,3.26,3.99,Video,63.1,98.3,91.8,84.6,95.3,86.1,Application Skills,17.7,Low,Application Exercise,20,4.82,85.3
10977,21,F,3,2.46,74.7,79.0,12.2,7.4,210,81.7,83.5,82.7,86.4,75.2,21,365,2.99,3.29,3.69,3.35,3.58,Video,51.5,72.2,86.2,98.1,81.0,97.9,Conceptual Understanding,26.3,Low,Concept Review,20,4.88,74.2
10978,18,M,2,3.21,75.7,73.7,11.2,0.5,126,61.3,61.4,75.7,58.0,55.2,15,208,2.9,3.29,2.57,2.53,2.83,Video,54.5,82.2,69.0,72.5,70.3,56.1,Advanced Topics,35.7,Medium,Advanced Practice,25,2.42,74.3
10979,18,M,4,1.66,44.9,52.8,27.5,2.2,40,52.9,51.8,57.6,31.7,54.2,13,62,2.01,2.41,2.76,1.98,2.03,Practice,29.0,49.6,50.8,40.4,37.0,28.7,Advanced Topics,55.1,Medium,Advanced Practice,35,3.64,42.3
10980,23,M,4,2.16,71.5,67.4,15.7,4.1,161,72.5,76.1,67.7,70.0,63.1,12,216,3.2,3.38,4.04,2.64,2.45,Video,27.6,99.4,78.4,77.6,64.4,69.2,Critical Thinking,33.5,Low,Critical Thinking Activity,25,3.18,75.4
10981,23,M,4,1.33,50.8,56.3,27.1,0.5,61,65.4,55.0,58.3,35.3,44.9,7,205,2.81,1.73,2.41,1.81,2.1,Video,45.0,51.2,48.0,42.9,52.4,35.3,Advanced Topics,52.7,Medium,Advanced Practice,25,2.38,43.9
10982,22,F,2,2.23,53.5,88.6,6.2,10.4,308,80.8,80.7,85.0,87.7,74.1,22,462,4.35,3.51,1.91,3.8,3.85,Video,87.1,82.2,97.3,72.8,88.9,96.3,Application Skills,14.9,Low,Application Exercise,25,8.13,92.6
10983,19,M,2,1.95,34.5,69.0,14.6,0.5,75,43.8,64.2,58.0,60.8,43.3,13,166,3.17,2.48,3.16,1.89,2.39,Video,61.8,52.3,43.7,55.5,59.2,40.5,Advanced Topics,47.0,Medium,Advanced Practice,25,6.01,53.6
10984,21,F,3,1.5,56.5,69.2,14.6,4.4,172,54.4,57.8,67.8,71.1,56.4,17,259,3.18,2.7,1.74,3.32,3.35,Video,48.2,73.7,81.4,64.4,49.9,70.0,Critical Thinking,35.0,Medium,Critical Thinking Activity,35,5.37,66.0
10985,21,F,2,4.0,95.3,100.0,0.7,15.3,471,100.0,100.0,100.0,100.0,100.0,51,575,3.89,4.63,1.77,5.0,5.0,Video,86.0,100.0,100.0,100.0,100.0,100.0,Conceptual Understanding,4.1,Low,Concept Review,20,2.08,100.0
10986,19,F,1,3.44,75.2,93.3,2.9,3.5,354,74.8,58.4,87.1,84.0,81.7,29,261,2.65,3.91,3.16,3.07,3.5,Video,28.3,100.0,74.5,89.2,77.6,80.0,Problem Solving,24.3,Low,Practice Questions,25,5.76,79.0
10987,25,F,4,3.46,77.7,100.0,0.0,6.8,314,74.2,96.2,99.9,90.3,93.3,33,483,3.52,4.79,2.42,4.51,5.0,Video,79.6,100.0,97.2,100.0,83.6,97.4,Critical Thinking,12.1,Low,Critical Thinking Activity,20,7.58,100.0
10988,23,F,4,2.48,55.8,80.0,14.2,5.5,111,71.6,62.7,61.8,59.4,58.1,19,351,2.98,3.47,2.08,3.17,3.29,Video,48.0,76.0,61.9,92.6,72.8,66.0,Problem Solving,32.9,Low,Practice Questions,20,6.92,65.5
10989,21,F,2,2.84,63.3,90.3,3.9,8.6,277,79.9,69.0,71.1,59.5,66.9,37,626,2.65,3.28,3.5,3.63,3.54,Video,61.2,94.0,97.6,77.5,76.6,66.0,Advanced Topics,31.8,Low,Advanced Practice,20,6.43,68.4
10990,22,F,1,1.62,55.4,78.7,11.9,1.6,48,63.8,65.4,77.2,29.4,70.6,6,233,4.0,3.24,3.26,3.36,2.68,Video,46.4,60.1,49.0,58.1,59.4,46.9,Advanced Topics,47.2,Medium,Advanced Practice,25,5.74,55.8
10991,22,M,2,1.82,73.4,69.1,19.8,7.6,277,66.6,81.0,69.8,55.9,58.9,32,203,2.86,3.2,3.39,3.34,3.13,Video,30.5,75.0,60.6,61.0,60.9,62.6,Problem Solving,35.3,Medium,Practice Questions,30,4.49,73.6
10992,18,F,4,2.42,38.1,49.1,28.5,7.3,183,70.6,66.5,61.3,46.8,63.7,8,127,3.95,2.86,3.18,2.59,2.37,Quiz,43.1,75.0,54.6,58.0,70.6,56.5,Problem Solving,42.3,Medium,Practice Questions,25,5.03,61.9
10993,21,F,4,3.3,74.7,90.5,2.0,2.8,241,77.2,76.0,79.8,91.5,80.0,21,508,3.73,4.03,2.0,3.53,3.59,Video,48.3,100.0,86.5,96.7,89.0,89.2,Problem Solving,16.6,Low,Practice Questions,30,7.15,91.8
10994,20,F,1,2.42,55.1,72.5,16.1,4.6,208,63.8,65.5,63.7,70.9,65.6,24,290,2.63,2.2,3.54,2.46,2.78,Video,40.7,60.0,68.7,76.1,75.2,77.1,Conceptual Understanding,38.7,Medium,Concept Review,25,3.57,62.5
10995,19,M,1,2.74,89.2,82.9,7.1,9.4,288,78.3,75.4,68.5,70.8,89.7,38,376,2.76,3.92,2.37,3.1,3.09,Video,30.3,89.4,100.0,80.5,94.7,96.3,Application Skills,24.1,Low,Application Exercise,25,0.77,78.0
10996,21,F,4,3.07,60.5,72.4,18.0,7.1,245,92.0,77.4,77.1,87.1,77.0,15,260,2.94,3.04,1.86,2.94,3.47,Video,53.8,84.7,94.2,90.7,92.3,87.4,Conceptual Understanding,20.3,Low,Concept Review,30,3.8,80.5
10997,25,F,2,3.37,100.0,100.0,0.0,15.9,463,98.1,100.0,84.5,100.0,100.0,39,684,4.0,4.75,3.37,4.0,3.65,Video,45.7,100.0,100.0,100.0,100.0,100.0,Conceptual Understanding,7.4,Low,Concept Review,25,4.7,100.0
10998,23,F,2,1.8,40.5,68.4,23.3,0.5,110,50.6,45.8,64.1,21.6,39.1,11,156,1.72,1.56,3.77,1.88,1.38,Video,12.4,59.1,32.5,36.4,55.0,23.5,Advanced Topics,62.2,High,Advanced Practice,40,1.25,34.6
10999,20,F,4,3.7,81.0,95.3,5.5,9.3,371,89.8,76.2,92.5,83.7,67.7,35,399,3.56,4.56,1.87,3.99,3.96,Video,81.0,100.0,100.0,95.3,75.6,97.6,Critical Thinking,11.2,Low,Critical Thinking Activity,25,3.73,95.9
11000,23,F,1,2.85,79.1,81.6,8.5,8.0,272,84.6,75.5,87.7,80.2,71.6,24,228,3.26,4.61,3.49,3.66,3.2,Video,52.3,98.1,100.0,100.0,79.1,91.5,Critical Thinking,22.3,Low,Critical Thinking Activity,20,1.54,80.5
