student_id,strategy,cycle,predicted_final_grade,predicted_risk,predicted_weakest_topic,selected_activity,predicted_learning_gain,simulated_gain,cumulative_simulated_gain
10011,adaptive,1,53.3743784666664,Medium,Advanced Topics,Advanced Practice,2.19315569483619,0.6579467084508569,0.6579467084508569
10024,adaptive,1,98.12943381194418,Low,Conceptual Understanding,Application Exercise,6.5539225628509135,5.688804784554593,5.688804784554593
10026,adaptive,1,90.70352133751113,Low,Critical Thinking,Application Exercise,5.523576401609715,4.220012370829822,0.0
10031,adaptive,1,78.81239458645713,Low,Critical Thinking,Application Exercise,3.214231726528073,0.7199879067422883,0.7199879067422883
10040,adaptive,1,82.73306592437103,Low,Critical Thinking,Application Exercise,4.145170148774682,2.453940728074612,2.453940728074612
10045,adaptive,1,90.3664022298515,Low,Conceptual Understanding,Application Exercise,5.092678194666949,3.3102408265335166,0.20000000000000284
10055,adaptive,1,64.72680035439225,Medium,Advanced Topics,Concept Review,4.249325126061785,2.915037036478384,2.915037036478384
10056,adaptive,1,96.49297271055661,Low,Conceptual Understanding,Application Exercise,5.767919157307695,4.147133874104233,3.9000000000000057
10060,adaptive,1,88.66094609727008,Low,Problem Solving,Application Exercise,5.134315079112445,3.5580803498249236,0.29999999999999716
10061,adaptive,1,52.577987909210904,Medium,Advanced Topics,Advanced Practice,3.02220983085573,1.1151954275857645,1.1151954275857645
10064,adaptive,1,92.8749244107163,Low,Critical Thinking,Application Exercise,5.577836792307641,4.200111104607654,0.0
10067,adaptive,1,83.20047308937028,Low,Problem Solving,Application Exercise,5.359086844259635,4.067546914793063,2.700000000000003
10068,adaptive,1,56.41657591647535,Medium,Critical Thinking,Advanced Practice,3.1629606336566365,1.4233322851454864,1.4233322851454864
10071,adaptive,1,84.55933140987193,Low,Critical Thinking,Application Exercise,4.654641789580255,2.6065994021649432,2.6065994021649432
10073,adaptive,1,79.24707583189239,Low,Problem Solving,Concept Review,4.057411843560421,2.3411266337343632,2.3411266337343632
10077,adaptive,1,67.9642599525877,Medium,Advanced Topics,Concept Review,3.4059264799750713,1.532666915988782,1.532666915988782
10079,adaptive,1,53.01030541806505,Medium,Advanced Topics,Advanced Practice,3.406270997092641,1.137694513028942,1.137694513028942
10087,adaptive,1,66.33869076046417,Medium,Problem Solving,Concept Review,3.66276761403065,1.7837678280329268,1.7837678280329268
10089,adaptive,1,80.63351187699533,Low,Advanced Topics,Advanced Practice,3.3759077273014975,1.2153267818285391,1.2153267818285391
10097,adaptive,1,80.77719896025182,Low,Conceptual Understanding,Application Exercise,5.784209256638638,4.465409546125029,4.465409546125029
10102,adaptive,1,55.450373236677194,Medium,Advanced Topics,Application Exercise,4.101960096901968,2.210956492230161,2.210956492230161
10108,adaptive,1,80.49022746274728,Low,Critical Thinking,Application Exercise,4.576663047522443,2.6544645675630165,2.6544645675630165
10111,adaptive,1,67.91284667025866,Low,Advanced Topics,Advanced Practice,3.0390126646584132,0.9542499767027418,0.9542499767027418
10121,adaptive,1,100.72704168122517,Low,Conceptual Understanding,Concept Review,6.563404781438525,5.834866850698849,0.0
10137,adaptive,1,60.005740551401324,Medium,Advanced Topics,Application Exercise,2.742117589138114,0.8747355109350584,0.8747355109350584
10138,adaptive,1,58.80946032600671,Medium,Advanced Topics,Advanced Practice,3.427829455854843,1.2100237979167596,1.2100237979167596
10140,adaptive,1,62.1610777113645,Medium,Advanced Topics,Advanced Practice,3.669671320442855,1.5045652413815704,1.5045652413815704
10159,adaptive,1,56.53438665528425,Medium,Advanced Topics,Advanced Practice,2.9121324517120284,1.2522169542361723,1.2522169542361723
10169,adaptive,1,76.36601755589577,Low,Critical Thinking,Concept Review,3.1930226515989837,1.4847555329935276,1.4847555329935276
10175,adaptive,1,72.67670712897551,Low,Advanced Topics,Advanced Practice,4.338718483241698,1.8482940738609634,1.8482940738609634
10185,adaptive,1,85.99190436778449,Low,Advanced Topics,Application Exercise,4.4077854784052315,2.5256610791261975,2.5256610791261975
10199,adaptive,1,70.65561049176965,Low,Advanced Topics,Advanced Practice,3.583971871308616,1.7453943013272961,1.7453943013272961
10200,adaptive,1,57.1065979313944,Medium,Advanced Topics,Advanced Practice,3.1954525515431405,1.521035414534535,1.521035414534535
10209,adaptive,1,59.33020546954131,Medium,Critical Thinking,Advanced Practice,3.53061817731258,1.7688397068336026,1.7688397068336026
10210,adaptive,1,41.594000704510634,Medium,Problem Solving,Advanced Practice,2.7927041323359623,1.0919473157433612,1.0919473157433612
10211,adaptive,1,66.64758430649695,Medium,Advanced Topics,Application Exercise,3.668035476834609,2.25217378277645,2.25217378277645
10214,adaptive,1,67.57835156450771,Low,Critical Thinking,Application Exercise,4.497567298382796,2.977389551529411,2.977389551529411
10216,adaptive,1,62.35507683085179,Medium,Critical Thinking,Concept Review,3.592586846887233,2.11603365281658,2.11603365281658
10219,adaptive,1,87.29983703313479,Low,Conceptual Understanding,Practice Questions,3.0746388483289873,1.3559157321130835,1.3559157321130835
10222,adaptive,1,69.83889442102189,Low,Critical Thinking,Application Exercise,4.486302781786434,2.6648638523811417,2.6648638523811417
10236,adaptive,1,50.66259193665459,Medium,Problem Solving,Advanced Practice,2.703005033342923,0.8757736308031071,0.8757736308031071
10238,adaptive,1,58.43652320378887,Medium,Critical Thinking,Advanced Practice,2.4709190015677827,0.5386603423417766,0.5386603423417766
10245,adaptive,1,66.14267674462725,Medium,Critical Thinking,Advanced Practice,3.2514080302409845,1.25504349967302,1.25504349967302
10248,adaptive,1,50.193123670420476,Medium,Problem Solving,Application Exercise,1.0213799780987074,0.10826627767846297,0.10826627767846297
10255,adaptive,1,57.87670400538825,Medium,Application Skills,Application Exercise,1.6573524916554168,0.4806322225800708,0.4806322225800708
10257,adaptive,1,61.50066071701194,Medium,Advanced Topics,Practice Questions,3.928543180956106,1.5832029019253107,1.5832029019253107
10260,adaptive,1,67.77898127734417,Medium,Advanced Topics,Application Exercise,5.144066782299104,3.5699823469155785,3.5699823469155785
10261,adaptive,1,52.493664162608596,Medium,Advanced Topics,Advanced Practice,2.504712262489449,0.8591163060338809,0.8591163060338809
10262,adaptive,1,74.78133237512972,Low,Advanced Topics,Application Exercise,5.131005839956956,3.1658306032534416,3.1658306032534416
10266,adaptive,1,73.22689409466712,Low,Advanced Topics,Concept Review,4.3238563876504195,2.5251321303878447,2.5251321303878447
10276,adaptive,1,85.76518954944379,Low,Application Skills,Application Exercise,5.926190670049348,4.663912057328837,4.663912057328837
10278,adaptive,1,52.729158900965665,Medium,Advanced Topics,Advanced Practice,2.870617941531548,0.9272095951146899,0.9272095951146899
10281,adaptive,1,57.48877008383867,Medium,Advanced Topics,Advanced Practice,3.5290185148944695,1.5810002946727222,1.5810002946727222
10282,adaptive,1,60.83663384381433,Medium,Problem Solving,Advanced Practice,3.92019239028455,1.8973731168977221,1.8973731168977221
10290,adaptive,1,64.08743265393005,Medium,Advanced Topics,Advanced Practice,3.227924100817563,1.15236890399187,1.15236890399187
10293,adaptive,1,69.22245334483635,Low,Advanced Topics,Concept Review,3.768492543431824,2.295011958949981,2.295011958949981
10295,adaptive,1,79.27256501524063,Low,Advanced Topics,Advanced Practice,4.084342964119569,2.18512348580397,2.18512348580397
10297,adaptive,1,72.45812691257547,Low,Advanced Topics,Concept Review,4.457962642992782,2.817432390371438,0.0
10299,adaptive,1,66.68491245447942,Medium,Advanced Topics,Advanced Practice,3.0449143092575772,1.239280123867834,1.239280123867834
10300,adaptive,1,108.39172082772454,Low,Conceptual Understanding,Concept Review,6.77545479032604,6.70770024242278,0.0
10308,adaptive,1,63.82214364651335,Low,Critical Thinking,Advanced Practice,3.02555711227077,1.1255072457647266,1.1255072457647266
10310,adaptive,1,75.86501688488656,Low,Conceptual Understanding,Application Exercise,4.271230147397818,2.280836898710435,2.280836898710435
10311,adaptive,1,72.5840744587816,Low,Application Skills,Concept Review,3.824714366644172,1.7670180373896076,1.7670180373896076
10313,adaptive,1,70.54581794206297,Low,Application Skills,Application Exercise,5.3177985843025,3.9245353552152453,3.9245353552152453
10315,adaptive,1,42.98373856001999,Medium,Advanced Topics,Application Exercise,1.2043814335563958,0.15175206062810587,0.15175206062810587
10319,adaptive,1,66.8108390854301,Low,Application Skills,Practice Questions,2.7404993901023795,1.227743726765866,1.227743726765866
10320,adaptive,1,92.26997389912589,Low,Conceptual Understanding,Application Exercise,5.4716079131934805,4.6836963736936195,0.0
10322,adaptive,1,85.35449469289968,Low,Problem Solving,Application Exercise,4.777003523377642,2.9617421844941383,2.9617421844941383
10328,adaptive,1,60.6986163344393,Medium,Advanced Topics,Critical Thinking Activity,2.539664610425734,0.6526938048794136,0.6526938048794136
10329,adaptive,1,70.16979462913206,Low,Application Skills,Application Exercise,3.647671759154533,1.6852243527293942,1.6852243527293942
10333,adaptive,1,75.83270544286535,Low,Critical Thinking,Concept Review,4.519093205952322,2.5306921953333004,2.5306921953333004
10347,adaptive,1,70.60817479514665,Low,Advanced Topics,Concept Review,4.083358807956366,2.176430244640743,2.176430244640743
10352,adaptive,1,30.326835493751126,High,Advanced Topics,Application Exercise,1.5551459137715469,0.2659299512549345,0.2659299512549345
10356,adaptive,1,75.24286849326258,Low,Advanced Topics,Application Exercise,4.127371168201244,1.9687560472319936,1.9687560472319936
10362,adaptive,1,68.68451383175217,Low,Problem Solving,Application Exercise,2.4812221607546485,0.5483500975267773,0.5483500975267773
10364,adaptive,1,53.734718356234914,Medium,Advanced Topics,Advanced Practice,3.383144125485012,1.0386252465238985,1.0386252465238985
10366,adaptive,1,74.36282873870084,Low,Conceptual Understanding,Concept Review,5.253585509904677,3.835117422230414,3.835117422230414
10371,adaptive,1,74.41708637513132,Low,Advanced Topics,Advanced Practice,3.6538731392168824,1.8780907935574775,1.8780907935574775
10372,adaptive,1,51.6474191183381,Medium,Problem Solving,Application Exercise,1.9360303243190669,0.23038760859396898,0.23038760859396898
10378,adaptive,1,96.82575339980053,Low,Critical Thinking,Application Exercise,4.522088251530468,2.7539517451820545,0.4000000000000057
10383,adaptive,1,85.08797402451574,Low,Problem Solving,Application Exercise,5.984780419808431,4.5065396561157485,0.0
10409,adaptive,1,71.64842380206943,Low,Advanced Topics,Advanced Practice,2.6461797774219784,0.8229619107782353,0.8229619107782353
10412,adaptive,1,50.149937452536314,Medium,Advanced Topics,Advanced Practice,2.738753981459798,0.9667801554553086,0.9667801554553086
10426,adaptive,1,51.5045945161834,Medium,Advanced Topics,Application Exercise,2.101554503356897,0.5422010618660795,0.5422010618660795
10430,adaptive,1,63.692313981027446,Medium,Critical Thinking,Application Exercise,3.956207826508945,2.164045681100393,2.164045681100393
10433,adaptive,1,82.03450757811397,Low,Critical Thinking,Application Exercise,5.781269299667516,4.850484942421046,4.850484942421046
10437,adaptive,1,68.13235475130247,Low,Application Skills,Advanced Practice,3.5972101674442074,1.4137035958055735,1.4137035958055735
10440,adaptive,1,93.02196631873704,Low,Problem Solving,Application Exercise,6.002423289673294,4.771926515290269,2.4000000000000057
10446,adaptive,1,71.17478349559445,Low,Problem Solving,Advanced Practice,4.0271140144101185,1.7880386223980926,1.7880386223980926
10452,adaptive,1,80.69605304930323,Low,Application Skills,Application Exercise,5.340041059427659,3.4229663190931285,3.4229663190931285
10463,adaptive,1,61.76300365080093,Medium,Application Skills,Advanced Practice,4.023055623298723,1.9914125335328678,1.9914125335328678
10480,adaptive,1,98.80390566931081,Low,Conceptual Understanding,Application Exercise,5.805397495363804,5.056501218461873,1.7000000000000028
10487,adaptive,1,48.85915469507434,Medium,Problem Solving,Advanced Practice,3.06779054374536,1.294607609460542,1.294607609460542
10494,adaptive,1,62.93814030750467,Medium,Advanced Topics,Advanced Practice,4.231075816132468,1.9843745577661274,1.9843745577661274
10495,adaptive,1,29.445573571874682,High,Advanced Topics,Application Exercise,1.3869489071942587,0.2649072412741034,0.2649072412741034
10500,adaptive,1,78.35894380515533,Low,Advanced Topics,Concept Review,4.013197386622896,1.781859639660566,1.781859639660566
10514,adaptive,1,44.23509380986338,Medium,Advanced Topics,Advanced Practice,2.952505760633601,0.7410789459190338,0.7410789459190338
10522,adaptive,1,46.06387425247432,Medium,Advanced Topics,Application Exercise,0.7791724716905271,0.0,0.0
10523,adaptive,1,73.59964140568101,Low,Application Skills,Practice Questions,3.8990945266919765,1.6376197012106302,1.6376197012106302
10527,adaptive,1,86.10857676067735,Low,Critical Thinking,Application Exercise,4.753410680190739,3.2941136013721817,3.2941136013721817
10528,adaptive,1,64.52776779599289,Medium,Application Skills,Application Exercise,4.2629859962548755,2.7581519395769045,2.7581519395769045
10529,adaptive,1,77.24100401379343,Low,Advanced Topics,Practice Questions,4.574227228832361,2.0629764802033947,0.5
10530,adaptive,1,68.40990595533178,Low,Application Skills,Advanced Practice,3.1289109876187076,1.0763453797408353,1.0763453797408353
10535,adaptive,1,69.36379552737529,Low,Problem Solving,Application Exercise,5.05928472893088,3.6325664353723717,3.6325664353723717
10543,adaptive,1,78.69741406140234,Low,Advanced Topics,Application Exercise,5.096336782605172,3.6031101053018566,0.0
10544,adaptive,1,68.89105881657643,Low,Application Skills,Advanced Practice,2.8471969117804394,0.9708941469171299,0.9708941469171299
10549,adaptive,1,67.2040755035836,Medium,Advanced Topics,Advanced Practice,3.216101892579765,1.0195042999477855,1.0195042999477855
10550,adaptive,1,55.509277179235234,Medium,Advanced Topics,Application Exercise,2.2346959788683423,0.6145413941887942,0.6145413941887942
10555,adaptive,1,85.64833249912196,Low,Critical Thinking,Application Exercise,4.388549457616028,1.9660701570119803,1.9660701570119803
10560,adaptive,1,43.754364677558115,Medium,Critical Thinking,Advanced Practice,1.9494638898783252,0.42303366410359655,0.42303366410359655
10571,adaptive,1,60.84211525122624,Medium,Advanced Topics,Advanced Practice,3.0829907765526454,1.1437895781010314,1.1437895781010314
10579,adaptive,1,61.14056735916209,Medium,Advanced Topics,Advanced Practice,3.1001019298948425,1.0943359812528792,1.0943359812528792
10584,adaptive,1,71.598212257614,Low,Advanced Topics,Practice Questions,3.652329367204233,1.4317131119440594,1.4317131119440594
10585,adaptive,1,81.11721532535725,Low,Advanced Topics,Application Exercise,4.774372386687414,2.759587239505325,2.759587239505325
10590,adaptive,1,85.85068523099673,Low,Critical Thinking,Concept Review,3.9192834397090635,2.21831442687533,0.0
10591,adaptive,1,68.97400809756071,Medium,Advanced Topics,Application Exercise,5.859947894801635,4.8871965442645635,4.8871965442645635
10596,adaptive,1,77.20203283527766,Low,Advanced Topics,Critical Thinking Activity,5.448782742827332,4.12472853632029,4.12472853632029
10600,adaptive,1,36.369070903358434,Medium,Advanced Topics,Application Exercise,1.1575161544445223,0.1967777462555688,0.1967777462555688
10602,adaptive,1,37.1081582305796,Medium,Advanced Topics,Application Exercise,0.5780477084152684,0.053180389174204694,0.053180389174204694
10605,adaptive,1,74.53999329486473,Low,Application Skills,Critical Thinking Activity,3.847363390660415,2.189149769285776,2.189149769285776
10614,adaptive,1,68.96300197566012,Low,Advanced Topics,Advanced Practice,2.9003577344888,1.0267266380090352,1.0267266380090352
10618,adaptive,1,80.1848979010775,Low,Application Skills,Practice Questions,2.638783398351885,1.1162053775028473,1.1162053775028473
10622,adaptive,1,57.50977509222176,Medium,Critical Thinking,Advanced Practice,2.689588606666044,1.0596979110264213,1.0596979110264213
10627,adaptive,1,90.98657816684255,Low,Conceptual Understanding,Application Exercise,4.564894095782291,2.478737494009784,0.0
10636,adaptive,1,54.93705128276716,Medium,Advanced Topics,Advanced Practice,4.238321783033742,2.1615441093472083,2.1615441093472083
10637,adaptive,1,46.94041469322492,Medium,Advanced Topics,Application Exercise,2.1183557074839166,0.5041686583811722,0.5041686583811722
10644,adaptive,1,85.25660295156553,Low,Advanced Topics,Application Exercise,5.583009388183914,3.986268703163315,0.0
10645,adaptive,1,55.505822943754644,Medium,Problem Solving,Advanced Practice,1.2860898281446436,0.13503943195518756,0.13503943195518756
10650,adaptive,1,63.39955727426759,Medium,Advanced Topics,Advanced Practice,2.236156277571302,0.5500944442825404,0.5500944442825404
10651,adaptive,1,77.40583284251666,Low,Application Skills,Practice Questions,3.434919804139411,1.528539312842038,1.528539312842038
10653,adaptive,1,85.07671518028066,Low,Conceptual Understanding,Application Exercise,5.381195164843867,4.0574211542922765,4.0574211542922765
10657,adaptive,1,77.06893570036357,Low,Critical Thinking,Concept Review,4.100024402701265,2.197613079847878,2.197613079847878
10661,adaptive,1,50.00333811831857,Medium,Problem Solving,Application Exercise,2.53074432350459,0.6655857570817072,0.6655857570817072
10663,adaptive,1,90.80248512134726,Low,Critical Thinking,Application Exercise,4.5192057825342085,3.1001751668184667,0.0
10669,adaptive,1,81.69671328887304,Low,Advanced Topics,Concept Review,4.630208812168865,2.699411737494448,2.699411737494448
10671,adaptive,1,62.92785232032248,Medium,Application Skills,Practice Questions,3.246279218207525,1.5906768169216872,1.5906768169216872
10678,adaptive,1,70.44024065996976,Low,Critical Thinking,Advanced Practice,2.6871861682518774,1.120556632161033,1.120556632161033
10679,adaptive,1,45.19887829441485,Medium,Advanced Topics,Application Exercise,1.9068501639822413,0.4671782901756491,0.4671782901756491
10680,adaptive,1,80.98147322544017,Low,Critical Thinking,Application Exercise,4.820493638387127,2.8344502593716308,2.8344502593716308
10688,adaptive,1,86.73530544289702,Low,Critical Thinking,Application Exercise,5.19499161816433,3.636494132715031,3.636494132715031
10690,adaptive,1,83.62442539617632,Low,Advanced Topics,Application Exercise,4.820135439666231,3.1620088484210473,3.1620088484210473
10693,adaptive,1,71.49456402481981,Low,Critical Thinking,Application Exercise,4.784726694918406,3.1387807118664743,3.1387807118664743
10698,adaptive,1,74.76401932473529,Low,Application Skills,Concept Review,3.5197636591774404,1.7528423022703654,1.7528423022703654
10714,adaptive,1,58.17812342488472,Medium,Advanced Topics,Advanced Practice,2.137526378454837,0.4766683823954287,0.4766683823954287
10715,adaptive,1,51.291783981523025,Medium,Advanced Topics,Advanced Practice,2.9948675108971283,1.1739880642716745,1.1739880642716745
10717,adaptive,1,100.66062487003987,Low,Conceptual Understanding,Application Exercise,6.511328880250151,6.511328880250151,0.0
10722,adaptive,1,66.97123421181084,Medium,Advanced Topics,Application Exercise,4.653150434633875,3.2851242068515156,3.2851242068515156
10738,adaptive,1,85.29878879400547,Low,Critical Thinking,Application Exercise,4.993376292534138,3.4004892552157475,0.0
10741,adaptive,1,35.52220880674135,Medium,Advanced Topics,Application Exercise,1.6523631498692373,0.1536697729378391,0.1536697729378391
10742,adaptive,1,68.06391600775977,Low,Advanced Topics,Application Exercise,4.588201558170715,2.9410371987874275,2.9410371987874275
10750,adaptive,1,95.29874627909558,Low,Conceptual Understanding,Application Exercise,5.382268563969849,3.245507944073819,0.0
10754,adaptive,1,63.240107355296175,Medium,Application Skills,Advanced Practice,2.6259900764483315,1.0110061794326077,1.0110061794326077
10762,adaptive,1,36.5327800540565,Medium,Advanced Topics,Advanced Practice,2.0614309080015465,0.663780752376498,0.663780752376498
10765,adaptive,1,52.950952145066296,Medium,Application Skills,Advanced Practice,2.8325998057124857,1.0423967285021947,1.0423967285021947
10768,adaptive,1,53.71234457467573,Medium,Advanced Topics,Application Exercise,4.398617150431684,2.5380020957990816,2.5380020957990816
10788,adaptive,1,86.47183260474702,Low,Problem Solving,Critical Thinking Activity,4.0695653159565035,2.3725565792026413,0.0
10801,adaptive,1,76.14338037931113,Low,Problem Solving,Advanced Practice,3.800887180197734,1.7484081028909577,1.7484081028909577
10803,adaptive,1,99.48594853429978,Low,Conceptual Understanding,Application Exercise,5.370773753310041,3.9367771611762596,0.0
10811,adaptive,1,73.11328909955839,Low,Problem Solving,Concept Review,3.8723800708500247,1.754188172095061,1.754188172095061
10812,adaptive,1,68.19125785600707,Low,Advanced Topics,Application Exercise,4.544233640784577,2.4629746333052407,2.4629746333052407
10817,adaptive,1,88.27462959723341,Low,Advanced Topics,Advanced Practice,3.6320838343235726,1.7325039889723444,1.7325039889723444
10821,adaptive,1,79.80620855808729,Low,Conceptual Understanding,Application Exercise,4.185776151924011,2.4863510342428623,2.4863510342428623
10823,adaptive,1,41.75631085281665,Medium,Advanced Topics,Application Exercise,2.1349421279257874,0.43339325196893486,0.43339325196893486
10824,adaptive,1,40.7186080901693,Medium,Advanced Topics,Application Exercise,1.6408532280664132,0.2707407826309582,0.2707407826309582
10827,adaptive,1,81.15193963175814,Low,Advanced Topics,Application Exercise,5.409115426947667,3.2400601407416527,3.2400601407416527
10830,adaptive,1,81.73075536747821,Low,Advanced Topics,Concept Review,4.388091410974349,2.615302480940712,2.615302480940712
10838,adaptive,1,64.72884266928963,Medium,Conceptual Understanding,Advanced Practice,3.174870044473913,1.3588443790348346,1.3588443790348346
10846,adaptive,1,66.5705645117307,Medium,Problem Solving,Advanced Practice,3.555260669706923,1.8842881549446693,1.8842881549446693
10850,adaptive,1,48.79861776723304,Medium,Advanced Topics,Application Exercise,2.3472224952784257,0.5609861763715437,0.5609861763715437
10860,adaptive,1,98.23811385268056,Low,Conceptual Understanding,Concept Review,6.034688430708864,4.882062940443471,0.0
10866,adaptive,1,104.12216413782772,Low,Conceptual Understanding,Application Exercise,6.1325647464936806,5.145221822308199,0.0
10867,adaptive,1,81.40875928956409,Low,Conceptual Understanding,Application Exercise,5.272890156623015,3.833391143864932,3.833391143864932
10868,adaptive,1,89.94732349302228,Low,Application Skills,Application Exercise,5.957077279903812,5.444768633832084,5.444768633832084
10880,adaptive,1,63.52718395099554,Medium,Advanced Topics,Application Exercise,4.247963569536147,2.1834532747415794,2.1834532747415794
10884,adaptive,1,96.90105582409483,Low,Conceptual Understanding,Application Exercise,5.380858459077593,3.820409505945091,0.0
10885,adaptive,1,56.51415114750427,Medium,Advanced Topics,Advanced Practice,3.3366556391703233,1.0610564932561628,1.0610564932561628
10893,adaptive,1,62.835290222438395,Medium,Problem Solving,Advanced Practice,3.7790393653222303,1.7043467537603258,1.7043467537603258
10894,adaptive,1,46.441751379731336,Medium,Advanced Topics,Application Exercise,1.926320780274571,0.26197962611734166,0.26197962611734166
10900,adaptive,1,100.82344553155562,Low,Conceptual Understanding,Concept Review,6.485938974568487,5.7011403586457,0.0
10902,adaptive,1,85.49373577591692,Low,Critical Thinking,Application Exercise,4.949969112779241,3.019481158795337,3.019481158795337
10903,adaptive,1,44.65363867803282,Medium,Advanced Topics,Application Exercise,1.57411609469419,0.4470489708931499,0.4470489708931499
10915,adaptive,1,74.17225714267327,Low,Advanced Topics,Practice Questions,3.82411114164747,1.3843282332763842,1.3843282332763842
10918,adaptive,1,38.17505649727628,Medium,Advanced Topics,Application Exercise,1.8917151855780479,0.46157850528104366,0.46157850528104366
10925,adaptive,1,73.89739254380186,Low,Application Skills,Practice Questions,2.717052478843144,1.130293831198748,1.130293831198748
10937,adaptive,1,74.08831634502006,Low,Application Skills,Application Exercise,4.930273991975931,3.1750964508324997,3.1750964508324997
10939,adaptive,1,101.57599107909621,Low,Conceptual Understanding,Practice Questions,5.80795881648581,4.4430884946116445,0.0
10942,adaptive,1,55.952376228800816,Medium,Advanced Topics,Advanced Practice,3.5385206337433464,1.5038712693409222,1.5038712693409222
10943,adaptive,1,57.60649769856592,Medium,Application Skills,Advanced Practice,2.623517398093341,1.0257953026544964,1.0257953026544964
10948,adaptive,1,49.78227043041247,Medium,Advanced Topics,Advanced Practice,2.676135768460579,0.941999790498124,0.941999790498124
10949,adaptive,1,92.04297717012817,Low,Conceptual Understanding,Application Exercise,4.710313379453502,3.0098902494707875,0.0
10960,adaptive,1,67.98941389832869,Low,Conceptual Understanding,Advanced Practice,3.2349114736613225,1.4783545434632244,1.4783545434632244
10974,adaptive,1,72.06252221849262,Low,Advanced Topics,Concept Review,4.343242256066372,2.21505355059385,0.0
10975,adaptive,1,59.18994728411674,Medium,Advanced Topics,Advanced Practice,3.7813525242192974,1.7242967510439997,1.7242967510439997
10978,adaptive,1,65.36543690548999,Medium,Advanced Topics,Advanced Practice,3.8756414206603975,2.112224574259917,2.112224574259917
10979,adaptive,1,44.60033586823364,Medium,Advanced Topics,Application Exercise,2.5113844924170747,0.7283015028009516,0.7283015028009516
10986,adaptive,1,74.86829430512068,Low,Problem Solving,Application Exercise,3.4775910617235612,0.9841582704677679,0.9841582704677679
10987,adaptive,1,93.91142789818784,Low,Critical Thinking,Application Exercise,6.1152747911775664,4.867758733777342,0.0
10990,adaptive,1,56.23899845708799,Medium,Advanced Topics,Advanced Practice,3.296494402468048,1.5295734027451742,1.5295734027451742
10996,adaptive,1,78.73797977160702,Low,Conceptual Understanding,Concept Review,4.100166043145005,2.205889331212012,2.205889331212012
10999,adaptive,1,89.30597887675813,Low,Critical Thinking,Critical Thinking Activity,5.54078765704784,4.488038002208751,4.488038002208751
10011,adaptive,2,53.38511806381642,Medium,Advanced Topics,Advanced Practice,2.1915979746130185,0.47338516251641194,1.1313318709672688
10024,adaptive,2,98.27860311635567,Low,Conceptual Understanding,Critical Thinking Activity,6.5539225628509135,4.095939444879307,9.784744229433901
10026,adaptive,2,90.70352133751113,Low,Critical Thinking,Application Exercise,5.523576401609715,3.0384089069974713,0.0
10031,adaptive,2,78.83127378855684,Low,Critical Thinking,Application Exercise,3.214231726528073,0.5183912928544475,1.2383791995967357
10040,adaptive,2,82.79741206478839,Low,Critical Thinking,Application Exercise,4.145170148774682,1.7668373242137205,4.220778052288333
10045,adaptive,2,90.37164654074142,Low,Conceptual Understanding,Application Exercise,5.092678194666949,2.383373395104132,0.20000000000000284
10055,adaptive,2,64.76108028203396,Medium,Advanced Topics,Concept Review,4.259763634610114,2.1039824544066272,5.019019490885011
10056,adaptive,2,96.59523677291014,Low,Conceptual Understanding,Application Exercise,5.767919157307695,2.9859363893550475,3.9000000000000057
10060,adaptive,2,88.66881256360497,Low,Problem Solving,Application Exercise,5.134315079112445,2.5618178518739447,0.29999999999999716
10061,adaptive,2,52.59619113066027,Medium,Advanced Topics,Advanced Practice,3.0195695524744774,0.8022392387014191,1.9174346662871837
10064,adaptive,2,92.8749244107163,Low,Critical Thinking,Application Exercise,5.577836792307641,3.0240799953175106,0.0
10067,adaptive,2,83.27127128638426,Low,Problem Solving,Application Exercise,5.359086844259635,2.928633778651005,2.700000000000003
10068,adaptive,2,56.43980882448559,Medium,Critical Thinking,Advanced Practice,3.159590826563772,1.0237074278066622,2.4470397129521486
10071,adaptive,2,84.62768049802416,Low,Critical Thinking,Application Exercise,4.654641789580255,1.876751569558759,4.483350971723702
10073,adaptive,2,79.27460675194595,Low,Problem Solving,Concept Review,4.065795226026285,1.6890939687003599,4.030220602434723
10077,adaptive,2,67.98228363816062,Medium,Advanced Topics,Concept Review,3.4114148344982156,1.1052984063774218,2.637965322366204
10079,adaptive,2,53.02887588979594,Medium,Critical Thinking,Advanced Practice,3.4035774510531613,0.8184923054292641,1.956186818458206
10087,adaptive,2,66.35966731455572,Medium,Problem Solving,Concept Review,3.669155140325565,1.2865525584037563,3.0703203864366833
10089,adaptive,2,80.65334953234769,Low,Advanced Topics,Advanced Practice,3.3730303831617663,0.8742894753155298,2.089616257144069
10097,adaptive,2,80.89428893980542,Low,Conceptual Understanding,Application Exercise,5.784209256638638,3.215094873210021,7.680504419335049
10102,adaptive,2,55.50834795272396,Medium,Advanced Topics,Application Exercise,4.101960096901968,1.591888674405716,3.802845166635877
10108,adaptive,2,80.55983164994024,Low,Critical Thinking,Application Exercise,4.576663047522443,1.911214488645372,4.565679056208388
10111,adaptive,2,67.9284227954958,Low,Advanced Topics,Advanced Practice,3.036753432310902,0.6865492159768487,1.6407991926795904
10121,adaptive,2,100.72704168122517,Low,Conceptual Understanding,Concept Review,6.563404781438525,4.201104132503171,0.0
10137,adaptive,2,60.02867747623033,Medium,Advanced Topics,Application Exercise,2.742117589138114,0.629809567873242,1.5045450788083006
10138,adaptive,2,58.82921142129246,Medium,Advanced Topics,Advanced Practice,3.4249646667825306,0.8704890197094478,2.0805128176262073
10140,adaptive,2,62.18563657665072,Medium,Advanced Topics,Advanced Practice,3.6661091904504435,1.0822354330209707,2.586800674402541
10159,adaptive,2,56.55482646516579,Medium,Advanced Topics,Advanced Practice,2.9091677683290764,0.900678341074682,2.1528952953108544
10169,adaptive,2,76.38347781852698,Low,Critical Thinking,Concept Review,3.198339439389116,1.070804044307476,2.5555595773010036
10175,adaptive,2,72.70687664500633,Low,Advanced Topics,Advanced Practice,4.334342558838944,1.329429549647081,3.1777236235080446
10185,adaptive,2,86.05813112729209,Low,Advanced Topics,Application Exercise,4.4077854784052315,1.818475976970862,3.8
10199,adaptive,2,70.68410038528752,Low,Advanced Topics,Advanced Practice,3.579839567026727,1.2552349457822516,3.000629247109548
10200,adaptive,2,57.13142563764051,Medium,Advanced Topics,Advanced Practice,3.1918514276299907,1.0939113212773506,2.614946735811886
10209,adaptive,2,59.35907806002676,Medium,Critical Thinking,Advanced Practice,3.526430364914565,1.2720539612319819,3.0408936680655847
10210,adaptive,2,41.611824449396806,Medium,Problem Solving,Advanced Practice,2.790118894968674,0.785474271311581,1.8774215870549422
10211,adaptive,2,66.70663980397204,Medium,Advanced Topics,Concept Review,3.668035476834609,1.6215651235990438,3.8737389063754937
10214,adaptive,2,67.65642334675088,Low,Critical Thinking,Application Exercise,4.497567298382796,2.143720477101176,5.1211100286305875
10216,adaptive,2,62.379960727556444,Medium,Critical Thinking,Concept Review,3.6001641898496275,1.52675762963143,3.64279128244801
10219,adaptive,2,87.34837893728454,Low,Conceptual Understanding,Practice Questions,3.0746388483289873,0.97625932712142,2.3321750592345034
10222,adaptive,2,69.90877129362794,Low,Critical Thinking,Application Exercise,4.486302781786434,1.918701973714422,4.583565826095564
10236,adaptive,2,50.67688710048569,Medium,Problem Solving,Advanced Practice,2.7009315974884682,0.6300733230621098,1.505846953865217
10238,adaptive,2,58.44531570172698,Medium,Critical Thinking,Advanced Practice,2.4696436975075766,0.38763527476078924,0.9262956171025658
10245,adaptive,2,66.16316269192224,Medium,Critical Thinking,Advanced Practice,3.248436654876855,0.9028055151233755,2.1578490147963953
10248,adaptive,2,50.19596258051568,Medium,Problem Solving,Application Exercise,1.0213799780987074,0.07795171992849334,0.18621799760695631
10255,adaptive,2,57.889306929382876,Medium,Application Skills,Application Exercise,1.6573524916554168,0.34605520025765096,0.8266874228377218
10257,adaptive,2,61.55733952211372,Medium,Advanced Topics,Practice Questions,3.928543180956106,1.1399060893862236,2.723108991311534
10260,adaptive,2,67.87259176383802,Medium,Advanced Topics,Application Exercise,5.144066782299104,2.5703872897792164,6.140369636694794
10261,adaptive,2,52.50768743062302,Medium,Advanced Topics,Advanced Practice,2.5026782636461133,0.618061423990044,1.477177730023925
10262,adaptive,2,74.86434537467122,Low,Advanced Topics,Application Exercise,5.131005839956956,2.279398034342478,5.445228637595919
10266,adaptive,2,73.25658886205161,Low,Advanced Topics,Concept Review,4.332898678708429,1.82189723642332,4.347029366811165
10276,adaptive,2,85.8874845734033,Low,Application Skills,Application Exercise,5.926190670049348,3.3580166812767622,8.021928738605599
10278,adaptive,2,52.74429364880658,Medium,Advanced Topics,Advanced Practice,2.8684227285775545,0.6670803897579959,1.594289984872686
10281,adaptive,2,57.514576590719486,Medium,Advanced Topics,Advanced Practice,3.5252754212666426,1.1371128398837682,2.71811313455649
10282,adaptive,2,60.86760447206892,Medium,Problem Solving,Advanced Practice,3.915700268905825,1.3645432297083018,3.261916346606024
10290,adaptive,2,64.10624265425093,Medium,Advanced Topics,Advanced Practice,3.225195812457357,0.8290043316340392,1.9813732356259093
10293,adaptive,2,69.24944197067717,Low,Advanced Topics,Concept Review,3.7767107930294204,1.6560121485275403,3.9510241074775214
10295,adaptive,2,79.30823256347692,Low,Advanced Topics,Advanced Practice,4.079169580013768,1.5712961222213035,3.7564196080252734
10297,adaptive,2,72.45812691257547,Low,Advanced Topics,Concept Review,4.457962642992782,2.028551321067435,0.0
10299,adaptive,2,66.70514109779569,Medium,Advanced Topics,Advanced Practice,3.0419802544377434,0.8914218937604363,2.1307020176282703
10300,adaptive,2,108.39172082772454,Low,Conceptual Understanding,Concept Review,6.77545479032604,4.829544174544401,0.0
10308,adaptive,2,63.84051518672122,Low,Critical Thinking,Advanced Practice,3.022892420167998,0.8096515058177967,1.9351587515825233
10310,adaptive,2,75.9248239738168,Low,Conceptual Understanding,Application Exercise,4.271230147397818,1.642202567071513,3.923039465781948
10311,adaptive,2,72.60485404055203,Low,Application Skills,Concept Review,3.831041913312542,1.274357782044284,3.041375819433892
10313,adaptive,2,70.64872535956923,Low,Advanced Topics,Application Exercise,5.3177985843025,2.8256654557549767,6.750200810970222
10315,adaptive,2,42.98771773494059,Medium,Advanced Topics,Application Exercise,1.2043814335563958,0.10926148365223622,0.26101354428034207
10319,adaptive,2,66.8547924203562,Low,Application Skills,Practice Questions,2.7404993901023795,0.8839754832714235,2.1117192100372897
10320,adaptive,2,92.26997389912589,Low,Conceptual Understanding,Application Exercise,5.4716079131934805,3.372261389059406,0.0
10322,adaptive,2,85.43215617685615,Low,Problem Solving,Application Exercise,4.777003523377642,2.1324543728357797,5.0941965573299175
10328,adaptive,2,60.68186176102317,Medium,Advanced Topics,Critical Thinking Activity,2.540429496119282,0.470081073961912,1.1227748788413257
10329,adaptive,2,70.21398383125698,Low,Application Skills,Application Exercise,3.647671759154533,1.2133615339651638,2.898585886694558
10333,adaptive,2,75.86246559488188,Low,Critical Thinking,Concept Review,4.528155407146887,1.825752260161625,3.799999999999996
10347,adaptive,2,70.63376893696024,Low,Advanced Topics,Concept Review,4.091152426160604,1.5700206550633928,3.746450899704136
10352,adaptive,2,30.333808590447745,High,Advanced Topics,Application Exercise,1.5551459137715469,0.19146956490355285,0.4573995161584874
10356,adaptive,2,75.2944923371531,Low,Advanced Topics,Application Exercise,4.127371168201244,1.4175043540070353,3.3862604012390287
10362,adaptive,2,68.69889242369193,Low,Problem Solving,Application Exercise,2.4812221607546485,0.39481207021927966,0.943162167746057
10364,adaptive,2,53.751671730412845,Medium,Advanced Topics,Advanced Practice,3.380685130660619,0.7472666412812232,1.7858918878051218
10366,adaptive,2,74.40792852511396,Low,Conceptual Understanding,Concept Review,5.26731875085319,2.7685027354484366,6.603620157678851
10371,adaptive,2,74.44774225998475,Low,Advanced Topics,Advanced Practice,3.649426669658633,1.3505798219072669,3.228670615464744
10372,adaptive,2,51.65346023956136,Medium,Problem Solving,Application Exercise,1.9360303243190669,0.16587907818765765,0.39626668678162663
10378,adaptive,2,96.83624202158038,Low,Critical Thinking,Application Exercise,4.522088251530468,1.9828452565310792,0.4000000000000057
10383,adaptive,2,85.08797402451574,Low,Problem Solving,Application Exercise,5.984780419808431,3.2447085524033388,0.0
10409,adaptive,2,71.66185692557023,Low,Advanced Topics,Advanced Practice,2.6442313758343516,0.592096289676828,1.4150582004550634
10412,adaptive,2,50.1657181066058,Medium,Advanced Topics,Advanced Practice,2.7364650833162694,0.695499965575663,1.6622801210309714
10426,adaptive,2,51.51881187084977,Medium,Advanced Topics,Application Exercise,2.101554503356897,0.39038476454357723,0.9325858264096567
10430,adaptive,2,63.749058622685894,Medium,Critical Thinking,Application Exercise,3.956207826508945,1.558112890392283,3.722158571492676
10433,adaptive,2,82.16169483313875,Low,Critical Thinking,Application Exercise,5.781269299667516,3.4923491585431528,8.342834100964199
10437,adaptive,2,68.15543049119673,Low,Application Skills,Advanced Practice,3.5938631567327444,1.0169195188290971,2.4306231146346704
10440,adaptive,2,93.08489804941615,Low,Problem Solving,Application Exercise,6.002423289673294,3.4357870910089936,2.4000000000000057
10446,adaptive,2,71.20396946802441,Low,Problem Solving,Advanced Practice,4.022880747663516,1.2860345174130727,3.0740731398111656
10452,adaptive,2,80.78580854701856,Low,Critical Thinking,Application Exercise,5.340041059427659,2.4645357497470526,5.887502068840181
10463,adaptive,2,61.79550927488103,Medium,Application Skills,Advanced Practice,4.0183408591144545,1.4321366821883914,3.423549215721259
10480,adaptive,2,98.84848231187517,Low,Conceptual Understanding,Application Exercise,5.805397495363804,3.6406808772925485,1.7000000000000028
10487,adaptive,2,48.88028644330618,Medium,Problem Solving,Advanced Practice,3.0647254984636882,0.9311861954532071,2.2257938049137493
10494,adaptive,2,62.97053105142271,Medium,Advanced Topics,Advanced Practice,4.226377714691611,1.427163226697063,3.4115377844631904
10495,adaptive,2,29.45251985152585,High,Advanced Topics,Application Exercise,1.3869489071942587,0.19073321371735447,0.4556404549914579
10500,adaptive,2,78.37989791954595,Low,Advanced Topics,Concept Review,4.019578079851752,1.284978720567008,2.200000000000002
10514,adaptive,2,44.247190366063606,Medium,Advanced Topics,Advanced Practice,2.9507512208719495,0.5332597606359787,1.2743387065550125
10522,adaptive,2,46.06387425247432,Medium,Advanced Topics,Application Exercise,0.7791724716905271,0.0,0.0
10523,adaptive,2,73.65826833705088,Low,Application Skills,Practice Questions,3.8990945266919765,1.1790861848716536,2.816705886082284
10527,adaptive,2,86.19495353983898,Low,Critical Thinking,Application Exercise,4.753410680190739,2.3717617929879706,5.665875394360152
10528,adaptive,2,64.60009082725684,Medium,Advanced Topics,Application Exercise,4.2629859962548755,1.985869396495371,4.744021336072276
10529,adaptive,2,77.25890405839064,Low,Advanced Topics,Practice Questions,4.574227228832361,1.4853430657464441,0.5
10530,adaptive,2,68.4274750314047,Low,Application Skills,Advanced Practice,3.12636268857928,0.7743375107073159,1.8506828904481512
10535,adaptive,2,69.45904706595229,Low,Problem Solving,Application Exercise,5.05928472893088,2.6154478334681075,6.248014268840479
10543,adaptive,2,78.69741406140234,Low,Advanced Topics,Application Exercise,5.096336782605172,2.5942392758173365,0.0
10544,adaptive,2,68.90690662290979,Low,Application Skills,Advanced Practice,2.844898273565845,0.6984794241258863,1.6693735710430162
10549,adaptive,2,67.22071676849687,Medium,Advanced Topics,Advanced Practice,3.2136881675086593,0.7334921873521765,1.752996487299962
10550,adaptive,2,55.525391409864504,Medium,Advanced Topics,Application Exercise,2.2346959788683423,0.44246980381593176,1.0570111980047259
10555,adaptive,2,85.69988591479583,Low,Critical Thinking,Application Exercise,4.388549457616028,1.4155705130486258,3.381640670060606
10560,adaptive,2,43.76126981299692,Medium,Critical Thinking,Advanced Practice,1.9484623374954457,0.30442775561028845,0.727461419713885
10571,adaptive,2,60.86078521208389,Medium,Advanced Topics,Advanced Practice,3.080282800155809,0.8228051415776197,1.966594719678651
10579,adaptive,2,61.158430093992244,Medium,Advanced Topics,Advanced Practice,3.097511037247996,0.7872634052269506,1.88159938647983
10584,adaptive,2,71.6494677147224,Low,Advanced Topics,Practice Questions,3.652329367204233,1.0308334405997228,2.462546552543782
10585,adaptive,2,81.18957599241642,Low,Advanced Topics,Application Exercise,4.774372386687414,1.986902812443834,4.746490051949159
10590,adaptive,2,85.85068523099673,Low,Critical Thinking,Concept Review,3.9192834397090635,1.5971863873502377,0.0
10591,adaptive,2,69.10215798785217,Medium,Advanced Topics,Application Exercise,5.859947894801635,3.5187815118704857,8.40597805613505
10596,adaptive,2,77.09615153754396,Low,Advanced Topics,Critical Thinking Activity,5.453616473167067,2.9724391225349778,7.097167658855268
10600,adaptive,2,36.37423072174635,Medium,Advanced Topics,Application Exercise,1.1575161544445223,0.14167997730400952,0.3384577235595783
10602,adaptive,2,37.109552703049985,Medium,Advanced Topics,Application Exercise,0.5780477084152684,0.038289880205427375,0.09147026937963207
10605,adaptive,2,74.48379807705479,Low,Application Skills,Application Exercise,3.8499288345592904,1.57723884494225,3.766388614228026
10614,adaptive,2,68.97976113006241,Low,Advanced Topics,Advanced Practice,2.8979269101877536,0.7386236108686546,1.7653502488776898
10618,adaptive,2,80.22485815315139,Low,Application Skills,Practice Questions,2.638783398351885,0.80366787180205,1.9198732493048973
10622,adaptive,2,57.52707243335739,Medium,Critical Thinking,Advanced Practice,2.687079721303056,0.7622707753392509,1.8219686863656723
10627,adaptive,2,90.98657816684255,Low,Conceptual Understanding,Application Exercise,4.564894095782291,1.7846909956870445,0.0
10636,adaptive,2,54.97233394724168,Medium,Advanced Topics,Advanced Practice,4.233204224226683,1.5544325911360382,3.7159767004832465
10637,adaptive,2,46.953634779152466,Medium,Advanced Topics,Application Exercise,2.1183557074839166,0.36300143403444396,0.8671700924156162
10644,adaptive,2,85.25660295156553,Low,Advanced Topics,Application Exercise,5.583009388183914,2.8701134662775867,0.0
10645,adaptive,2,55.50802717865686,Medium,Problem Solving,Advanced Practice,1.2857701158467014,0.09720422075801062,0.2322436527131982
10650,adaptive,2,63.40853640988781,Medium,Advanced Topics,Advanced Practice,2.234853902729226,0.39583732325140053,0.9459317675339409
10651,adaptive,2,77.46055468625356,Low,Application Skills,Practice Questions,3.434919804139411,1.1005483052462672,2.629087618088305
10653,adaptive,2,85.18310707000299,Low,Conceptual Understanding,Critical Thinking Activity,5.381195164843867,2.921343231090439,5.357421154292274
10657,adaptive,2,77.09477894572167,Low,Critical Thinking,Concept Review,4.10789387490105,1.5853184042018134,3.7829314840496915
10661,adaptive,2,50.02079081148878,Medium,Problem Solving,Application Exercise,2.53074432350459,0.47922174509882914,1.1448075021805364
10663,adaptive,2,90.80248512134726,Low,Critical Thinking,Application Exercise,4.5192057825342085,2.232126120109296,0.0
10669,adaptive,2,81.7284575301566,Low,Advanced Topics,Concept Review,4.639875184206229,1.9476340073224063,4.647045744816855
10671,adaptive,2,62.984798692247765,Medium,Advanced Topics,Practice Questions,3.246279218207525,1.1452873081836148,2.735964125105302
10678,adaptive,2,70.4585313918157,Low,Critical Thinking,Advanced Practice,2.6845331969630077,0.8060042470561735,1.9265608792172064
10679,adaptive,2,45.211128435388375,Medium,Advanced Topics,Application Exercise,1.9068501639822413,0.3363683689264673,0.8035466591021164
10680,adaptive,2,81.05579691725104,Low,Critical Thinking,Application Exercise,4.820493638387127,2.040804186747574,4.875254446119205
10688,adaptive,2,86.83065997180375,Low,Critical Thinking,Application Exercise,5.19499161816433,2.6182757755548223,6.254769908269854
10690,adaptive,2,83.70733818336538,Low,Advanced Topics,Application Exercise,4.820135439666231,2.276646370863154,5.438655219284201
10693,adaptive,2,71.57686773416145,Low,Critical Thinking,Application Exercise,4.784726694918406,2.2599221125438613,5.398702824410336
10698,adaptive,2,74.78463220427582,Low,Application Skills,Concept Review,3.526040443700983,1.2642970614934246,3.01713936376379
10714,adaptive,2,58.18590403437075,Medium,Advanced Topics,Advanced Practice,2.136397843317467,0.3430200377230525,0.8196884201184812
10715,adaptive,2,51.31094686919655,Medium,Advanced Topics,Advanced Practice,2.9920880381435007,0.8444869278856216,2.018474992157296
10717,adaptive,2,100.66062487003987,Low,Conceptual Understanding,Application Exercise,6.511328880250151,4.6881567937801085,0.0
10722,adaptive,2,67.05737527507458,Medium,Advanced Topics,Application Exercise,4.653150434633875,2.365289428933091,5.650413635784607
10738,adaptive,2,85.29878879400547,Low,Critical Thinking,Application Exercise,4.993376292534138,2.4483522637553383,0.0
10741,adaptive,2,35.5262382670597,Medium,Advanced Topics,Application Exercise,1.6523631498692373,0.11064223651524414,0.26431200945308325
10742,adaptive,2,68.14103457480616,Low,Advanced Topics,Concept Review,4.588201558170715,2.1175467831269477,5.058583981914375
10750,adaptive,2,95.29874627909558,Low,Conceptual Understanding,Application Exercise,5.382268563969849,2.3367657197331497,0.0
10754,adaptive,2,63.25660990625331,Medium,Application Skills,Advanced Practice,2.623596471082995,0.7272609417842062,1.738267121216814
10762,adaptive,2,36.543614879711676,Medium,Advanced Topics,Advanced Practice,2.0598593754010364,0.47755779759297623,1.1413385499694741
10765,adaptive,2,52.96796708076066,Medium,Application Skills,Advanced Practice,2.8301318817245704,0.7498717433817421,1.7922684718839368
10768,adaptive,2,53.77889493482399,Medium,Advanced Topics,Application Exercise,4.398617150431684,1.8273615089753388,4.36536360477442
10788,adaptive,2,86.47183260474702,Low,Problem Solving,Critical Thinking Activity,4.0695653159565035,1.7082407370259016,0.0
10801,adaptive,2,76.17191946680515,Low,Problem Solving,Advanced Practice,3.7967477405968535,1.257482851685678,3.0058909545766355
10803,adaptive,2,99.48594853429978,Low,Conceptual Understanding,Application Exercise,5.370773753310041,2.8344795560469067,0.0
10811,adaptive,2,73.13391780610888,Low,Problem Solving,Concept Review,3.878661674823027,1.2650642918602781,3.019252463955339
10812,adaptive,2,68.25584087946233,Low,Advanced Topics,Application Exercise,4.544233640784577,1.7733417359797732,4.236316369285014
10817,adaptive,2,88.30290908349481,Low,Application Skills,Advanced Practice,3.6279820484711864,1.2459941547269444,2.978498143699289
10821,adaptive,2,79.87140454711258,Low,Conceptual Understanding,Application Exercise,4.185776151924011,1.7901727446548608,4.276523778897723
10823,adaptive,2,41.76767509757125,Medium,Advanced Topics,Application Exercise,2.1349421279257874,0.31204314141763306,0.745436393386568
10824,adaptive,2,40.72570733434279,Medium,Advanced Topics,Application Exercise,1.6408532280664132,0.19493336349428989,0.46567414612524805
10827,adaptive,2,81.23689904515865,Low,Advanced Topics,Application Exercise,5.409115426947667,2.3328433013339898,5.572903442075642
10830,adaptive,2,81.76151051010106,Low,Advanced Topics,Concept Review,4.397456594662287,1.8870365739014805,4.200000000000002
10838,adaptive,2,64.75102294777261,Medium,Conceptual Understanding,Advanced Practice,3.1716529155755104,0.9773765624637493,2.336220941498584
10846,adaptive,2,66.60132155548322,Medium,Problem Solving,Advanced Practice,3.550799527599911,1.354985099732126,3.239273254676795
10850,adaptive,2,48.813327696802254,Medium,Advanced Topics,Application Exercise,2.3472224952784257,0.40391004698751143,0.9648962233590551
10860,adaptive,2,98.23811385268056,Low,Conceptual Understanding,Concept Review,6.034688430708864,3.515085317119299,0.0
10866,adaptive,2,104.12216413782772,Low,Conceptual Understanding,Application Exercise,6.1325647464936806,3.704559712061903,0.0
10867,adaptive,2,81.50927676416966,Low,Conceptual Understanding,Application Exercise,5.272890156623015,2.760041623582751,6.593432767447683
10868,adaptive,2,90.09009379021992,Low,Application Skills,Application Exercise,5.957077279903812,3.9202334163591006,9.365002050191185
10880,adaptive,2,63.584437489927396,Medium,Advanced Topics,Application Exercise,4.247963569536147,1.572086357813937,3.755539632555516
10884,adaptive,2,96.90105582409483,Low,Conceptual Understanding,Application Exercise,5.380858459077593,2.7506948442804653,0.0
10885,adaptive,2,56.53147066463935,Medium,Advanced Topics,Advanced Practice,3.3341435372990875,0.7633855042999991,1.8244419975561619
10893,adaptive,2,62.863110101015536,Medium,Problem Solving,Advanced Practice,3.775004243067602,1.2258193778089117,2.9301661315692376
10894,adaptive,2,46.448620892762264,Medium,Advanced Topics,Application Exercise,1.926320780274571,0.18862533080448599,0.45060495692182767
10900,adaptive,2,100.82344553155562,Low,Conceptual Understanding,Concept Review,6.485938974568487,4.104821058224904,0.0
10902,adaptive,2,85.57291126553187,Low,Critical Thinking,Application Exercise,4.949969112779241,2.1740264343326428,5.19350759312798
10903,adaptive,2,44.66536099696474,Medium,Advanced Topics,Application Exercise,1.57411609469419,0.3218752590430679,0.7689242299362178
10915,adaptive,2,74.22181621689892,Low,Advanced Topics,Practice Questions,3.82411114164747,0.9967163279589966,2.381044561235381
10918,adaptive,2,38.18715980318528,Medium,Advanced Topics,Application Exercise,1.8917151855780479,0.3323365238023514,0.7939150290833951
10925,adaptive,2,73.93785716377467,Low,Application Skills,Practice Questions,2.717052478843144,0.8138115584630986,1.9441053896618468
10937,adaptive,2,74.17157230948838,Low,Application Skills,Application Exercise,4.930273991975931,2.2860694445994,5.4611658954319
10939,adaptive,2,101.57599107909621,Low,Conceptual Understanding,Practice Questions,5.80795881648581,3.199023716120384,0.0
10942,adaptive,2,55.97692376645206,Medium,Advanced Topics,Advanced Practice,3.5349601467628506,1.0816978049094321,2.5855690742503543
10943,adaptive,2,57.623241650876025,Medium,Application Skills,Advanced Practice,2.621088778773181,0.737888913000226,1.7636842156547223
10948,adaptive,2,49.79764659710714,Medium,Advanced Topics,Advanced Practice,2.6739055390133686,0.6776746198075482,1.6196744103056722
10949,adaptive,2,92.04297717012817,Low,Conceptual Understanding,Application Exercise,4.710313379453502,2.167120979618967,0.0
10960,adaptive,2,68.01354492906077,Low,Conceptual Understanding,Advanced Practice,3.231411398746756,1.0632636066436327,2.5416181501068573
10974,adaptive,2,72.06252221849262,Low,Advanced Topics,Concept Review,4.343242256066372,1.5948385564275718,0.0
10975,adaptive,2,59.21809280446884,Medium,Application Skills,Advanced Practice,3.777270169394277,1.240153342015529,2.964450093059529
10978,adaptive,2,65.39991453221349,Medium,Advanced Topics,Advanced Practice,3.870640628205714,1.518839382507922,3.631063956767839
10979,adaptive,2,44.619433065745085,Medium,Advanced Topics,Application Exercise,2.5113844924170747,0.5243770820166852,1.252678584817637
10986,adaptive,2,74.89410046479681,Low,Problem Solving,Application Exercise,3.4775910617235612,0.7085939547367929,1.6927522252045608
10987,adaptive,2,93.91142789818784,Low,Critical Thinking,Application Exercise,6.1152747911775664,3.504786288319686,0.0
10990,adaptive,2,56.26396552804658,Medium,Advanced Topics,Advanced Practice,3.292873064460458,1.1000830333749496,2.629656436120124
10996,adaptive,2,78.76392034310346,Low,Conceptual Understanding,Concept Review,4.108065151922141,1.5913001172485606,3.7971894484605726
10999,adaptive,2,89.19077146764802,Low,Critical Thinking,Critical Thinking Activity,5.54604714631268,3.234454695729555,7.722492697938305
10011,adaptive,3,53.39284508163857,Medium,Advanced Topics,Advanced Practice,2.1904772126553556,0.3285715818983033,1.459903452865572
10024,adaptive,3,98.17346083122257,Low,Conceptual Understanding,Critical Thinking Activity,6.558722555526817,2.8464855890986387,11.0888047845546
10026,adaptive,3,90.70352133751113,Low,Critical Thinking,Application Exercise,5.523576401609715,2.110006185414911,0.0
10031,adaptive,3,78.84486681406864,Low,Critical Thinking,Application Exercise,3.214231726528073,0.35999395337114415,1.5983731529678797
10040,adaptive,3,82.84374128588888,Low,Critical Thinking,Application Exercise,4.145170148774682,1.226970364037306,5.447748416325639
10045,adaptive,3,90.37164654074142,Low,Conceptual Understanding,Application Exercise,5.092678194666949,1.6551204132667583,0.20000000000000284
10055,adaptive,3,64.78582246039873,Medium,Advanced Topics,Concept Review,4.267297823219391,1.4636831533642511,6.482702644249262
10056,adaptive,3,96.59523677291014,Low,Conceptual Understanding,Application Exercise,5.767919157307695,2.0735669370521164,3.9000000000000057
10060,adaptive,3,88.66881256360497,Low,Problem Solving,Application Exercise,5.134315079112445,1.7790401749124618,0.29999999999999716
10061,adaptive,3,52.609286000094116,Medium,Advanced Topics,Advanced Practice,3.01767021280168,0.55676015426191,2.474194820549094
10064,adaptive,3,92.8749244107163,Low,Critical Thinking,Application Exercise,5.577836792307641,2.100055552303827,0.0
10067,adaptive,3,83.27127128638426,Low,Problem Solving,Application Exercise,5.359086844259635,2.0337734573965314,2.700000000000003
10068,adaptive,3,56.45651869662708,Medium,Critical Thinking,Advanced Practice,3.1571671503869276,0.7103626088370587,3.157402321789207
10071,adaptive,3,84.67689184149377,Low,Critical Thinking,Application Exercise,4.654641789580255,1.3032997010824716,5.786650672806173
10073,adaptive,3,79.29446997093855,Low,Problem Solving,Concept Review,4.0718437329956885,1.1747269169692562,4.999999999999999
10077,adaptive,3,67.99528160316723,Medium,Advanced Topics,Concept Review,3.415372817439442,0.7684588839238745,3.4064242062900782
10079,adaptive,3,53.042236056383594,Medium,Critical Thinking,Advanced Practice,3.401639631469445,0.5680738184553973,2.5242606369136036
10087,adaptive,3,66.37479677193737,Medium,Problem Solving,Concept Review,3.6737621795194806,0.8945610907129936,3.9648814771496768
10089,adaptive,3,80.66762047045982,Low,Advanced Topics,Advanced Practice,3.370960461116238,0.6067728830009228,2.696389140144992
10097,adaptive,3,80.97859372508401,Low,Conceptual Understanding,Application Exercise,5.784209256638638,2.2327047730625145,9.913209192397563
10102,adaptive,3,55.55008974827763,Medium,Advanced Topics,Application Exercise,4.101960096901968,1.1054782461150805,4.908323412750958
10108,adaptive,3,80.60994666471916,Low,Critical Thinking,Application Exercise,4.576663047522443,1.3272322837815083,5.8929113399898965
10111,adaptive,3,67.93962926846474,Low,Advanced Topics,Advanced Practice,3.0351279942865244,0.47651509510298434,2.1173142877825746
10121,adaptive,3,100.72704168122517,Low,Conceptual Understanding,Concept Review,6.563404781438525,2.9174334253494245,0.0
10137,adaptive,3,60.04519206210721,Medium,Advanced Topics,Application Exercise,2.742117589138114,0.4373677554675292,1.9419128342758298
10138,adaptive,3,58.84342032495459,Medium,Advanced Topics,Advanced Practice,3.4229037424969713,0.6041425105507154,2.6846553281769228
10140,adaptive,3,62.203301795463794,Medium,Advanced Topics,Advanced Practice,3.6635469464288586,0.7510271240179159,3.337827798420457
10159,adaptive,3,56.56952814604762,Medium,Advanced Topics,Advanced Practice,2.9070353693848396,0.6250126044177405,2.777907899728595
10169,adaptive,3,76.39607014057914,Low,Critical Thinking,Concept Review,3.2021739008488552,0.7445054319473589,3.3000650092483625
10175,adaptive,3,72.72857678822334,Low,Advanced Topics,Advanced Practice,4.3311950709525115,0.9225445501128849,4.10026817362093
10185,adaptive,3,86.09154627469306,Low,Advanced Topics,Application Exercise,4.4077854784052315,1.2628305395630988,3.8
10199,adaptive,3,70.70458945753786,Low,Advanced Topics,Advanced Practice,3.5768677384048004,0.8709672943015689,3.871596541411117
10200,adaptive,3,57.1492814407891,Medium,Advanced Topics,Advanced Practice,3.189261540385897,0.7590442466118436,3.3739909824237295
10209,adaptive,3,59.37984166735429,Medium,Critical Thinking,Advanced Practice,3.523418716471119,0.8826163884760153,3.9235100565416
10210,adaptive,3,41.62464566597444,Medium,Problem Solving,Advanced Practice,2.788259247156036,0.545104682819005,2.422526269873947
10211,adaptive,3,66.72570890477854,Medium,Advanced Topics,Concept Review,3.673842168548142,1.1278695457442796,5.001608452119774
10214,adaptive,3,67.71263502996597,Low,Critical Thinking,Application Exercise,4.497567298382796,1.4886947757647055,6.609804804395293
10216,adaptive,3,62.39791492176229,Medium,Critical Thinking,Concept Review,3.6056313837029816,1.061858442500528,4.704649724948538
10219,adaptive,3,87.38332910827236,Low,Conceptual Understanding,Practice Questions,3.0746388483289873,0.6779578660565417,3.010132925291045
10222,adaptive,3,69.95908264190429,Low,Critical Thinking,Application Exercise,4.486302781786434,1.3324319261905708,5.915997752286135
10236,adaptive,3,50.68717172320323,Medium,Problem Solving,Advanced Practice,2.6994398688350554,0.43730925875127896,1.943156212616496
10238,adaptive,3,58.451643032859735,Medium,Critical Thinking,Advanced Practice,2.468725952500338,0.2690911288225369,1.1953867459251026
10245,adaptive,3,66.17789909444953,Medium,Critical Thinking,Advanced Practice,3.2462992197465694,0.6265357494110879,2.7843847642074833
10248,adaptive,3,50.19800659578423,Medium,Problem Solving,Application Exercise,1.0213799780987074,0.05413313883923149,0.2403511364461878
10255,adaptive,3,57.89838103465901,Medium,Application Skills,Application Exercise,1.6573524916554168,0.2403161112900354,1.0670035341277573
10257,adaptive,3,61.598148261787,Medium,Advanced Topics,Practice Questions,3.928543180956106,0.7916014509626553,3.5147104422741893
10260,adaptive,3,67.93999131411358,Medium,Advanced Topics,Application Exercise,5.144066782299104,1.7849911734577892,7.925360810152584
10261,adaptive,3,52.51777598433469,Medium,Advanced Topics,Advanced Practice,2.501214973736846,0.428958367995869,1.9061360980197941
10262,adaptive,3,74.9241147343411,Low,Advanced Topics,Application Exercise,5.131005839956956,1.5829153016267208,7.02814393922264
10266,adaptive,3,73.2780138061102,Low,Advanced Topics,Concept Review,4.339422743287574,1.2671114410399713,5.614140807851136
10276,adaptive,3,85.97553699065415,Low,Application Skills,Application Exercise,5.926190670049348,2.3319560286644183,10.353884767270017
10278,adaptive,3,52.75518233410686,Medium,Advanced Topics,Advanced Practice,2.866843383928116,0.4629952065043907,2.0572851913770767
10281,adaptive,3,57.53313756785884,Medium,Advanced Topics,Advanced Practice,3.522583252366086,0.7890586485300032,3.5071717830864935
10282,adaptive,3,60.88987777231136,Medium,Problem Solving,Advanced Practice,3.9124696477065593,0.9468176547449874,4.2087340013510115
10290,adaptive,3,64.11977440757231,Medium,Advanced Topics,Advanced Practice,3.223233105150068,0.5753471092692871,2.5567203448951963
10293,adaptive,3,69.26891615776807,Low,Advanced Topics,Concept Review,3.7826408367140196,1.1518141347794189,5.10283824225694
10295,adaptive,3,79.3338806701386,Low,Critical Thinking,Advanced Practice,4.07544946147721,1.0901827309451537,4.846602338970428
10297,adaptive,3,72.45812691257547,Low,Advanced Topics,Concept Review,4.457962642992782,1.408716195185719,0.0
10299,adaptive,3,66.71969168663021,Medium,Advanced Topics,Advanced Practice,3.0398697705741524,0.6186134983118401,2.7493155159401104
10300,adaptive,3,108.39172082772454,Low,Conceptual Understanding,Concept Review,6.77545479032604,3.35385012121139,0.0
10308,adaptive,3,63.85373104583671,Low,Critical Thinking,Advanced Practice,3.02097553159916,0.5619014488774439,2.497060200459967
10310,adaptive,3,75.96788507784657,Low,Conceptual Understanding,Application Exercise,4.271230147397818,1.1404184493552174,5.063457915137166
10311,adaptive,3,72.61984009116182,Low,Application Skills,Concept Review,3.83560528401248,0.8860248206068829,3.9274006400407746
10313,adaptive,3,70.72281870017373,Low,Conceptual Understanding,Application Exercise,5.3177985843025,1.9622676776076227,8.712468488577844
10315,adaptive,3,42.990582740883426,Medium,Advanced Topics,Application Exercise,1.2043814335563958,0.07587603031405293,0.336889574594395
10319,adaptive,3,66.88643882150299,Low,Application Skills,Practice Questions,2.7404993901023795,0.613871863382933,2.7255910734202224
10320,adaptive,3,92.26997389912589,Low,Conceptual Understanding,Application Exercise,5.4716079131934805,2.3418481868468097,0.0
10322,adaptive,3,85.4880724453048,Low,Problem Solving,Application Exercise,4.777003523377642,1.4808710922470691,6.575067649576987
10328,adaptive,3,60.66979483499086,Medium,Advanced Topics,Critical Thinking Activity,2.5409803796815185,0.3265159787890751,1.4492908576304009
10329,adaptive,3,70.24580005678692,Low,Application Skills,Application Exercise,3.647671759154533,0.8426121763646971,3.741198063059255
10333,adaptive,3,75.87739225933058,Low,Critical Thinking,Concept Review,4.532700694292013,1.269156194401764,3.799999999999996
10347,adaptive,3,70.65223189087062,Low,Advanced Topics,Concept Review,4.096774541359775,1.0917904152723799,4.838241314976516
10352,adaptive,3,30.338829220069307,High,Advanced Topics,Application Exercise,1.5551459137715469,0.13296497562746726,0.5903644917859546
10356,adaptive,3,75.33166150475428,Low,Advanced Topics,Application Exercise,4.127371168201244,0.9843780236159968,4.370638424855025
10362,adaptive,3,68.70924500988855,Low,Problem Solving,Application Exercise,2.4812221607546485,0.27417504876338866,1.2173372165094456
10364,adaptive,3,53.76386928773463,Medium,Advanced Topics,Advanced Practice,3.37891594123498,0.5186635969795694,2.304555484784691
10366,adaptive,3,74.44048525501461,Low,Conceptual Understanding,Concept Review,5.27723253208767,1.9261898742119994,8.52981003189085
10371,adaptive,3,74.46978763694298,Low,Advanced Topics,Advanced Practice,3.646229107493536,0.9370808806258387,4.165751496090583
10372,adaptive,3,51.65780984684211,Medium,Problem Solving,Application Exercise,1.9360303243190669,0.11519380429698449,0.5114604910786111
10378,adaptive,3,96.83624202158038,Low,Critical Thinking,Application Exercise,4.522088251530468,1.3769758725910273,0.4000000000000057
10383,adaptive,3,85.08797402451574,Low,Problem Solving,Application Exercise,5.984780419808431,2.2532698280578742,0.0
10409,adaptive,3,71.67152165303747,Low,Advanced Topics,Advanced Practice,2.6428295596193787,0.4109599965208134,1.8260181969758769
10412,adaptive,3,50.17707068174934,Medium,Advanced Topics,Advanced Practice,2.734818453965173,0.48269545712485307,2.1449755781558246
10426,adaptive,3,51.52904836620955,Medium,Advanced Topics,Application Exercise,2.101554503356897,0.27110053093303976,1.2036863573426966
10430,adaptive,3,63.78991476467998,Medium,Critical Thinking,Application Exercise,3.956207826508945,1.0820228405501966,4.8041814120428725
10433,adaptive,3,82.2532696567566,Low,Critical Thinking,Application Exercise,5.781269299667516,2.425242471210523,10.76807657217472
10437,adaptive,3,68.17202956499091,Low,Application Skills,Advanced Practice,3.591455551254258,0.7057210158214616,3.136344130456132
10440,adaptive,3,93.08489804941615,Low,Problem Solving,Application Exercise,6.002423289673294,2.3859632576451344,2.4000000000000057
10446,adaptive,3,71.22496127854743,Low,Problem Solving,Advanced Practice,4.0198359995862925,0.892403591908157,3.9664767317193226
10452,adaptive,3,80.8504325053736,Low,Critical Thinking,Application Exercise,5.340041059427659,1.7114831595465643,7.598985228386745
10463,adaptive,3,61.818885896168005,Medium,Application Skills,Advanced Practice,4.0149502071915295,0.9937001762799036,4.417249392001162
10480,adaptive,3,98.84848231187517,Low,Conceptual Understanding,Application Exercise,5.805397495363804,2.5282506092309367,1.7000000000000028
10487,adaptive,3,48.89548610078965,Medium,Problem Solving,Advanced Practice,3.062520870718668,0.646191903721639,2.871985708635388
10494,adaptive,3,62.99382649150195,Medium,Advanced Topics,Advanced Practice,4.222998837661848,0.9902932274317032,4.401831011894894
10495,adaptive,3,29.457521172874692,High,Advanced Topics,Application Exercise,1.3869489071942587,0.1324536206370517,0.5880940756285096
10500,adaptive,3,78.384815119951,Low,Advanced Topics,Application Exercise,4.021075406187982,0.8926787401737319,3.092678740173734
10514,adaptive,3,44.25589471085626,Medium,Advanced Topics,Advanced Practice,2.949488702946596,0.37016083221979784,1.6444995387748103
10522,adaptive,3,46.06387425247432,Medium,Advanced Topics,Application Exercise,0.7791724716905271,0.0,0.0
10523,adaptive,3,73.70047972763719,Low,Application Skills,Practice Questions,3.8990945266919765,0.8188098506053151,3.6355157366875988
10527,adaptive,3,86.25714482083535,Low,Critical Thinking,Application Exercise,4.753410680190739,1.6470568006860908,7.312932195046243
10528,adaptive,3,64.65216340976689,Medium,Advanced Topics,Application Exercise,4.2629859962548755,1.3790759697884523,6.123097305860728
10529,adaptive,3,77.25890405839064,Low,Advanced Topics,Practice Questions,4.574227228832361,1.0314882401016974,0.5
10530,adaptive,3,68.4401144637726,Low,Application Skills,Advanced Practice,3.124529407578712,0.5374190581035384,2.3881019485516894
10535,adaptive,3,69.52762817372772,Low,Problem Solving,Application Exercise,5.05928472893088,1.8162832176861858,8.064297486526666
10543,adaptive,3,78.69741406140234,Low,Advanced Topics,Application Exercise,5.096336782605172,1.8015550526509283,0.0
10544,adaptive,3,68.91830783145197,Low,Application Skills,Advanced Practice,2.8432445902044794,0.4847732026298638,2.15414677367288
10549,adaptive,3,67.23268948680926,Medium,Advanced Topics,Advanced Practice,3.211951589759882,0.5090943269769412,2.2620908142769034
10550,adaptive,3,55.536993655917584,Medium,Advanced Topics,Application Exercise,2.2346959788683423,0.3072706970943971,1.364281895099123
10555,adaptive,3,85.73700437408102,Low,Critical Thinking,Application Exercise,4.388549457616028,0.9830350785059901,4.364675748566596
10560,adaptive,3,43.76623895626422,Medium,Critical Thinking,Advanced Practice,1.9477415902596622,0.21132996254317335,0.9387913822570584
10571,adaptive,3,60.87421577665699,Medium,Advanced Topics,Advanced Practice,3.0783347697267445,0.5710310997843111,2.537625819462962
10579,adaptive,3,61.171280514420665,Medium,Application Skills,Advanced Practice,3.095647153575453,0.5463817226060674,2.4279811090858976
10584,adaptive,3,71.68637164384046,Low,Advanced Topics,Practice Questions,3.652329367204233,0.7158565559720297,3.1784031085158118
10585,adaptive,3,81.24167567269903,Low,Advanced Topics,Application Exercise,4.774372386687414,1.3797936197526626,6.126283671701822
10590,adaptive,3,85.85068523099673,Low,Critical Thinking,Concept Review,3.9192834397090635,1.109157213437665,0.0
10591,adaptive,3,69.194425908862,Medium,Advanced Topics,Application Exercise,5.859947894801635,2.4435982721322818,10.849576328267332
10596,adaptive,3,77.01984937390893,Low,Advanced Topics,Critical Thinking Activity,5.457099846446809,2.0655122918801174,7.900000000000004
10600,adaptive,3,36.37794579098565,Medium,Advanced Topics,Application Exercise,1.1575161544445223,0.0983888731277844,0.4368465966873627
10602,adaptive,3,37.110556723228655,Medium,Advanced Topics,Application Exercise,0.5780477084152684,0.026590194587102347,0.11806046396673442
10605,adaptive,3,74.5251557313075,Low,Application Skills,Application Exercise,3.8499288345592904,1.095304753432118,4.861693367660144
10614,adaptive,3,68.99181760807855,Low,Advanced Topics,Advanced Practice,2.8961781835489786,0.5126235384881692,2.277973787365859
10618,adaptive,3,80.25362953464459,Low,Application Skills,Practice Questions,2.638783398351885,0.5581026887514237,2.477975938056321
10622,adaptive,3,57.539514901632145,Medium,Critical Thinking,Advanced Practice,2.685275008874181,0.5289991767482136,2.350967863113886
10627,adaptive,3,90.98657816684255,Low,Conceptual Understanding,Application Exercise,4.564894095782291,1.239368747004892,0.0
10636,adaptive,3,54.997706792201974,Medium,Advanced Topics,Advanced Practice,4.229524030904536,1.0785286278806567,4.794505328363903
10637,adaptive,3,46.963153241020294,Medium,Advanced Topics,Application Exercise,2.1183557074839166,0.2520843291905861,1.1192544216062021
10644,adaptive,3,85.25660295156553,Low,Advanced Topics,Application Exercise,5.583009388183914,1.9931343515816575,0.0
10645,adaptive,3,55.50961383325793,Medium,Problem Solving,Advanced Practice,1.2855399802164027,0.06749084896136114,0.29973450167455934
10650,adaptive,3,63.41499762222318,Medium,Advanced Topics,Advanced Practice,2.233916738980863,0.27477175889464617,1.220703526428587
10651,adaptive,3,77.49995441374413,Low,Application Skills,Practice Questions,3.434919804139411,0.764269656421019,3.393357274509324
10653,adaptive,3,85.14973622248132,Low,Conceptual Understanding,Critical Thinking Activity,5.38271862254207,2.0292849206983603,5.357421154292274
10657,adaptive,3,77.11342179639733,Low,Critical Thinking,Concept Review,4.113570770085228,1.102436966382841,4.885368450432533
10661,adaptive,3,50.033356750571336,Medium,Problem Solving,Application Exercise,2.53074432350459,0.3327928785408536,1.47760038072139
10663,adaptive,3,90.80248512134726,Low,Critical Thinking,Application Exercise,4.5192057825342085,1.5500875834092334,0.0
10669,adaptive,3,81.75136109947941,Low,Advanced Topics,Application Exercise,4.646849501849553,1.3545566297891445,6.001602374606
10671,adaptive,3,63.02580008003396,Medium,Advanced Topics,Practice Questions,3.246279218207525,0.7953384084608436,3.5313025335661457
10678,adaptive,3,70.47168771709768,Low,Critical Thinking,Advanced Practice,2.6826249434533005,0.5593273007100132,2.48588817992722
10679,adaptive,3,45.219948536889305,Medium,Advanced Topics,Application Exercise,1.9068501639822413,0.23358914508782455,1.037135804189941
10680,adaptive,3,81.10930997535488,Low,Critical Thinking,Application Exercise,4.820493638387127,1.4172251296858154,6.29247957580502
10688,adaptive,3,86.8993152326166,Low,Critical Thinking,Application Exercise,5.19499161816433,1.8182470663575154,7.800000000000001
10690,adaptive,3,83.76703539014152,Low,Advanced Topics,Application Exercise,4.820135439666231,1.5810044242105237,7.019659643494725
10693,adaptive,3,71.63612640488743,Low,Critical Thinking,Application Exercise,4.784726694918406,1.5693903559332372,6.968093180343573
10698,adaptive,3,74.79949994394543,Low,Application Skills,Concept Review,3.5305677877857673,0.879111379158656,3.896250742922446
10714,adaptive,3,58.191503115530686,Medium,Advanced Topics,Advanced Practice,2.1355857270125274,0.2381178085618968,1.057806228680378
10715,adaptive,3,51.32473134336058,Medium,Advanced Topics,Advanced Practice,2.9900886750509046,0.5860573803099773,2.6045323724672738
10717,adaptive,3,100.66062487003987,Low,Conceptual Understanding,Application Exercise,6.511328880250151,3.2556644401250754,0.0
10722,adaptive,3,67.11939684062447,Medium,Advanced Topics,Application Exercise,4.653150434633875,1.6425621034257578,7.292975739210364
10738,adaptive,3,85.29878879400547,Low,Critical Thinking,Application Exercise,4.993376292534138,1.7002446276078738,0.0
10741,adaptive,3,35.529139478488915,Medium,Advanced Topics,Application Exercise,1.6523631498692373,0.07683488646891955,0.3411468959220028
10742,adaptive,3,68.16593626545198,Low,Advanced Topics,Concept Review,4.595784319528649,1.4729488744089319,6.531532856323307
10750,adaptive,3,95.29874627909558,Low,Conceptual Understanding,Application Exercise,5.382268563969849,1.6227539720369095,0.0
10754,adaptive,3,63.26848091257857,Medium,Application Skills,Advanced Practice,2.621874646105395,0.5047108693752885,2.2429779905921023
10762,adaptive,3,36.55141000703145,Medium,Advanced Topics,Advanced Practice,2.0587287345307517,0.331455326259451,1.4727938762289252
10765,adaptive,3,52.98020716089886,Medium,Application Skills,Advanced Practice,2.8283565245954176,0.5204176005255569,2.3126860724094938
10768,adaptive,3,53.82681119413074,Medium,Advanced Topics,Application Exercise,4.398617150431684,1.2690010478995408,5.634364652673961
10788,adaptive,3,86.47183260474702,Low,Problem Solving,Critical Thinking Activity,4.0695653159565035,1.1862782896013206,0.0
10801,adaptive,3,76.19244523139474,Low,Problem Solving,Advanced Practice,3.7937705899504515,0.8725672356886038,3.8784581902652393
10803,adaptive,3,99.48594853429978,Low,Conceptual Understanding,Application Exercise,5.370773753310041,1.9683885805881298,0.0
10811,adaptive,3,73.14879456816864,Low,Problem Solving,Concept Review,3.8831917662968296,0.8795429350662318,3.8987953990215707
10812,adaptive,3,68.30234065635011,Low,Advanced Topics,Application Exercise,4.544233640784577,1.2314873166526203,5.467803685937634
10817,adaptive,3,88.32324731925337,Low,Conceptual Understanding,Advanced Practice,3.625032097862965,0.8645701553403172,3.843068299039606
10821,adaptive,3,79.91834565921079,Low,Conceptual Understanding,Application Exercise,4.185776151924011,1.2431755171214312,5.519699296019154
10823,adaptive,3,41.775857353794564,Medium,Advanced Topics,Application Exercise,2.1349421279257874,0.21669662598446743,0.9621330193710353
10824,adaptive,3,40.73081879014771,Medium,Advanced Topics,Application Exercise,1.6408532280664132,0.1353703913154791,0.6010445374407272
10827,adaptive,3,81.29806982280704,Low,Advanced Topics,Application Exercise,5.409115426947667,1.6200300703708264,7.192933512446468
10830,adaptive,3,81.78014605936083,Low,Advanced Topics,Concept Review,4.4031312665076925,1.3121331174192923,4.200000000000002
10838,adaptive,3,64.7669765659151,Medium,Conceptual Understanding,Advanced Practice,3.1693389299328305,0.6782385310056257,3.0144594725042095
10846,adaptive,3,66.62343883934298,Medium,Problem Solving,Advanced Practice,3.5475915357293855,0.9401117569682872,4.179385011645082
10850,adaptive,3,48.823918846092084,Medium,Advanced Topics,Application Exercise,2.3472224952784257,0.28049308818577184,1.245389311544827
10860,adaptive,3,98.23811385268056,Low,Conceptual Understanding,Concept Review,6.034688430708864,2.4410314702217355,0.0
10866,adaptive,3,104.12216413782772,Low,Conceptual Understanding,Application Exercise,6.1325647464936806,2.5726109111540993,0.0
10867,adaptive,3,81.58164934588567,Low,Conceptual Understanding,Application Exercise,5.272890156623015,1.916695571932466,8.510128339380149
10868,adaptive,3,90.19288840420222,Low,Critical Thinking,Application Exercise,5.957077279903812,2.722384316916042,12.087386367107227
10880,adaptive,3,63.625660037958326,Medium,Advanced Topics,Application Exercise,4.247963569536147,1.0917266373707897,4.847266269926306
10884,adaptive,3,96.90105582409483,Low,Conceptual Understanding,Application Exercise,5.380858459077593,1.9102047529725454,0.0
10885,adaptive,3,56.54393132852146,Medium,Advanced Topics,Advanced Practice,3.3323361856962137,0.529841453525698,2.35428345108186
10893,adaptive,3,62.88311902594405,Medium,Problem Solving,Advanced Practice,3.772102057206281,0.8506090139000163,3.7807751454692538
10894,adaptive,3,46.45356694214453,Medium,Advanced Topics,Application Exercise,1.926320780274571,0.13098981305867083,0.5815947699804985
10900,adaptive,3,100.82344553155562,Low,Conceptual Understanding,Concept Review,6.485938974568487,2.85057017932285,0.0
10902,adaptive,3,85.62991761805466,Low,Critical Thinking,Application Exercise,4.949969112779241,1.5097405793976686,6.703248172525648
10903,adaptive,3,44.67380106659573,Medium,Advanced Topics,Application Exercise,1.57411609469419,0.22352448544657494,0.9924487153827928
10915,adaptive,3,74.25749875034137,Low,Advanced Topics,Practice Questions,3.82411114164747,0.6921641166381921,3.073208677873573
10918,adaptive,3,38.19587418343977,Medium,Advanced Topics,Application Exercise,1.8917151855780479,0.23078925264052183,1.024704281723917
10925,adaptive,3,73.96699169015508,Low,Application Skills,Practice Questions,2.717052478843144,0.565146915599374,2.509252305261221
10937,adaptive,3,74.23151660390556,Low,Advanced Topics,Application Exercise,4.930273991975931,1.5875482254162498,7.04871412084815
10939,adaptive,3,101.57599107909621,Low,Conceptual Understanding,Practice Questions,5.80795881648581,2.2215442473058222,0.0
10942,adaptive,3,55.99458020961619,Medium,Advanced Topics,Advanced Practice,3.53239917560147,0.7506348248153124,3.3362038990656666
10943,adaptive,3,57.63528613649363,Medium,Application Skills,Advanced Practice,2.6193417915666624,0.5120813202512825,2.2757655359060047
10948,adaptive,3,49.80870821094614,Medium,Advanced Topics,Advanced Practice,2.6723011120188325,0.47032499571531455,2.0899994060209868
10949,adaptive,3,92.04297717012817,Low,Conceptual Understanding,Application Exercise,4.710313379453502,1.5049451247353938,0.0
10960,adaptive,3,68.030900472683,Low,Conceptual Understanding,Advanced Practice,3.2288940714292735,0.737802295321589,3.279420445428446
10974,adaptive,3,72.06252221849262,Low,Advanced Topics,Concept Review,4.343242256066372,1.107526775296925,0.0
10975,adaptive,3,59.23833570123605,Medium,Application Skills,Advanced Practice,3.774334047188818,0.8605481627590504,3.824998255818579
10978,adaptive,3,65.42470639285236,Medium,Advanced Topics,Advanced Practice,3.8670447035031605,1.0537696817046114,4.68483363847245
10979,adaptive,3,44.63318304795332,Medium,Advanced Topics,Application Exercise,2.5113844924170747,0.3641507514004758,1.6168293362181128
10986,adaptive,3,74.91268089976361,Low,Problem Solving,Application Exercise,3.4775910617235612,0.49207913523388397,2.184831360438445
10987,adaptive,3,93.91142789818784,Low,Critical Thinking,Application Exercise,6.1152747911775664,2.433879366888671,0.0
10990,adaptive,3,56.28192207142353,Medium,Advanced Topics,Advanced Practice,3.2902685653935184,0.7633423071712963,3.39299874329142
10996,adaptive,3,78.78263353686151,Low,Advanced Topics,Concept Review,4.113763467130144,1.1066023726580085,4.903791821118581
10999,adaptive,3,89.10774339498116,Low,Critical Thinking,Critical Thinking Activity,5.549837573163217,2.247684217131103,9.970176915069409
10011,adaptive,4,53.39820832212478,Medium,Advanced Topics,Advanced Practice,2.189699303758923,0.2627639164510708,1.722667369316643
10024,adaptive,4,98.13998574972722,Low,Conceptual Understanding,Critical Thinking Activity,6.560250771751141,2.2777190679519963,11.0888047845546
10026,adaptive,4,90.70352133751113,Low,Critical Thinking,Application Exercise,5.523576401609715,1.6880049483319288,0.0
10031,adaptive,4,78.85430641511849,Low,Critical Thinking,Application Exercise,3.214231726528073,0.28799516269691533,1.886368315664795
10040,adaptive,4,82.87591435609757,Low,Critical Thinking,Concept Review,4.145170148774682,0.9815762912298448,6.429324707555484
10045,adaptive,4,90.37164654074142,Low,Conceptual Understanding,Application Exercise,5.092678194666949,1.3240963306134068,0.20000000000000284
10055,adaptive,4,64.80303491840864,Medium,Advanced Topics,Concept Review,4.272539152546341,1.1723847434587158,7.655087387707978
10056,adaptive,4,96.59523677291014,Low,Conceptual Understanding,Application Exercise,5.767919157307695,1.6588535496416932,3.9000000000000057
10060,adaptive,4,88.66881256360497,Low,Problem Solving,Application Exercise,5.134315079112445,1.4232321399299694,0.29999999999999716
10061,adaptive,4,52.61837393941983,Medium,Advanced Topics,Advanced Practice,3.016352056573204,0.44521356355020486,2.919408384099299
10064,adaptive,4,92.8749244107163,Low,Critical Thinking,Application Exercise,5.577836792307641,1.6800444418430616,0.0
10067,adaptive,4,83.27127128638426,Low,Problem Solving,Application Exercise,5.359086844259635,1.6270187659172253,2.700000000000003
10068,adaptive,4,56.46811387318371,Medium,Critical Thinking,Advanced Practice,3.155485333018807,0.5679873599433852,3.7253896817325924
10071,adaptive,4,84.71106638556988,Low,Critical Thinking,Application Exercise,4.654641789580255,1.0426397608659774,6.829290433672151
10073,adaptive,4,79.3058742746098,Low,Problem Solving,Concept Review,4.075316433481069,0.9405830328474307,4.999999999999999
10077,adaptive,4,68.00431844030064,Medium,Advanced Topics,Concept Review,3.418124605676949,0.6152624290218509,4.021686635311929
10079,adaptive,4,53.051508667498325,Medium,Critical Thinking,Advanced Practice,3.400294689601211,0.45427937053072176,2.9785400074443253
10087,adaptive,4,66.38531653174728,Medium,Problem Solving,Concept Review,3.6769655294171173,0.7162728851304546,4.6811543622801315
10089,adaptive,4,80.67752476246598,Low,Advanced Topics,Advanced Practice,3.3695238973663435,0.48521144122075344,3.1816005813657453
10097,adaptive,4,81.0371387148608,Low,Conceptual Understanding,Application Exercise,5.784209256638638,1.7861638184500117,11.699373010847575
10102,adaptive,4,55.579077106301014,Medium,Advanced Topics,Application Exercise,4.101960096901968,0.8843825968920644,5.792706009643022
10108,adaptive,4,80.64474875831564,Low,Critical Thinking,Application Exercise,4.576663047522443,1.0617858270252067,6.954697167015103
10111,adaptive,4,67.9474073758579,Low,Advanced Topics,Advanced Practice,3.0339998220641324,0.38107037765125507,2.4983846654338295
10121,adaptive,4,100.72704168122517,Low,Conceptual Understanding,Concept Review,6.563404781438525,2.3339467402795395,0.0
10137,adaptive,4,60.05666052452172,Medium,Advanced Topics,Application Exercise,2.742117589138114,0.3498942043740234,2.2918070386498535
10138,adaptive,4,58.853281681658984,Medium,Advanced Topics,Advanced Practice,3.4214734062793486,0.48311204496664406,3.1677673731435667
10140,adaptive,4,62.21556073476251,Medium,Advanced Topics,Advanced Practice,3.661768853880926,0.6005300920364718,3.938357890456929
10159,adaptive,4,56.57973016316984,Medium,Advanced Topics,Advanced Practice,2.9055556222242664,0.49975556702257384,3.277663466751169
10169,adaptive,4,76.40482529257777,Low,Critical Thinking,Concept Review,3.2048399137393977,0.5961002239555281,3.8961652332038907
10175,adaptive,4,72.74363538900954,Low,Advanced Topics,Advanced Practice,4.3290109027151304,0.7376634578226583,4.837931631443588
10185,adaptive,4,86.09154627469306,Low,Advanced Topics,Application Exercise,4.4077854784052315,1.010264431650479,3.8
10199,adaptive,4,70.71880616802748,Low,Advanced Topics,Advanced Practice,3.574805681781325,0.6963721468110022,4.56796868822212
10200,adaptive,4,57.16167124276386,Medium,Advanced Topics,Advanced Practice,3.187464466917723,0.6068932345011345,3.980884216924864
10209,adaptive,4,59.39424852482236,Medium,Critical Thinking,Advanced Practice,3.5213290800614025,0.705674347644305,4.629184404185905
10210,adaptive,4,41.6335433542262,Medium,Problem Solving,Advanced Practice,2.7869686858122886,0.435881902461042,2.8584081723349892
10211,adaptive,4,66.73897229935417,Medium,Advanced Topics,Concept Review,3.6778809768882494,0.903287567923754,5.904896020043528
10214,adaptive,4,67.75167092108755,Low,Critical Thinking,Application Exercise,4.497567298382796,1.1909558206117645,7.800760625007058
10216,adaptive,4,62.41040204632337,Medium,Critical Thinking,Concept Review,3.6094338116963316,0.8503826060356557,5.5550323309841945
10219,adaptive,4,87.40760006034725,Low,Conceptual Understanding,Practice Questions,3.0746388483289873,0.5423662928452334,3.5524992181362784
10222,adaptive,4,69.99402107820731,Low,Critical Thinking,Application Exercise,4.486302781786434,1.0659455409524567,6.981943293238592
10236,adaptive,4,50.69430987772036,Medium,Problem Solving,Advanced Practice,2.698404518300753,0.34971322557177764,2.2928694381882737
10238,adaptive,4,58.45603537996487,Medium,Critical Thinking,Advanced Practice,2.4680888664144,0.21521734915133572,1.4106040950764385
10245,adaptive,4,66.18812597371246,Medium,Critical Thinking,Advanced Practice,3.2448158664675546,0.5009995697825905,3.285384333990074
10248,adaptive,4,50.19942605083183,Medium,Problem Solving,Application Exercise,1.0213799780987074,0.043306511071385195,0.283657647517573
10255,adaptive,4,57.90468249665632,Medium,Application Skills,Application Exercise,1.6573524916554168,0.19225288903202833,1.2592564231597856
10257,adaptive,4,61.626487664337894,Medium,Advanced Topics,Advanced Practice,3.928543180956106,0.6332811607701243,4.147991603044313
10260,adaptive,4,67.9867965573605,Medium,Advanced Topics,Application Exercise,5.144066782299104,1.4279929387662316,9.353353748918815
10261,adaptive,4,52.52477782811206,Medium,Advanced Topics,Advanced Practice,2.5001993943348317,0.3430273569027389,2.249163454922533
10262,adaptive,4,74.96562123411185,Low,Advanced Topics,Application Exercise,5.131005839956956,1.2663322413013767,8.294476180524017
10266,adaptive,4,73.2929146420067,Low,Advanced Topics,Concept Review,4.343960165434689,1.0147490946455433,6.628889902496679
10276,adaptive,4,86.0366845026339,Low,Advanced Topics,Application Exercise,5.926190670049348,1.8655648229315347,12.219449590201553
10278,adaptive,4,52.762739757734614,Medium,Advanced Topics,Advanced Practice,2.865747220687021,0.3702545409127631,2.4275397322898398
10281,adaptive,4,57.54601729186096,Medium,Advanced Topics,Advanced Practice,3.520715118369371,0.6309121492117913,4.138083932298285
10282,adaptive,4,60.90533258051373,Medium,Problem Solving,Advanced Practice,3.9102280117358816,0.7570201430720667,4.965754144423078
10290,adaptive,4,64.12916573987266,Medium,Advanced Topics,Advanced Practice,3.2218709434188204,0.4600831707202076,3.016803515615404
10293,adaptive,4,69.28246113325307,Low,Advanced Topics,Concept Review,3.7867653886636257,0.9224560486784592,6.025294290935399
10295,adaptive,4,79.35167561188672,Low,Critical Thinking,Advanced Practice,4.072868401848621,0.8715938379956049,5.718196176966033
10297,adaptive,4,72.45812691257547,Low,Advanced Topics,Concept Review,4.457962642992782,1.1269729561485753,0.0
10299,adaptive,4,66.72978925179483,Medium,Advanced Topics,Advanced Practice,3.0384051736025883,0.4946523622625014,3.2439678782026116
10300,adaptive,4,108.39172082772454,Low,Conceptual Understanding,Concept Review,6.77545479032604,2.683080096969112,0.0
10308,adaptive,4,63.862902905991106,Low,Critical Thinking,Advanced Practice,3.0196452031103886,0.4493232062228259,2.946383406682793
10310,adaptive,4,75.9977886223117,Low,Conceptual Understanding,Application Exercise,4.271230147397818,0.912334759484174,5.9757926746213395
10311,adaptive,4,72.63025946709395,Low,Application Skills,Concept Review,3.838778066226976,0.7094061866387452,4.6368068266795195
10313,adaptive,4,70.77427240892686,Low,Conceptual Understanding,Application Exercise,5.3177985843025,1.5698141420860983,10.282282630663943
10315,adaptive,4,42.992572328343726,Medium,Advanced Topics,Application Exercise,1.2043814335563958,0.06070082425124235,0.39759039884563735
10319,adaptive,4,66.90841548896604,Low,Application Skills,Practice Questions,2.7404993901023795,0.4910974907063464,3.216688564126569
10320,adaptive,4,92.26997389912589,Low,Conceptual Understanding,Application Exercise,5.4716079131934805,1.873478549477448,0.0
10322,adaptive,4,85.52690318728304,Low,Problem Solving,Application Exercise,4.777003523377642,1.1846968737976553,7.759764523374642
10328,adaptive,4,60.66141320811274,Medium,Advanced Topics,Critical Thinking Activity,2.5413630206672666,0.261252118524595,1.710542976154996
10329,adaptive,4,70.2678946578494,Low,Application Skills,Application Exercise,3.647671759154533,0.6740897410917577,4.415287804151013
10333,adaptive,4,75.87739225933058,Low,Critical Thinking,Concept Review,4.532700694292013,1.0153249555214112,3.799999999999996
10347,adaptive,4,70.66507100610897,Low,Advanced Topics,Concept Review,4.1006841532927245,0.8742658614820087,5.712507176458525
10352,adaptive,4,30.34231576841762,High,Advanced Topics,Application Exercise,1.5551459137715469,0.10637198050197381,0.6967364722879285
10356,adaptive,4,75.35747342669954,Low,Advanced Topics,Application Exercise,4.127371168201244,0.7875024188927975,5.158140843747823
10362,adaptive,4,68.71643430585843,Low,Problem Solving,Application Exercise,2.4812221607546485,0.21934003901071095,1.4366772555201566
10364,adaptive,4,53.77233538083365,Medium,Advanced Topics,Advanced Practice,3.377687980423472,0.41478008399600236,2.7193355687806937
10366,adaptive,4,74.46313664801096,Low,Application Skills,Concept Review,5.284130060049083,1.5429659775343323,10.072776009425183
10371,adaptive,4,74.4850835127725,Low,Advanced Topics,Advanced Practice,3.644010523800131,0.749208563693307,4.9149600597838905
10372,adaptive,4,51.660830407453744,Medium,Problem Solving,Application Exercise,1.9360303243190669,0.0921550434375876,0.6036155345161988
10378,adaptive,4,96.83624202158038,Low,Critical Thinking,Application Exercise,4.522088251530468,1.1015806980728218,0.4000000000000057
10383,adaptive,4,85.08797402451574,Low,Problem Solving,Application Exercise,5.984780419808431,1.8026158624462996,0.0
10409,adaptive,4,71.6782297112293,Low,Advanced Topics,Advanced Practice,2.6418565922205417,0.32864696007223543,2.1546651570481123
10412,adaptive,4,50.184949670562695,Medium,Advanced Topics,Advanced Practice,2.7336756494408267,0.3859950017010447,2.530970579856869
10426,adaptive,4,51.53615704354274,Medium,Advanced Topics,Application Exercise,2.101554503356897,0.21688042474643182,1.4205667820891283
10430,adaptive,4,63.818287085509205,Medium,Critical Thinking,Application Exercise,3.956207826508945,0.8656182724401573,5.66979968448303
10433,adaptive,4,82.31686328426899,Low,Critical Thinking,Application Exercise,5.781269299667516,1.9401939769684184,12.708270549143139
10437,adaptive,4,68.18354897729722,Low,Application Skills,Advanced Practice,3.5897847230790543,0.5643141584680273,3.700658288924159
10440,adaptive,4,93.08489804941615,Low,Problem Solving,Application Exercise,6.002423289673294,1.9087706061161076,2.4000000000000057
10446,adaptive,4,71.23952789154087,Low,Problem Solving,Advanced Practice,4.017723191505499,0.7135476388113766,4.680024370530699
10452,adaptive,4,80.89531025423128,Low,Critical Thinking,Application Exercise,5.340041059427659,1.3691865276372515,8.968171756023997
10463,adaptive,4,61.83510596299724,Medium,Application Skills,Advanced Practice,4.012597574614333,0.794494319773638,5.2117437117748
10480,adaptive,4,98.84848231187517,Low,Conceptual Understanding,Application Exercise,5.805397495363804,2.0226004873847496,1.7000000000000028
10487,adaptive,4,48.906033825458586,Medium,Problem Solving,Advanced Practice,3.060990980556519,0.5166952775179404,3.3886809861533287
10494,adaptive,4,63.00999094705193,Medium,Advanced Topics,Advanced Practice,4.220654271198597,0.7917947412768567,5.19362575317175
10495,adaptive,4,29.46099431270028,High,Advanced Topics,Application Exercise,1.3869489071942587,0.10596289650964137,0.694056972138151
10500,adaptive,4,78.40822254414249,Low,Advanced Topics,Application Exercise,4.021075406187982,0.7141429921389856,3.6999999999999984
10514,adaptive,4,44.261936808442115,Medium,Advanced Topics,Advanced Practice,2.948612329515787,0.296040677883385,1.9405402166581953
10522,adaptive,4,46.06387425247432,Medium,Advanced Topics,Application Exercise,0.7791724716905271,0.0,0.0
10523,adaptive,4,73.72979319332212,Low,Application Skills,Practice Questions,3.8990945266919765,0.6550478804842521,4.290563617171851
10527,adaptive,4,86.30033321041617,Low,Critical Thinking,Application Exercise,4.753410680190739,1.3176454405488727,8.630577635595117
10528,adaptive,4,64.68832492539886,Medium,Advanced Topics,Application Exercise,4.2629859962548755,1.1032607758307618,7.22635808169149
10529,adaptive,4,77.25890405839064,Low,Advanced Topics,Practice Questions,4.574227228832361,0.8251905920813579,0.5
10530,adaptive,4,68.44888670035444,Low,Application Skills,Advanced Practice,3.1232570423181625,0.4297601690229791,2.8178621175746685
10535,adaptive,4,69.57525394301622,Low,Problem Solving,Application Exercise,5.05928472893088,1.4530265741489488,9.517324060675614
10543,adaptive,4,78.69741406140234,Low,Advanced Topics,Application Exercise,5.096336782605172,1.4412440421207426,0.0
10544,adaptive,4,68.92622073509371,Low,Application Skills,Advanced Practice,2.84209686651852,0.38766201259312616,2.541808786266006
10549,adaptive,4,67.24099938168808,Medium,Advanced Topics,Advanced Practice,3.21074628465166,0.4071226288938305,2.669213443170734
10550,adaptive,4,55.54505077123221,Medium,Advanced Topics,Application Exercise,2.2346959788683423,0.2458165576755177,1.6100984527746407
10555,adaptive,4,85.76278108191796,Low,Critical Thinking,Application Exercise,4.388549457616028,0.7864280628047922,5.151103811371389
10560,adaptive,4,43.769688473731655,Medium,Critical Thinking,Advanced Practice,1.9472412564906998,0.16902054106339276,1.107811923320451
10571,adaptive,4,60.883536659173835,Medium,Problem Solving,Advanced Practice,3.076982826353871,0.45662425143091445,2.9942500708938766
10579,adaptive,4,61.180199047662875,Medium,Application Skills,Advanced Practice,3.0943535687790815,0.43692272391160625,2.864903832997504
10584,adaptive,4,71.71199937239466,Low,Advanced Topics,Practice Questions,3.652329367204233,0.5726852447776237,3.7510883532934356
10585,adaptive,4,81.27785600622863,Low,Advanced Topics,Concept Review,4.774372386687414,1.10383489580213,7.230118567503952
10590,adaptive,4,85.85068523099673,Low,Critical Thinking,Concept Review,3.9192834397090635,0.8873257707501321,0.0
10591,adaptive,4,69.25850085400774,Medium,Advanced Topics,Application Exercise,5.859947894801635,1.9548786177058255,12.804454945973157
10596,adaptive,4,76.99924076187678,Low,Advanced Topics,Critical Thinking Activity,5.458040678070258,1.6526947173196742,7.900000000000004
10600,adaptive,4,36.380525700179604,Medium,Advanced Topics,Application Exercise,1.1575161544445223,0.07871109850222752,0.5155576951895902
10602,adaptive,4,37.11125395946385,Medium,Advanced Topics,Application Exercise,0.5780477084152684,0.02127215566968188,0.1393326196364163
10605,adaptive,4,74.55387632453855,Low,Application Skills,Application Exercise,3.8499288345592904,0.8762438027456945,5.737937170405838
10614,adaptive,4,69.00018510991762,Low,Advanced Topics,Advanced Practice,2.8949645228641234,0.40992697643755993,2.6879007638034187
10618,adaptive,4,80.27360966068153,Low,Application Skills,Practice Questions,2.638783398351885,0.44648215100113897,2.9244580890574596
10622,adaptive,4,57.548149701347675,Medium,Critical Thinking,Advanced Practice,2.684022578084456,0.4230019583061102,2.773969821419996
10627,adaptive,4,90.98657816684255,Low,Conceptual Understanding,Application Exercise,4.564894095782291,0.9914949976039136,0.0
10636,adaptive,4,55.015311505212054,Medium,Advanced Topics,Advanced Practice,4.2269705629209735,0.8623019948358787,5.656807323199782
10637,adaptive,4,46.96976328398406,Medium,Advanced Topics,Application Exercise,2.1183557074839166,0.20166746335246888,1.320921884958671
10644,adaptive,4,85.25660295156553,Low,Advanced Topics,Application Exercise,5.583009388183914,1.5945074812653262,0.0
10645,adaptive,4,55.51071547951567,Medium,Problem Solving,Advanced Practice,1.2853801924114698,0.053985968081281734,0.3537204697558411
10650,adaptive,4,63.41948269367476,Medium,Critical Thinking,Advanced Practice,2.2332662037322035,0.21975339444724887,1.440456920875836
10651,adaptive,4,77.5273153356126,Low,Application Skills,Practice Questions,3.434919804139411,0.6114157251368152,4.004772999646139
10653,adaptive,4,85.14973622248132,Low,Conceptual Understanding,Critical Thinking Activity,5.38271862254207,1.6234279365586883,5.357421154292274
10657,adaptive,4,77.12638611176082,Low,Critical Thinking,Concept Review,4.117518506444517,0.8827959677817045,5.768164418214237
10661,adaptive,4,50.04208309715644,Medium,Problem Solving,Application Exercise,2.53074432350459,0.2662343028326829,1.743834683554073
10663,adaptive,4,90.80248512134726,Low,Critical Thinking,Application Exercise,4.5192057825342085,1.2400700667273867,0.0
10669,adaptive,4,81.78687967990253,Low,Advanced Topics,Application Exercise,4.646849501849553,1.0836453038313156,7.085247678437315
10671,adaptive,4,63.054273265996606,Medium,Advanced Topics,Practice Questions,3.246279218207525,0.6362707267686749,4.16757326033482
10678,adaptive,4,70.48081755969356,Low,Critical Thinking,Advanced Practice,2.6813007093831285,0.4472409583251059,2.9331291382523257
10679,adaptive,4,45.22607360737607,Medium,Advanced Topics,Application Exercise,1.9068501639822413,0.18687131607025964,1.2240071202602008
10680,adaptive,4,81.1464718212603,Low,Critical Thinking,Application Exercise,4.820493638387127,1.1337801037486523,6.799999999999985
10688,adaptive,4,86.9398335676041,Low,Critical Thinking,Application Exercise,5.19499161816433,1.4545976530860125,7.800000000000001
10690,adaptive,4,83.80849178373605,Low,Advanced Topics,Application Exercise,4.820135439666231,1.264803539368419,8.284463182863144
10693,adaptive,4,71.67727825955825,Low,Critical Thinking,Application Exercise,4.784726694918406,1.2555122847465898,8.223605465090163
10698,adaptive,4,74.80983801995936,Low,Application Skills,Concept Review,3.5337158135334494,0.7039161900558631,4.6001669329783095
10714,adaptive,4,58.195389888281966,Medium,Advanced Topics,Advanced Practice,2.135021971740056,0.19044395987921303,1.2482501885595911
10715,adaptive,4,51.33429749832493,Medium,Application Skills,Advanced Practice,2.9887011562419765,0.468628341298742,3.0731607137660157
10717,adaptive,4,100.66062487003987,Low,Conceptual Understanding,Application Exercise,6.511328880250151,2.6045315521000605,0.0
10722,adaptive,4,67.16246737225634,Medium,Advanced Topics,Application Exercise,4.653150434633875,1.3140496827406063,8.60702542195097
10738,adaptive,4,85.29878879400547,Low,Critical Thinking,Application Exercise,4.993376292534138,1.3601957020862991,0.0
10741,adaptive,4,35.53115420864809,Medium,Advanced Topics,Application Exercise,1.6523631498692373,0.06146790917513564,0.40261480509713843
10742,adaptive,4,68.1832576854555,Low,Advanced Topics,Concept Review,4.601058828642723,1.1797114836639941,7.711244339987301
10750,adaptive,4,95.29874627909558,Low,Conceptual Understanding,Application Exercise,5.382268563969849,1.2982031776295277,0.0
10754,adaptive,4,63.27671925672515,Medium,Application Skills,Advanced Practice,2.6206797190421813,0.403584676732496,2.6465626673245986
10762,adaptive,4,36.556820318583334,Medium,Advanced Topics,Advanced Practice,2.057943998231959,0.2650631869722763,1.7378570632012016
10765,adaptive,4,52.98870188441922,Medium,Application Skills,Advanced Practice,2.8271244110968308,0.4161527133134535,2.7288387857229472
10768,adaptive,4,53.86008637420487,Medium,Advanced Topics,Application Exercise,4.398617150431684,1.0152008383196327,6.649565490993593
10788,adaptive,4,86.47183260474702,Low,Problem Solving,Critical Thinking Activity,4.0695653159565035,0.9490226316810566,0.0
10801,adaptive,4,76.20668805756476,Low,Problem Solving,Advanced Practice,3.791704745389409,0.6976736731516513,4.57613186341689
10803,adaptive,4,99.48594853429978,Low,Conceptual Understanding,Application Exercise,5.370773753310041,1.574710864470504,0.0
10811,adaptive,4,73.15913771914563,Low,Problem Solving,Concept Review,3.886341337410822,0.704205050338841,4.603000449360412
10812,adaptive,4,68.33463216807775,Low,Advanced Topics,Application Exercise,4.544233640784577,0.9851898533220963,6.45299353925973
10817,adaptive,4,88.33735960989489,Low,Conceptual Understanding,Advanced Practice,3.622985186771191,0.6912655736359433,4.53433387267555
10821,adaptive,4,79.95094365372343,Low,Conceptual Understanding,Application Exercise,4.185776151924011,0.994540413697145,6.514239709716299
10823,adaptive,4,41.781539476171865,Medium,Advanced Topics,Application Exercise,2.1349421279257874,0.17335730078757394,1.1354903201586093
10824,adaptive,4,40.73436841223445,Medium,Advanced Topics,Application Exercise,1.6408532280664132,0.10829631305238328,0.7093408504931105
10827,adaptive,4,81.34054952950729,Low,Advanced Topics,Application Exercise,5.409115426947667,1.2960240562966612,8.48895756874313
10830,adaptive,4,81.78014605936083,Low,Advanced Topics,Concept Review,4.4031312665076925,1.049706493935434,4.200000000000002
10838,adaptive,4,64.77804738441918,Medium,Conceptual Understanding,Advanced Practice,3.1677331678516287,0.5423159183361989,3.5567753908404085
10846,adaptive,4,66.63878418785853,Medium,Problem Solving,Advanced Practice,3.5453657762916357,0.7516175445738269,4.931002556218909
10850,adaptive,4,48.831273810876695,Medium,Advanced Topics,Application Exercise,2.3472224952784257,0.2243944705486175,1.4697837820934443
10860,adaptive,4,98.23811385268056,Low,Conceptual Understanding,Concept Review,6.034688430708864,1.9528251761773885,0.0
10866,adaptive,4,104.12216413782772,Low,Conceptual Understanding,Application Exercise,6.1325647464936806,2.0580887289232797,0.0
10867,adaptive,4,81.63190808318845,Low,Conceptual Understanding,Application Exercise,5.272890156623015,1.533356457545973,10.043484796926123
10868,adaptive,4,90.26427355280103,Low,Critical Thinking,Application Exercise,5.957077279903812,2.1779074535328338,14.26529382064006
10880,adaptive,4,63.65428680742425,Medium,Advanced Topics,Application Exercise,4.247963569536147,0.8733813098966318,5.720647579822938
10884,adaptive,4,96.90105582409483,Low,Conceptual Understanding,Application Exercise,5.380858459077593,1.5281638023780364,0.0
10885,adaptive,4,56.5525798766351,Medium,Advanced Topics,Advanced Practice,3.3310817607760326,0.4237135999707114,2.7779970510525716
10893,adaptive,4,62.89700343029492,Medium,Problem Solving,Advanced Practice,3.770088199782959,0.6801239112408459,4.460899056710099
10894,adaptive,4,46.457001698659994,Medium,Advanced Topics,Application Exercise,1.926320780274571,0.10479185044693667,0.6863866204274351
10900,adaptive,4,100.82344553155562,Low,Conceptual Understanding,Concept Review,6.485938974568487,2.2804561434582804,0.0
10902,adaptive,4,85.66950536286214,Low,Critical Thinking,Application Exercise,4.949969112779241,1.207792463518135,7.911040636043783
10903,adaptive,4,44.67966222606169,Medium,Advanced Topics,Application Exercise,1.57411609469419,0.17881958835725997,1.1712683037400526
10915,adaptive,4,74.28227828745419,Low,Advanced Topics,Practice Questions,3.82411114164747,0.5537312933105537,3.6269399711841266
10918,adaptive,4,38.20192583639427,Medium,Advanced Topics,Application Exercise,1.8917151855780479,0.18463140211241746,1.2093356838363345
10925,adaptive,4,73.9872240001415,Low,Application Skills,Practice Questions,2.717052478843144,0.45211753247949926,2.96136983774072
10937,adaptive,4,74.27314458613972,Low,Advanced Topics,Application Exercise,4.930273991975931,1.2700385803329999,8.31875270118115
10939,adaptive,4,101.57599107909621,Low,Conceptual Understanding,Practice Questions,5.80795881648581,1.7772353978446578,0.0
10942,adaptive,4,56.00683274545496,Medium,Advanced Topics,Advanced Practice,3.5306220118406166,0.6002057420129048,3.9364096410785714
10943,adaptive,4,57.64364478775963,Medium,Application Skills,Advanced Practice,2.6181294146093523,0.40947544044490275,2.6852409763509075
10948,adaptive,4,49.81638527797709,Medium,Advanced Topics,Advanced Practice,2.671187595152073,0.376103213397412,2.4661026194183986
10949,adaptive,4,92.04297717012817,Low,Conceptual Understanding,Application Exercise,4.710313379453502,1.2039560997883152,0.0
10960,adaptive,4,68.04294354444906,Low,Conceptual Understanding,Advanced Practice,3.2271472892942414,0.5899225244829873,3.8693429699114334
10974,adaptive,4,72.06252221849262,Low,Advanced Topics,Concept Review,4.343242256066372,0.8860214202375399,0.0
10975,adaptive,4,59.25238234130205,Medium,Application Skills,Advanced Practice,3.7722966583563706,0.6880669104842021,4.513065166302781
10978,adaptive,4,65.4419069681042,Medium,Advanced Topics,Advanced Practice,3.86454985350593,0.842471868064293,5.527305506536743
10979,adaptive,4,44.64273164670904,Medium,Advanced Topics,Application Exercise,2.5113844924170747,0.29132060112038066,1.9081499373384934
10986,adaptive,4,74.92558397960167,Low,Problem Solving,Application Exercise,3.4775910617235612,0.3936633081871072,2.578494668625552
10987,adaptive,4,93.91142789818784,Low,Critical Thinking,Application Exercise,6.1152747911775664,1.947103493510937,0.0
10990,adaptive,4,56.29438203020331,Medium,Advanced Topics,Advanced Practice,3.2884613160619076,0.61033842026109,4.00333716355251
10996,adaptive,4,78.79564683610545,Low,Advanced Topics,Concept Review,4.117726119467676,0.8861346609094438,5.789926482028025
10999,adaptive,4,89.05004560476058,Low,Critical Thinking,Critical Thinking Activity,5.552471613027615,1.7990008026209474,11.769177717690356
10011,adaptive,5,53.40249739078642,Medium,Advanced Topics,Advanced Practice,2.189077197650148,0.2101514109744142,1.9328187802910572
10024,adaptive,5,98.13998574972722,Low,Conceptual Understanding,Critical Thinking Activity,6.560250771751141,1.822175254361597,11.0888047845546
10026,adaptive,5,90.70352133751113,Low,Critical Thinking,Application Exercise,5.523576401609715,1.350403958665543,0.0
10031,adaptive,5,78.86185809595838,Low,Critical Thinking,Application Exercise,3.214231726528073,0.23039613015753227,2.1167644458223274
10040,adaptive,5,82.8874573875641,Low,Critical Thinking,Concept Review,4.148685092968742,0.7859269040119987,7.215251611567482
10045,adaptive,5,90.37164654074142,Low,Conceptual Understanding,Application Exercise,5.092678194666949,1.0592770644907252,0.20000000000000284
10055,adaptive,5,64.81682179784485,Medium,Advanced Topics,Concept Review,4.276737366158511,0.9388293866191164,8.593916774327095
10056,adaptive,5,96.59523677291014,Low,Conceptual Understanding,Application Exercise,5.767919157307695,1.3270828397133545,3.9000000000000057
10060,adaptive,5,88.66881256360497,Low,Problem Solving,Application Exercise,5.134315079112445,1.1385857119439755,0.29999999999999716
10061,adaptive,5,52.625641115099626,Medium,Advanced Topics,Advanced Practice,3.015297992220172,0.3560463869213579,3.275454771020657
10064,adaptive,5,92.8749244107163,Low,Critical Thinking,Application Exercise,5.577836792307641,1.3440355534744493,0.0
10067,adaptive,5,83.27127128638426,Low,Problem Solving,Application Exercise,5.359086844259635,1.30161501273378,2.700000000000003
10068,adaptive,5,56.47738507304496,Medium,Critical Thinking,Advanced Practice,3.154140595845225,0.4541962458017125,4.179585927534305
10071,adaptive,5,84.73840602083078,Low,Critical Thinking,Application Exercise,4.654641789580255,0.8341118086927819,7.663402242364933
10073,adaptive,5,79.3058742746098,Low,Problem Solving,Concept Review,4.075316433481069,0.7524664262779446,4.999999999999999
10077,adaptive,5,68.01155373483844,Medium,Advanced Topics,Concept Review,3.420327809973993,0.49252720463625504,4.514213839948185
10079,adaptive,5,53.05892382342266,Medium,Critical Thinking,Advanced Practice,3.3992191615176197,0.36330854398300316,3.3418485514273284
10087,adaptive,5,66.39373967778855,Medium,Problem Solving,Concept Review,3.679530443873025,0.5734180243731722,5.254572386653304
10089,adaptive,5,80.68544481943164,Low,Advanced Topics,Advanced Practice,3.3683751361296115,0.3880368156821312,3.5696373970478765
10097,adaptive,5,81.08397470668224,Low,Conceptual Understanding,Application Exercise,5.784209256638638,1.4289310547600094,13.128304065607583
10102,adaptive,5,55.60226699271972,Medium,Advanced Topics,Application Exercise,4.101960096901968,0.7075060775136516,6.500212087156674
10108,adaptive,5,80.67259043319282,Low,Critical Thinking,Application Exercise,4.576663047522443,0.8494286616201653,7.804125828635269
10111,adaptive,5,67.95362754884337,Low,Advanced Topics,Advanced Practice,3.033097619764015,0.30476564883388824,2.8031503142677177
10121,adaptive,5,100.72704168122517,Low,Conceptual Understanding,Concept Review,6.563404781438525,1.8671573922236318,0.0
10137,adaptive,5,60.06583529445332,Medium,Advanced Topics,Application Exercise,2.742117589138114,0.2799153634992187,2.571722402149072
10138,adaptive,5,58.861167470393276,Medium,Advanced Topics,Advanced Practice,3.4203296154634115,0.38636043336274695,3.5541278065063135
10140,adaptive,5,62.2253631263272,Medium,Advanced Topics,Advanced Practice,3.660347070236486,0.48023753561502697,4.418595426071956
10159,adaptive,5,56.58788762242051,Medium,Advanced Topics,Advanced Practice,2.904372427075792,0.39964164596562896,3.6773051127167977
10169,adaptive,5,76.4118352455522,Low,Critical Thinking,Concept Review,3.206974499751704,0.4771978055630535,4.373363038766945
10175,adaptive,5,72.75567619454523,Low,Advanced Topics,Advanced Practice,4.327264449284502,0.5898926897264632,5.427824321170052
10185,adaptive,5,86.09154627469306,Low,Advanced Topics,Application Exercise,4.4077854784052315,0.8082115453203832,3.8
10199,adaptive,5,70.73017297969655,Low,Advanced Topics,Advanced Practice,3.573156987499542,0.5568407849319287,5.124809473154048
10200,adaptive,5,57.17157749925531,Medium,Advanced Topics,Advanced Practice,3.18602761822991,0.48529572680877997,4.466179943733644
10209,adaptive,5,59.405767175368766,Medium,Critical Thinking,Advanced Practice,3.519658362375335,0.5642716286560137,5.193456032841919
10210,adaptive,5,41.6406582101519,Medium,Problem Solving,Advanced Practice,2.785936714612103,0.34857640173226634,3.2069845740672553
10211,adaptive,5,66.74959467981816,Medium,Advanced Topics,Concept Review,3.6811155755850686,0.7232655882909543,6.628161608334482
10214,adaptive,5,67.78289963398483,Low,Critical Thinking,Application Exercise,4.497567298382796,0.9527646564894116,8.75352528149647
10216,adaptive,5,62.420402280913144,Medium,Critical Thinking,Concept Review,3.6124789620636752,0.6808800347697614,6.235912365753956
10219,adaptive,5,87.42701682200715,Low,Conceptual Understanding,Practice Questions,3.0746388483289873,0.4338930342761867,3.986392252412465
10222,adaptive,5,70.02197182724974,Low,Critical Thinking,Application Exercise,4.486302781786434,0.8527564327619653,7.834699726000557
10236,adaptive,5,50.70001821110426,Medium,Problem Solving,Advanced Practice,2.697576555554247,0.2796847372798643,2.572554175468138
10238,adaptive,5,58.45954835084821,Medium,Critical Thinking,Advanced Practice,2.467579329072174,0.1721383339960749,1.5827424290725134
10245,adaptive,5,66.19630373869354,Medium,Critical Thinking,Advanced Practice,3.243629726083194,0.40065314376579614,3.68603747775587
10248,adaptive,5,50.20056161486991,Medium,Problem Solving,Application Exercise,1.0213799780987074,0.03464520885710815,0.31830285637468114
10255,adaptive,5,57.90972366625417,Medium,Application Skills,Application Exercise,1.6573524916554168,0.15380231122562266,1.4130587343854082
10257,adaptive,5,61.63682464826381,Medium,Advanced Topics,Advanced Practice,3.927043857593872,0.5064315758753057,4.654423178919619
10260,adaptive,5,68.02424075195805,Medium,Advanced Topics,Application Exercise,5.144066782299104,1.142394351012985,10.4957480999318
10261,adaptive,5,52.53037702874222,Medium,Advanced Topics,Advanced Practice,2.499387260701385,0.274332745734584,2.523496200657117
10262,adaptive,5,74.99882643392846,Low,Advanced Topics,Application Exercise,5.131005839956956,1.0130657930411013,9.307541973565119
10266,adaptive,5,73.30484777530951,Low,Advanced Topics,Concept Review,4.347593898717085,0.8124783477922488,7.441368250288928
10276,adaptive,5,86.0856025122177,Low,Advanced Topics,Application Exercise,5.926190670049348,1.4924518583452278,13.71190144854678
10278,adaptive,5,52.76878338491794,Medium,Advanced Topics,Advanced Practice,2.86487062539641,0.29611302784097293,2.723652760130813
10281,adaptive,5,57.55631560665235,Medium,Advanced Topics,Advanced Practice,3.519221403755028,0.5045155804423208,4.642599512740605
10282,adaptive,5,60.917689343252434,Medium,Problem Solving,Advanced Practice,3.908435730429409,0.6053385259289068,5.571092670351986
10290,adaptive,5,64.13667563063672,Medium,Advanced Topics,Advanced Practice,3.220781674561379,0.36794209850189197,3.3847456141172962
10293,adaptive,5,69.29330892908057,Low,Advanced Topics,Concept Review,3.7900686281179077,0.7386085742476179,6.763902865183017
10295,adaptive,5,79.36590254938528,Low,Critical Thinking,Advanced Practice,4.070804861853057,0.6969217923492435,6.4151179693152764
10297,adaptive,5,72.45812691257547,Low,Advanced Topics,Concept Review,4.457962642992782,0.9015783649188602,0.0
10299,adaptive,5,66.73786341195365,Low,Advanced Topics,Advanced Practice,3.0372340605348596,0.3955693640440602,3.639537242246672
10300,adaptive,5,108.39172082772454,Low,Conceptual Understanding,Concept Review,6.77545479032604,2.1464640775752897,0.0
10308,adaptive,5,63.87023716294993,Low,Critical Thinking,Advanced Practice,3.0185814089822562,0.35933193092524784,3.3057153376080413
10310,adaptive,5,76.02171145788381,Low,Conceptual Understanding,Application Exercise,4.271230147397818,0.7298678075873392,6.705660482208678
10311,adaptive,5,72.63860186289965,Low,Application Skills,Advanced Practice,3.8413183915987634,0.5679005110139612,5.204707337693481
10313,adaptive,5,70.81543537592937,Low,Conceptual Understanding,Application Exercise,5.3177985843025,1.2558513136688785,11.538133944332822
10315,adaptive,5,42.99416399831197,Medium,Advanced Topics,Application Exercise,1.2043814335563958,0.048560659400993876,0.4461510582466312
10319,adaptive,5,66.92599682293648,Low,Application Skills,Practice Questions,2.7404993901023795,0.3928779925650771,3.609566556691646
10320,adaptive,5,92.26997389912589,Low,Conceptual Understanding,Application Exercise,5.4716079131934805,1.4987828395819582,0.0
10322,adaptive,5,85.55796778086562,Low,Problem Solving,Application Exercise,4.777003523377642,0.9477574990381242,8.707522022412766
10328,adaptive,5,60.654706896872746,Medium,Advanced Topics,Critical Thinking Activity,2.5416691795527573,0.20902687332641876,1.9195698494814146
10329,adaptive,5,70.28557033869936,Low,Application Skills,Application Exercise,3.647671759154533,0.5392717928734062,4.954559597024419
10333,adaptive,5,75.87739225933058,Low,Critical Thinking,Concept Review,4.532700694292013,0.812259964417129,3.799999999999996
10347,adaptive,5,70.67535210034421,Low,Advanced Topics,Concept Review,4.103814827639016,0.6999466570021105,6.412453833460635
10352,adaptive,5,30.345105007096265,High,Advanced Topics,Application Exercise,1.5551459137715469,0.08509758440157905,0.7818340566895075
10356,adaptive,5,75.37812296425575,Low,Advanced Topics,Application Exercise,4.127371168201244,0.630001935114238,5.788142778862061
10362,adaptive,5,68.72218574263434,Low,Problem Solving,Application Exercise,2.4812221607546485,0.17547203120856875,1.6121492867287253
10364,adaptive,5,53.77910579392449,Medium,Advanced Topics,Advanced Practice,3.3767059687852794,0.33172759437346583,3.0510631631541596
10366,adaptive,5,74.48128144733995,Low,Application Skills,Concept Review,5.289655294666936,1.2356634768341963,11.30843948625938
10371,adaptive,5,74.49731276789615,Low,Advanced Topics,Advanced Practice,3.6422367367805313,0.5990750984656618,5.514035158249552
10372,adaptive,5,51.66324685594306,Medium,Problem Solving,Application Exercise,1.9360303243190669,0.07372403475007007,0.6773395692662688
10378,adaptive,5,96.83624202158038,Low,Critical Thinking,Application Exercise,4.522088251530468,0.8812645584582575,0.4000000000000057
10383,adaptive,5,85.08797402451574,Low,Problem Solving,Application Exercise,5.984780419808431,1.4420926899570394,0.0
10409,adaptive,5,71.68359418210576,Low,Advanced Topics,Advanced Practice,2.6410785048626857,0.2628401328039345,2.4175052898520466
10412,adaptive,5,50.19125022768525,Medium,Advanced Topics,Advanced Practice,2.7327617878583155,0.3086927715564753,2.8396633514133445
10426,adaptive,5,51.54184398540929,Medium,Advanced Topics,Application Exercise,2.101554503356897,0.17350433979714544,1.5940711218862738
10430,adaptive,5,63.84098494217258,Medium,Critical Thinking,Application Exercise,3.956207826508945,0.6924946179521259,6.3622943024351555
10433,adaptive,5,82.3677381862789,Low,Critical Thinking,Application Exercise,5.781269299667516,1.5521551815747348,14.260425730717873
10437,adaptive,5,68.19276021986467,Low,Application Skills,Advanced Practice,3.5884486823852155,0.4512833062967647,4.151941595220924
10440,adaptive,5,93.08489804941615,Low,Problem Solving,Application Exercise,6.002423289673294,1.527016484892886,2.4000000000000057
10446,adaptive,5,71.25117505701759,Low,Problem Solving,Advanced Practice,4.016033833426955,0.5705980870533017,5.250622457584001
10452,adaptive,5,80.9312124533174,Low,Critical Thinking,Application Exercise,5.340041059427659,1.0953492221098011,10.063520978133798
10463,adaptive,5,61.84807441290778,Medium,Application Skills,Advanced Practice,4.010716571406611,0.6352975049108072,5.847041216685607
10480,adaptive,5,98.84848231187517,Low,Conceptual Understanding,Application Exercise,5.805397495363804,1.6180803899077996,1.7000000000000028
10487,adaptive,5,48.91446778987939,Medium,Problem Solving,Advanced Practice,3.0597676798352462,0.4131910274849517,3.80187201363828
10494,adaptive,5,63.022915332017455,Medium,Advanced Topics,Advanced Practice,4.218779659371764,0.6331544512785142,5.826780204450264
10495,adaptive,5,29.463772824560742,High,Advanced Topics,Application Exercise,1.3869489071942587,0.0847703172077131,0.7788272893458641
10500,adaptive,5,78.42414745162543,Low,Advanced Topics,Application Exercise,4.021075406187982,0.5713143937111884,3.6999999999999984
10514,adaptive,5,44.2667690502934,Medium,Advanced Topics,Advanced Practice,2.9479114390866723,0.23677624678744152,2.177316463445637
10522,adaptive,5,46.06387425247432,Medium,Advanced Topics,Application Exercise,0.7791724716905271,0.0,0.0
10523,adaptive,5,73.75324396587007,Low,Application Skills,Practice Questions,3.8990945266919765,0.5240383043874016,4.814601921559253
10527,adaptive,5,86.33488392208082,Low,Critical Thinking,Application Exercise,4.753410680190739,1.0541163524390982,9.684693988034216
10528,adaptive,5,64.71725413790445,Medium,Advanced Topics,Application Exercise,4.2629859962548755,0.8826086206646094,8.1089667023561
10529,adaptive,5,77.25890405839064,Low,Advanced Topics,Practice Questions,4.574227228832361,0.6601524736650863,0.5
10530,adaptive,5,68.45590163184835,Low,Application Skills,Advanced Practice,3.1222395646139622,0.34369613127270493,3.1615582488473732
10535,adaptive,5,69.61335455844703,Low,Problem Solving,Application Exercise,5.05928472893088,1.162421259319159,10.679745319994773
10543,adaptive,5,78.69741406140234,Low,Advanced Topics,Application Exercise,5.096336782605172,1.152995233696594,0.0
10544,adaptive,5,68.93254850266537,Low,Application Skills,Advanced Practice,2.841179058208188,0.31002945883167754,2.851838245097684
10549,adaptive,5,67.24764480291873,Medium,Advanced Topics,Advanced Practice,3.2097824024037616,0.3256003268998376,2.9948137700705715
10550,adaptive,5,55.55149646348392,Medium,Advanced Topics,Application Exercise,2.2346959788683423,0.19665324614041413,1.806751698915055
10555,adaptive,5,85.7834024481875,Low,Critical Thinking,Application Exercise,4.388549457616028,0.6291424502438338,5.780246261615223
10560,adaptive,5,43.772447378818924,Medium,Critical Thinking,Advanced Practice,1.946841092295691,0.13518864544901277,1.2430005687694639
10571,adaptive,5,60.890990090350414,Medium,Problem Solving,Advanced Practice,3.0759017466528733,0.3651710553626291,3.359421126256506
10579,adaptive,5,61.18733089281117,Medium,Application Skills,Advanced Practice,3.0933191333844534,0.34942132930710784,3.2143251623046116
10584,adaptive,5,71.73250155523803,Low,Advanced Topics,Practice Questions,3.652329367204233,0.458148195822099,4.209236549115534
10585,adaptive,5,81.29083676080668,Low,Advanced Topics,Application Exercise,4.778325128917302,0.8837990158445441,8.113917583348496
10590,adaptive,5,85.85068523099673,Low,Critical Thinking,Concept Review,3.9192834397090635,0.7098606166001057,0.0
10591,adaptive,5,69.30976081012432,Medium,Advanced Topics,Application Exercise,5.859947894801635,1.5639028941646604,14.368357840137818
10596,adaptive,5,76.99924076187678,Low,Advanced Topics,Critical Thinking Activity,5.458040678070258,1.3221557738557395,7.900000000000004
10600,adaptive,5,36.38258962753477,Medium,Advanced Topics,Application Exercise,1.1575161544445223,0.06296887880178201,0.5785265739913722
10602,adaptive,5,37.111811748452006,Medium,Advanced Topics,Application Exercise,0.5780477084152684,0.0170177245357455,0.15635034417216181
10605,adaptive,5,74.5768527991234,Low,Application Skills,Application Exercise,3.8499288345592904,0.7009950421965556,6.438932212602394
10614,adaptive,5,69.00687630622778,Low,Advanced Topics,Advanced Practice,2.8939940011896192,0.32783164045476004,3.015732404258179
10618,adaptive,5,80.28959376151107,Low,Application Skills,Practice Questions,2.638783398351885,0.35718572080091116,3.281643809858371
10622,adaptive,5,57.55505431925598,Medium,Critical Thinking,Advanced Practice,2.683021100766565,0.33827530038464854,3.1122451218046447
10627,adaptive,5,90.98657816684255,Low,Conceptual Understanding,Application Exercise,4.564894095782291,0.7931959980831309,0.0
10636,adaptive,5,55.02938677290052,Medium,Advanced Topics,Advanced Practice,4.224929021807409,0.6895084163589691,6.346315739558751
10637,adaptive,5,46.97505131835507,Medium,Advanced Topics,Application Exercise,2.1183557074839166,0.1613339706819751,1.4822558556406462
10644,adaptive,5,85.25660295156553,Low,Advanced Topics,Application Exercise,5.583009388183914,1.2756059850122607,0.0
10645,adaptive,5,55.51159668697746,Medium,Problem Solving,Advanced Practice,1.2852523780563443,0.04318447990269316,0.39690494965853423
10650,adaptive,5,63.42306970596375,Medium,Critical Thinking,Advanced Practice,2.232745927086323,0.17576175938023536,1.6162186802560714
10651,adaptive,5,77.54920407310736,Low,Application Skills,Practice Questions,3.434919804139411,0.48913258010945215,4.493905579755591
10653,adaptive,5,85.14973622248132,Low,Conceptual Understanding,Critical Thinking Activity,5.38271862254207,1.2987423492469505,5.357421154292274
10657,adaptive,5,77.13676751738937,Low,Critical Thinking,Concept Review,4.120679726401864,0.7067789866724478,6.474943404886685
10661,adaptive,5,50.04906417442453,Medium,Problem Solving,Application Exercise,2.53074432350459,0.2129874422661463,1.9568221258202194
10663,adaptive,5,90.80248512134726,Low,Critical Thinking,Application Exercise,4.5192057825342085,0.9920560533819094,0.0
10669,adaptive,5,81.81529454424101,Low,Advanced Topics,Application Exercise,4.646849501849553,0.8669162430650524,7.247045744816847
10671,adaptive,5,63.07705181476672,Medium,Advanced Topics,Practice Questions,3.246279218207525,0.5090165814149399,4.6765898417497604
10678,adaptive,5,70.4881178283319,Low,Critical Thinking,Advanced Practice,2.6802418450762397,0.3576514718069735,3.2907806100592993
10679,adaptive,5,45.23097366376548,Medium,Advanced Topics,Application Exercise,1.9068501639822413,0.1494970528562077,1.3735041731164084
10680,adaptive,5,81.15977979569763,Low,Critical Thinking,Application Exercise,4.820493638387127,0.9070240829989219,6.799999999999985
10688,adaptive,5,86.9398335676041,Low,Critical Thinking,Application Exercise,5.19499161816433,1.16367812246881,7.800000000000001
10690,adaptive,5,83.84165689861167,Low,Advanced Topics,Application Exercise,4.820135439666231,1.0118428314947352,9.29630601435788
10693,adaptive,5,71.71019974329491,Low,Critical Thinking,Application Exercise,4.784726694918406,1.0044098277972717,9.228015292887434
10698,adaptive,5,74.81811585511514,Low,Application Skills,Concept Review,3.5362364796777404,0.5635346454014447,5.163701578379754
10714,adaptive,5,58.19849848565389,Medium,Advanced Topics,Advanced Practice,2.1345710865788807,0.15232299273826894,1.4005731812978601
10715,adaptive,5,51.34194687103853,Medium,Application Skills,Advanced Practice,2.9875916562854963,0.37476349736445264,3.447924211130468
10717,adaptive,5,100.66062487003987,Low,Conceptual Understanding,Application Exercise,6.511328880250151,2.0836252416800485,0.0
10722,adaptive,5,67.19692379756184,Medium,Advanced Topics,Application Exercise,4.653150434633875,1.051239746192485,9.658265168143455
10738,adaptive,5,85.29878879400547,Low,Critical Thinking,Application Exercise,4.993376292534138,1.0881565616690392,0.0
10741,adaptive,5,35.53276599277543,Medium,Advanced Topics,Application Exercise,1.6523631498692373,0.049174327340108515,0.45178913243724694
10742,adaptive,5,68.19713072507456,Low,Advanced Topics,Concept Review,4.60528327871066,0.9446357061291305,8.655880046116431
10750,adaptive,5,95.29874627909558,Low,Conceptual Understanding,Application Exercise,5.382268563969849,1.0385625421036222,0.0
10754,adaptive,5,63.283306928322794,Medium,Application Skills,Advanced Practice,2.6197242130648224,0.3227500230495861,2.969312690374185
10762,adaptive,5,36.561146918003644,Medium,Advanced Topics,Advanced Practice,2.057316448490526,0.2119858868524638,1.9498429500536654
10765,adaptive,5,52.99549470279869,Medium,Application Skills,Advanced Practice,2.82613914969324,0.33280614626787597,3.0616449319908234
10768,adaptive,5,53.88670651826417,Medium,Advanced Topics,Application Exercise,4.398617150431684,0.8121606706557062,7.4617261616493
10788,adaptive,5,86.47183260474702,Low,Problem Solving,Critical Thinking Activity,4.0695653159565035,0.7592181053448452,0.0
10801,adaptive,5,76.2180761139158,Low,Problem Solving,Advanced Practice,3.790052969681918,0.5578957971371784,5.134027660554069
10803,adaptive,5,99.48594853429978,Low,Conceptual Understanding,Application Exercise,5.370773753310041,1.259768691576403,0.0
10811,adaptive,5,73.16741895120838,Low,Problem Solving,Concept Review,3.8888630379400957,0.5637295859797962,5.166730035340208
10812,adaptive,5,68.36046537745985,Low,Advanced Topics,Application Exercise,4.544233640784577,0.788151882657677,7.241145421917407
10817,adaptive,5,88.34864306748982,Low,Conceptual Understanding,Advanced Practice,3.6213485825450364,0.5527626476396744,5.0870965203152245
10821,adaptive,5,79.97702204933354,Low,Conceptual Understanding,Application Exercise,4.185776151924011,0.7956323309577159,7.309872040674015
10823,adaptive,5,41.786085174073705,Medium,Advanced Topics,Application Exercise,2.1349421279257874,0.13868584063005915,1.2741761607886684
10824,adaptive,5,40.73720810990385,Medium,Advanced Topics,Application Exercise,1.6408532280664132,0.08663705044190662,0.7959779009350171
10827,adaptive,5,81.37453329486749,Low,Advanced Topics,Application Exercise,5.409115426947667,1.0368192450373288,9.525776813780459
10830,adaptive,5,81.78014605936083,Low,Advanced Topics,Concept Review,4.4031312665076925,0.8397651951483471,4.200000000000002
10838,adaptive,5,64.78689955195216,Medium,Conceptual Understanding,Advanced Practice,3.1664492090408474,0.4336768836702345,3.990452274510643
10846,adaptive,5,66.65105276453188,Medium,Problem Solving,Advanced Practice,3.5435862858948677,0.6009922340877696,5.531994790306678
10850,adaptive,5,48.83715778270438,Medium,Advanced Topics,Application Exercise,2.3472224952784257,0.179515576438894,1.6492993585323383
10860,adaptive,5,98.23811385268056,Low,Conceptual Understanding,Concept Review,6.034688430708864,1.5622601409419108,0.0
10866,adaptive,5,104.12216413782772,Low,Conceptual Understanding,Application Exercise,6.1325647464936806,1.6464709831386237,0.0
10867,adaptive,5,81.67211507303067,Low,Conceptual Understanding,Application Exercise,5.272890156623015,1.2266851660367784,11.270169962962902
10868,adaptive,5,90.32138167168009,Low,Critical Thinking,Application Exercise,5.957077279903812,1.742325962826267,15.899999999999999
10880,adaptive,5,63.67718822299699,Medium,Advanced Topics,Application Exercise,4.247963569536147,0.6987050479173054,6.419352627740243
10884,adaptive,5,96.90105582409483,Low,Conceptual Understanding,Application Exercise,5.380858459077593,1.2225310419024291,0.0
10885,adaptive,5,56.55949611059785,Medium,Advanced Topics,Advanced Practice,3.330078598612548,0.33886879819481286,3.116865849247384
10893,adaptive,5,62.90810502366868,Medium,Problem Solving,Advanced Practice,3.768477973974098,0.5438667412039419,5.004765797914041
10894,adaptive,5,46.45974950387237,Medium,Advanced Topics,Application Exercise,1.926320780274571,0.08383348035754933,0.7702201007849845
10900,adaptive,5,100.82344553155562,Low,Conceptual Understanding,Concept Review,6.485938974568487,1.824364914766624,0.0
10902,adaptive,5,85.70117555870813,Low,Critical Thinking,Application Exercise,4.949969112779241,0.9662339708145079,8.877274606858292
10903,adaptive,5,44.68435115363446,Medium,Advanced Topics,Application Exercise,1.57411609469419,0.14305567068580796,1.3143239744258606
10915,adaptive,5,74.30210191714444,Low,Advanced Topics,Practice Questions,3.82411114164747,0.44298503464844297,4.0699250058325696
10918,adaptive,5,38.20676715875787,Medium,Advanced Topics,Application Exercise,1.8917151855780479,0.14770512168993397,1.3570408055262684
10925,adaptive,5,74.00340984813062,Low,Application Skills,Practice Questions,2.717052478843144,0.3616940259835994,3.323063863724319
10937,adaptive,5,74.30644697192704,Low,Advanced Topics,Application Exercise,4.930273991975931,1.0160308642664,9.33478356544755
10939,adaptive,5,101.57599107909621,Low,Conceptual Understanding,Practice Questions,5.80795881648581,1.4217883182757263,0.0
10942,adaptive,5,56.01662984268722,Medium,Advanced Topics,Advanced Practice,3.5292009961103323,0.4799713354710052,4.4163809765495765
10943,adaptive,5,57.65032861369373,Medium,Application Skills,Advanced Practice,2.6171599619678534,0.3274590544414178,3.0127000307923253
10948,adaptive,5,49.82252437244604,Medium,Advanced Topics,Advanced Practice,2.6702971528503125,0.30078227129705926,2.766884890715458
10949,adaptive,5,92.04297717012817,Low,Conceptual Understanding,Application Exercise,4.710313379453502,0.963164879830652,0.0
10960,adaptive,5,68.05257278976832,Low,Conceptual Understanding,Advanced Practice,3.225750619572076,0.4717337706062204,4.341076740517654
10974,adaptive,5,72.06252221849262,Low,Advanced Topics,Concept Review,4.343242256066372,0.708817136190032,0.0
10975,adaptive,5,59.26361358744394,Medium,Application Skills,Advanced Practice,3.7706676271178377,0.5502158201490349,5.063280986451816
10978,adaptive,5,65.45565855065188,Medium,Advanced Topics,Advanced Practice,3.8625552611636005,0.673629637546932,6.200935144083675
10979,adaptive,5,44.65037052571361,Medium,Advanced Topics,Application Exercise,2.5113844924170747,0.2330564808963045,2.141206418234798
10986,adaptive,5,74.93590644347212,Low,Problem Solving,Application Exercise,3.4775910617235612,0.3149306465496857,2.8934253151752376
10987,adaptive,5,93.91142789818784,Low,Critical Thinking,Application Exercise,6.1152747911775664,1.5576827948087495,0.0
10990,adaptive,5,56.30434452211122,Medium,Advanced Topics,Advanced Practice,3.2870163107324366,0.48805618181755217,4.491393345370063
10996,adaptive,5,78.80606750372533,Low,Advanced Topics,Concept Review,4.120899295011287,0.7094540226291431,6.499380504657168
10999,adaptive,5,89.00386546516395,Low,Critical Thinking,Critical Thinking Activity,5.554579845044405,1.4397470958355099,13.208924813525865
10011,adaptive,6,53.405927670876565,Medium,Advanced Topics,Advanced Practice,2.1885796541582536,0.17727495198681856,2.1100937322778757
10024,adaptive,6,98.13998574972722,Low,Conceptual Understanding,Critical Thinking Activity,6.560250771751141,1.5374603708675976,11.0888047845546
10026,adaptive,6,90.70352133751113,Low,Critical Thinking,Application Exercise,5.523576401609715,1.139403340124052,0.0
10031,adaptive,6,78.86789944063028,Low,Critical Thinking,Application Exercise,3.214231726528073,0.19439673482041786,2.3111611806427454
10040,adaptive,6,82.89669964317322,Low,Critical Thinking,Concept Review,4.15149943275353,0.6635756693313244,7.878827280898807
10045,adaptive,6,90.37164654074142,Low,Conceptual Understanding,Application Exercise,5.092678194666949,0.8937650231640495,0.20000000000000284
10055,adaptive,6,64.82786213902696,Medium,Advanced Topics,Concept Review,4.2800992371930855,0.7927599807129032,9.386676755039998
10056,adaptive,6,96.59523677291014,Low,Conceptual Understanding,Application Exercise,5.767919157307695,1.119726146008143,3.9000000000000057
10060,adaptive,6,88.66881256360497,Low,Problem Solving,Application Exercise,5.134315079112445,0.9606816944527294,0.29999999999999716
10061,adaptive,6,52.631452824031584,Medium,Advanced Topics,Advanced Practice,3.014455035412013,0.3003301551780989,3.575784926198756
10064,adaptive,6,92.8749244107163,Low,Critical Thinking,Application Exercise,5.577836792307641,1.1340299982440667,0.0
10067,adaptive,6,83.27127128638426,Low,Problem Solving,Application Exercise,5.359086844259635,1.098237666994127,2.700000000000003
10068,adaptive,6,56.4847988721328,Medium,Critical Thinking,Advanced Practice,3.153065264563396,0.38309742964445265,4.5626833571787575
10071,adaptive,6,84.76027772903949,Low,Critical Thinking,Application Exercise,4.654641789580255,0.7037818385845347,8.367184080949468
10073,adaptive,6,79.3058742746098,Low,Problem Solving,Concept Review,4.075316433481069,0.6348935471720157,4.999999999999999
10077,adaptive,6,68.01734570136416,Medium,Advanced Topics,Concept Review,3.422091509498748,0.4157841184040979,4.929997958352282
10079,adaptive,6,53.06485407180512,Medium,Critical Thinking,Advanced Practice,3.398359011206136,0.30646401563056935,3.6483125670578977
10087,adaptive,6,66.4004828951604,Medium,Problem Solving,Concept Review,3.681583806788927,0.4840914547546761,5.73866384140798
10089,adaptive,6,80.69177870487596,Low,Advanced Topics,Advanced Practice,3.367456440455084,0.3273167660122342,3.8969541630601108
10097,adaptive,6,81.12144350013939,Low,Conceptual Understanding,Application Exercise,5.784209256638638,1.2056605774537579,14.333964643061341
10102,adaptive,6,55.62081890185468,Medium,Advanced Topics,Application Exercise,4.101960096901968,0.5969582529021435,7.097170340058818
10108,adaptive,6,80.69486377309457,Low,Critical Thinking,Application Exercise,4.576663047522443,0.7167054332420145,8.520831261877284
10111,adaptive,6,67.95860220750737,Low,Advanced Topics,Advanced Practice,3.0323760725499036,0.25708484343078086,3.0602351576984983
10121,adaptive,6,100.72704168122517,Low,Conceptual Understanding,Concept Review,6.563404781438525,1.5754140496886893,0.0
10137,adaptive,6,60.0731751103986,Medium,Advanced Topics,Application Exercise,2.742117589138114,0.2361785879524658,2.8079009901015377
10138,adaptive,6,58.86747399241965,Medium,Advanced Topics,Advanced Practice,3.419414888704006,0.3259044330423788,3.8800322395486924
10140,adaptive,6,62.23320199473794,Medium,Advanced Topics,Advanced Practice,3.6592100849585827,0.40507455640491513,4.823669982476871
10159,adaptive,6,56.594410932328316,Medium,Advanced Topics,Advanced Practice,2.903426256411897,0.3370877883694213,4.014392901086219
10169,adaptive,6,76.41744694311924,Low,Critical Thinking,Concept Review,3.2086833059556317,0.40285018906272957,4.7762132278296745
10175,adaptive,6,72.7653049528748,Low,Advanced Topics,Advanced Practice,4.325867850197546,0.49756132012972176,5.925385641299774
10185,adaptive,6,86.09154627469306,Low,Advanced Topics,Application Exercise,4.4077854784052315,0.6819284913640734,3.8
10199,adaptive,6,70.73926223514849,Low,Advanced Topics,Advanced Practice,3.5718386403741076,0.46966106282279146,5.59447053597684
10200,adaptive,6,57.17949893200603,Medium,Advanced Topics,Advanced Practice,3.184878657443027,0.4093206050545779,4.875500548788222
10209,adaptive,6,59.41497772372643,Medium,Critical Thinking,Advanced Practice,3.5183224223728544,0.4759234740743761,5.669379506916295
10210,adaptive,6,41.64634798727598,Medium,Problem Solving,Advanced Practice,2.785111443350275,0.29402421507448856,3.501008789141744
10211,adaptive,6,66.75810005787068,Medium,Advanced Topics,Concept Review,3.6837055303374813,0.6106847028193476,7.2388463111538295
10214,adaptive,6,67.80788260430265,Low,Critical Thinking,Application Exercise,4.497567298382796,0.803895178912941,9.55742046040941
10216,adaptive,6,62.42840921805751,Medium,Critical Thinking,Concept Review,3.614917137625217,0.5748802723965383,6.810792638150494
10219,adaptive,6,87.44255023133508,Low,Conceptual Understanding,Practice Questions,3.0746388483289873,0.3660972476705326,4.3524895000829975
10222,adaptive,6,70.04433242648368,Low,Critical Thinking,Concept Review,4.486302781786434,0.7195132401429083,8.554212966143465
10236,adaptive,6,50.704583476601925,Medium,Problem Solving,Advanced Practice,2.69691438859486,0.23592607071427835,2.8084802461824165
10238,adaptive,6,58.46235814735216,Medium,Critical Thinking,Advanced Practice,2.467171783353646,0.1452177311681956,1.727960160240709
10245,adaptive,6,66.20284355917698,Medium,Critical Thinking,Advanced Practice,3.2426811606499983,0.3379522305629429,4.023989708318813
10248,adaptive,6,50.20147006610038,Medium,Problem Solving,Application Exercise,1.0213799780987074,0.029231894973185006,0.34753475134786616
10255,adaptive,6,57.91375660193245,Medium,Application Skills,Application Exercise,1.6573524916554168,0.12977070009661912,1.5428294344820273
10257,adaptive,6,61.64509107932744,Medium,Advanced Topics,Advanced Practice,3.9258448566759236,0.42717117885490724,5.081594357774526
10260,adaptive,6,68.05419610763607,Medium,Advanced Topics,Application Exercise,5.144066782299104,0.9638952336672062,11.459643333599006
10261,adaptive,6,52.53485493422667,Medium,Advanced Topics,Advanced Practice,2.4987377648373275,0.2314081044015849,2.7549043050587017
10262,adaptive,6,75.02539059378174,Low,Advanced Topics,Application Exercise,5.131005839956956,0.8547742628784293,10.162316236443548
10266,adaptive,6,73.31440226762788,Low,Advanced Topics,Concept Review,4.35050331704441,0.6859873630315626,8.127355613320491
10276,adaptive,6,86.12473691988475,Low,Advanced Topics,Application Exercise,5.926190670049348,1.259256255478786,14.971157704025565
10278,adaptive,6,52.77361680773021,Medium,Advanced Topics,Advanced Practice,2.8641695636753193,0.24978422764812458,2.9734369877789373
10281,adaptive,6,57.56455076311755,Medium,Advanced Topics,Advanced Practice,3.51802693904768,0.4255405385472073,5.068140051287813
10282,adaptive,6,60.92757022239411,Medium,Problem Solving,Advanced Practice,3.9070025625883162,0.5105670948790412,6.081659765231027
10290,adaptive,6,64.14268151205795,Medium,Advanced Topics,Advanced Practice,3.2199105540885027,0.31036717830859084,3.695112792425887
10293,adaptive,6,69.30199473586927,Low,Advanced Topics,Concept Review,3.7927135248446633,0.6236358848902079,7.387538750073224
10295,adaptive,6,79.37727833286253,Low,Critical Thinking,Advanced Practice,4.069154866259239,0.587789420431147,7.002907389746423
10297,adaptive,6,72.45812691257547,Low,Advanced Topics,Concept Review,4.457962642992782,0.7607067454002883,0.0
10299,adaptive,6,66.74432025041817,Low,Advanced Topics,Advanced Practice,3.0362975311927047,0.3336587357027664,3.9731959779494384
10300,adaptive,6,108.39172082772454,Low,Conceptual Understanding,Concept Review,6.77545479032604,1.8110790654541506,0.0
10308,adaptive,6,63.87610250148222,Low,Critical Thinking,Advanced Practice,3.017730673491913,0.30310086884552784,3.608816206453569
10310,adaptive,6,76.04084972634149,Low,Conceptual Understanding,Application Exercise,4.271230147397818,0.6158259626518174,7.321486444860495
10311,adaptive,6,72.64787164513466,Low,Application Skills,Advanced Practice,3.8399738600441657,0.47899833930190927,5.68370567699539
10313,adaptive,6,70.84836574953137,Low,Conceptual Understanding,Application Exercise,5.3177985843025,1.0596245459081164,12.597758490240938
10315,adaptive,6,42.995437334286564,Medium,Advanced Topics,Application Exercise,1.2043814335563958,0.04097305636958859,0.4871241146162198
10319,adaptive,6,66.94006189011284,Low,Application Skills,Practice Questions,2.7404993901023795,0.33149080622678384,3.9410573629184302
10320,adaptive,6,92.26997389912589,Low,Conceptual Understanding,Application Exercise,5.4716079131934805,1.2645980208972774,0.0
10322,adaptive,6,85.58281945573168,Low,Problem Solving,Application Exercise,4.777003523377642,0.7996703898134174,9.507192412226184
10328,adaptive,6,60.64934120155143,Medium,Advanced Topics,Critical Thinking Activity,2.5419141361676036,0.17638342190867004,2.095953271390085
10329,adaptive,6,70.29971088337933,Low,Application Skills,Application Exercise,3.647671759154533,0.45501057523693644,5.409570172261356
10333,adaptive,6,75.87739225933058,Low,Critical Thinking,Concept Review,4.532700694292013,0.6853443449769526,3.799999999999996
10347,adaptive,6,70.6835832550276,Low,Advanced Topics,Concept Review,4.106321279211006,0.5909406952912558,7.00339452875189
10352,adaptive,6,30.347336398039175,High,Advanced Topics,Application Exercise,1.5551459137715469,0.07180108683883232,0.8536351435283398
10356,adaptive,6,75.39464259430072,Low,Advanced Topics,Practice Questions,4.127371168201244,0.5315641327526383,6.319706911614699
10362,adaptive,6,68.72678689205506,Low,Problem Solving,Application Exercise,2.4812221607546485,0.14805452633222987,1.7602038130609552
10364,adaptive,6,53.784520549681076,Medium,Advanced Topics,Advanced Practice,3.375920587878737,0.27983005752926854,3.330893220683428
10366,adaptive,6,74.49581246497208,Low,Application Skills,Concept Review,5.294080104233464,1.0434631885444157,12.351902674803796
10371,adaptive,6,74.5070914097489,Low,Advanced Topics,Advanced Practice,3.640818397902789,0.5052727772609491,6.019307935510501
10372,adaptive,6,51.6651800147345,Medium,Problem Solving,Application Exercise,1.9360303243190669,0.06220465432037163,0.7395442235866404
10378,adaptive,6,96.83624202158038,Low,Critical Thinking,Application Exercise,4.522088251530468,0.7435669711991548,0.4000000000000057
10383,adaptive,6,85.08797402451574,Low,Problem Solving,Application Exercise,5.984780419808431,1.216765707151252,0.0
10409,adaptive,6,71.68788449483918,Low,Advanced Topics,Advanced Practice,2.640456218308059,0.22171910865132774,2.6392243985033743
10412,adaptive,6,50.1962889883737,Medium,Advanced Topics,Advanced Practice,2.7320309429937937,0.26038986917673845,3.100053220590083
10426,adaptive,6,51.54639353890252,Medium,Advanced Topics,Application Exercise,2.101554503356897,0.14639428670384147,1.7404654085901152
10430,adaptive,6,63.85914322750329,Medium,Critical Thinking,Application Exercise,3.956207826508945,0.5842923338971062,6.9465866363322615
10433,adaptive,6,82.40843810788684,Low,Critical Thinking,Application Exercise,5.781269299667516,1.3096309344536825,15.570056665171556
10437,adaptive,6,68.20012647133748,Low,Application Skills,Advanced Practice,3.5873802476266414,0.38065691807566293,4.532598513296587
10440,adaptive,6,93.08489804941615,Low,Problem Solving,Application Exercise,6.002423289673294,1.2884201591283726,2.4000000000000057
10446,adaptive,6,71.2604888715117,Low,Problem Solving,Advanced Practice,4.014682915232381,0.4812801878780579,5.731902645462059
10452,adaptive,6,80.9599342125863,Low,Critical Thinking,Application Exercise,5.340041059427659,0.9242009061551447,10.987721884288943
10463,adaptive,6,61.85844430941386,Medium,Application Skills,Advanced Practice,4.009212474253424,0.5358312471839701,6.382872463869577
10480,adaptive,6,98.84848231187517,Low,Conceptual Understanding,Application Exercise,5.805397495363804,1.3652553289847058,1.7000000000000028
10487,adaptive,6,48.92121226496255,Medium,Problem Solving,Advanced Practice,3.0587894303641576,0.34851846769569217,4.1503904813339725
10494,adaptive,6,63.03325024767724,Medium,Advanced Topics,Advanced Practice,4.217280636000297,0.5340342469367175,6.3608144513869815
10495,adaptive,6,29.465995634049122,High,Advanced Topics,Application Exercise,1.3869489071942587,0.07152495514400793,0.850352244489872
10500,adaptive,6,78.42414745162543,Low,Advanced Topics,Application Exercise,4.021075406187982,0.4820465196938153,3.6999999999999984
10514,adaptive,6,44.27063392486839,Medium,Advanced Topics,Advanced Practice,2.9473508600257086,0.1997419677839423,2.377058431229579
10522,adaptive,6,46.06387425247432,Medium,Advanced Topics,Application Exercise,0.7791724716905271,0.0,0.0
10523,adaptive,6,73.77200458390843,Low,Application Skills,Practice Questions,3.8990945266919765,0.4421573193268702,5.256759240886122
10527,adaptive,6,86.36252449141254,Low,Critical Thinking,Application Exercise,4.753410680190739,0.8894106723704891,10.574104660404705
10528,adaptive,6,64.74039750790891,Medium,Advanced Topics,Application Exercise,4.2629859962548755,0.7447010236857643,8.853667726041863
10529,adaptive,6,77.25890405839064,Low,Advanced Topics,Practice Questions,4.574227228832361,0.5570036496549167,0.5
10530,adaptive,6,68.46151174881449,Low,Application Skills,Advanced Practice,3.1214258476252867,0.28991803272743666,3.45147628157481
10535,adaptive,6,69.64383505079167,Low,Problem Solving,Application Exercise,5.05928472893088,0.9807929375505404,11.660538257545312
10543,adaptive,6,78.69741406140234,Low,Advanced Topics,Application Exercise,5.096336782605172,0.9728397284315013,0.0
10544,adaptive,6,68.93760908196415,Low,Application Skills,Advanced Practice,2.840445048672768,0.26151977563130174,3.1133580207289855
10549,adaptive,6,67.25295954391204,Medium,Advanced Topics,Advanced Practice,3.2090115280952975,0.27465929668967654,3.269473066760248
10550,adaptive,6,55.556653017285285,Medium,Advanced Topics,Application Exercise,2.2346959788683423,0.16592617643097443,1.9726778753460295
10555,adaptive,6,85.79989954120315,Low,Critical Thinking,Application Exercise,4.388549457616028,0.5308389423932347,6.3110852040084575
10560,adaptive,6,43.77465404931782,Medium,Critical Thinking,Advanced Practice,1.9465210267276833,0.11404666695597497,1.3570472357254388
10571,adaptive,6,60.89695074031654,Medium,Problem Solving,Advanced Practice,3.0750371867568376,0.30802647499743246,3.6674476012539383
10579,adaptive,6,61.193034461602046,Medium,Application Skills,Advanced Practice,3.0924918617162804,0.2947453993401787,3.50907056164479
10584,adaptive,6,71.74890330151271,Low,Advanced Topics,Practice Questions,3.652329367204233,0.38656254022489606,4.595799089340431
10585,adaptive,6,81.31401134482317,Low,Advanced Topics,Application Exercise,4.778325128917302,0.7457054196188342,8.85962300296733
10590,adaptive,6,85.85068523099673,Low,Critical Thinking,Concept Review,3.9192834397090635,0.5989448952563392,0.0
10591,adaptive,6,69.35076877501758,Medium,Advanced Topics,Application Exercise,5.859947894801635,1.3195430669514323,15.68790090708925
10596,adaptive,6,76.99924076187678,Low,Advanced Topics,Critical Thinking Activity,5.458040678070258,1.1155689341907802,7.900000000000004
10600,adaptive,6,36.3842407694189,Medium,Advanced Topics,Application Exercise,1.1575161544445223,0.053129991489003575,0.6316565654803757
10602,adaptive,6,37.11225797964253,Medium,Advanced Topics,Application Exercise,0.5780477084152684,0.014358705077035268,0.17070904924919708
10605,adaptive,6,74.59523397879127,Low,Critical Thinking,Application Exercise,3.8499288345592904,0.5914645668533438,7.030396779455738
10614,adaptive,6,69.01222746872513,Low,Advanced Topics,Advanced Practice,2.8932178441398566,0.2765337615428875,3.2922661658010663
10618,adaptive,6,80.30238104217472,Low,Application Skills,Practice Questions,2.638783398351885,0.3013754519257688,3.58301926178414
10622,adaptive,6,57.560575952551304,Medium,Critical Thinking,Advanced Practice,2.682220217853647,0.28533458677527096,3.3975797085799155
10627,adaptive,6,90.98657816684255,Low,Conceptual Understanding,Application Exercise,4.564894095782291,0.6692591233826417,0.0
10636,adaptive,6,55.04064154859608,Medium,Advanced Topics,Advanced Practice,4.223296577734942,0.5815479387541016,6.927863678312852
10637,adaptive,6,46.979281745851885,Medium,Advanced Topics,Application Exercise,2.1183557074839166,0.1361255377629165,1.6183813934035627
10644,adaptive,6,85.25660295156553,Low,Advanced Topics,Application Exercise,5.583009388183914,1.0762925498540952,0.0
10645,adaptive,6,55.512301582847186,Medium,Problem Solving,Advanced Practice,1.2851501367398246,0.03643400637657403,0.43333895603510825
10650,adaptive,6,63.42593864727142,Medium,Critical Thinking,Advanced Practice,2.2323298027353227,0.14827134549768017,1.7644900257537515
10651,adaptive,6,77.56671506310317,Low,Application Skills,Practice Questions,3.434919804139411,0.41270561446735027,4.906611194222942
10653,adaptive,6,85.14973622248132,Low,Conceptual Understanding,Critical Thinking Activity,5.38271862254207,1.0958138571771145,5.357421154292274
10657,adaptive,6,77.14507901814171,Low,Critical Thinking,Concept Review,4.123210643986044,0.5967110443976603,7.071654449284345
10661,adaptive,6,50.054649036239,Medium,Problem Solving,Application Exercise,2.53074432350459,0.17970815441206095,2.1365302802322805
10663,adaptive,6,90.80248512134726,Low,Critical Thinking,Application Exercise,4.5192057825342085,0.8370472950409861,0.0
10669,adaptive,6,81.81953714104843,Low,Advanced Topics,Application Exercise,4.646849501849553,0.7314605800861381,7.247045744816847
10671,adaptive,6,63.09527465378281,Medium,Advanced Topics,Practice Questions,3.246279218207525,0.42948274056885555,5.106072582318616
10678,adaptive,6,70.49395573690106,Low,Critical Thinking,Advanced Practice,2.6793950881530346,0.3016730929751502,3.5924537030344497
10679,adaptive,6,45.23489370887701,Medium,Advanced Topics,Application Exercise,1.9068501639822413,0.12613813834742527,1.4996423114638335
10680,adaptive,6,81.15977979569763,Low,Critical Thinking,Application Exercise,4.820493638387127,0.7653015700303404,6.799999999999985
10688,adaptive,6,86.9398335676041,Low,Critical Thinking,Application Exercise,5.19499161816433,0.9818534158330584,7.800000000000001
10690,adaptive,6,83.86818899051218,Low,Advanced Topics,Application Exercise,4.820135439666231,0.8537423890736828,10.150048403431562
10693,adaptive,6,71.73653693028423,Low,Critical Thinking,Application Exercise,4.784726694918406,0.8474707922039482,10.075486085091383
10698,adaptive,6,74.82474284702852,Low,Application Skills,Concept Review,3.5382544510241383,0.47575369348470564,5.63945527186446
10714,adaptive,6,58.20098483835949,Medium,Advanced Topics,Advanced Practice,2.134210454626179,0.12850081147304224,1.5290739927709023
10715,adaptive,6,51.34806409745905,Medium,Application Skills,Advanced Practice,2.986704385825362,0.31611279219575633,3.7640370033262247
10717,adaptive,6,100.66062487003987,Low,Conceptual Understanding,Application Exercise,6.511328880250151,1.7580587976675408,0.0
10722,adaptive,6,67.22448893780624,Medium,Advanced Topics,Application Exercise,4.653150434633875,0.8869835358499093,10.545248703993364
10738,adaptive,6,85.29878879400547,Low,Critical Thinking,Application Exercise,4.993376292534138,0.9181320989082519,0.0
10741,adaptive,6,35.53405542007731,Medium,Advanced Topics,Application Exercise,1.6523631498692373,0.041490838693216556,0.4932799711304635
10742,adaptive,6,68.2082393467657,Low,Advanced Topics,Concept Review,4.608665941699189,0.7976218145298786,9.453501860646309
10750,adaptive,6,95.29874627909558,Low,Conceptual Understanding,Application Exercise,5.382268563969849,0.8762871448999312,0.0
10754,adaptive,6,63.28857514409649,Medium,Application Skills,Advanced Practice,2.618960086986713,0.2722409010422688,3.2415535914164537
10762,adaptive,6,36.564607142056815,Medium,Advanced Topics,Advanced Practice,2.056814561789467,0.1788194580019763,2.1286624080556416
10765,adaptive,6,53.00092706364807,Medium,Application Skills,Advanced Practice,2.8253512152636295,0.28072689674859425,3.3423718287394175
10768,adaptive,6,53.908002633511614,Medium,Advanced Topics,Application Exercise,4.398617150431684,0.6852605658657521,8.146986727515053
10788,adaptive,6,86.47183260474702,Low,Problem Solving,Critical Thinking Activity,4.0695653159565035,0.6405902763847132,0.0
10801,adaptive,6,76.22718259022457,Low,Problem Solving,Advanced Practice,3.7887321247647523,0.4705605298957823,5.604588190449851
10803,adaptive,6,99.48594853429978,Low,Conceptual Understanding,Application Exercise,5.370773753310041,1.06292983351759,0.0
10811,adaptive,6,73.17404823556224,Low,Problem Solving,Concept Review,3.8908817073527167,0.47589374162631076,5.642623776966519
10812,adaptive,6,68.38113194496553,Low,Advanced Topics,Application Exercise,4.544233640784577,0.665003150992415,7.906148572909823
10817,adaptive,6,88.35766575592183,Low,Conceptual Understanding,Advanced Practice,3.620039890604211,0.4662249375109164,5.553321457826141
10821,adaptive,6,79.99788476582162,Low,Conceptual Understanding,Application Exercise,4.185776151924011,0.6713147792455728,7.9811868199195874
10823,adaptive,6,41.78972173239518,Medium,Advanced Topics,Application Exercise,2.1349421279257874,0.11701617803161242,1.3911923388202807
10824,adaptive,6,40.73947986803937,Medium,Advanced Topics,Application Exercise,1.6408532280664132,0.07310001131035872,0.8690779122453758
10827,adaptive,6,81.40172030715567,Low,Advanced Topics,Application Exercise,5.409115426947667,0.8748162380002463,10.400593051780705
10830,adaptive,6,81.78014605936083,Low,Advanced Topics,Concept Review,4.4031312665076925,0.7085518834064178,4.200000000000002
10838,adaptive,6,64.79397841558058,Medium,Conceptual Understanding,Advanced Practice,3.1654224583278516,0.36579621928436656,4.356248493795009
10846,adaptive,6,66.66086269959425,Medium,Problem Solving,Advanced Practice,3.5421634081070725,0.5068835837001221,6.0388783740068
10850,adaptive,6,48.841864960166525,Medium,Advanced Topics,Application Exercise,2.3472224952784257,0.1514662676203168,1.8007656261526552
10860,adaptive,6,98.23811385268056,Low,Conceptual Understanding,Concept Review,6.034688430708864,1.3181569939197373,0.0
10866,adaptive,6,104.12216413782772,Low,Conceptual Understanding,Application Exercise,6.1325647464936806,1.3892098920232137,0.0
10867,adaptive,6,81.70428066490445,Low,Conceptual Understanding,Application Exercise,5.272890156623015,1.0350156088435318,11.800000000000002
10868,adaptive,6,90.36424620877132,Low,Critical Thinking,Application Exercise,5.957077279903812,1.4700875311346628,15.899999999999999
10880,adaptive,6,63.69550935545518,Medium,Advanced Topics,Application Exercise,4.247963569536147,0.5895323841802265,7.008885011920469
10884,adaptive,6,96.90105582409483,Low,Conceptual Understanding,Application Exercise,5.380858459077593,1.0315105666051747,0.0
10885,adaptive,6,56.565027431497526,Medium,Advanced Topics,Advanced Practice,3.3292763105652488,0.2858516640251323,3.4027175132725165
10893,adaptive,6,62.91698250512546,Medium,Problem Solving,Advanced Practice,3.767190343516187,0.4587307681299661,5.463496566044007
10894,adaptive,6,46.46194774804226,Medium,Advanced Topics,Application Exercise,1.926320780274571,0.07073449905168225,0.8409545998366668
10900,adaptive,6,100.82344553155562,Low,Conceptual Understanding,Concept Review,6.485938974568487,1.5393078968343392,0.0
10902,adaptive,6,85.72651171538493,Low,Critical Thinking,Application Exercise,4.949969112779241,0.8152599128747411,9.692534519733032
10903,adaptive,6,44.68810229569267,Medium,Advanced Topics,Application Exercise,1.57411609469419,0.12070322214115048,1.435027196567011
10915,adaptive,6,74.31796082089664,Low,Advanced Topics,Practice Questions,3.82411114164747,0.37376862298462377,4.4436936288171935
10918,adaptive,6,38.210640216648756,Medium,Advanced Topics,Application Exercise,1.8917151855780479,0.1246261964258818,1.4816670019521503
10925,adaptive,6,74.01635852652191,Low,Application Skills,Practice Questions,2.717052478843144,0.305179334423662,3.628243198147981
10937,adaptive,6,74.33308888055691,Low,Advanced Topics,Application Exercise,4.930273991975931,0.857276041724775,10.192059607172325
10939,adaptive,6,101.57599107909621,Low,Conceptual Understanding,Practice Questions,5.80795881648581,1.199633893545144,0.0
10942,adaptive,6,56.024464365940105,Medium,Advanced Topics,Advanced Practice,3.5280646410739704,0.4048454175632381,4.821226394112815
10943,adaptive,6,57.655673694507506,Medium,Application Skills,Advanced Practice,2.616384687033254,0.27621173141010064,3.2889117622024258
10948,adaptive,6,49.82743401084396,Medium,Advanced Topics,Advanced Practice,2.6695850364725677,0.25371736186635285,3.020602252581811
10949,adaptive,6,92.04297717012817,Low,Conceptual Understanding,Application Exercise,4.710313379453502,0.8126703673571127,0.0
10960,adaptive,6,68.0602728520884,Low,Conceptual Understanding,Advanced Practice,3.2246337673635495,0.3978875605549884,4.700000000000006
10974,adaptive,6,72.06252221849262,Low,Advanced Topics,Concept Review,4.343242256066372,0.5980644586603395,0.0
10975,adaptive,6,59.27259470427008,Medium,Application Skills,Advanced Practice,3.769364964912606,0.4640842144800401,5.527365200931856
10978,adaptive,6,65.46665413865718,Medium,Advanced Topics,Advanced Practice,3.8609604108575546,0.5681403244576892,6.769075468541365
10979,adaptive,6,44.65648162891727,Medium,Advanced Topics,Application Exercise,2.5113844924170747,0.19664140575625697,2.337847823991055
10986,adaptive,6,74.94416441456848,Low,Problem Solving,Application Exercise,3.4775910617235612,0.26572273302629734,3.159148048201535
10987,adaptive,6,93.91142789818784,Low,Critical Thinking,Application Exercise,6.1152747911775664,1.3142948581198826,0.0
10990,adaptive,6,56.31231101348807,Medium,Advanced Topics,Advanced Practice,3.2858608144366177,0.41165264283261943,4.903045988202682
10996,adaptive,6,78.81441046206737,Low,Advanced Topics,Concept Review,4.123439791679832,0.5989708641394125,7.09835136879658
10999,adaptive,6,88.96690732608329,Low,Critical Thinking,Critical Thinking Activity,5.556267071041802,1.2151556084368422,14.424080421962707
10011,adaptive,7,53.408821311873126,Medium,Advanced Topics,Advanced Practice,2.1881599472515623,0.15098303636035781,2.2610767686382336
10024,adaptive,7,98.13998574972722,Low,Conceptual Understanding,Critical Thinking Activity,6.560250771751141,1.3096884640723978,11.0888047845546
10026,adaptive,7,90.70352133751113,Low,Critical Thinking,Application Exercise,5.523576401609715,0.970602845290859,0.0
10031,adaptive,7,78.8729968251972,Low,Critical Thinking,Application Exercise,3.214231726528073,0.16559721855072632,2.476758399193472
10040,adaptive,7,82.90450308636959,Low,Critical Thinking,Concept Review,4.153875642801669,0.5655917075238754,8.444418988422683
10045,adaptive,7,90.37164654074142,Low,Conceptual Understanding,Application Exercise,5.092678194666949,0.7613553901027088,0.20000000000000284
10055,adaptive,7,64.83718474948988,Medium,Advanced Topics,Concept Review,4.2829380456651185,0.6757619648450424,10.06243871988504
10056,adaptive,7,96.59523677291014,Low,Conceptual Understanding,Application Exercise,5.767919157307695,0.9538407910439736,3.9000000000000057
10060,adaptive,7,88.66881256360497,Low,Problem Solving,Application Exercise,5.134315079112445,0.8183584804597325,0.29999999999999716
10061,adaptive,7,52.63635508258412,Medium,Advanced Topics,Advanced Practice,3.013743989440751,0.25577645238383656,3.8315613785825926
10064,adaptive,7,92.8749244107163,Low,Critical Thinking,Application Exercise,5.577836792307641,0.9660255540597604,0.0
10067,adaptive,7,83.27127128638426,Low,Problem Solving,Application Exercise,5.359086844259635,0.9355357904024044,2.700000000000003
10068,adaptive,7,56.49105213248161,Medium,Critical Thinking,Advanced Practice,3.152158263120973,0.3262483802330207,4.888931737411778
10071,adaptive,7,84.77873198284058,Low,Critical Thinking,Application Exercise,4.654641789580255,0.5995178624979369,8.966701943447404
10073,adaptive,7,79.3058742746098,Low,Problem Solving,Concept Review,4.075316433481069,0.5408352438872727,4.999999999999999
10077,adaptive,7,68.02223519309791,Medium,Advanced Topics,Concept Review,3.4235803983258566,0.3543405712267262,5.284338529579008
10079,adaptive,7,53.06985645273746,Medium,Critical Thinking,Advanced Practice,3.397633443027604,0.2610062010933805,3.9093187681512784
10087,adaptive,7,66.40617565989487,Medium,Problem Solving,Concept Review,3.6833172985852216,0.4125683706145308,6.15123221202251
10089,adaptive,7,80.69712146313019,Low,Advanced Topics,Advanced Practice,3.3666815023951298,0.27876122839831674,4.175715391458428
10097,adaptive,7,81.15305779461886,Low,Conceptual Understanding,Application Exercise,5.784209256638638,1.0270441956087566,15.361008838670097
10102,adaptive,7,55.636472075187314,Medium,Advanced Topics,Application Exercise,4.101960096901968,0.5085199932129371,7.605690333271755
10108,adaptive,7,80.71365690363666,Low,Critical Thinking,Application Exercise,4.576663047522443,0.6105268505394938,9.131358112416777
10111,adaptive,7,67.96279857723816,Low,Advanced Topics,Advanced Practice,3.031767411917455,0.21895424248867862,3.279189400187177
10121,adaptive,7,100.72704168122517,Low,Conceptual Understanding,Concept Review,6.563404781438525,1.3420193756607353,0.0
10137,adaptive,7,60.07936808010243,Medium,Advanced Topics,Application Exercise,2.742117589138114,0.20118916751506344,3.009090157616601
10138,adaptive,7,58.87279369730657,Medium,Advanced Topics,Advanced Practice,3.418643294409741,0.27755964907312686,4.157591888621819
10140,adaptive,7,62.239813985489825,Medium,Advanced Topics,Advanced Practice,3.6582510516200166,0.34497307416776757,5.168643056644639
10159,adaptive,7,56.59991318198589,Medium,Advanced Topics,Advanced Practice,2.9026281849903324,0.2870699274955439,4.301462828581763
10169,adaptive,7,76.4221843358723,Low,Critical Thinking,Concept Review,3.2101258794425567,0.34332296280638147,5.119536190636056
10175,adaptive,7,72.77342659565679,Low,Advanced Topics,Advanced Practice,4.324689850033279,0.4237331115062607,6.349118752806034
10185,adaptive,7,86.09154627469306,Low,Advanced Topics,Application Exercise,4.4077854784052315,0.5809020481990255,3.8
10199,adaptive,7,70.74692846487041,Low,Advanced Topics,Advanced Practice,3.5707266954001478,0.39995709715177064,5.994427633128611
10200,adaptive,7,57.18618023057782,Medium,Advanced Topics,Advanced Practice,3.183909571381702,0.34857441987486876,5.22407496866309
10209,adaptive,7,59.422746174149765,Medium,Critical Thinking,Advanced Practice,3.517195650841474,0.4052864548464631,6.074665961762758
10210,adaptive,7,41.651147314610085,Medium,Problem Solving,Advanced Practice,2.784415326993067,0.25040247035648655,3.7514112594982305
10211,adaptive,7,66.7652815197741,Medium,Advanced Topics,Concept Review,3.68589234217244,0.5205217165615921,7.759368027715421
10214,adaptive,7,67.8289619855083,Low,Critical Thinking,Application Exercise,4.497567298382796,0.6847995968517646,10.242220057261175
10216,adaptive,7,62.43516963101069,Medium,Critical Thinking,Concept Review,3.616975736731363,0.48999170305499773,7.3007843412054925
10219,adaptive,7,87.4556565454555,Low,Conceptual Understanding,Practice Questions,3.0746388483289873,0.3118606183860092,4.664350118469007
10222,adaptive,7,70.05279367809067,Low,Critical Thinking,Concept Review,4.488879299687881,0.6132706899233582,9.167483656066823
10236,adaptive,7,50.70843447383941,Medium,Problem Solving,Advanced Practice,2.696355822366312,0.20093243588273757,3.009412682065154
10238,adaptive,7,58.46472852159639,Medium,Critical Thinking,Advanced Practice,2.4668279734467062,0.12368675458861786,1.8516469148293269
10245,adaptive,7,66.2083599190365,Medium,Critical Thinking,Advanced Practice,3.2418810426202973,0.28781419896383004,4.311803907282643
10248,adaptive,7,50.20223657182608,Medium,Problem Solving,Application Exercise,1.0213799780987074,0.024901243866046485,0.37243599521391263
10255,adaptive,7,57.917159391411005,Medium,Application Skills,Application Exercise,1.6573524916554168,0.1105454111934163,1.6533748456754436
10257,adaptive,7,61.65206375099837,Medium,Advanced Topics,Advanced Practice,3.924833508529468,0.36379281790559637,5.445387175680123
10260,adaptive,7,68.07947093898942,Medium,Advanced Topics,Application Exercise,5.144066782299104,0.821095939790583,12.280739273389589
10261,adaptive,7,52.53863218515992,Medium,Advanced Topics,Advanced Practice,2.4981898951095785,0.19708220082519462,2.9519865058838963
10262,adaptive,7,75.04780410365794,Low,Advanced Topics,Application Exercise,5.131005839956956,0.7281410387482916,10.890457275191839
10266,adaptive,7,73.32246926536189,Low,Advanced Topics,Concept Review,4.3529597815295755,0.5846895578550525,8.712045171175543
10276,adaptive,7,86.15775657635382,Low,Advanced Topics,Application Exercise,5.926190670049348,1.0726997731856325,16.043857477211198
10278,adaptive,7,52.77769401025271,Medium,Advanced Topics,Advanced Practice,2.863578187599052,0.21273522355673355,3.1861722113356707
10281,adaptive,7,57.57149681801273,Medium,Advanced Topics,Advanced Practice,3.5170194515199515,0.36239368428461577,5.430533735572428
10282,adaptive,7,60.935904157113484,Medium,Problem Solving,Advanced Practice,3.9057937706318193,0.4347929625467341,6.516452727777761
10290,adaptive,7,64.14774760391738,Medium,Advanced Topics,Advanced Practice,3.2191757449861087,0.26432652042080945,3.9594393128466967
10293,adaptive,7,69.30932849964012,Low,Advanced Topics,Concept Review,3.794946713800415,0.5315581862020241,7.919096936275248
10295,adaptive,7,79.38687275974146,Low,Critical Thinking,Advanced Practice,4.067763246762687,0.5005382675141486,7.5034456572605714
10297,adaptive,7,72.45812691257547,Low,Advanced Topics,Concept Review,4.457962642992782,0.6480094497854307,0.0
10299,adaptive,7,66.7497665279981,Low,Advanced Topics,Advanced Practice,3.0355075782169294,0.2841538643968868,4.257349842346325
10300,adaptive,7,108.39172082772454,Low,Conceptual Understanding,Concept Review,6.77545479032604,1.5427710557572394,0.0
10308,adaptive,7,63.88104998611192,Low,Critical Thinking,Advanced Practice,3.017013067723852,0.25813563807445283,3.866951844528022
10310,adaptive,7,76.05699764035265,Low,Conceptual Understanding,Application Exercise,4.271230147397818,0.5245924867034001,7.846078931563896
10311,adaptive,7,72.65569028627012,Low,Application Skills,Advanced Practice,3.838839808622656,0.40791511806424346,6.091620795059634
10313,adaptive,7,70.87615075225806,Low,Conceptual Understanding,Application Exercise,5.3177985843025,0.9026431316995065,13.500401621940444
10315,adaptive,7,42.996511711515126,Medium,Advanced Topics,Application Exercise,1.2043814335563958,0.03490297394446435,0.5220270885606841
10319,adaptive,7,66.95192929054288,Low,Application Skills,Practice Questions,2.7404993901023795,0.2823810571561492,4.223438420074579
10320,adaptive,7,92.26997389912589,Low,Conceptual Understanding,Application Exercise,5.4716079131934805,1.0772501659495326,0.0
10322,adaptive,7,85.60378805639994,Low,Problem Solving,Application Exercise,4.777003523377642,0.6812007024336518,9.9
10328,adaptive,7,60.644813459799224,Medium,Advanced Topics,Critical Thinking Activity,2.542120838230636,0.15026476274781292,2.2462180341378977
10329,adaptive,7,70.31164196795307,Low,Application Skills,Application Exercise,3.647671759154533,0.3876016011277607,5.797171773389117
10333,adaptive,7,75.87739225933058,Low,Critical Thinking,Concept Review,4.532700694292013,0.5838118494248115,3.799999999999996
10347,adaptive,7,70.6905325335519,Low,Advanced Topics,Concept Review,4.108437389374329,0.503653339563399,7.507047868315289
10352,adaptive,7,30.349219134147262,High,Advanced Topics,Application Exercise,1.5551459137715469,0.06116388878863494,0.9147990323169748
10356,adaptive,7,75.41367263766581,Low,Advanced Topics,Practice Questions,4.127371168201244,0.45281389086335855,6.772520802478057
10362,adaptive,7,68.73066911187878,Low,Problem Solving,Application Exercise,2.4812221607546485,0.1261205224311588,1.886324335492114
10364,adaptive,7,53.78908818722638,Medium,Advanced Topics,Advanced Practice,3.375258076866727,0.23832697280755957,3.5692201934909877
10366,adaptive,7,74.50808326707595,Low,Application Skills,Concept Review,5.297816660331099,0.8895034172695916,13.241406092073387
10371,adaptive,7,74.51533892586069,Low,Advanced Topics,Advanced Practice,3.6396221404958466,0.430276129449419,6.44958406495992
10372,adaptive,7,51.66681111746478,Medium,Problem Solving,Application Exercise,1.9360303243190669,0.052989149976612866,0.7925333735632533
10378,adaptive,7,96.83624202158038,Low,Critical Thinking,Application Exercise,4.522088251530468,0.6334089013918726,0.4000000000000057
10383,adaptive,7,85.08797402451574,Low,Problem Solving,Application Exercise,5.984780419808431,1.0365041209066221,0.0
10409,adaptive,7,71.69150359328103,Low,Advanced Topics,Advanced Practice,2.639931287740015,0.1888342850120433,2.8280586835154176
10412,adaptive,7,50.20053930570334,Medium,Advanced Topics,Advanced Practice,2.7314144575552075,0.22176353980890728,3.32181676039899
10426,adaptive,7,51.55023222466244,Medium,Advanced Topics,Application Exercise,2.101554503356897,0.1247062442291983,1.8651716528193134
10430,adaptive,7,63.87446428075107,Medium,Critical Thinking,Application Exercise,3.956207826508945,0.49773050665309043,7.444317142985352
10433,adaptive,7,82.44277866674352,Low,Critical Thinking,Application Exercise,5.781269299667516,1.1156115367568407,16.685668201928397
10437,adaptive,7,68.20633989546437,Low,Application Skills,Advanced Practice,3.5864790242117954,0.32418183899850417,4.8567803522950905
10440,adaptive,7,93.08489804941615,Low,Problem Solving,Application Exercise,6.002423289673294,1.0975430985167618,2.4000000000000057
10446,adaptive,7,71.26834475902919,Low,Problem Solving,Advanced Practice,4.0135434614255,0.4098630582807721,6.141765703742831
10452,adaptive,7,80.98416819696945,Low,Critical Thinking,Application Exercise,5.340041059427659,0.7872822533914196,11.775004137680362
10463,adaptive,7,61.86719062831969,Medium,Application Skills,Advanced Practice,4.007943868210981,0.45630440939582023,6.839176873265398
10480,adaptive,7,98.84848231187517,Low,Conceptual Understanding,Application Exercise,5.805397495363804,1.162995280246231,1.7000000000000028
10487,adaptive,7,48.926901096435245,Medium,Problem Solving,Advanced Practice,3.0579642962639255,0.29680601459537664,4.447196495929349
10494,adaptive,7,63.04196723433094,Medium,Advanced Topics,Advanced Practice,4.216016284441675,0.4547816766027235,6.815596127989705
10495,adaptive,7,29.467871129554936,High,Advanced Topics,Application Exercise,1.3869489071942587,0.06092866549304379,0.9112809099829158
10500,adaptive,7,78.42414745162543,Low,Advanced Topics,Application Exercise,4.021075406187982,0.4106322204799167,3.6999999999999984
10514,adaptive,7,44.2738942926769,Medium,Advanced Topics,Advanced Practice,2.946877961387207,0.1701232647108835,2.5471816959404627
10522,adaptive,7,46.06387425247432,Medium,Advanced Topics,Application Exercise,0.7791724716905271,0.0,0.0
10523,adaptive,7,73.7878338553783,Low,Application Skills,Practice Questions,3.8990945266919765,0.37665253127844495,5.400000000000016
10527,adaptive,7,86.38584622178618,Low,Critical Thinking,Application Exercise,4.753410680190739,0.7576461283156019,11.331750788720306
10528,adaptive,7,64.75992472635018,Medium,Advanced Topics,Application Exercise,4.2629859962548755,0.6343749461026881,9.488042672144552
10529,adaptive,7,77.25890405839064,Low,Advanced Topics,Practice Questions,4.574227228832361,0.4744845904467808,0.5
10530,adaptive,7,68.4662440513521,Low,Application Skills,Advanced Practice,3.1207394528506933,0.24691290550954687,3.698389187084357
10535,adaptive,7,69.66955296620745,Low,Problem Solving,Application Exercise,5.05928472893088,0.8354902801356455,12.496028537680958
10543,adaptive,7,78.69741406140234,Low,Advanced Topics,Application Exercise,5.096336782605172,0.8287153242194271,0.0
10544,adaptive,7,68.94187784264183,Low,Application Skills,Advanced Practice,2.839825888126742,0.2227275444057804,3.336085565134766
10549,adaptive,7,67.2574427796545,Medium,Advanced Topics,Advanced Practice,3.2083612591062742,0.23392161940143846,3.5033946861616867
10550,adaptive,7,55.56100385955519,Medium,Advanced Topics,Application Exercise,2.2346959788683423,0.14134452066342265,2.114022396009452
10555,adaptive,7,85.8138189634351,Low,Critical Thinking,Application Exercise,4.388549457616028,0.4521961361127555,6.763281340121213
10560,adaptive,7,43.77651562145379,Medium,Critical Thinking,Advanced Practice,1.9462510158024506,0.09713738819870033,1.4541846239241392
10571,adaptive,7,60.90197862511408,Medium,Problem Solving,Advanced Practice,3.0743079193812086,0.2623306947607985,3.929778296014737
10579,adaptive,7,61.19784556075351,Medium,Application Skills,Advanced Practice,3.0917940379209155,0.25102275793879913,3.7600933195835893
10584,adaptive,7,71.76274227493198,Low,Advanced Topics,Practice Questions,3.652329367204233,0.3292940157471337,4.925093105087564
10585,adaptive,7,81.3335649000871,Low,Advanced Topics,Application Exercise,4.778325128917302,0.6352305426382662,9.203834895802137
10590,adaptive,7,85.85068523099673,Low,Critical Thinking,Concept Review,3.9192834397090635,0.510212318181326,0.0
10591,adaptive,7,69.38536924539628,Medium,Advanced Topics,Application Exercise,5.859947894801635,1.1240552051808497,16.8119561122701
10596,adaptive,7,76.99924076187678,Low,Advanced Topics,Critical Thinking Activity,5.458040678070258,0.9502994624588127,7.900000000000004
10600,adaptive,7,36.38563392038364,Medium,Advanced Topics,Application Exercise,1.1575161544445223,0.04525888163878082,0.6769154471191565
10602,adaptive,7,37.11263448720953,Medium,Advanced Topics,Application Exercise,0.5780477084152684,0.01223148951006708,0.18294053875926417
10605,adaptive,7,74.61074309913604,Low,Critical Thinking,Application Exercise,3.8499288345592904,0.5038401865787744,7.534236966034512
10614,adaptive,7,69.01674130116658,Low,Advanced Topics,Advanced Practice,2.892563137265862,0.23551249063618646,3.5277786564372526
10618,adaptive,7,80.31317031023467,Low,Application Skills,Practice Questions,2.638783398351885,0.2567272368256549,3.8397464986097947
10622,adaptive,7,57.56523343996719,Medium,Critical Thinking,Advanced Practice,2.6815446746060236,0.24300157841279785,3.640581286992713
10627,adaptive,7,90.98657816684255,Low,Conceptual Understanding,Application Exercise,4.564894095782291,0.5701096236222504,0.0
10636,adaptive,7,55.050134096404925,Medium,Advanced Topics,Advanced Practice,4.221919735244045,0.4952311849441265,7.423094863256979
10637,adaptive,7,46.98285116905232,Medium,Advanced Topics,Application Exercise,2.1183557074839166,0.11595879142766961,1.7343401848312323
10644,adaptive,7,85.25660295156553,Low,Advanced Topics,Application Exercise,5.583009388183914,0.9168418017275625,0.0
10645,adaptive,7,55.51289629142468,Medium,Problem Solving,Advanced Practice,1.2850638774914467,0.03103429264141844,0.4643732486765267
10650,adaptive,7,63.42835886535153,Medium,Critical Thinking,Advanced Practice,2.2319787632507686,0.1262853584247285,1.89077538417848
10651,adaptive,7,77.58148996091214,Low,Application Skills,Practice Questions,3.434919804139411,0.35156404195366875,5.25817523617661
10653,adaptive,7,85.14973622248132,Low,Conceptual Understanding,Critical Thinking Activity,5.38271862254207,0.9334710635212458,5.357421154292274
10657,adaptive,7,77.15209615417429,Low,Critical Thinking,Concept Review,4.125347417296256,0.5085728296042825,7.580227278888628
10661,adaptive,7,50.059361263394955,Medium,Problem Solving,Application Exercise,2.53074432350459,0.15308472412879265,2.2896150043610732
10663,adaptive,7,90.80248512134726,Low,Critical Thinking,Application Exercise,4.5192057825342085,0.7130402883682474,0.0
10669,adaptive,7,81.81953714104843,Low,Advanced Topics,Application Exercise,4.646849501849553,0.6230960497030065,7.247045744816847
10671,adaptive,7,63.11065017420263,Medium,Advanced Topics,Practice Questions,3.246279218207525,0.3658556678919881,5.4719282502106035
10678,adaptive,7,70.49887991609056,Low,Critical Thinking,Advanced Practice,2.678680862712466,0.25691228154275264,3.849365984577202
10679,adaptive,7,45.23820124693986,Medium,Advanced Topics,Application Exercise,1.9068501639822413,0.1074510067403993,1.6070933182042328
10680,adaptive,7,81.15977979569763,Low,Critical Thinking,Application Exercise,4.820493638387127,0.6519235596554751,6.799999999999985
10688,adaptive,7,86.9398335676041,Low,Critical Thinking,Application Exercise,5.19499161816433,0.8363936505244571,7.800000000000001
10690,adaptive,7,83.89057544305322,Low,Advanced Topics,Application Exercise,4.820135439666231,0.727262035136841,10.300000000000004
10693,adaptive,7,71.75875893180648,Low,Critical Thinking,Application Exercise,4.784726694918406,0.7219195637292891,10.797405648820671
10698,adaptive,7,74.83033756228731,Low,Application Skills,Concept Review,3.5399580859811537,0.4054667991682814,6.044922071032741
10714,adaptive,7,58.203082344025134,Medium,Advanced Topics,Advanced Practice,2.1339062228241885,0.10944805016865264,1.6385220429395548
10715,adaptive,7,51.35322397438912,Medium,Application Skills,Advanced Practice,2.985955973707964,0.2692137905895101,4.033250793915735
10717,adaptive,7,100.66062487003987,Low,Conceptual Understanding,Application Exercise,6.511328880250151,1.4976056424575348,0.0
10722,adaptive,7,67.24774702488745,Medium,Advanced Topics,Application Exercise,4.653150434633875,0.7555785675758486,11.300827271569213
10738,adaptive,7,85.29878879400547,Low,Critical Thinking,Application Exercise,4.993376292534138,0.782112528699622,0.0
10741,adaptive,7,35.53514337436326,Medium,Advanced Topics,Application Exercise,1.6523631498692373,0.03534404777570299,0.5286240189061665
10742,adaptive,7,68.21761913088005,Low,Advanced Topics,Concept Review,4.611522159999373,0.6798767120487075,10.133378572695017
10750,adaptive,7,95.29874627909558,Low,Conceptual Understanding,Application Exercise,5.382268563969849,0.7464668271369784,0.0
10754,adaptive,7,63.29301890461296,Medium,Application Skills,Advanced Practice,2.6183155436647674,0.23185184139151516,3.4734054328079687
10762,adaptive,7,36.56752599386785,Medium,Advanced Topics,Advanced Practice,2.056391198191096,0.1522963321380326,2.280958740193674
10765,adaptive,7,53.00550934020866,Medium,Application Skills,Advanced Practice,2.8246865809419788,0.2390814722109291,3.5814533009503466
10768,adaptive,7,53.92597123075164,Medium,Advanced Topics,Application Exercise,4.398617150431684,0.5837404820337888,8.730727209548842
10788,adaptive,7,86.47183260474702,Low,Problem Solving,Critical Thinking Activity,4.0695653159565035,0.5456880132166075,0.0
10801,adaptive,7,76.23486350185597,Low,Problem Solving,Advanced Practice,3.7876180502595833,0.40072998971746393,6.005318180167315
10803,adaptive,7,99.48594853429978,Low,Conceptual Understanding,Application Exercise,5.370773753310041,0.9054587470705397,0.0
10811,adaptive,7,73.17964459774356,Low,Problem Solving,Concept Review,3.892585843810641,0.40556851906663066,6.048192296033149
10812,adaptive,7,68.39856936129844,Low,Advanced Topics,Application Exercise,4.544233640784577,0.5664841656602054,8.472632738570027
10817,adaptive,7,88.36527589812005,Low,Conceptual Understanding,Advanced Practice,3.618936080820866,0.39703347742685724,5.900000000000017
10821,adaptive,7,80.01548768285845,Low,Conceptual Understanding,Application Exercise,4.185776151924011,0.5718607378758583,8.553047557795447
10823,adaptive,7,41.79279007847892,Medium,Advanced Topics,Application Exercise,2.1349421279257874,0.09968044795285502,1.4908727867731357
10824,adaptive,7,40.74139666396621,Medium,Advanced Topics,Application Exercise,1.6408532280664132,0.06227038000512038,0.9313482922504962
10827,adaptive,7,81.4246593487738,Low,Advanced Topics,Application Exercise,5.409115426947667,0.7452138323705801,11.145806884151284
10830,adaptive,7,81.78014605936083,Low,Advanced Topics,Concept Review,4.4031312665076925,0.6035812340128744,4.200000000000002
10838,adaptive,7,64.79994927003376,Medium,Conceptual Understanding,Advanced Practice,3.1645564183264043,0.31151893382005125,4.66776742761506
10846,adaptive,7,66.66913650873559,Medium,Problem Solving,Advanced Practice,3.5409633370390337,0.43164343078505824,6.470521804791859
10850,adaptive,7,48.845836641150214,Medium,Advanced Topics,Application Exercise,2.3472224952784257,0.12902682056545506,1.9297924467181102
10860,adaptive,7,98.23811385268056,Low,Conceptual Understanding,Concept Review,6.034688430708864,1.1228744763019984,0.0
10866,adaptive,7,104.12216413782772,Low,Conceptual Understanding,Application Exercise,6.1325647464936806,1.1834010191308857,0.0
10867,adaptive,7,81.71817363206966,Low,Conceptual Understanding,Application Exercise,5.272890156623015,0.8816799630889345,11.800000000000002
10868,adaptive,7,90.36424620877132,Low,Critical Thinking,Application Exercise,5.957077279903812,1.2522967857813794,15.899999999999999
10880,adaptive,7,63.71096781096678,Medium,Advanced Topics,Application Exercise,4.247963569536147,0.5021942531905633,7.511079265111032
10884,adaptive,7,96.90105582409483,Low,Conceptual Understanding,Application Exercise,5.380858459077593,0.878694186367371,0.0
10885,adaptive,7,56.569693359112726,Medium,Advanced Topics,Advanced Practice,3.328599543112566,0.2434537705832531,3.6461712838557694
10893,adaptive,7,62.9244703207597,Medium,Problem Solving,Advanced Practice,3.7661042765364012,0.39065799660512096,5.8541545626491285
10894,adaptive,7,46.46380251656061,Medium,Advanced Topics,Application Exercise,1.926320780274571,0.06025531400698858,0.9012099138436553
10900,adaptive,7,100.82344553155562,Low,Conceptual Understanding,Concept Review,6.485938974568487,1.3112622824885112,0.0
10902,adaptive,7,85.74788909758097,Low,Critical Thinking,Application Exercise,4.949969112779241,0.6944806665229276,10.38701518625596
10903,adaptive,7,44.6912673218043,Medium,Advanced Topics,Application Exercise,1.57411609469419,0.10282126330542447,1.5378484598724353
10915,adaptive,7,74.33134177093757,Low,Advanced Topics,Practice Questions,3.82411114164747,0.3183954936535684,4.762089122470762
10918,adaptive,7,38.21390810924418,Medium,Advanced Topics,Application Exercise,1.8917151855780479,0.10616305621464005,1.5878300581667903
10925,adaptive,7,74.02728397391458,Low,Application Skills,Practice Questions,2.717052478843144,0.25996758117571206,3.888210779323693
10937,adaptive,7,74.35556799096335,Low,Advanced Topics,Application Exercise,4.930273991975931,0.730272183691475,10.922331790863801
10939,adaptive,7,101.57599107909621,Low,Conceptual Understanding,Practice Questions,5.80795881648581,1.0219103537606782,0.0
10942,adaptive,7,56.03107261648201,Medium,Advanced Topics,Advanced Practice,3.5271061502325445,0.3447746261852312,5.1660010202980455
10943,adaptive,7,57.66018227048388,Medium,Application Skills,Advanced Practice,2.6157307425809626,0.23523266568030599,3.5241444278827316
10948,adaptive,7,49.831575413515964,Medium,Advanced Topics,Advanced Practice,2.668984348513387,0.21608097285564384,3.2366832254374547
10949,adaptive,7,92.04297717012817,Low,Conceptual Understanding,Application Exercise,4.710313379453502,0.6922747573782811,0.0
10960,adaptive,7,68.06613151991834,Low,Conceptual Understanding,Advanced Practice,3.223783999422345,0.33885193617928266,4.700000000000006
10974,adaptive,7,72.06252221849262,Low,Advanced Topics,Concept Review,4.343242256066372,0.5094623166365855,0.0
10975,adaptive,7,59.28016990366417,Medium,Application Skills,Advanced Practice,3.7682662233931716,0.39521576150947585,5.922580962441332
10978,adaptive,7,65.47592783534262,Medium,Advanced Topics,Advanced Practice,3.859615311533187,0.48380277930068505,7.25287824784205
10979,adaptive,7,44.661637872245365,Medium,Advanced Topics,Application Exercise,2.5113844924170747,0.16750934564421888,2.505357169635274
10986,adaptive,7,74.95113207768102,Low,Problem Solving,Application Exercise,3.4775910617235612,0.22635640220758663,3.3855044504091216
10987,adaptive,7,93.91142789818784,Low,Critical Thinking,Application Exercise,6.1152747911775664,1.1195845087687888,0.0
10990,adaptive,7,56.31903037767513,Medium,Advanced Topics,Advanced Practice,3.2848862071645906,0.3505630560286051,5.253609044231287
10996,adaptive,7,78.82145417287627,Low,Advanced Topics,Concept Review,4.125584657219199,0.5104998454843036,7.608851214280883
10999,adaptive,7,88.93571442414157,Low,Critical Thinking,Critical Thinking Activity,5.557691100400407,1.035397852004596,15.459478273967303
10011,adaptive,8,53.41128579260716,Medium,Advanced Topics,Advanced Practice,2.187802487709515,0.13126814926257088,2.3923449179008043
10024,adaptive,8,98.13998574972722,Low,Conceptual Understanding,Critical Thinking Activity,6.560250771751141,1.1388595339759982,11.0888047845546
10026,adaptive,8,90.70352133751113,Low,Critical Thinking,Application Exercise,5.523576401609715,0.8440024741659644,0.0
10031,adaptive,8,78.87733904168014,Low,Critical Thinking,Application Exercise,3.214231726528073,0.14399758134845766,2.6207559805419294
10040,adaptive,8,82.91115426869285,Low,Critical Thinking,Concept Review,4.155900980318816,0.49205867606974796,8.93647766449243
10045,adaptive,8,90.37164654074142,Low,Conceptual Understanding,Application Exercise,5.092678194666949,0.6620481653067034,0.20000000000000284
10055,adaptive,8,64.84513149972598,Medium,Advanced Topics,Concept Review,4.285357893838023,0.5879511030345766,10.650389822919617
10056,adaptive,8,96.59523677291014,Low,Conceptual Understanding,Application Exercise,5.767919157307695,0.8294267748208466,3.9000000000000057
10060,adaptive,8,88.66881256360497,Low,Problem Solving,Application Exercise,5.134315079112445,0.7116160699649847,0.29999999999999716
10061,adaptive,8,52.640530095581035,Medium,Advanced Topics,Advanced Practice,3.01313842648653,0.22236961587470594,4.053930994457298
10064,adaptive,8,92.8749244107163,Low,Critical Thinking,Application Exercise,5.577836792307641,0.8400222209215308,0.0
10067,adaptive,8,83.27127128638426,Low,Problem Solving,Application Exercise,5.359086844259635,0.8135093829586126,2.700000000000003
10068,adaptive,8,56.49637745158352,Medium,Critical Thinking,Advanced Practice,3.1513858545153237,0.28362472690637913,5.172556464318157
10071,adaptive,8,84.79445227311561,Low,Critical Thinking,Application Exercise,4.654641789580255,0.5213198804329887,9.488021823880393
10073,adaptive,8,79.3058742746098,Low,Problem Solving,Concept Review,4.075316433481069,0.47029151642371536,4.999999999999999
10077,adaptive,8,68.02640212785386,Medium,Advanced Topics,Concept Review,3.424849262849869,0.30823643365648823,5.592574963235497
10079,adaptive,8,53.07411683039024,Medium,Critical Thinking,Advanced Practice,3.3970154983937997,0.22692063529270579,4.136239403443984
10087,adaptive,8,66.41102733543619,Medium,Problem Solving,Concept Review,3.684794672083238,0.35889900106090744,6.510131213083417
10089,adaptive,8,80.70167165428639,Low,Advanced Topics,Advanced Practice,3.366021521887081,0.24235354957586985,4.4180689410342975
10097,adaptive,8,81.17998848991618,Low,Conceptual Understanding,Application Exercise,5.784209256638638,0.8930819092250059,16.254090747895102
10102,adaptive,8,55.64980625987806,Medium,Advanced Topics,Application Exercise,4.101960096901968,0.4421912984460322,8.047881631717788
10108,adaptive,8,80.72966586669105,Low,Critical Thinking,Application Exercise,4.576663047522443,0.5308929135126034,9.66225102592938
10111,adaptive,8,67.96637254505107,Low,Advanced Topics,Advanced Practice,3.031249027301964,0.19036243891456336,3.46955183910174
10121,adaptive,8,100.72704168122517,Low,Conceptual Understanding,Concept Review,6.563404781438525,1.1669733701397698,0.0
10137,adaptive,8,60.0846435728131,Medium,Advanced Topics,Application Exercise,2.742117589138114,0.1749471021870117,3.184037259803613
10138,adaptive,8,58.87732427520575,Medium,Advanced Topics,Advanced Practice,3.4179861586980724,0.2413098228040839,4.398901711425903
10140,adaptive,8,62.245444945864854,Medium,Advanced Topics,Advanced Practice,3.657434311408114,0.2999096135354653,5.468552670180104
10159,adaptive,8,56.604598995191715,Medium,Advanced Topics,Advanced Practice,2.9019485332407595,0.24956757385870532,4.551030402440468
10169,adaptive,8,76.42622170698473,Low,Critical Thinking,Concept Review,3.2113552908144345,0.2986560420457424,5.418192232681799
10175,adaptive,8,72.78034314810435,Low,Advanced Topics,Advanced Practice,4.323686641675303,0.3683781018707358,6.71749685467677
10185,adaptive,8,86.09154627469306,Low,Advanced Topics,Application Exercise,4.4077854784052315,0.5051322158252395,3.8
10199,adaptive,8,70.75345692385581,Low,Advanced Topics,Advanced Practice,3.5697797778905196,0.3476965503665367,6.342124183495147
10200,adaptive,8,57.19186997535225,Medium,Advanced Topics,Advanced Practice,3.1830843048120157,0.30302962581810394,5.527104594481194
10209,adaptive,8,59.42936162369834,Medium,Critical Thinking,Advanced Practice,3.5162361158232383,0.3523268588054885,6.4269928205682465
10210,adaptive,8,41.65523460864539,Medium,Problem Solving,Advanced Practice,2.783822487197691,0.21769491849885944,3.96910617799709
10211,adaptive,8,66.77140269304098,Medium,Advanced Topics,Concept Review,3.6877562877484054,0.4528564721355042,8.212224499850926
10214,adaptive,8,67.84691849542423,Low,Critical Thinking,Application Exercise,4.497567298382796,0.5954779103058823,10.837697967567058
10216,adaptive,8,62.440931780827505,Medium,Critical Thinking,Concept Review,3.618730356832907,0.42628643603491645,7.727070777240409
10219,adaptive,8,87.46682118340995,Low,Conceptual Understanding,Practice Questions,3.0746388483289873,0.2711831464226167,4.935533264891624
10222,adaptive,8,70.06000555039701,Low,Critical Thinking,Concept Review,4.491075371730567,0.5335397541615914,9.701023410228414
10236,adaptive,8,50.711714273537524,Medium,Problem Solving,Advanced Practice,2.6958801052377885,0.1746930308194087,3.1841057128845627
10238,adaptive,8,58.46674744790154,Medium,Critical Thinking,Advanced Practice,2.466535139154071,0.10754093206711748,1.9591878468964443
10245,adaptive,8,66.21305788090973,Medium,Critical Thinking,Advanced Practice,3.241199628772514,0.25022061134123813,4.562024518623881
10248,adaptive,8,50.20288952114798,Medium,Problem Solving,Application Exercise,1.0213799780987074,0.021653255535692598,0.3940892507496052
10255,adaptive,8,57.920058063929766,Medium,Application Skills,Application Exercise,1.6573524916554168,0.09612644451601417,1.7495012901914577
10257,adaptive,8,61.65800190413478,Medium,Advanced Topics,Advanced Practice,3.923972211676368,0.31627216026111526,5.761659335941238
10260,adaptive,8,68.10100135088301,Medium,Advanced Topics,Application Exercise,5.144066782299104,0.7139964693831158,12.994735742772704
10261,adaptive,8,52.5418491378631,Medium,Advanced Topics,Advanced Practice,2.49772329359625,0.17134381794070275,3.1233303238245993
10262,adaptive,8,75.06689709355248,Low,Advanced Topics,Application Exercise,5.131005839956956,0.6331661206506883,11.523623395842527
10266,adaptive,8,73.3293450324569,Low,Advanced Topics,Concept Review,4.355053506882431,0.508670249603868,9.2
10276,adaptive,8,86.18588443186451,Low,Advanced Topics,Application Exercise,5.926190670049348,0.9327824114657673,16.976639888676964
10278,adaptive,8,52.78116646565263,Medium,Advanced Topics,Advanced Practice,2.863074526807594,0.18495461443177055,3.3711268257674414
10281,adaptive,8,57.57741213323346,Medium,Advanced Topics,Advanced Practice,3.516161467182452,0.3150480674595477,5.7455818030319765
10282,adaptive,8,60.9430012383838,Medium,Problem Solving,Advanced Practice,3.904764377548835,0.37798119174672723,6.894433919524488
10290,adaptive,8,64.15206217880456,Medium,Advanced Topics,Advanced Practice,3.218549939337883,0.22980446566872487,4.189243778515421
10293,adaptive,8,69.31557945835259,Low,Advanced Topics,Concept Review,3.796850180068997,0.46245635193240386,8.381553288207652
10295,adaptive,8,79.3950429949326,Low,Critical Thinking,Advanced Practice,4.066578198533456,0.4351238672430799,7.938569524503651
10297,adaptive,8,72.45812691257547,Low,Advanced Topics,Concept Review,4.457962642992782,0.5634864780742876,0.0
10299,adaptive,8,66.7544047426028,Low,Advanced Topics,Advanced Practice,3.0348348303858694,0.2470355551934098,4.5043853975397345
10300,adaptive,8,108.39172082772454,Low,Conceptual Understanding,Concept Review,6.77545479032604,1.341540048484556,0.0
10308,adaptive,8,63.885263507856735,Low,Critical Thinking,Advanced Practice,3.0164019192849505,0.22442030279480038,4.091372147322822
10310,adaptive,8,76.07075327080662,Low,Conceptual Understanding,Application Exercise,4.271230147397818,0.456167379742087,8.302246311305982
10311,adaptive,8,72.66234864322082,Low,Application Skills,Advanced Practice,3.837874050118837,0.35461956223098057,6.446240357290614
10313,adaptive,8,70.8998194582845,Low,Conceptual Understanding,Application Exercise,5.3177985843025,0.7849070710430491,14.285308692983493
10315,adaptive,8,42.997426921746865,Medium,Advanced Topics,Application Exercise,1.2043814335563958,0.030350412125621173,0.5523775006863053
10319,adaptive,8,66.96203855757588,Low,Application Skills,Practice Questions,2.7404993901023795,0.2455487453531732,4.468987165427753
10320,adaptive,8,92.26997389912589,Low,Conceptual Understanding,Application Exercise,5.4716079131934805,0.936739274738724,0.0
10322,adaptive,8,85.61408808195097,Low,Problem Solving,Application Exercise,4.777003523377642,0.5923484368988277,9.9
10328,adaptive,8,60.640956180964196,Medium,Advanced Topics,Critical Thinking Activity,2.542296932084157,0.13067406230912568,2.3768920964470235
10329,adaptive,8,70.3218054844418,Low,Application Skills,Application Exercise,3.647671759154533,0.33704487054587884,6.134216643934995
10333,adaptive,8,75.87739225933058,Low,Critical Thinking,Concept Review,4.532700694292013,0.5076624777607056,3.799999999999996
10347,adaptive,8,70.69645533995904,Low,Advanced Topics,Concept Review,4.1102409306757375,0.4381516832100336,7.945199551525323
10352,adaptive,8,30.35082294638749,High,Advanced Topics,Application Exercise,1.5551459137715469,0.05318599025098691,0.9679850225679617
10356,adaptive,8,75.42988341534719,Low,Advanced Topics,Practice Questions,4.127371168201244,0.39375120944639874,7.166272011924456
10362,adaptive,8,68.73397618802493,Low,Problem Solving,Application Exercise,2.4812221607546485,0.10967001950535547,1.9959943549974695
10364,adaptive,8,53.792978374144354,Medium,Advanced Topics,Advanced Practice,3.374693826387925,0.2072062009402186,3.776426394431206
10366,adaptive,8,74.51854355022141,Low,Application Skills,Concept Review,5.301001899114945,0.7739462772707819,14.015352369344168
10371,adaptive,8,74.52236227932413,Low,Advanced Topics,Advanced Practice,3.63860344123072,0.3740484337585181,6.823632498718438
10372,adaptive,8,51.668200575346134,Medium,Problem Solving,Application Exercise,1.9360303243190669,0.0460775217187938,0.838610895282047
10378,adaptive,8,96.83624202158038,Low,Critical Thinking,Application Exercise,4.522088251530468,0.5507903490364109,0.4000000000000057
10383,adaptive,8,85.08797402451574,Low,Problem Solving,Application Exercise,5.984780419808431,0.9013079312231498,0.0
10409,adaptive,8,71.69458591609394,Low,Advanced Topics,Advanced Practice,2.639484213560886,0.1641759180834871,2.9922346015989048
10412,adaptive,8,50.204159129390455,Medium,Advanced Topics,Advanced Practice,2.730889421794278,0.19280079317867604,3.5146175535776663
10426,adaptive,8,51.5535022162357,Medium,Advanced Topics,Application Exercise,2.101554503356897,0.10844021237321591,1.9736118651925294
10430,adaptive,8,63.887515548332516,Medium,Critical Thinking,Application Exercise,3.956207826508945,0.43280913622007866,7.877126279205431
10433,adaptive,8,82.47203173539923,Low,Critical Thinking,Application Exercise,5.781269299667516,0.9700969884842092,17.655765190412605
10437,adaptive,8,68.21163148262406,Low,Application Skills,Advanced Practice,3.5857115082411144,0.2818369245477516,5.138617276842842
10440,adaptive,8,93.08489804941615,Low,Problem Solving,Application Exercise,6.002423289673294,0.9543853030580538,2.4000000000000057
10446,adaptive,8,71.27503491200979,Low,Problem Solving,Advanced Practice,4.012573091080281,0.35631649048792896,6.49808219423076
10452,adaptive,8,81.00481196144398,Low,Critical Thinking,Application Exercise,5.340041059427659,0.6845932638186257,12.459597401498987
10463,adaptive,8,61.87463883874729,Medium,Application Skills,Advanced Practice,4.006863545751261,0.3966794910293749,7.235856364294773
10480,adaptive,8,98.84848231187517,Low,Conceptual Understanding,Application Exercise,5.805397495363804,1.0113002436923748,1.7000000000000028
10487,adaptive,8,48.93174583079977,Medium,Problem Solving,Advanced Practice,3.057261593863631,0.2580328785220905,4.70522937445144
10494,adaptive,8,63.04939058934616,Medium,Advanced Topics,Advanced Practice,4.2149395671244925,0.3953613313962774,7.210957459385982
10495,adaptive,8,29.469468773874702,High,Advanced Topics,Application Exercise,1.3869489071942587,0.052981448254820686,0.9642623582377364
10500,adaptive,8,78.42414745162543,Low,Advanced Topics,Application Exercise,4.021075406187982,0.3570714960694928,3.6999999999999984
10514,adaptive,8,44.276671197410025,Medium,Advanced Topics,Advanced Practice,2.9464751864413516,0.14791305435935584,2.6950947502998184
10522,adaptive,8,46.06387425247432,Medium,Advanced Topics,Application Exercise,0.7791724716905271,0.0,0.0
10523,adaptive,8,73.79296188733085,Low,Application Skills,Practice Questions,3.8990945266919765,0.32752394024212605,5.400000000000016
10527,adaptive,8,86.40571288099335,Low,Critical Thinking,Application Exercise,4.753410680190739,0.6588227202744363,11.990573508994743
10528,adaptive,8,64.77655902354088,Medium,Advanced Topics,Application Exercise,4.2629859962548755,0.5516303879153809,10.039673060059933
10529,adaptive,8,77.25890405839064,Low,Advanced Topics,Practice Questions,4.574227228832361,0.41259529604067896,0.5
10530,adaptive,8,68.4702743855756,Low,Application Skills,Advanced Practice,3.1201548747665813,0.2146666553839408,3.9130558424682977
10535,adaptive,8,69.69146082008017,Low,Problem Solving,Application Exercise,5.05928472893088,0.7265132870744744,13.222541824755433
10543,adaptive,8,78.69741406140234,Low,Advanced Topics,Application Exercise,5.096336782605172,0.7206220210603713,0.0
10544,adaptive,8,68.94551340167786,Low,Application Skills,Advanced Practice,2.839298570038937,0.1936401624766555,3.5297257276114213
10549,adaptive,8,67.26126105843724,Medium,Advanced Topics,Advanced Practice,3.2078074385118422,0.20337499160165085,3.7067696777633374
10550,adaptive,8,55.56471013259993,Medium,Advanced Topics,Application Exercise,2.2346959788683423,0.12290827883775884,2.236930674847211
10555,adaptive,8,85.82567624904009,Low,Critical Thinking,Application Exercise,4.388549457616028,0.3932140314023961,7.156495371523609
10560,adaptive,8,43.7781011851538,Medium,Critical Thinking,Advanced Practice,1.9460210384014245,0.08445731306662183,1.538641936990761
10571,adaptive,8,60.906260622342174,Medium,Problem Solving,Advanced Practice,3.0736868389454544,0.2280675634497527,4.15784585946449
10579,adaptive,8,61.20194297967988,Medium,Application Skills,Advanced Practice,3.091199729565094,0.21823870090729566,3.978332020490885
10584,adaptive,8,71.77453103006692,Low,Advanced Topics,Practice Questions,3.652329367204233,0.28634262238881186,5.211435727476376
10585,adaptive,8,81.34259067097727,Low,Advanced Topics,Application Exercise,4.778325128917302,0.5523743849028401,9.203834895802137
10590,adaptive,8,85.85068523099673,Low,Critical Thinking,Concept Review,3.9192834397090635,0.44366288537506604,0.0
10591,adaptive,8,69.4148437201633,Medium,Advanced Topics,Application Exercise,5.859947894801635,0.9774393088529127,17.78939542112301
10596,adaptive,8,76.99924076187678,Low,Advanced Topics,Critical Thinking Activity,5.458040678070258,0.8263473586598371,7.900000000000004
10600,adaptive,8,36.386820678612864,Medium,Advanced Topics,Application Exercise,1.1575161544445223,0.03935554925111376,0.7162709963702703
10602,adaptive,8,37.11295521587772,Medium,Advanced Topics,Application Exercise,0.5780477084152684,0.01063607783484094,0.1935766165941051
10605,adaptive,8,74.62395457202233,Low,Critical Thinking,Application Exercise,3.8499288345592904,0.43812190137284723,7.972358867407359
10614,adaptive,8,69.02058554757855,Low,Advanced Topics,Advanced Practice,2.8920055502078807,0.20475399295471797,3.7325326493919704
10618,adaptive,8,80.32236116821167,Low,Application Skills,Practice Questions,2.638783398351885,0.22324107550056949,4.062987574110364
10622,adaptive,8,57.56919992999663,Medium,Critical Thinking,Advanced Practice,2.6809693567754236,0.21126038531390337,3.8518416723066164
10627,adaptive,8,90.98657816684255,Low,Conceptual Understanding,Application Exercise,4.564894095782291,0.4957474988019568,0.0
10636,adaptive,8,55.05821770462747,Medium,Advanced Topics,Advanced Practice,4.220747251786002,0.4305162196821723,7.853611082939151
10637,adaptive,8,46.98589178881565,Medium,Advanced Topics,Application Exercise,2.1183557074839166,0.10083373167623444,1.8351739165074668
10644,adaptive,8,85.25660295156553,Low,Advanced Topics,Application Exercise,5.583009388183914,0.7972537406326631,0.0
10645,adaptive,8,55.5134028610245,Medium,Problem Solving,Advanced Practice,1.2849904023229586,0.026984798448782127,0.49135804712530884
10650,adaptive,8,63.43042020840257,Medium,Critical Thinking,Advanced Practice,2.23167977663957,0.10979864501066688,2.000574029189147
10651,adaptive,8,77.59407598497162,Low,Application Skills,Practice Questions,3.434919804139411,0.3057078625684076,5.563883098745018
10653,adaptive,8,85.14973622248132,Low,Conceptual Understanding,Critical Thinking Activity,5.38271862254207,0.8117139682793442,5.357421154292274
10657,adaptive,8,77.15807681225212,Low,Critical Thinking,Concept Review,4.127168574888026,0.44243247122799645,8.022659750116624
10661,adaptive,8,50.063375382824105,Medium,Problem Solving,Application Exercise,2.53074432350459,0.13311715141634145,2.422732155777415
10663,adaptive,8,90.80248512134726,Low,Critical Thinking,Application Exercise,4.5192057825342085,0.6200350333636934,0.0
10669,adaptive,8,81.81953714104843,Low,Advanced Topics,Application Exercise,4.646849501849553,0.5418226519156578,7.247045744816847
10671,adaptive,8,63.12374783974545,Medium,Advanced Topics,Practice Questions,3.246279218207525,0.31813536338433746,5.790063613594941
10678,adaptive,8,70.50307346911123,Low,Critical Thinking,Advanced Practice,2.67807261062852,0.22335125572641862,4.0727172403036205
10679,adaptive,8,45.24101877936377,Medium,Advanced Topics,Application Exercise,1.9068501639822413,0.09343565803512982,1.7005289762393627
10680,adaptive,8,81.15977979569763,Low,Critical Thinking,Application Exercise,4.820493638387127,0.5668900518743262,6.799999999999985
10688,adaptive,8,86.9398335676041,Low,Critical Thinking,Application Exercise,5.19499161816433,0.7272988265430063,7.800000000000001
10690,adaptive,8,83.89450740700745,Low,Advanced Topics,Application Exercise,4.820135439666231,0.6324017696842095,10.300000000000004
10693,adaptive,8,71.77768878495506,Low,Critical Thinking,Application Exercise,4.784726694918406,0.6277561423732949,11.425161791193966
10698,adaptive,8,74.83510572556025,Low,Application Skills,Concept Review,3.541410029334263,0.3527244389216926,6.397646509954434
10714,adaptive,8,58.20486885340738,Medium,Advanced Topics,Advanced Practice,2.1336470993436016,0.09516066063072465,1.7336827035702795
10715,adaptive,8,51.35761832368979,Medium,Application Skills,Advanced Practice,2.98531859721444,0.2340489780216121,4.267299771937346
10717,adaptive,8,100.66062487003987,Low,Conceptual Understanding,Application Exercise,6.511328880250151,1.3022657760500302,0.0
10722,adaptive,8,67.26755946943811,Medium,Advanced Topics,Application Exercise,4.653150434633875,0.6570248413703031,11.957852112939516
10738,adaptive,8,85.29878879400547,Low,Critical Thinking,Application Exercise,4.993376292534138,0.6800978510431496,0.0
10741,adaptive,8,35.53607015023648,Medium,Advanced Topics,Application Exercise,1.6523631498692373,0.03073395458756782,0.5593579734937343
10742,adaptive,8,68.22561426926171,Low,Advanced Topics,Concept Review,4.613956742744539,0.5915092544198498,10.724887827114866
10750,adaptive,8,95.29874627909558,Low,Conceptual Understanding,Application Exercise,5.382268563969849,0.6491015888147639,0.0
10754,adaptive,8,63.29680339861992,Medium,Application Skills,Advanced Practice,2.617766623368524,0.20156802999937634,3.674973462807345
10762,adaptive,8,36.570011911395184,Medium,Advanced Topics,Advanced Practice,2.056030629358637,0.13240837253069623,2.4133671127243703
10765,adaptive,8,53.009411842743596,Medium,Application Skills,Advanced Practice,2.824120544149842,0.20785527204942836,3.789308572999775
10768,adaptive,8,53.94127781358574,Medium,Advanced Topics,Application Exercise,4.398617150431684,0.5076004191598164,9.238327628708658
10788,adaptive,8,86.47183260474702,Low,Problem Solving,Critical Thinking Activity,4.0695653159565035,0.4745113158405283,0.0
10801,adaptive,8,76.24140457668805,Low,Problem Solving,Advanced Practice,3.7866693028899308,0.3483735758658737,6.3536917560331885
10803,adaptive,8,99.48594853429978,Low,Conceptual Understanding,Application Exercise,5.370773753310041,0.787355432235252,0.0
10811,adaptive,8,73.18441395721082,Low,Problem Solving,Concept Review,3.8940381514143634,0.35279985651814133,6.40099215255129
10812,adaptive,8,68.41342345669315,Low,Advanced Topics,Application Exercise,4.544233640784577,0.49259492666104815,8.965227665231076
10817,adaptive,8,88.37093469667575,Low,Conceptual Understanding,Advanced Practice,3.61811530283209,0.34516819989018144,5.900000000000017
10821,adaptive,8,80.03048276033427,Low,Conceptual Understanding,Application Exercise,4.185776151924011,0.4972702068485725,9.050317764644019
10823,adaptive,8,41.79540385477248,Medium,Advanced Topics,Application Exercise,2.1349421279257874,0.08667865039378697,1.5775514371669228
10824,adaptive,8,40.74302949012611,Medium,Advanced Topics,Application Exercise,1.6408532280664132,0.05414815652619164,0.9854964487766879
10827,adaptive,8,81.44420001385592,Low,Advanced Topics,Application Exercise,5.409115426947667,0.6480120281483306,11.399999999999991
10830,adaptive,8,81.78014605936083,Low,Advanced Topics,Concept Review,4.4031312665076925,0.524853246967717,4.200000000000002
10838,adaptive,8,64.80503416188118,Medium,Conceptual Understanding,Advanced Practice,3.163818882387886,0.27082289633240303,4.938590323947463
10846,adaptive,8,66.67618218051955,Medium,Problem Solving,Advanced Practice,3.53994140062276,0.37523378846601263,6.845755593257872
10850,adaptive,8,48.849219924951136,Medium,Advanced Topics,Application Exercise,2.3472224952784257,0.11219723527430875,2.041989681992419
10860,adaptive,8,98.23811385268056,Low,Conceptual Understanding,Concept Review,6.034688430708864,0.9764125880886942,0.0
10866,adaptive,8,104.12216413782772,Low,Conceptual Understanding,Application Exercise,6.1325647464936806,1.0290443644616398,0.0
10867,adaptive,8,81.71817363206966,Low,Conceptual Understanding,Application Exercise,5.272890156623015,0.7666782287729865,11.800000000000002
10868,adaptive,8,90.36424620877132,Low,Critical Thinking,Application Exercise,5.957077279903812,1.0889537267664169,15.899999999999999
10880,adaptive,8,63.7241361249211,Medium,Advanced Topics,Application Exercise,4.247963569536147,0.4366906549483159,7.947769920059348
10884,adaptive,8,96.90105582409483,Low,Conceptual Understanding,Application Exercise,5.380858459077593,0.7640819011890182,0.0
10885,adaptive,8,56.573667230228935,Medium,Advanced Topics,Advanced Practice,3.3280231546954284,0.21166227263862925,3.8578335564943984
10893,adaptive,8,62.93084699147343,Medium,Problem Solving,Advanced Practice,3.765179375090981,0.33961917963320654,6.193773742282335
10894,adaptive,8,46.46538250455773,Medium,Advanced Topics,Application Exercise,1.926320780274571,0.05239592522346834,0.9536058390671237
10900,adaptive,8,100.82344553155562,Low,Conceptual Understanding,Concept Review,6.485938974568487,1.1402280717291402,0.0
10902,adaptive,8,85.76609946019241,Low,Critical Thinking,Application Exercise,4.949969112779241,0.6038962317590675,10.990911418015028
10903,adaptive,8,44.69396345515864,Medium,Advanced Topics,Application Exercise,1.57411609469419,0.08940979417862999,1.6272582540510654
10915,adaptive,8,74.34274035800946,Low,Advanced Topics,Practice Questions,3.82411114164747,0.27686564665527685,5.038954769126039
10918,adaptive,8,38.21669186960325,Medium,Advanced Topics,Application Exercise,1.8917151855780479,0.09231570105620873,1.6801457592229991
10925,adaptive,8,74.03659083650832,Low,Application Skills,Practice Questions,2.717052478843144,0.22605876623974963,4.114269545563443
10937,adaptive,8,74.37471686279108,Low,Advanced Topics,Application Exercise,4.930273991975931,0.6350192901664999,11.557351081030301
10939,adaptive,8,101.57599107909621,Low,Conceptual Understanding,Practice Questions,5.80795881648581,0.8886176989223289,0.0
10942,adaptive,8,56.03670033761081,Medium,Advanced Topics,Advanced Practice,3.5262898798557085,0.29973463978773524,5.465735660085781
10943,adaptive,8,57.664021949341574,Medium,Application Skills,Advanced Practice,2.615173818021915,0.2045065925693138,3.7286510204520456
10948,adaptive,8,49.83510248124112,Medium,Advanced Topics,Advanced Practice,2.6684727665008374,0.18786048276165898,3.4245437081991135
10949,adaptive,8,92.04297717012817,Low,Conceptual Understanding,Application Exercise,4.710313379453502,0.6019780498941576,0.0
10960,adaptive,8,68.06613151991834,Low,Conceptual Understanding,Advanced Practice,3.223783999422345,0.29465385754720236,4.700000000000006
10974,adaptive,8,72.06252221849262,Low,Advanced Topics,Concept Review,4.343242256066372,0.44301071011876997,0.0
10975,adaptive,8,59.286620970310494,Medium,Application Skills,Advanced Practice,3.7673305312218877,0.3435805444474362,6.266161506888768
10978,adaptive,8,65.48382489886313,Medium,Advanced Topics,Advanced Practice,3.8584698853707584,0.4205732175054127,7.673451465347463
10979,adaptive,8,44.66603022767299,Medium,Advanced Topics,Application Exercise,2.5113844924170747,0.14566030056019033,2.6510174701954643
10986,adaptive,8,74.95706749440653,Low,Problem Solving,Application Exercise,3.4775910617235612,0.1968316540935536,3.582336104502675
10987,adaptive,8,93.91142789818784,Low,Critical Thinking,Application Exercise,6.1152747911775664,0.9735517467554685,0.0
10990,adaptive,8,56.324752582755075,Medium,Advanced Topics,Advanced Practice,3.284056232403932,0.3047604183670849,5.558369462598372
10996,adaptive,8,78.82745749206066,Low,Advanced Topics,Concept Review,4.127412715296789,0.44410960816593453,8.052960822446817
10999,adaptive,8,88.90913588272348,Low,Critical Thinking,Critical Thinking Activity,5.558904473345284,0.9005425246819361,16.360020798649238
10011,adaptive,9,53.41342846924586,Medium,Advanced Topics,Advanced Practice,2.187491704103277,0.11812455202157696,2.510469469922381
10024,adaptive,9,98.13998574972722,Low,Conceptual Understanding,Critical Thinking Activity,6.560250771751141,1.0249735805783982,11.0888047845546
10026,adaptive,9,90.70352133751113,Low,Critical Thinking,Application Exercise,5.523576401609715,0.7596022267493678,0.0
10031,adaptive,9,78.88111488210009,Low,Critical Thinking,Application Exercise,3.214231726528073,0.12959782321361188,2.7503538037555413
10040,adaptive,9,82.91694072546855,Low,Critical Thinking,Concept Review,4.157663002081201,0.4430405695017729,9.379518233994204
10045,adaptive,9,90.37164654074142,Low,Conceptual Understanding,Application Exercise,5.092678194666949,0.595843348776033,0.20000000000000284
10055,adaptive,9,64.85204562157647,Medium,Advanced Topics,Concept Review,4.287463298516668,0.5294159681008381,11.179805791020456
10056,adaptive,9,96.59523677291014,Low,Conceptual Understanding,Application Exercise,5.767919157307695,0.7464840973387619,3.9000000000000057
10060,adaptive,9,88.66881256360497,Low,Problem Solving,Application Exercise,5.134315079112445,0.6404544629684862,0.29999999999999716
10061,adaptive,9,52.64415981218608,Medium,Advanced Topics,Advanced Practice,3.0126119558115985,0.20009768610500636,4.254028680562304
10064,adaptive,9,92.8749244107163,Low,Critical Thinking,Application Exercise,5.577836792307641,0.7560199988293776,0.0
10067,adaptive,9,83.27127128638426,Low,Problem Solving,Application Exercise,5.359086844259635,0.7321584446627513,2.700000000000003
10068,adaptive,9,56.50100702913081,Medium,Critical Thinking,Advanced Practice,3.1507143594425178,0.2552078631148439,5.427764327433001
10071,adaptive,9,84.80812209074605,Low,Critical Thinking,Application Exercise,4.654641789580255,0.4691878923896898,9.900000000000011
10073,adaptive,9,79.3058742746098,Low,Problem Solving,Concept Review,4.075316433481069,0.4232623647813438,4.999999999999999
10077,adaptive,9,68.03002689231141,Medium,Advanced Topics,Concept Review,3.4259530322385134,0.2775021956113196,5.870077158846816
10079,adaptive,9,53.07782083282199,Medium,Critical Thinking,Advanced Practice,3.396478252963265,0.20419627256815148,4.340435676012135
10087,adaptive,9,66.41524787590724,Medium,Problem Solving,Concept Review,3.6860798599706235,0.3231217605250249,6.833252973608442
10089,adaptive,9,80.70562756660709,Low,Advanced Topics,Advanced Practice,3.3654477382956705,0.21808101344155942,4.636149954475857
10097,adaptive,9,81.2034064858269,Low,Conceptual Understanding,Application Exercise,5.784209256638638,0.8037737183025052,17.057864466197607
10102,adaptive,9,55.66140120308742,Medium,Advanced Topics,Application Exercise,4.101960096901968,0.397972168601429,8.445853800319217
10108,adaptive,9,80.74358670412964,Low,Critical Thinking,Application Exercise,4.576663047522443,0.477803622161343,10.140054648090723
10111,adaptive,9,67.9694798117646,Low,Advanced Topics,Advanced Practice,3.030798335145562,0.17130072190242715,3.6408525610041673
10121,adaptive,9,100.72704168122517,Low,Conceptual Understanding,Concept Review,6.563404781438525,1.0502760331257928,0.0
10137,adaptive,9,60.0892309577789,Medium,Advanced Topics,Application Exercise,2.742117589138114,0.1574523919683105,3.3414896517719233
10138,adaptive,9,58.88126315088059,Medium,Advanced Topics,Advanced Practice,3.417414846179591,0.21714253932625116,4.616044250752154
10140,adaptive,9,62.25034033995896,Medium,Advanced Topics,Advanced Practice,3.6567242610892547,0.26986625046838697,5.738418920648491
10159,adaptive,9,56.60867266129647,Medium,Advanced Topics,Advanced Practice,2.901357670102675,0.22456508366594702,4.775595486106416
10169,adaptive,9,76.42973380902083,Low,Critical Thinking,Concept Review,3.212424753606465,0.26887995187686115,5.68707218455866
10175,adaptive,9,72.78635614636418,Low,Advanced Topics,Advanced Practice,4.322814488943649,0.331473415012199,7.048970269688969
10185,adaptive,9,86.09154627469306,Low,Advanced Topics,Application Exercise,4.4077854784052315,0.4546189942427155,3.8
10199,adaptive,9,70.7591323392556,Low,Advanced Topics,Advanced Practice,3.568956589718778,0.31285473465474806,6.6549789181498955
10200,adaptive,9,57.196816297089256,Medium,Advanced Topics,Advanced Practice,3.1823668677152206,0.2726651932258401,5.799769787707033
10209,adaptive,9,59.43511261915147,Medium,Critical Thinking,Advanced Practice,3.5154019651753536,0.31701894921951335,6.74401176978776
10210,adaptive,9,41.658788020641,Medium,Problem Solving,Advanced Practice,2.7833070840918284,0.1958891525783829,4.164995330575473
10211,adaptive,9,66.7767281441082,Medium,Advanced Topics,Concept Review,3.689377929633705,0.4077500487831171,8.619974548634042
10214,adaptive,9,67.86253285187286,Low,Critical Thinking,Application Exercise,4.497567298382796,0.535930119275294,11.373628086842352
10216,adaptive,9,62.44594477654559,Medium,Critical Thinking,Concept Review,3.6202568535980952,0.38381963161847,8.110890408858879
10219,adaptive,9,87.4765295642399,Low,Conceptual Understanding,Practice Questions,3.0746388483289873,0.244064831780355,5.179598096671978
10222,adaptive,9,70.06627981173152,Low,Critical Thinking,Concept Review,4.492985933831492,0.4803900560452631,10.181413466273677
10236,adaptive,9,50.714565770097686,Medium,Problem Solving,Advanced Practice,2.6954665111526452,0.15719960693042226,3.341305319814985
10238,adaptive,9,58.46850282758914,Medium,Critical Thinking,Advanced Practice,2.4662805308665785,0.09677684803120454,2.0559646949276487
10245,adaptive,9,66.21714220647884,Medium,Critical Thinking,Advanced Practice,3.240607219537033,0.225157389613433,4.787181908237314
10248,adaptive,9,50.20345730316702,Medium,Problem Solving,Application Exercise,1.0213799780987074,0.019487929982123335,0.41357718073172856
10255,adaptive,9,57.92257864872869,Medium,Application Skills,Application Exercise,1.6573524916554168,0.08651380006441274,1.8360150902558705
10257,adaptive,9,61.66316438241356,Medium,Advanced Topics,Advanced Practice,3.9232234222474722,0.28459062704983157,6.0462499629910695
10260,adaptive,9,68.11972344818177,Medium,Advanced Topics,Application Exercise,5.144066782299104,0.6425968224448041,13.637332565217509
10261,adaptive,9,52.54464596556236,Medium,Advanced Topics,Advanced Practice,2.49731762893239,0.15418439041028573,3.277514714234885
10262,adaptive,9,75.08349969346078,Low,Advanced Topics,Application Exercise,5.131005839956956,0.5698495085856194,12.093472904428147
10266,adaptive,9,73.33508322926716,Low,Advanced Topics,Concept Review,4.356800833104412,0.4579869035759357,9.2
10276,adaptive,9,86.21034343665642,Low,Advanced Topics,Application Exercise,5.926190670049348,0.8395041703191906,17.816144058996155
10278,adaptive,9,52.78418546099757,Medium,Advanced Topics,Advanced Practice,2.8626366379336643,0.1664336941294632,3.5375605198969047
10281,adaptive,9,57.582554630770034,Medium,Advanced Topics,Advanced Practice,3.515415575851666,0.2834831120366783,6.029064915068655
10282,adaptive,9,60.94917098690219,Medium,Problem Solving,Advanced Practice,3.903869489043733,0.34010510988549,7.234539029409978
10290,adaptive,9,64.155813253706,Medium,Advanced Topics,Advanced Practice,3.218005866301344,0.2067890569685244,4.396032835483946
10293,adaptive,9,69.32101780101627,Low,Advanced Topics,Concept Review,3.798506198336507,0.4163922494616479,8.7979455376693
10295,adaptive,9,79.40214547752659,Low,Critical Thinking,Advanced Practice,4.065548022017815,0.39151227452031556,8.330081799023967
10297,adaptive,9,72.45812691257547,Low,Advanced Topics,Concept Review,4.457962642992782,0.5071378302668588,0.0
10299,adaptive,9,66.75843707882461,Low,Advanced Topics,Advanced Practice,3.0342499619227787,0.22228915221046278,4.726674549750197
10300,adaptive,9,108.39172082772454,Low,Conceptual Understanding,Concept Review,6.77545479032604,1.2073860436361004,0.0
10308,adaptive,9,63.88892669761563,Low,Critical Thinking,Advanced Practice,3.015870593510897,0.2019426949414897,4.293314842264312
10310,adaptive,9,76.08271468859266,Low,Conceptual Understanding,Application Exercise,4.271230147397818,0.41055064176787825,8.71279695307386
10311,adaptive,9,72.6681370622386,Low,Application Skills,Advanced Practice,3.8370344713862066,0.31908778664047693,6.765328143931091
10313,adaptive,9,70.92040094178574,Low,Conceptual Understanding,Application Exercise,5.3177985843025,0.7064163639387442,14.991725056922238
10315,adaptive,9,42.99822275673098,Medium,Advanced Topics,Application Exercise,1.2043814335563958,0.027315370913059054,0.5796928715993643
10319,adaptive,9,66.9708292245611,Low,Application Skills,Practice Questions,2.7404993901023795,0.22099387081785588,4.689981036245609
10320,adaptive,9,92.26997389912589,Low,Conceptual Understanding,Application Exercise,5.4716079131934805,0.8430653472648515,0.0
10322,adaptive,9,85.61408808195097,Low,Problem Solving,Application Exercise,4.777003523377642,0.5331135932089449,9.9
10328,adaptive,9,60.63760179311162,Medium,Advanced Topics,Critical Thinking Activity,2.5424500677812185,0.11761374013555916,2.4945058365825825
10329,adaptive,9,70.33064332486678,Low,Application Skills,Application Exercise,3.647671759154533,0.30334038349129094,6.437557027426286
10333,adaptive,9,75.87739225933058,Low,Critical Thinking,Concept Review,4.532700694292013,0.456896229984635,3.799999999999996
10347,adaptive,9,70.7016078672884,Low,Advanced Topics,Concept Review,4.111809915917921,0.3944870433331653,8.339686594858488
10352,adaptive,9,30.35221756572681,High,Advanced Topics,Application Exercise,1.5551459137715469,0.04786739122588821,1.0158524137938498
10356,adaptive,9,75.44397974376578,Low,Advanced Topics,Practice Questions,4.127371168201244,0.35437608850175883,7.520648100426215
10362,adaptive,9,68.73685190641288,Low,Problem Solving,Application Exercise,2.4812221607546485,0.09870301755481992,2.0946973725522895
10364,adaptive,9,53.7963605798709,Medium,Advanced Topics,Advanced Practice,3.3742032558213038,0.18645847191668521,3.9628848663478915
10366,adaptive,9,74.5276449173915,Low,Application Skills,Concept Review,5.303773337257974,0.6969158165156978,14.712268185859866
10371,adaptive,9,74.5284678338342,Low,Advanced Topics,Advanced Practice,3.6377178637177887,0.3365616567511698,7.160194155469608
10372,adaptive,9,51.669408799590784,Medium,Problem Solving,Application Exercise,1.9360303243190669,0.04146976954691441,0.8800806648289614
10378,adaptive,9,96.83624202158038,Low,Critical Thinking,Application Exercise,4.522088251530468,0.4957113141327698,0.4000000000000057
10383,adaptive,9,85.08797402451574,Low,Problem Solving,Application Exercise,5.984780419808431,0.8111771381008347,0.0
10409,adaptive,9,71.69726574289345,Low,Advanced Topics,Advanced Practice,2.639095519241921,0.14773656716716274,3.1399711687660674
10412,adaptive,9,50.20730619711242,Medium,Advanced Topics,Advanced Practice,2.7304329567178205,0.17349171006985029,3.6881092636475166
10426,adaptive,9,51.55634568716897,Medium,Advanced Topics,Application Exercise,2.101554503356897,0.09759619113589431,2.0712080563284236
10430,adaptive,9,63.8988644766642,Medium,Critical Thinking,Application Exercise,3.956207826508945,0.38952822259807074,8.266654501803501
10433,adaptive,9,82.49746918640417,Low,Critical Thinking,Application Exercise,5.781269299667516,0.8730872896357882,18.528852480048393
10437,adaptive,9,68.21623187805542,Low,Application Skills,Advanced Practice,3.5850442458756895,0.2536060299532462,5.3922233067960885
10440,adaptive,9,93.08489804941615,Low,Problem Solving,Application Exercise,6.002423289673294,0.8589467727522484,2.4000000000000057
10446,adaptive,9,71.28085102981476,Low,Problem Solving,Advanced Practice,4.011729494789041,0.32061742122354014,6.8186996154543
10452,adaptive,9,81.02276306098705,Low,Critical Thinking,Application Exercise,5.340041059427659,0.6161339374367631,13.07573133893575
10463,adaptive,9,61.88111379770158,Medium,Application Skills,Advanced Practice,4.005924388130504,0.3569278629824279,7.592784227277201
10480,adaptive,9,98.84848231187517,Low,Conceptual Understanding,Application Exercise,5.805397495363804,0.9101702193231371,1.7000000000000028
10487,adaptive,9,48.93595767521086,Medium,Problem Solving,Advanced Practice,3.056650688712873,0.23218318631462986,4.937412560766069
10494,adaptive,9,63.05584403211493,Medium,Advanced Topics,Advanced Practice,4.214003530309557,0.35574617802873276,7.566703637414715
10495,adaptive,9,29.470858029804937,High,Advanced Topics,Application Exercise,1.3869489071942587,0.04768330342933862,1.011945661667075
10500,adaptive,9,78.42414745162543,Low,Advanced Topics,Application Exercise,4.021075406187982,0.32136434646254347,3.6999999999999984
10514,adaptive,9,44.27908556714035,Medium,Advanced Topics,Advanced Practice,2.9461249952281614,0.13310592728440834,2.8282006775842268
10522,adaptive,9,46.06387425247432,Medium,Advanced Topics,Application Exercise,0.7791724716905271,0.0,0.0
10523,adaptive,9,73.79296188733085,Low,Application Skills,Practice Questions,3.8990945266919765,0.2947715462179134,5.400000000000016
10527,adaptive,9,86.42298823682569,Low,Critical Thinking,Application Exercise,4.753410680190739,0.5929404482469927,12.583513957241735
10528,adaptive,9,64.79102362979367,Medium,Advanced Topics,Application Exercise,4.2629859962548755,0.49646734912384277,10.536140409183776
10529,adaptive,9,77.25890405839064,Low,Advanced Topics,Practice Questions,4.574227228832361,0.37133576643661104,0.5
10530,adaptive,9,68.47377836754065,Low,Application Skills,Advanced Practice,3.119646641218123,0.19316852002422616,4.106224362492524
10535,adaptive,9,69.71051112779556,Low,Problem Solving,Application Exercise,5.05928472893088,0.6538619583670269,13.876403783122461
10543,adaptive,9,78.69741406140234,Low,Advanced Topics,Application Exercise,5.096336782605172,0.6485598189543341,0.0
10544,adaptive,9,68.94867417033944,Low,Application Skills,Advanced Practice,2.8388401177156197,0.17424800642538474,3.703973734036806
10549,adaptive,9,67.26458072772373,Medium,Advanced Topics,Advanced Practice,3.207325938516119,0.18301001805172976,3.889779695815067
10550,adaptive,9,55.56793297872578,Medium,Advanced Topics,Application Exercise,2.2346959788683423,0.11061745095398294,2.347548125801194
10555,adaptive,9,85.83598693217486,Low,Critical Thinking,Application Exercise,4.388549457616028,0.35389262826215645,7.510387999785765
10560,adaptive,9,43.779479773278126,Medium,Critical Thinking,Advanced Practice,1.9458210816832453,0.07600377145054756,1.6146457084413084
10571,adaptive,9,60.9099833459655,Medium,Problem Solving,Advanced Practice,3.0731468781077877,0.20522474852003805,4.363070607984528
10579,adaptive,9,61.205505267780396,Medium,Application Skills,Advanced Practice,3.090683039028436,0.1963820002998668,4.174714020790752
10584,adaptive,9,71.7847821214886,Low,Advanced Topics,Practice Questions,3.652329367204233,0.2577083601499307,5.469144087626306
10585,adaptive,9,81.34259067097727,Low,Advanced Topics,Application Exercise,4.778325128917302,0.49713694641255607,9.203834895802137
10590,adaptive,9,85.85068523099673,Low,Critical Thinking,Concept Review,3.9192834397090635,0.3992965968375594,0.0
10591,adaptive,9,69.4404736982216,Medium,Advanced Topics,Application Exercise,5.859947894801635,0.8796953779676214,18.669090799090633
10596,adaptive,9,76.99924076187678,Low,Advanced Topics,Critical Thinking Activity,5.458040678070258,0.7437126227938534,7.900000000000004
10600,adaptive,9,36.38785264229044,Medium,Advanced Topics,Application Exercise,1.1575161544445223,0.03541999432600238,0.7516909906962727
10602,adaptive,9,37.11323411037179,Medium,Advanced Topics,Application Exercise,0.5780477084152684,0.009572470051356844,0.20314908664546194
10605,adaptive,9,74.63544280931475,Low,Critical Thinking,Application Exercise,3.8499288345592904,0.3943097112355625,8.366668578642921
10614,adaptive,9,69.02392772616375,Low,Advanced Topics,Advanced Practice,2.8915207853606613,0.1842477044431813,3.9167803538351516
10618,adaptive,9,80.33035321862644,Low,Application Skills,Practice Questions,2.638783398351885,0.2009169679505125,4.263904542060876
10622,adaptive,9,57.57264831176204,Medium,Critical Thinking,Advanced Practice,2.6804691877338715,0.19009887479408613,4.041940547100703
10627,adaptive,9,90.98657816684255,Low,Conceptual Understanding,Application Exercise,4.564894095782291,0.4461727489217611,0.0
10636,adaptive,9,55.065244977059336,Medium,Advanced Topics,Advanced Practice,4.219727984095794,0.38737102893999387,8.240982111879145
10637,adaptive,9,46.98853580600116,Medium,Advanced Topics,Application Exercise,2.1183557074839166,0.09075035850861099,1.9259242750160777
10644,adaptive,9,85.25660295156553,Low,Advanced Topics,Application Exercise,5.583009388183914,0.7175283665693967,0.0
10645,adaptive,9,55.51384333114281,Medium,Problem Solving,Advanced Practice,1.284926514525175,0.024285111124525804,0.5156431582498346
10650,adaptive,9,63.43221244050874,Medium,Critical Thinking,Advanced Practice,2.231419823108968,0.0988072697672651,2.0993812989564122
10651,adaptive,9,77.60502035371901,Low,Application Skills,Practice Questions,3.434919804139411,0.2751370763115668,5.839020175056585
10653,adaptive,9,85.14973622248132,Low,Conceptual Understanding,Critical Thinking Activity,5.38271862254207,0.7305425714514097,5.357421154292274
10657,adaptive,9,77.16327968031528,Low,Critical Thinking,Concept Review,4.128752889281009,0.3983420787578318,8.421001828874456
10661,adaptive,9,50.066865921458145,Medium,Problem Solving,Application Exercise,2.53074432350459,0.11980543627470729,2.5425375920521223
10663,adaptive,9,90.80248512134726,Low,Critical Thinking,Application Exercise,4.5192057825342085,0.558031530027324,0.0
10669,adaptive,9,81.81953714104843,Low,Advanced Topics,Application Exercise,4.646849501849553,0.487640386724092,7.247045744816847
10671,adaptive,9,63.1351371141305,Medium,Advanced Topics,Practice Questions,3.246279218207525,0.2863218270459037,6.076385440640845
10678,adaptive,9,70.50671920892366,Low,Critical Thinking,Advanced Practice,2.6775438158744054,0.20097643881953287,4.273693679123153
10679,adaptive,9,45.24346880755847,Medium,Advanced Topics,Application Exercise,1.9068501639822413,0.08409209223161683,1.7846210684709796
10680,adaptive,9,81.15977979569763,Low,Critical Thinking,Application Exercise,4.820493638387127,0.5102010466868935,6.799999999999985
10688,adaptive,9,86.9398335676041,Low,Critical Thinking,Application Exercise,5.19499161816433,0.6545689438887056,7.800000000000001
10690,adaptive,9,83.89450740700745,Low,Advanced Topics,Application Exercise,4.820135439666231,0.5691615927157885,10.300000000000004
10693,adaptive,9,71.79414952682339,Low,Critical Thinking,Application Exercise,4.784726694918406,0.5649805281359653,11.990142319329932
10698,adaptive,9,74.83925365510365,Low,Application Skills,Concept Review,3.5426731066210397,0.31756521727750997,6.715211727231944
10714,adaptive,9,58.20642215118451,Medium,Advanced Topics,Advanced Practice,2.1334218019394036,0.08563555112984765,1.8193182547001272
10715,adaptive,9,51.36143868133432,Medium,Application Skills,Advanced Practice,2.984764475092399,0.21060498136251965,4.477904753299866
10717,adaptive,9,100.66062487003987,Low,Conceptual Understanding,Application Exercise,6.511328880250151,1.1720391984450271,0.0
10722,adaptive,9,67.28478768209085,Medium,Advanced Topics,Application Exercise,4.653150434633875,0.5913223572332728,12.549174470172789
10738,adaptive,9,85.29878879400547,Low,Critical Thinking,Application Exercise,4.993376292534138,0.6120880659388346,0.0
10741,adaptive,9,35.53687604230015,Medium,Advanced Topics,Application Exercise,1.6523631498692373,0.027660559128811036,0.5870185326225453
10742,adaptive,9,68.23257023386427,Low,Advanced Topics,Concept Review,4.61607488887147,0.5326027206779901,11.257490547792857
10750,adaptive,9,95.29874627909558,Low,Conceptual Understanding,Application Exercise,5.382268563969849,0.5841914299332874,0.0
10754,adaptive,9,63.30009357305611,Medium,Application Skills,Advanced Practice,2.617289401440605,0.1813781555198339,3.856351618327179
10762,adaptive,9,36.57217319978223,Medium,Advanced Topics,Advanced Practice,2.0557171462194113,0.11914936579487707,2.5325164785192475
10765,adaptive,9,53.012804643191785,Medium,Application Skills,Advanced Practice,2.8236284368764024,0.1870371476586929,3.976345720658468
10768,adaptive,9,53.954587885615396,Medium,Advanced Topics,Application Exercise,4.398617150431684,0.4568403772438347,9.695168005952493
10788,adaptive,9,86.47183260474702,Low,Problem Solving,Critical Thinking Activity,4.0695653159565035,0.4270601842564754,0.0
10801,adaptive,9,76.24709104310617,Low,Problem Solving,Advanced Practice,3.785844511828018,0.3134679255793599,6.6671596816125485
10803,adaptive,9,99.48594853429978,Low,Conceptual Understanding,Application Exercise,5.370773753310041,0.7086198890117267,0.0
10811,adaptive,9,73.18856277364166,Low,Problem Solving,Concept Review,3.8953014987653676,0.317622884209328,6.718615036760618
10812,adaptive,9,68.42634006138421,Low,Advanced Topics,Application Exercise,4.544233640784577,0.4433354339949433,9.408563099226019
10817,adaptive,9,88.37093469667575,Low,Conceptual Understanding,Advanced Practice,3.61811530283209,0.31065137990116326,5.900000000000017
10821,adaptive,9,80.04352195813932,Low,Conceptual Understanding,Application Exercise,4.185776151924011,0.4475431861637152,9.497860950807734
10823,adaptive,9,41.797676703723404,Medium,Advanced Topics,Application Exercise,2.1349421279257874,0.07801078535440827,1.6555622225213311
10824,adaptive,9,40.74444933896081,Medium,Advanced Topics,Application Exercise,1.6408532280664132,0.04873334087357247,1.0342297896502604
10827,adaptive,9,81.45086535248387,Low,Advanced Topics,Application Exercise,5.409115426947667,0.5832108253334974,11.399999999999991
10830,adaptive,9,81.78014605936083,Low,Advanced Topics,Concept Review,4.4031312665076925,0.4723679222709452,4.200000000000002
10838,adaptive,9,64.8094547764511,Medium,Conceptual Understanding,Advanced Practice,3.1631776962597447,0.2436912097198507,5.182281533667314
10846,adaptive,9,66.68230708345385,Medium,Problem Solving,Advanced Practice,3.539053016726005,0.3376256577956609,7.183381251053532
10850,adaptive,9,48.85216191086498,Medium,Advanced Topics,Application Exercise,2.3472224952784257,0.10097751174687786,2.142967193739297
10860,adaptive,9,98.23811385268056,Low,Conceptual Understanding,Concept Review,6.034688430708864,0.8787713292798247,0.0
10866,adaptive,9,104.12216413782772,Low,Conceptual Understanding,Application Exercise,6.1325647464936806,0.9261399280154757,0.0
10867,adaptive,9,81.71817363206966,Low,Conceptual Understanding,Application Exercise,5.272890156623015,0.6900104058956877,11.800000000000002
10868,adaptive,9,90.36424620877132,Low,Critical Thinking,Application Exercise,5.957077279903812,0.9800583540897752,15.899999999999999
10880,adaptive,9,63.735586832707476,Medium,Advanced Topics,Application Exercise,4.247963569536147,0.39302158945348425,8.340791509512831
10884,adaptive,9,96.90105582409483,Low,Conceptual Understanding,Application Exercise,5.380858459077593,0.6876737110701163,0.0
10885,adaptive,9,56.57712217196023,Medium,Advanced Topics,Advanced Practice,3.3275220341664604,0.1904673612356882,4.048300917730087
10893,adaptive,9,62.936390560772935,Medium,Problem Solving,Advanced Practice,3.7643753104798257,0.30559198770475227,6.499365729987088
10894,adaptive,9,46.46675640716391,Medium,Advanced Topics,Application Exercise,1.926320780274571,0.047156332701121496,1.0007621717682451
10900,adaptive,9,100.82344553155562,Low,Conceptual Understanding,Concept Review,6.485938974568487,1.026205264556226,0.0
10902,adaptive,9,85.7819345581154,Low,Critical Thinking,Application Exercise,4.949969112779241,0.5435066085831607,11.534418026598189
10903,adaptive,9,44.696307918945024,Medium,Advanced Topics,Application Exercise,1.57411609469419,0.08046881476076698,1.7077270688118324
10915,adaptive,9,74.35265217285459,Low,Advanced Topics,Practice Questions,3.82411114164747,0.24917908198974914,5.288133851115788
10918,adaptive,9,38.219112530785054,Medium,Advanced Topics,Application Exercise,1.8917151855780479,0.08308413095058785,1.763229890173587
10925,adaptive,9,74.04468376050288,Low,Application Skills,Practice Questions,2.717052478843144,0.20345288961577465,4.317722435179217
10937,adaptive,9,74.39136805568474,Low,Advanced Topics,Application Exercise,4.930273991975931,0.57151736114985,12.128868442180151
10939,adaptive,9,101.57599107909621,Low,Conceptual Understanding,Practice Questions,5.80795881648581,0.799755929030096,0.0
10942,adaptive,9,56.04159287562625,Medium,Advanced Topics,Advanced Practice,3.5255802437955452,0.2697068886503592,5.73544254873614
10943,adaptive,9,57.66736008963548,Medium,Application Skills,Advanced Practice,2.6146896389069116,0.18402185678626845,3.912672877238314
10948,adaptive,9,49.838168908779025,Medium,Advanced Topics,Advanced Practice,2.6680279978449963,0.16904625394345899,3.5935899621425724
10949,adaptive,9,92.04297717012817,Low,Conceptual Understanding,Application Exercise,4.710313379453502,0.5417802449047417,0.0
10960,adaptive,9,68.06613151991834,Low,Conceptual Understanding,Advanced Practice,3.223783999422345,0.26518847179248206,4.700000000000006
10974,adaptive,9,72.06252221849262,Low,Advanced Topics,Concept Review,4.343242256066372,0.39870963910689294,0.0
10975,adaptive,9,59.29222920056464,Medium,Application Skills,Advanced Practice,3.766517087890536,0.3091557225740552,6.575317229462823
10978,adaptive,9,65.49068987268255,Medium,Advanced Topics,Advanced Practice,3.8574741582125895,0.3784182149206551,8.051869680268117
10979,adaptive,9,44.66984966717528,Medium,Advanced Topics,Application Exercise,2.5113844924170747,0.1310942705041713,2.7821117406996354
10986,adaptive,9,74.96222872634176,Low,Problem Solving,Application Exercise,3.4775910617235612,0.17714848868419822,3.7594845931868734
10987,adaptive,9,93.91142789818784,Low,Critical Thinking,Application Exercise,6.1152747911775664,0.8761965720799215,0.0
10990,adaptive,9,56.32972715604269,Medium,Advanced Topics,Advanced Practice,3.2833346975732,0.27422411394131363,5.8325935765396855
10996,adaptive,9,78.83268008273186,Low,Advanced Topics,Concept Review,4.129003035379595,0.39985265394615993,8.452813476392977
10999,adaptive,9,88.88601906174046,Low,Critical Thinking,Critical Thinking Activity,5.559959810608196,0.8106421403866749,17.170662939035914
10011,adaptive,10,53.415356604284675,Medium,Advanced Topics,Advanced Practice,2.187212038590594,0.10498617785234851,2.6154556477747297
10024,adaptive,10,98.13998574972722,Low,Conceptual Understanding,Critical Thinking Activity,6.560250771751141,0.9110876271807985,11.0888047845546
10026,adaptive,10,90.70352133751113,Low,Critical Thinking,Application Exercise,5.523576401609715,0.6752019793327715,0.0
10031,adaptive,10,78.88451313847804,Low,Critical Thinking,Application Exercise,3.214231726528073,0.11519806507876613,2.8655518688343076
10040,adaptive,10,82.92215074457802,Low,Critical Thinking,Concept Review,4.1592494940242295,0.3939641120739751,9.77348234606818
10045,adaptive,10,90.37164654074142,Low,Conceptual Understanding,Application Exercise,5.092678194666949,0.5296385322453626,0.20000000000000284
10055,adaptive,10,64.85827138847128,Medium,Advanced Topics,Concept Review,4.289359093677925,0.4708000541220891,11.650605845142545
10056,adaptive,10,96.59523677291014,Low,Conceptual Understanding,Application Exercise,5.767919157307695,0.6635414198566773,3.9000000000000057
10060,adaptive,10,88.66881256360497,Low,Problem Solving,Application Exercise,5.134315079112445,0.5692928559719878,0.29999999999999716
10061,adaptive,10,52.647425986348544,Medium,Advanced Topics,Advanced Practice,3.0121382149930005,0.17783664021318676,4.431865320775491
10064,adaptive,10,92.8749244107163,Low,Critical Thinking,Application Exercise,5.577836792307641,0.6720177767372246,0.0
10067,adaptive,10,83.27127128638426,Low,Problem Solving,Application Exercise,5.359086844259635,0.65080750636689,2.700000000000003
10068,adaptive,10,56.50517276110297,Medium,Critical Thinking,Advanced Practice,3.1501101426505187,0.22680793027083734,5.654572257703839
10071,adaptive,10,84.81892479892323,Low,Critical Thinking,Application Exercise,4.654641789580255,0.41705590434639095,9.900000000000011
10073,adaptive,10,79.3058742746098,Low,Problem Solving,Concept Review,4.075316433481069,0.3762332131389723,4.999999999999999
10077,adaptive,10,68.03329023170194,Medium,Advanced Topics,Concept Review,3.4269467448414135,0.24674016562858178,6.116817324475398
10079,adaptive,10,53.0811539077941,Medium,Critical Thinking,Advanced Practice,3.39599480854567,0.18148196256868057,4.521917638580816
10087,adaptive,10,66.41904768717264,Medium,Problem Solving,Concept Review,3.687236932493951,0.2873095017799287,7.12056247538837
10089,adaptive,10,80.70918728079114,Low,Advanced Topics,Advanced Practice,3.364931421091611,0.1938200498548768,4.829970004330734
10097,adaptive,10,81.22448268214656,Low,Conceptual Understanding,Application Exercise,5.784209256638638,0.7144655273800047,17.77232999357761
10102,adaptive,10,55.67183665197584,Medium,Advanced Topics,Application Exercise,4.101960096901968,0.3537530387568258,8.799606839076043
10108,adaptive,10,80.75611545782436,Low,Critical Thinking,Application Exercise,4.576663047522443,0.42471433081008264,10.564768978900807
10111,adaptive,10,67.9722759360116,Low,Advanced Topics,Advanced Practice,3.030392772513628,0.15224693289108468,3.793099493895252
10121,adaptive,10,100.72704168122517,Low,Conceptual Understanding,Concept Review,6.563404781438525,0.9335786961118159,0.0
10137,adaptive,10,60.09335960424812,Medium,Advanced Topics,Application Exercise,2.742117589138114,0.13995768174960935,3.481447333521533
10138,adaptive,10,58.88480754644719,Medium,Advanced Topics,Advanced Practice,3.416900750857774,0.19298655440844706,4.809030805160601
10140,adaptive,10,62.25474533929582,Medium,Advanced Topics,Advanced Practice,3.6560853398658386,0.23983919829519898,5.97825811894369
10159,adaptive,10,56.612338214298795,Medium,Advanced Topics,Advanced Practice,2.9008260015530016,0.19957682890684653,4.975172315013262
10169,adaptive,10,76.43289575351048,Low,Critical Thinking,Concept Review,3.213387590661713,0.23907603674523145,5.926148221303891
10175,adaptive,10,72.79176675317693,Low,Advanced Topics,Advanced Practice,4.322029709818872,0.2945895450212543,7.343559814710223
10185,adaptive,10,86.09154627469306,Low,Advanced Topics,Application Exercise,4.4077854784052315,0.4041057726601916,3.8
10199,adaptive,10,70.76423903524406,Low,Advanced Topics,Concept Review,3.5682158912080517,0.27803538224293145,6.933014300392827
10200,adaptive,10,57.201266983283844,Medium,Advanced Topics,Advanced Practice,3.1817213198612873,0.24231989572063564,6.042089683427669
10209,adaptive,10,59.4402872871904,Medium,Critical Thinking,Advanced Practice,3.514651407687969,0.2817344568402676,7.025746226628028
10210,adaptive,10,41.66198549933909,Medium,Problem Solving,Advanced Practice,2.7828433071771457,0.17409467729700226,4.339090007872476
10211,adaptive,10,66.78152315768548,Medium,Advanced Topics,Concept Review,3.6908380491164223,0.3625879299451973,8.98256247857924
10214,adaptive,10,67.87658577267663,Low,Critical Thinking,Application Exercise,4.497567298382796,0.4763823282447058,11.850010415087057
10216,adaptive,10,62.4504583758703,Medium,Critical Thinking,Concept Review,3.6216312802196198,0.34130253184789694,8.452192940706775
10219,adaptive,10,87.48526710698685,Low,Conceptual Understanding,Practice Questions,3.0746388483289873,0.21694651713809335,5.396544613810072
10222,adaptive,10,70.07192904917,Low,Critical Thinking,Concept Review,4.494706171222582,0.42717687451299413,10.608590340786671
10236,adaptive,10,50.71713172328035,Medium,Problem Solving,Advanced Practice,2.695094333583178,0.13971369025295197,3.481019010067937
10238,adaptive,10,58.47008250622869,Medium,Critical Thinking,Advanced Practice,2.4660514070616006,0.08601587307830863,2.141980568005957
10245,adaptive,10,66.22081742763086,Medium,Critical Thinking,Advanced Practice,3.2400741486747693,0.20010697942215377,4.987288887659468
10248,adaptive,10,50.20396830698415,Medium,Problem Solving,Application Exercise,1.0213799780987074,0.017322604428554076,0.43089978516028266
10255,adaptive,10,57.924847175047724,Medium,Application Skills,Application Exercise,1.6573524916554168,0.07690115561281133,1.912916245868682
10257,adaptive,10,61.667809726250574,Medium,Advanced Topics,Advanced Practice,3.922549640359993,0.25292600081041233,6.299175963801482
10260,adaptive,10,68.13657333575067,Medium,Advanced Topics,Application Exercise,5.144066782299104,0.5711971755064925,14.208529740724002
10261,adaptive,10,52.54716270167268,Medium,Advanced Topics,Advanced Practice,2.4969525900318916,0.1370327581409502,3.414547472375835
10262,adaptive,10,75.09844203337825,Low,Advanced Topics,Application Exercise,5.131005839956956,0.5065328965205507,12.600005800948697
10266,adaptive,10,73.33508322926716,Low,Advanced Topics,Concept Review,4.356800833104412,0.4070994698452762,9.2
10276,adaptive,10,86.23235654096912,Low,Advanced Topics,Application Exercise,5.926190670049348,0.7462259291726139,18.56236998816877
10278,adaptive,10,52.786902141245655,Medium,Advanced Topics,Advanced Practice,2.8622425982221915,0.14792069747612283,3.6854812173730274
10281,adaptive,10,57.58718189675223,Medium,Advanced Topics,Advanced Practice,3.5147444160588206,0.2519368797430962,6.2810017948117505
10282,adaptive,10,60.954722487991745,Medium,Problem Solving,Advanced Practice,3.903064273969521,0.3022532973761997,7.536792326786178
10290,adaptive,10,64.15918865043396,Medium,Advanced Topics,Advanced Practice,3.2175162833429787,0.18378453010455098,4.579817365588497
10293,adaptive,10,69.32591444418186,Low,Advanced Topics,Concept Review,3.799997264831056,0.3702717334851381,9.168217271154438
10295,adaptive,10,79.40853609253178,Low,Critical Thinking,Advanced Practice,4.064621098028673,0.34793156599125447,8.678013365015222
10297,adaptive,10,72.45812691257547,Low,Advanced Topics,Concept Review,4.457962642992782,0.4507891824594301,0.0
10299,adaptive,10,66.76206548202946,Low,Advanced Topics,Advanced Practice,3.0337236817494118,0.1975560861555217,4.924230635905719
10300,adaptive,10,108.39172082772454,Low,Conceptual Understanding,Concept Review,6.77545479032604,1.0732320387876448,0.0
10308,adaptive,10,63.892222987669534,Low,Critical Thinking,Advanced Practice,3.0153924845458517,0.17947616068016914,4.472791002944481
10310,adaptive,10,76.0934799646001,Low,Conceptual Understanding,Application Exercise,4.271230147397818,0.3649339037936696,9.07773085686753
10311,adaptive,10,72.67334549970016,Low,Application Skills,Advanced Practice,3.8362790158275226,0.2835777448499705,7.048905888781062
10313,adaptive,10,70.93892427693687,Low,Conceptual Understanding,Application Exercise,5.3177985843025,0.6279256568344392,15.619650713756677
10315,adaptive,10,42.998939008216695,Medium,Advanced Topics,Application Exercise,1.2043814335563958,0.024280329700496938,0.6039732012998613
10319,adaptive,10,66.9787408248478,Low,Application Skills,Practice Questions,2.7404993901023795,0.19643899628253855,4.8864200325281475
10320,adaptive,10,92.26997389912589,Low,Conceptual Understanding,Application Exercise,5.4716079131934805,0.7493914197909791,0.0
10322,adaptive,10,85.61408808195097,Low,Problem Solving,Application Exercise,4.777003523377642,0.4738787495190621,9.9
10328,adaptive,10,60.634582662197374,Medium,Advanced Topics,Critical Thinking Activity,2.542587898210314,0.1045512143744081,2.599057050956991
10329,adaptive,10,70.33859738124927,Low,Application Skills,Application Exercise,3.647671759154533,0.2696358964367031,6.707192923862989
10333,adaptive,10,75.87739225933058,Low,Critical Thinking,Concept Review,4.532700694292013,0.4061299822085645,3.799999999999996
10347,adaptive,10,70.70624691205244,Low,Advanced Topics,Concept Review,4.113222541665899,0.3507756183532678,8.690462213211756
10352,adaptive,10,30.3534727231322,High,Advanced Topics,Application Exercise,1.5551459137715469,0.042548792200789526,1.0584012059946393
10356,adaptive,10,75.45666643934251,Low,Advanced Topics,Practice Questions,4.127371168201244,0.315000967557119,7.835649067983335
10362,adaptive,10,68.73944005296204,Low,Problem Solving,Application Exercise,2.4812221607546485,0.08773601560428437,2.182433388156574
10364,adaptive,10,53.79940412252849,Medium,Advanced Topics,Advanced Practice,3.373761806493029,0.16571917993493757,4.128604046282829
10366,adaptive,10,74.53584043033474,Low,Application Skills,Concept Review,5.306268935638759,0.619772211682607,15.332040397542473
10371,adaptive,10,74.53396149549891,Low,Advanced Topics,Advanced Practice,3.636921037937932,0.29910038616001555,7.459294541629623
10372,adaptive,10,51.67049620141097,Medium,Problem Solving,Application Exercise,1.9360303243190669,0.036862017375035035,0.9169426822039964
10378,adaptive,10,96.83624202158038,Low,Critical Thinking,Application Exercise,4.522088251530468,0.44063227922912873,0.4000000000000057
10383,adaptive,10,85.08797402451574,Low,Problem Solving,Application Exercise,5.984780419808431,0.7210463449785197,0.0
10409,adaptive,10,71.69967723184129,Low,Advanced Topics,Advanced Practice,2.638745745870579,0.13130398831452003,3.2712751570805874
10412,adaptive,10,50.21013808463627,Medium,Advanced Topics,Advanced Practice,2.7300222068168676,0.15419165424101666,3.842300917888533
10426,adaptive,10,51.55890481100892,Medium,Advanced Topics,Application Exercise,2.101554503356897,0.08675216989857272,2.1579602262269963
10430,adaptive,10,63.90907851216272,Medium,Critical Thinking,Application Exercise,3.956207826508945,0.34624730897606293,8.612901810779563
10433,adaptive,10,82.52036289230864,Low,Critical Thinking,Application Exercise,5.781269299667516,0.7760775907873674,19.30493007083576
10437,adaptive,10,68.22037146346794,Low,Application Skills,Advanced Practice,3.5844438215001246,0.2253898274959278,5.617613134292016
10440,adaptive,10,93.08489804941615,Low,Problem Solving,Application Exercise,6.002423289673294,0.763508242446443,2.4000000000000057
10446,adaptive,10,71.28608443534593,Low,Problem Solving,Advanced Practice,4.010970417747503,0.2849393384767826,7.103638953931082
10452,adaptive,10,81.0389190505758,Low,Critical Thinking,Application Exercise,5.340041059427659,0.5476746110549006,13.62340594999065
10463,adaptive,10,61.88693989487756,Medium,Application Skills,Advanced Practice,4.005079344385714,0.31720228407534856,7.90998651135255
10480,adaptive,10,98.84848231187517,Low,Conceptual Understanding,Application Exercise,5.805397495363804,0.8090401949538998,1.7000000000000028
10487,adaptive,10,48.93974757772728,Medium,Problem Solving,Advanced Practice,3.0561009839417155,0.20634793843574464,5.1437604992018136
10494,adaptive,10,63.06165084076769,Medium,Advanced Topics,Advanced Practice,4.2131612842602735,0.31615562277089093,7.882859260185606
10495,adaptive,10,29.472108360142144,High,Advanced Topics,Application Exercise,1.3869489071942587,0.04238515860385655,1.0543308202709316
10500,adaptive,10,78.42414745162543,Low,Advanced Topics,Application Exercise,4.021075406187982,0.2856571968555942,3.6999999999999984
10514,adaptive,10,44.28125824164263,Medium,Advanced Topics,Advanced Practice,2.945809860594776,0.11830372400148621,2.946504401585713
10522,adaptive,10,46.06387425247432,Medium,Advanced Topics,Application Exercise,0.7791724716905271,0.0,0.0
10523,adaptive,10,73.79296188733085,Low,Application Skills,Practice Questions,3.8990945266919765,0.2620191521937008,5.400000000000016
10527,adaptive,10,86.43853605707477,Low,Critical Thinking,Application Exercise,4.753410680190739,0.5270581762195491,12.800000000000011
10528,adaptive,10,64.80404177542118,Medium,Advanced Topics,Application Exercise,4.2629859962548755,0.4413043103323047,10.97744471951608
10529,adaptive,10,77.25890405839064,Low,Advanced Topics,Practice Questions,4.574227228832361,0.33007623683254317,0.5
10530,adaptive,10,68.47693143763048,Low,Application Skills,Advanced Practice,3.1191893055308144,0.171680179376416,4.27790454186894
10535,adaptive,10,69.72765640473942,Low,Problem Solving,Application Exercise,5.05928472893088,0.5812106296595795,14.457614412782041
10543,adaptive,10,78.69741406140234,Low,Advanced Topics,Application Exercise,5.096336782605172,0.576497616848297,0.0
10544,adaptive,10,68.95151840281171,Low,Application Skills,Advanced Practice,2.838427577246962,0.15486460861459425,3.8588383426514
10549,adaptive,10,67.2675679816199,Medium,Advanced Topics,Advanced Practice,3.2068926535668965,0.162653595388913,4.052433291203981
10550,adaptive,10,55.57083354023905,Medium,Advanced Topics,Application Exercise,2.2346959788683423,0.09832662307020706,2.445874748871401
10555,adaptive,10,85.84526654699616,Low,Critical Thinking,Application Exercise,4.388549457616028,0.3145712251219169,7.824959224907682
10560,adaptive,10,43.78072037510313,Medium,Critical Thinking,Advanced Practice,1.9456411391281643,0.06755266035052986,1.6821983687918383
10571,adaptive,10,60.91333320864588,Medium,Problem Solving,Advanced Practice,3.0726609987243076,0.1823931568842749,4.545463764868803
10579,adaptive,10,61.20871079118167,Medium,Application Skills,Advanced Practice,3.090218095273258,0.1745355180210336,4.349249538811786
10584,adaptive,10,71.79400810376812,Low,Advanced Topics,Practice Questions,3.652329367204233,0.2290740979110495,5.698218185537356
10585,adaptive,10,81.34259067097727,Low,Advanced Topics,Application Exercise,4.778325128917302,0.44189950792227206,9.203834895802137
10590,adaptive,10,85.85068523099673,Low,Critical Thinking,Concept Review,3.9192834397090635,0.35493030830005284,0.0
10591,adaptive,10,69.46354067847406,Medium,Advanced Topics,Application Exercise,5.859947894801635,0.7819514470823302,19.451042246172964
10596,adaptive,10,76.99924076187678,Low,Advanced Topics,Critical Thinking Activity,5.458040678070258,0.6610778869278697,7.900000000000004
10600,adaptive,10,36.38878140960027,Medium,Advanced Topics,Application Exercise,1.1575161544445223,0.031484439400891004,0.7831754300971636
10602,adaptive,10,37.113485115416466,Medium,Advanced Topics,Application Exercise,0.5780477084152684,0.00850886226787275,0.2116579489133347
10605,adaptive,10,74.64578222287793,Low,Critical Thinking,Application Exercise,3.8499288345592904,0.3504975210982778,8.717166099741199
10614,adaptive,10,69.0269351826889,Low,Advanced Topics,Advanced Practice,2.8910845701298564,0.16375103005215508,4.0805313838873065
10618,adaptive,10,80.33754606399974,Low,Application Skills,Practice Questions,2.638783398351885,0.17859286040045558,4.442497402461332
10622,adaptive,10,57.575751276345244,Medium,Critical Thinking,Advanced Practice,2.680019119578099,0.16894840529820335,4.210888952398906
10627,adaptive,10,90.98657816684255,Low,Conceptual Understanding,Application Exercise,4.564894095782291,0.39659799904156545,0.0
10636,adaptive,10,55.07156799493444,Medium,Advanced Topics,Advanced Practice,4.218810864703144,0.34425496655977655,8.585237078438922
10637,adaptive,10,46.99091542146812,Medium,Advanced Topics,Application Exercise,2.1183557074839166,0.08066698534098755,2.006591260357065
10644,adaptive,10,85.25660295156553,Low,Advanced Topics,Application Exercise,5.583009388183914,0.6378029925061304,0.0
10645,adaptive,10,55.51423973453973,Medium,Problem Solving,Advanced Practice,1.284869018365935,0.02158579950854771,0.5372289577583823
10650,adaptive,10,63.433825261515615,Medium,Critical Thinking,Advanced Practice,2.2311858921836576,0.08781947671634877,2.187200775672761
10651,adaptive,10,77.61487028559165,Low,Application Skills,Practice Questions,3.434919804139411,0.24456629005472608,6.083586465111311
10653,adaptive,10,85.14973622248132,Low,Conceptual Understanding,Critical Thinking Activity,5.38271862254207,0.6493711746234753,5.357421154292274
10657,adaptive,10,77.16796405909524,Low,Critical Thinking,Concept Review,4.130179319594669,0.3542041784484388,8.775206007322895
10661,adaptive,10,50.07000740622878,Medium,Problem Solving,Application Exercise,2.53074432350459,0.10649372113307315,2.6490313131851955
10663,adaptive,10,90.80248512134726,Low,Critical Thinking,Application Exercise,4.5192057825342085,0.4960280266909547,0.0
10669,adaptive,10,81.81953714104843,Low,Advanced Topics,Application Exercise,4.646849501849553,0.4334581215325262,7.247045744816847
10671,adaptive,10,63.14538746107706,Medium,Advanced Topics,Practice Questions,3.246279218207525,0.25450829070746994,6.330893731348315
10678,adaptive,10,70.50999972687723,Low,Critical Thinking,Advanced Practice,2.67706799456683,0.17861397659749892,4.452307655720652
10679,adaptive,10,45.245673832933704,Medium,Advanced Topics,Application Exercise,1.9068501639822413,0.07474852642810385,1.8593695948990834
10680,adaptive,10,81.15977979569763,Low,Critical Thinking,Application Exercise,4.820493638387127,0.45351204149946095,6.799999999999985
10688,adaptive,10,86.9398335676041,Low,Critical Thinking,Application Exercise,5.19499161816433,0.581839061234405,7.800000000000001
10690,adaptive,10,83.89450740700745,Low,Advanced Topics,Application Exercise,4.820135439666231,0.5059214157473676,10.300000000000004
10693,adaptive,10,71.80896419450488,Low,Critical Thinking,Application Exercise,4.784726694918406,0.5022049138986359,12.492347233228568
10698,adaptive,10,74.84298812315107,Low,Application Skills,Concept Review,3.5438102816187227,0.2823708032393798,6.997582530471324
10714,adaptive,10,58.20781997156881,Medium,Advanced Topics,Advanced Practice,2.1332190556863955,0.0761132559068906,1.8954315106070179
10715,adaptive,10,51.364876365007746,Medium,Application Skills,Advanced Practice,2.984265857750971,0.18717315459814088,4.665077907898007
10717,adaptive,10,100.66062487003987,Low,Conceptual Understanding,Application Exercise,6.511328880250151,1.0418126208400242,0.0
10722,adaptive,10,67.30029307347833,Medium,Advanced Topics,Application Exercise,4.653150434633875,0.5256198730962425,13.074794343269032
10738,adaptive,10,85.29878879400547,Low,Critical Thinking,Application Exercise,4.993376292534138,0.5440782808345196,0.0
10741,adaptive,10,35.537601345157455,Medium,Advanced Topics,Application Exercise,1.6523631498692373,0.024587163670054257,0.6116056962925995
10742,adaptive,10,68.23883347597686,Low,Advanced Topics,Concept Review,4.6179820955323425,0.473620243717797,11.731110791510654
10750,adaptive,10,95.29874627909558,Low,Conceptual Understanding,Application Exercise,5.382268563969849,0.5192812710518111,0.0
10754,adaptive,10,63.30305419022628,Medium,Application Skills,Advanced Practice,2.6168599800037837,0.1611985747682331,4.017550193095412
10762,adaptive,10,36.57411806275195,Medium,Advanced Topics,Advanced Practice,2.055435054411226,0.10589601400326636,2.638412492522514
10765,adaptive,10,53.01585763151461,Medium,Application Skills,Advanced Practice,2.8231856175056995,0.16622916915873562,4.142574889817204
10768,adaptive,10,53.96656695044208,Medium,Advanced Topics,Application Exercise,4.398617150431684,0.4060803353278531,10.101248341280346
10788,adaptive,10,86.47183260474702,Low,Problem Solving,Critical Thinking Activity,4.0695653159565035,0.3796090526724226,0.0
10801,adaptive,10,76.25220774814767,Low,Problem Solving,Advanced Practice,3.7851023615585224,0.2785835338107073,6.9457432154232555
10803,adaptive,10,99.48594853429978,Low,Conceptual Understanding,Application Exercise,5.370773753310041,0.6298843457882015,0.0
10811,adaptive,10,73.19229791983425,Low,Problem Solving,Concept Review,3.8964388802636036,0.28241389004150597,7.001028926802125
10812,adaptive,10,68.43796500560616,Low,Advanced Topics,Application Exercise,4.544233640784577,0.3940759413288385,9.802639040554856
10817,adaptive,10,88.37093469667575,Low,Conceptual Understanding,Advanced Practice,3.61811530283209,0.27613455991214514,5.900000000000017
10821,adaptive,10,80.05525723616387,Low,Conceptual Understanding,Application Exercise,4.185776151924011,0.39781616547885795,9.895677116286592
10823,adaptive,10,41.79972226777923,Medium,Advanced Topics,Application Exercise,2.1349421279257874,0.06934292031502957,1.7249051428363606
10824,adaptive,10,40.745727202912036,Medium,Advanced Topics,Application Exercise,1.6408532280664132,0.04331852522095331,1.0775483148712137
10827,adaptive,10,81.45086535248387,Low,Advanced Topics,Application Exercise,5.409115426947667,0.5184096225186644,11.399999999999991
10830,adaptive,10,81.78014605936083,Low,Advanced Topics,Concept Review,4.4031312665076925,0.41988259757417357,4.200000000000002
10838,adaptive,10,64.81343252326216,Medium,Conceptual Understanding,Advanced Practice,3.1626007456941228,0.21657489906513352,5.3988564327324475
10846,adaptive,10,66.68781811269932,Medium,Problem Solving,Advanced Practice,3.5382536718729116,0.3000439113748229,7.483425162428356
10850,adaptive,10,48.85480969818744,Medium,Advanced Topics,Application Exercise,2.3472224952784257,0.089757788219447,2.2327249819587442
10860,adaptive,10,98.23811385268056,Low,Conceptual Understanding,Concept Review,6.034688430708864,0.7811300704709554,0.0
10866,adaptive,10,104.12216413782772,Low,Conceptual Understanding,Application Exercise,6.1325647464936806,0.8232354915693119,0.0
10867,adaptive,10,81.71817363206966,Low,Conceptual Understanding,Application Exercise,5.272890156623015,0.6133425830183892,11.800000000000002
10868,adaptive,10,90.36424620877132,Low,Critical Thinking,Application Exercise,5.957077279903812,0.8711629814131335,15.899999999999999
10880,adaptive,10,63.74589246971521,Medium,Advanced Topics,Application Exercise,4.247963569536147,0.3493525239586527,8.690144033471483
10884,adaptive,10,96.90105582409483,Low,Conceptual Understanding,Application Exercise,5.380858459077593,0.6112655209512146,0.0
10885,adaptive,10,56.580231151310116,Medium,Advanced Topics,Advanced Practice,3.327071093601457,0.16928137724244213,4.217582294972529
10893,adaptive,10,62.941378707682205,Medium,Problem Solving,Advanced Practice,3.763651806869012,0.2715851143836679,6.770950844370756
10894,adaptive,10,46.467992919509484,Medium,Advanced Topics,Application Exercise,1.926320780274571,0.04191674017877466,1.0426789119470197
10900,adaptive,10,100.82344553155562,Low,Conceptual Understanding,Concept Review,6.485938974568487,0.912182457383312,0.0
10902,adaptive,10,85.7961861462461,Low,Critical Thinking,Application Exercise,4.949969112779241,0.48311698540725395,12.017535012005442
10903,adaptive,10,44.69841793635277,Medium,Advanced Topics,Application Exercise,1.57411609469419,0.07152783534290398,1.7792549041547365
10915,adaptive,10,74.36157280621521,Low,Advanced Topics,Practice Questions,3.82411114164747,0.22149251732422148,5.509626368440009
10918,adaptive,10,38.22129112584867,Medium,Advanced Topics,Application Exercise,1.8917151855780479,0.07385256084496698,1.837082451018554
10925,adaptive,10,74.05196739209799,Low,Application Skills,Practice Questions,2.717052478843144,0.1808470129917997,4.498569448171017
10937,adaptive,10,74.40635412928903,Low,Advanced Topics,Application Exercise,4.930273991975931,0.5080154321332,12.636883874313352
10939,adaptive,10,101.57599107909621,Low,Conceptual Understanding,Practice Questions,5.80795881648581,0.7108941591378631,0.0
10942,adaptive,10,56.04599527371638,Medium,Advanced Topics,Advanced Practice,3.5249416998688363,0.23969603559108088,5.975138584327221
10943,adaptive,10,57.67036385967232,Medium,Application Skills,Advanced Practice,2.6142539583812097,0.1635477276363285,4.076220604874643
10948,adaptive,10,49.84092823357503,Medium,Advanced Topics,Advanced Practice,2.6676277727735176,0.15024079616260452,3.743830758305177
10949,adaptive,10,92.04297717012817,Low,Conceptual Understanding,Application Exercise,4.710313379453502,0.481582439915326,0.0
10960,adaptive,10,68.06613151991834,Low,Conceptual Understanding,Advanced Practice,3.223783999422345,0.23572308603776188,4.700000000000006
10974,adaptive,10,72.06252221849262,Low,Advanced Topics,Concept Review,4.343242256066372,0.354408568095016,0.0
10975,adaptive,10,59.297275517955434,Medium,Application Skills,Advanced Practice,3.7657851469673926,0.274751684322741,6.850068913785564
10978,adaptive,10,65.49686675468573,Medium,Advanced Topics,Advanced Practice,3.8565782350342723,0.3362936220949886,8.388163302363106
10979,adaptive,10,44.673287162727334,Medium,Advanced Topics,Application Exercise,2.5113844924170747,0.11652824044815226,2.8986399811477876
10986,adaptive,10,74.96687383508346,Low,Problem Solving,Application Exercise,3.4775910617235612,0.15746532327484286,3.916949916461716
10987,adaptive,10,93.91142789818784,Low,Critical Thinking,Application Exercise,6.1152747911775664,0.7788413974043747,0.0
10990,adaptive,10,56.334203288341435,Medium,Advanced Topics,Advanced Practice,3.2826854589000964,0.24370656846874317,6.076300145008428
10996,adaptive,10,78.83738222540555,Low,Advanced Topics,Concept Review,4.130434874939112,0.35554783403475876,8.808361310427737
10999,adaptive,10,88.86520997307777,Low,Critical Thinking,Critical Thinking Activity,5.560909794461473,0.720693909362207,17.89135684839812
10011,static,1,53.3743784666664,Medium,Advanced Topics,Advanced Practice,2.19315569483619,0.6579467084508569,0.6579467084508569
10024,static,1,98.12943381194418,Low,Conceptual Understanding,Concept Review,6.5539225628509135,5.688804784554593,0.0
10026,static,1,90.70352133751113,Low,Critical Thinking,Critical Thinking Activity,5.523576401609715,4.220012370829822,4.220012370829822
10031,static,1,78.81239458645713,Low,Critical Thinking,Critical Thinking Activity,3.214231726528073,0.7199879067422883,0.7199879067422883
10040,static,1,82.73306592437103,Low,Critical Thinking,Critical Thinking Activity,4.145170148774682,2.453940728074612,2.453940728074612
10045,static,1,90.3664022298515,Low,Conceptual Understanding,Concept Review,5.092678194666949,3.3102408265335166,3.3102408265335166
10055,static,1,64.72680035439225,Medium,Advanced Topics,Advanced Practice,4.249325126061785,2.915037036478384,2.915037036478384
10056,static,1,96.49297271055661,Low,Conceptual Understanding,Concept Review,5.767919157307695,4.147133874104233,0.0
10060,static,1,88.66094609727008,Low,Problem Solving,Practice Questions,5.134315079112445,3.5580803498249236,3.5580803498249236
10061,static,1,52.577987909210904,Medium,Advanced Topics,Advanced Practice,3.02220983085573,1.1151954275857645,1.1151954275857645
10064,static,1,92.8749244107163,Low,Critical Thinking,Critical Thinking Activity,5.577836792307641,4.200111104607654,4.200111104607654
10067,static,1,83.20047308937028,Low,Problem Solving,Practice Questions,5.359086844259635,4.067546914793063,4.067546914793063
10068,static,1,56.41657591647535,Medium,Critical Thinking,Critical Thinking Activity,3.1629606336566365,1.4233322851454864,1.4233322851454864
10071,static,1,84.55933140987193,Low,Critical Thinking,Critical Thinking Activity,4.654641789580255,2.6065994021649432,2.6065994021649432
10073,static,1,79.24707583189239,Low,Problem Solving,Practice Questions,4.057411843560421,2.3411266337343632,2.3411266337343632
10077,static,1,67.9642599525877,Medium,Advanced Topics,Advanced Practice,3.4059264799750713,1.532666915988782,1.532666915988782
10079,static,1,53.01030541806505,Medium,Advanced Topics,Advanced Practice,3.406270997092641,1.137694513028942,1.137694513028942
10087,static,1,66.33869076046417,Medium,Problem Solving,Practice Questions,3.66276761403065,1.7837678280329268,1.7837678280329268
10089,static,1,80.63351187699533,Low,Advanced Topics,Advanced Practice,3.3759077273014975,1.2153267818285391,1.2153267818285391
10097,static,1,80.77719896025182,Low,Conceptual Understanding,Concept Review,5.784209256638638,4.465409546125029,4.465409546125029
10102,static,1,55.450373236677194,Medium,Advanced Topics,Advanced Practice,4.101960096901968,2.210956492230161,2.210956492230161
10108,static,1,80.49022746274728,Low,Critical Thinking,Critical Thinking Activity,4.576663047522443,2.6544645675630165,2.6544645675630165
10111,static,1,67.91284667025866,Low,Advanced Topics,Advanced Practice,3.0390126646584132,0.9542499767027418,0.9542499767027418
10121,static,1,100.72704168122517,Low,Conceptual Understanding,Concept Review,6.563404781438525,5.834866850698849,0.0
10137,static,1,60.005740551401324,Medium,Advanced Topics,Advanced Practice,2.742117589138114,0.8747355109350584,0.8747355109350584
10138,static,1,58.80946032600671,Medium,Advanced Topics,Advanced Practice,3.427829455854843,1.2100237979167596,1.2100237979167596
10140,static,1,62.1610777113645,Medium,Advanced Topics,Advanced Practice,3.669671320442855,1.5045652413815704,1.5045652413815704
10159,static,1,56.53438665528425,Medium,Advanced Topics,Advanced Practice,2.9121324517120284,1.2522169542361723,1.2522169542361723
10169,static,1,76.36601755589577,Low,Critical Thinking,Critical Thinking Activity,3.1930226515989837,1.4847555329935276,1.4847555329935276
10175,static,1,72.67670712897551,Low,Advanced Topics,Advanced Practice,4.338718483241698,1.8482940738609634,1.8482940738609634
10185,static,1,85.99190436778449,Low,Advanced Topics,Advanced Practice,4.4077854784052315,2.5256610791261975,2.5256610791261975
10199,static,1,70.65561049176965,Low,Advanced Topics,Advanced Practice,3.583971871308616,1.7453943013272961,1.7453943013272961
10200,static,1,57.1065979313944,Medium,Advanced Topics,Advanced Practice,3.1954525515431405,1.521035414534535,1.521035414534535
10209,static,1,59.33020546954131,Medium,Critical Thinking,Critical Thinking Activity,3.53061817731258,1.7688397068336026,1.7688397068336026
10210,static,1,41.594000704510634,Medium,Problem Solving,Practice Questions,2.7927041323359623,1.0919473157433612,1.0919473157433612
10211,static,1,66.64758430649695,Medium,Advanced Topics,Advanced Practice,3.668035476834609,2.25217378277645,2.25217378277645
10214,static,1,67.57835156450771,Low,Critical Thinking,Critical Thinking Activity,4.497567298382796,2.977389551529411,2.977389551529411
10216,static,1,62.35507683085179,Medium,Critical Thinking,Critical Thinking Activity,3.592586846887233,2.11603365281658,2.11603365281658
10219,static,1,87.29983703313479,Low,Conceptual Understanding,Concept Review,3.0746388483289873,1.3559157321130835,1.3559157321130835
10222,static,1,69.83889442102189,Low,Critical Thinking,Critical Thinking Activity,4.486302781786434,2.6648638523811417,2.6648638523811417
10236,static,1,50.66259193665459,Medium,Problem Solving,Practice Questions,2.703005033342923,0.8757736308031071,0.8757736308031071
10238,static,1,58.43652320378887,Medium,Critical Thinking,Critical Thinking Activity,2.4709190015677827,0.5386603423417766,0.5386603423417766
10245,static,1,66.14267674462725,Medium,Critical Thinking,Critical Thinking Activity,3.2514080302409845,1.25504349967302,1.25504349967302
10248,static,1,50.193123670420476,Medium,Problem Solving,Practice Questions,1.0213799780987074,0.10826627767846297,0.10826627767846297
10255,static,1,57.87670400538825,Medium,Application Skills,Application Exercise,1.6573524916554168,0.4806322225800708,0.4806322225800708
10257,static,1,61.50066071701194,Medium,Advanced Topics,Advanced Practice,3.928543180956106,1.5832029019253107,1.5832029019253107
10260,static,1,67.77898127734417,Medium,Advanced Topics,Advanced Practice,5.144066782299104,3.5699823469155785,3.5699823469155785
10261,static,1,52.493664162608596,Medium,Advanced Topics,Advanced Practice,2.504712262489449,0.8591163060338809,0.8591163060338809
10262,static,1,74.78133237512972,Low,Advanced Topics,Advanced Practice,5.131005839956956,3.1658306032534416,3.1658306032534416
10266,static,1,73.22689409466712,Low,Advanced Topics,Advanced Practice,4.3238563876504195,2.5251321303878447,2.5251321303878447
10276,static,1,85.76518954944379,Low,Application Skills,Application Exercise,5.926190670049348,4.663912057328837,4.663912057328837
10278,static,1,52.729158900965665,Medium,Advanced Topics,Advanced Practice,2.870617941531548,0.9272095951146899,0.9272095951146899
10281,static,1,57.48877008383867,Medium,Advanced Topics,Advanced Practice,3.5290185148944695,1.5810002946727222,1.5810002946727222
10282,static,1,60.83663384381433,Medium,Problem Solving,Practice Questions,3.92019239028455,1.8973731168977221,1.8973731168977221
10290,static,1,64.08743265393005,Medium,Advanced Topics,Advanced Practice,3.227924100817563,1.15236890399187,1.15236890399187
10293,static,1,69.22245334483635,Low,Advanced Topics,Advanced Practice,3.768492543431824,2.295011958949981,2.295011958949981
10295,static,1,79.27256501524063,Low,Advanced Topics,Advanced Practice,4.084342964119569,2.18512348580397,2.18512348580397
10297,static,1,72.45812691257547,Low,Advanced Topics,Advanced Practice,4.457962642992782,2.817432390371438,2.817432390371438
10299,static,1,66.68491245447942,Medium,Advanced Topics,Advanced Practice,3.0449143092575772,1.239280123867834,1.239280123867834
10300,static,1,108.39172082772454,Low,Conceptual Understanding,Concept Review,6.77545479032604,6.70770024242278,0.0
10308,static,1,63.82214364651335,Low,Critical Thinking,Critical Thinking Activity,3.02555711227077,1.1255072457647266,1.1255072457647266
10310,static,1,75.86501688488656,Low,Conceptual Understanding,Concept Review,4.271230147397818,2.280836898710435,2.280836898710435
10311,static,1,72.5840744587816,Low,Application Skills,Application Exercise,3.824714366644172,1.7670180373896076,1.7670180373896076
10313,static,1,70.54581794206297,Low,Application Skills,Application Exercise,5.3177985843025,3.9245353552152453,3.9245353552152453
10315,static,1,42.98373856001999,Medium,Advanced Topics,Advanced Practice,1.2043814335563958,0.15175206062810587,0.15175206062810587
10319,static,1,66.8108390854301,Low,Application Skills,Application Exercise,2.7404993901023795,1.227743726765866,1.227743726765866
10320,static,1,92.26997389912589,Low,Conceptual Understanding,Concept Review,5.4716079131934805,4.6836963736936195,4.6836963736936195
10322,static,1,85.35449469289968,Low,Problem Solving,Practice Questions,4.777003523377642,2.9617421844941383,2.9617421844941383
10328,static,1,60.6986163344393,Medium,Advanced Topics,Advanced Practice,2.539664610425734,0.6526938048794136,0.6526938048794136
10329,static,1,70.16979462913206,Low,Application Skills,Application Exercise,3.647671759154533,1.6852243527293942,1.6852243527293942
10333,static,1,75.83270544286535,Low,Critical Thinking,Critical Thinking Activity,4.519093205952322,2.5306921953333004,2.5306921953333004
10347,static,1,70.60817479514665,Low,Advanced Topics,Advanced Practice,4.083358807956366,2.176430244640743,2.176430244640743
10352,static,1,30.326835493751126,High,Advanced Topics,Practice Questions,1.5551459137715469,0.2659299512549345,0.2659299512549345
10356,static,1,75.24286849326258,Low,Advanced Topics,Advanced Practice,4.127371168201244,1.9687560472319936,1.9687560472319936
10362,static,1,68.68451383175217,Low,Problem Solving,Practice Questions,2.4812221607546485,0.5483500975267773,0.5483500975267773
10364,static,1,53.734718356234914,Medium,Advanced Topics,Advanced Practice,3.383144125485012,1.0386252465238985,1.0386252465238985
10366,static,1,74.36282873870084,Low,Conceptual Understanding,Concept Review,5.253585509904677,3.835117422230414,3.835117422230414
10371,static,1,74.41708637513132,Low,Advanced Topics,Advanced Practice,3.6538731392168824,1.8780907935574775,1.8780907935574775
10372,static,1,51.6474191183381,Medium,Problem Solving,Practice Questions,1.9360303243190669,0.23038760859396898,0.23038760859396898
10378,static,1,96.82575339980053,Low,Critical Thinking,Critical Thinking Activity,4.522088251530468,2.7539517451820545,2.7539517451820545
10383,static,1,85.08797402451574,Low,Problem Solving,Practice Questions,5.984780419808431,4.5065396561157485,4.5065396561157485
10409,static,1,71.64842380206943,Low,Advanced Topics,Advanced Practice,2.6461797774219784,0.8229619107782353,0.8229619107782353
10412,static,1,50.149937452536314,Medium,Advanced Topics,Advanced Practice,2.738753981459798,0.9667801554553086,0.9667801554553086
10426,static,1,51.5045945161834,Medium,Advanced Topics,Advanced Practice,2.101554503356897,0.5422010618660795,0.5422010618660795
10430,static,1,63.692313981027446,Medium,Critical Thinking,Critical Thinking Activity,3.956207826508945,2.164045681100393,2.164045681100393
10433,static,1,82.03450757811397,Low,Critical Thinking,Critical Thinking Activity,5.781269299667516,4.850484942421046,4.850484942421046
10437,static,1,68.13235475130247,Low,Application Skills,Application Exercise,3.5972101674442074,1.4137035958055735,1.4137035958055735
10440,static,1,93.02196631873704,Low,Problem Solving,Practice Questions,6.002423289673294,4.771926515290269,4.771926515290269
10446,static,1,71.17478349559445,Low,Problem Solving,Practice Questions,4.0271140144101185,1.7880386223980926,1.7880386223980926
10452,static,1,80.69605304930323,Low,Application Skills,Application Exercise,5.340041059427659,3.4229663190931285,3.4229663190931285
10463,static,1,61.76300365080093,Medium,Application Skills,Application Exercise,4.023055623298723,1.9914125335328678,1.9914125335328678
10480,static,1,98.80390566931081,Low,Conceptual Understanding,Concept Review,5.805397495363804,5.056501218461873,0.0
10487,static,1,48.85915469507434,Medium,Problem Solving,Practice Questions,3.06779054374536,1.294607609460542,1.294607609460542
10494,static,1,62.93814030750467,Medium,Advanced Topics,Advanced Practice,4.231075816132468,1.9843745577661274,1.9843745577661274
10495,static,1,29.445573571874682,High,Advanced Topics,Advanced Practice,1.3869489071942587,0.2649072412741034,0.2649072412741034
10500,static,1,78.35894380515533,Low,Advanced Topics,Advanced Practice,4.013197386622896,1.781859639660566,1.781859639660566
10514,static,1,44.23509380986338,Medium,Advanced Topics,Advanced Practice,2.952505760633601,0.7410789459190338,0.7410789459190338
10522,static,1,46.06387425247432,Medium,Advanced Topics,Practice Questions,0.7791724716905271,0.0,0.0
10523,static,1,73.59964140568101,Low,Application Skills,Application Exercise,3.8990945266919765,1.6376197012106302,1.6376197012106302
10527,static,1,86.10857676067735,Low,Critical Thinking,Critical Thinking Activity,4.753410680190739,3.2941136013721817,3.2941136013721817
10528,static,1,64.52776779599289,Medium,Application Skills,Application Exercise,4.2629859962548755,2.7581519395769045,2.7581519395769045
10529,static,1,77.24100401379343,Low,Advanced Topics,Advanced Practice,4.574227228832361,2.0629764802033947,2.0629764802033947
10530,static,1,68.40990595533178,Low,Application Skills,Application Exercise,3.1289109876187076,1.0763453797408353,1.0763453797408353
10535,static,1,69.36379552737529,Low,Problem Solving,Practice Questions,5.05928472893088,3.6325664353723717,3.6325664353723717
10543,static,1,78.69741406140234,Low,Advanced Topics,Advanced Practice,5.096336782605172,3.6031101053018566,3.6031101053018566
10544,static,1,68.89105881657643,Low,Application Skills,Application Exercise,2.8471969117804394,0.9708941469171299,0.9708941469171299
10549,static,1,67.2040755035836,Medium,Advanced Topics,Advanced Practice,3.216101892579765,1.0195042999477855,1.0195042999477855
10550,static,1,55.509277179235234,Medium,Advanced Topics,Advanced Practice,2.2346959788683423,0.6145413941887942,0.6145413941887942
10555,static,1,85.64833249912196,Low,Critical Thinking,Critical Thinking Activity,4.388549457616028,1.9660701570119803,1.9660701570119803
10560,static,1,43.754364677558115,Medium,Critical Thinking,Critical Thinking Activity,1.9494638898783252,0.42303366410359655,0.42303366410359655
10571,static,1,60.84211525122624,Medium,Advanced Topics,Advanced Practice,3.0829907765526454,1.1437895781010314,1.1437895781010314
10579,static,1,61.14056735916209,Medium,Advanced Topics,Advanced Practice,3.1001019298948425,1.0943359812528792,1.0943359812528792
10584,static,1,71.598212257614,Low,Advanced Topics,Advanced Practice,3.652329367204233,1.4317131119440594,1.4317131119440594
10585,static,1,81.11721532535725,Low,Advanced Topics,Advanced Practice,4.774372386687414,2.759587239505325,2.759587239505325
10590,static,1,85.85068523099673,Low,Critical Thinking,Critical Thinking Activity,3.9192834397090635,2.21831442687533,2.21831442687533
10591,static,1,68.97400809756071,Medium,Advanced Topics,Advanced Practice,5.859947894801635,4.8871965442645635,4.8871965442645635
10596,static,1,77.20203283527766,Low,Advanced Topics,Advanced Practice,5.448782742827332,4.12472853632029,4.12472853632029
10600,static,1,36.369070903358434,Medium,Advanced Topics,Advanced Practice,1.1575161544445223,0.1967777462555688,0.1967777462555688
10602,static,1,37.1081582305796,Medium,Advanced Topics,Advanced Practice,0.5780477084152684,0.053180389174204694,0.053180389174204694
10605,static,1,74.53999329486473,Low,Application Skills,Application Exercise,3.847363390660415,2.189149769285776,2.189149769285776
10614,static,1,68.96300197566012,Low,Advanced Topics,Advanced Practice,2.9003577344888,1.0267266380090352,1.0267266380090352
10618,static,1,80.1848979010775,Low,Application Skills,Application Exercise,2.638783398351885,1.1162053775028473,1.1162053775028473
10622,static,1,57.50977509222176,Medium,Critical Thinking,Critical Thinking Activity,2.689588606666044,1.0596979110264213,1.0596979110264213
10627,static,1,90.98657816684255,Low,Conceptual Understanding,Concept Review,4.564894095782291,2.478737494009784,0.0
10636,static,1,54.93705128276716,Medium,Advanced Topics,Advanced Practice,4.238321783033742,2.1615441093472083,2.1615441093472083
10637,static,1,46.94041469322492,Medium,Advanced Topics,Advanced Practice,2.1183557074839166,0.5041686583811722,0.5041686583811722
10644,static,1,85.25660295156553,Low,Advanced Topics,Advanced Practice,5.583009388183914,3.986268703163315,3.986268703163315
10645,static,1,55.505822943754644,Medium,Problem Solving,Practice Questions,1.2860898281446436,0.13503943195518756,0.13503943195518756
10650,static,1,63.39955727426759,Medium,Advanced Topics,Advanced Practice,2.236156277571302,0.5500944442825404,0.5500944442825404
10651,static,1,77.40583284251666,Low,Application Skills,Application Exercise,3.434919804139411,1.528539312842038,0.0
10653,static,1,85.07671518028066,Low,Conceptual Understanding,Concept Review,5.381195164843867,4.0574211542922765,0.0
10657,static,1,77.06893570036357,Low,Critical Thinking,Critical Thinking Activity,4.100024402701265,2.197613079847878,2.197613079847878
10661,static,1,50.00333811831857,Medium,Problem Solving,Practice Questions,2.53074432350459,0.6655857570817072,0.6655857570817072
10663,static,1,90.80248512134726,Low,Critical Thinking,Critical Thinking Activity,4.5192057825342085,3.1001751668184667,3.1001751668184667
10669,static,1,81.69671328887304,Low,Advanced Topics,Advanced Practice,4.630208812168865,2.699411737494448,2.699411737494448
10671,static,1,62.92785232032248,Medium,Application Skills,Application Exercise,3.246279218207525,1.5906768169216872,1.5906768169216872
10678,static,1,70.44024065996976,Low,Critical Thinking,Critical Thinking Activity,2.6871861682518774,1.120556632161033,1.120556632161033
10679,static,1,45.19887829441485,Medium,Advanced Topics,Advanced Practice,1.9068501639822413,0.4671782901756491,0.4671782901756491
10680,static,1,80.98147322544017,Low,Critical Thinking,Critical Thinking Activity,4.820493638387127,2.8344502593716308,2.8344502593716308
10688,static,1,86.73530544289702,Low,Critical Thinking,Critical Thinking Activity,5.19499161816433,3.636494132715031,3.636494132715031
10690,static,1,83.62442539617632,Low,Advanced Topics,Advanced Practice,4.820135439666231,3.1620088484210473,3.1620088484210473
10693,static,1,71.49456402481981,Low,Critical Thinking,Critical Thinking Activity,4.784726694918406,3.1387807118664743,3.1387807118664743
10698,static,1,74.76401932473529,Low,Application Skills,Application Exercise,3.5197636591774404,1.7528423022703654,1.7528423022703654
10714,static,1,58.17812342488472,Medium,Advanced Topics,Advanced Practice,2.137526378454837,0.4766683823954287,0.4766683823954287
10715,static,1,51.291783981523025,Medium,Advanced Topics,Advanced Practice,2.9948675108971283,1.1739880642716745,1.1739880642716745
10717,static,1,100.66062487003987,Low,Conceptual Understanding,Concept Review,6.511328880250151,6.511328880250151,0.0
10722,static,1,66.97123421181084,Medium,Advanced Topics,Advanced Practice,4.653150434633875,3.2851242068515156,3.2851242068515156
10738,static,1,85.29878879400547,Low,Critical Thinking,Critical Thinking Activity,4.993376292534138,3.4004892552157475,3.4004892552157475
10741,static,1,35.52220880674135,Medium,Advanced Topics,Advanced Practice,1.6523631498692373,0.1536697729378391,0.1536697729378391
10742,static,1,68.06391600775977,Low,Advanced Topics,Advanced Practice,4.588201558170715,2.9410371987874275,2.9410371987874275
10750,static,1,95.29874627909558,Low,Conceptual Understanding,Concept Review,5.382268563969849,3.245507944073819,0.0
10754,static,1,63.240107355296175,Medium,Application Skills,Application Exercise,2.6259900764483315,1.0110061794326077,1.0110061794326077
10762,static,1,36.5327800540565,Medium,Advanced Topics,Advanced Practice,2.0614309080015465,0.663780752376498,0.663780752376498
10765,static,1,52.950952145066296,Medium,Application Skills,Application Exercise,2.8325998057124857,1.0423967285021947,1.0423967285021947
10768,static,1,53.71234457467573,Medium,Advanced Topics,Advanced Practice,4.398617150431684,2.5380020957990816,2.5380020957990816
10788,static,1,86.47183260474702,Low,Problem Solving,Practice Questions,4.0695653159565035,2.3725565792026413,2.3725565792026413
10801,static,1,76.14338037931113,Low,Problem Solving,Practice Questions,3.800887180197734,1.7484081028909577,1.7484081028909577
10803,static,1,99.48594853429978,Low,Conceptual Understanding,Concept Review,5.370773753310041,3.9367771611762596,0.0
10811,static,1,73.11328909955839,Low,Problem Solving,Practice Questions,3.8723800708500247,1.754188172095061,1.754188172095061
10812,static,1,68.19125785600707,Low,Advanced Topics,Advanced Practice,4.544233640784577,2.4629746333052407,2.4629746333052407
10817,static,1,88.27462959723341,Low,Advanced Topics,Advanced Practice,3.6320838343235726,1.7325039889723444,1.7325039889723444
10821,static,1,79.80620855808729,Low,Conceptual Understanding,Concept Review,4.185776151924011,2.4863510342428623,2.4863510342428623
10823,static,1,41.75631085281665,Medium,Advanced Topics,Practice Questions,2.1349421279257874,0.43339325196893486,0.43339325196893486
10824,static,1,40.7186080901693,Medium,Advanced Topics,Advanced Practice,1.6408532280664132,0.2707407826309582,0.2707407826309582
10827,static,1,81.15193963175814,Low,Advanced Topics,Advanced Practice,5.409115426947667,3.2400601407416527,3.2400601407416527
10830,static,1,81.73075536747821,Low,Advanced Topics,Advanced Practice,4.388091410974349,2.615302480940712,2.615302480940712
10838,static,1,64.72884266928963,Medium,Conceptual Understanding,Concept Review,3.174870044473913,1.3588443790348346,1.3588443790348346
10846,static,1,66.5705645117307,Medium,Problem Solving,Practice Questions,3.555260669706923,1.8842881549446693,1.8842881549446693
10850,static,1,48.79861776723304,Medium,Advanced Topics,Advanced Practice,2.3472224952784257,0.5609861763715437,0.5609861763715437
10860,static,1,98.23811385268056,Low,Conceptual Understanding,Concept Review,6.034688430708864,4.882062940443471,0.0
10866,static,1,104.12216413782772,Low,Conceptual Understanding,Concept Review,6.1325647464936806,5.145221822308199,0.0
10867,static,1,81.40875928956409,Low,Conceptual Understanding,Concept Review,5.272890156623015,3.833391143864932,3.833391143864932
10868,static,1,89.94732349302228,Low,Application Skills,Application Exercise,5.957077279903812,5.444768633832084,5.444768633832084
10880,static,1,63.52718395099554,Medium,Advanced Topics,Advanced Practice,4.247963569536147,2.1834532747415794,2.1834532747415794
10884,static,1,96.90105582409483,Low,Conceptual Understanding,Concept Review,5.380858459077593,3.820409505945091,0.0
10885,static,1,56.51415114750427,Medium,Advanced Topics,Advanced Practice,3.3366556391703233,1.0610564932561628,1.0610564932561628
10893,static,1,62.835290222438395,Medium,Problem Solving,Practice Questions,3.7790393653222303,1.7043467537603258,1.7043467537603258
10894,static,1,46.441751379731336,Medium,Advanced Topics,Advanced Practice,1.926320780274571,0.26197962611734166,0.26197962611734166
10900,static,1,100.82344553155562,Low,Conceptual Understanding,Concept Review,6.485938974568487,5.7011403586457,0.0
10902,static,1,85.49373577591692,Low,Critical Thinking,Critical Thinking Activity,4.949969112779241,3.019481158795337,3.019481158795337
10903,static,1,44.65363867803282,Medium,Advanced Topics,Advanced Practice,1.57411609469419,0.4470489708931499,0.4470489708931499
10915,static,1,74.17225714267327,Low,Advanced Topics,Advanced Practice,3.82411114164747,1.3843282332763842,1.3843282332763842
10918,static,1,38.17505649727628,Medium,Advanced Topics,Application Exercise,1.8917151855780479,0.46157850528104366,0.46157850528104366
10925,static,1,73.89739254380186,Low,Application Skills,Application Exercise,2.717052478843144,1.130293831198748,1.130293831198748
10937,static,1,74.08831634502006,Low,Application Skills,Application Exercise,4.930273991975931,3.1750964508324997,3.1750964508324997
10939,static,1,101.57599107909621,Low,Conceptual Understanding,Concept Review,5.80795881648581,4.4430884946116445,0.0
10942,static,1,55.952376228800816,Medium,Advanced Topics,Advanced Practice,3.5385206337433464,1.5038712693409222,1.5038712693409222
10943,static,1,57.60649769856592,Medium,Application Skills,Application Exercise,2.623517398093341,1.0257953026544964,1.0257953026544964
10948,static,1,49.78227043041247,Medium,Advanced Topics,Advanced Practice,2.676135768460579,0.941999790498124,0.941999790498124
10949,static,1,92.04297717012817,Low,Conceptual Understanding,Concept Review,4.710313379453502,3.0098902494707875,0.7000000000000028
10960,static,1,67.98941389832869,Low,Conceptual Understanding,Concept Review,3.2349114736613225,1.4783545434632244,1.4783545434632244
10974,static,1,72.06252221849262,Low,Advanced Topics,Advanced Practice,4.343242256066372,2.21505355059385,2.21505355059385
10975,static,1,59.18994728411674,Medium,Advanced Topics,Advanced Practice,3.7813525242192974,1.7242967510439997,1.7242967510439997
10978,static,1,65.36543690548999,Medium,Advanced Topics,Advanced Practice,3.8756414206603975,2.112224574259917,2.112224574259917
10979,static,1,44.60033586823364,Medium,Advanced Topics,Advanced Practice,2.5113844924170747,0.7283015028009516,0.7283015028009516
10986,static,1,74.86829430512068,Low,Problem Solving,Practice Questions,3.4775910617235612,0.9841582704677679,0.9841582704677679
10987,static,1,93.91142789818784,Low,Critical Thinking,Critical Thinking Activity,6.1152747911775664,4.867758733777342,4.867758733777342
10990,static,1,56.23899845708799,Medium,Advanced Topics,Advanced Practice,3.296494402468048,1.5295734027451742,1.5295734027451742
10996,static,1,78.73797977160702,Low,Conceptual Understanding,Concept Review,4.100166043145005,2.205889331212012,2.205889331212012
10999,static,1,89.30597887675813,Low,Critical Thinking,Critical Thinking Activity,5.54078765704784,4.488038002208751,4.488038002208751
10011,static,2,53.38511806381642,Medium,Advanced Topics,Advanced Practice,2.1915979746130185,0.47338516251641194,1.1313318709672688
10024,static,2,98.12943381194418,Low,Conceptual Understanding,Concept Review,6.5539225628509135,4.095939444879307,0.0
10026,static,2,90.59519411492153,Low,Critical Thinking,Critical Thinking Activity,5.528521794173447,3.041129268538929,7.26114163936875
10031,static,2,78.79391258133917,Low,Advanced Topics,Critical Thinking Activity,3.2150754735427958,0.5185273723729821,1.2385152791152705
10040,static,2,82.67007355370657,Low,Critical Thinking,Critical Thinking Activity,4.148045898692466,1.768063083858677,4.222003811933289
10045,static,2,90.40532963097544,Low,Conceptual Understanding,Concept Review,5.104531895574483,2.388920927128858,5.699161753662374
10055,static,2,64.77438220721872,Medium,Advanced Topics,Advanced Practice,4.242423636800279,2.0954178826883934,5.0104549191667775
10056,static,2,96.49297271055661,Low,Conceptual Understanding,Concept Review,5.767919157307695,2.9859363893550475,0.0
10060,static,2,88.78832569115471,Low,Problem Solving,Practice Questions,5.134315079112445,2.5618178518739447,6.119898201698868
10061,static,2,52.59619113066027,Medium,Advanced Topics,Advanced Practice,3.0195695524744774,0.8022392387014191,1.9174346662871837
10064,static,2,92.76710805129636,Low,Conceptual Understanding,Critical Thinking Activity,5.582758862765813,3.0267485450371128,5.599999999999991
10067,static,2,83.34609163172233,Low,Critical Thinking,Practice Questions,5.359086844259635,2.928633778651005,6.996180693444067
10068,static,2,56.38003914365977,Medium,Critical Thinking,Critical Thinking Activity,3.1646286232927174,1.0253396739468406,2.448671959092327
10071,static,2,84.49242030894908,Low,Critical Thinking,Critical Thinking Activity,4.657696438753609,1.8779832041054554,4.484582606270399
10073,static,2,79.3308883741955,Low,Problem Solving,Practice Questions,4.057411843560421,1.6856111762887416,4.026737810023105
10077,static,2,67.98927751864808,Medium,Advanced Topics,Advanced Practice,3.402297817927284,1.10234449300844,2.6350114089972223
10079,static,2,53.02887588979594,Medium,Critical Thinking,Advanced Practice,3.4035774510531613,0.8184923054292641,1.956186818458206
10087,static,2,66.40254980780988,Medium,Problem Solving,Practice Questions,3.66276761403065,1.2843128361837073,3.068080664216634
10089,static,2,80.65334953234769,Low,Advanced Topics,Advanced Practice,3.3730303831617663,0.8742894753155298,2.089616257144069
10097,static,2,80.82971078573335,Low,Application Skills,Concept Review,5.800199521988861,3.2239829023022883,7.689392448427317
10102,static,2,55.48646245444785,Medium,Advanced Topics,Advanced Practice,4.096725551920949,1.589857252189482,3.800813744419643
10108,static,2,80.42208766864282,Low,Critical Thinking,Critical Thinking Activity,4.579773789430182,1.9125135344660438,4.5669781020290605
10111,static,2,67.9284227954958,Low,Advanced Topics,Advanced Practice,3.036753432310902,0.6865492159768487,1.6407991926795904
10121,static,2,100.72704168122517,Low,Conceptual Understanding,Concept Review,6.563404781438525,4.201104132503171,0.0
10137,static,2,60.020018770107484,Medium,Advanced Topics,Advanced Practice,2.740046611081976,0.6293339056333083,1.5040694165683668
10138,static,2,58.82921142129246,Medium,Advanced Topics,Advanced Practice,3.4249646667825306,0.8704890197094478,2.0805128176262073
10140,static,2,62.18563657665072,Medium,Advanced Topics,Advanced Practice,3.6661091904504435,1.0822354330209707,2.586800674402541
10159,static,2,56.55482646516579,Medium,Advanced Topics,Advanced Practice,2.9091677683290764,0.900678341074682,2.1528952953108544
10169,static,2,76.32790405551233,Low,Critical Thinking,Critical Thinking Activity,3.194762622557975,1.06960652603241,2.5543620590259373
10175,static,2,72.70687664500633,Low,Advanced Topics,Advanced Practice,4.334342558838944,1.329429549647081,3.1777236235080446
10185,static,2,86.03313047649345,Low,Advanced Topics,Advanced Practice,4.401805855300047,1.8160090236625872,4.341670102788784
10199,static,2,70.68410038528752,Low,Advanced Topics,Advanced Practice,3.579839567026727,1.2552349457822516,3.000629247109548
10200,static,2,57.13142563764051,Medium,Advanced Topics,Advanced Practice,3.1918514276299907,1.0939113212773506,2.614946735811886
10209,static,2,59.284799561735916,Medium,Problem Solving,Critical Thinking Activity,3.5326910638266287,1.2743123205435416,3.043152027377144
10210,static,2,41.63309251580984,Medium,Problem Solving,Practice Questions,2.7927041323359623,0.78620206733522,1.8781493830785814
10211,static,2,66.68434630990572,Medium,Advanced Topics,Advanced Practice,3.662703347951727,1.6192078960624994,3.871381678838949
10214,static,2,67.50192232394103,Low,Critical Thinking,Critical Thinking Activity,4.501056473023431,2.1453835573018885,5.1227731088313
10216,static,2,62.30075849517576,Medium,Application Skills,Critical Thinking Activity,3.59506660670111,1.5245958465698066,3.640629499386387
10219,static,2,87.31578217983565,Low,Application Skills,Concept Review,3.079494271359075,0.9778010210419336,2.333716753155017
10222,static,2,69.77048767849588,Low,Advanced Topics,Critical Thinking Activity,4.489425710517644,1.9200375878741858,4.584901440255328
10236,static,2,50.69394471075147,Medium,Problem Solving,Practice Questions,2.703005033342923,0.6305570141782371,1.506330644981344
10238,static,2,58.42269585598099,Medium,Critical Thinking,Critical Thinking Activity,2.4715502525256725,0.38793452763642955,0.9265948699782062
10245,static,2,66.11045992519598,Medium,Critical Thinking,Critical Thinking Activity,3.252878803841874,0.9040400771637336,2.1590835768367533
10248,static,2,50.19699961281811,Medium,Problem Solving,Practice Questions,1.0213799780987074,0.07795171992849334,0.18621799760695631
10255,static,2,57.889306929382876,Medium,Application Skills,Application Exercise,1.6573524916554168,0.34605520025765096,0.8266874228377218
10257,static,2,61.526503176826736,Medium,Advanced Topics,Advanced Practice,3.924794872550521,1.1388184802192591,2.72202138214457
10260,static,2,67.83725373580639,Medium,Advanced Topics,Advanced Practice,5.135614678767422,2.5661639426865057,6.136146289602085
10261,static,2,52.50768743062302,Medium,Advanced Topics,Advanced Practice,2.5026782636461133,0.618061423990044,1.477177730023925
10262,static,2,74.83300790581852,Low,Advanced Topics,Advanced Practice,5.123510584960642,2.2760683422629158,5.441898945516357
10266,static,2,73.26811156939966,Low,Advanced Topics,Advanced Practice,4.317878016856611,1.8155813485278676,4.3407134789157125
10276,static,2,85.8874845734033,Low,Application Skills,Application Exercise,5.926190670049348,3.3580166812767622,8.021928738605599
10278,static,2,52.74429364880658,Medium,Advanced Topics,Advanced Practice,2.8684227285775545,0.6670803897579959,1.594289984872686
10281,static,2,57.514576590719486,Medium,Advanced Topics,Advanced Practice,3.5252754212666426,1.1371128398837682,2.71811313455649
10282,static,2,60.90455997063435,Medium,Problem Solving,Practice Questions,3.92019239028455,1.36610864416636,3.263481761064082
10290,static,2,64.10624265425093,Medium,Advanced Topics,Advanced Practice,3.225195812457357,0.8290043316340392,1.9813732356259093
10293,static,2,69.25991459143432,Low,Advanced Topics,Advanced Practice,3.763058993123024,1.6500261073045832,3.945038066254564
10295,static,2,79.30823256347692,Low,Advanced Topics,Advanced Practice,4.079169580013768,1.5712961222213035,3.7564196080252734
10297,static,2,72.50411557469864,Low,Advanced Topics,Advanced Practice,4.451292237387692,2.0255160197008952,4.842948410072333
10299,static,2,66.70514109779569,Medium,Advanced Topics,Advanced Practice,3.0419802544377434,0.8914218937604363,2.1307020176282703
10300,static,2,108.39172082772454,Low,Conceptual Understanding,Concept Review,6.77545479032604,4.829544174544401,0.0
10308,static,2,63.79325200752647,Low,Critical Thinking,Critical Thinking Activity,3.026876083561496,0.8107184902211113,1.936225735985838
10310,static,2,75.89183881643388,Low,Conceptual Understanding,Concept Review,4.279397637267277,1.6453428035765225,3.9261797022869573
10311,static,2,72.63040841846248,Low,Application Skills,Application Exercise,3.824714366644172,1.2722529869205175,3.039271024310125
10313,static,2,70.64872535956923,Low,Advanced Topics,Application Exercise,5.3177985843025,2.8256654557549767,6.750200810970222
10315,static,2,42.986215593458866,Medium,Advanced Topics,Advanced Practice,1.204022153312704,0.1092288897485285,0.2609809503766344
10319,static,2,66.84303243441168,Low,Problem Solving,Application Exercise,2.7404993901023795,0.8839754832714235,2.1117192100372897
10320,static,2,92.32505270971276,Low,Conceptual Understanding,Concept Review,5.4883798457702415,3.382598266545115,5.799999999999995
10322,static,2,85.46052532727543,Low,Problem Solving,Practice Questions,4.777003523377642,2.1324543728357797,5.0941965573299175
10328,static,2,60.70927018897901,Medium,Advanced Topics,Advanced Practice,2.538119326702386,0.4696536002130095,1.1223474050924231
10329,static,2,70.21398383125698,Low,Application Skills,Application Exercise,3.647671759154533,1.2133615339651638,2.898585886694558
10333,static,2,75.76774287103864,Low,Advanced Topics,Critical Thinking Activity,4.522058900188293,1.82329414855592,4.35398634388922
10347,static,2,70.64370044449231,Low,Advanced Topics,Advanced Practice,4.078206005513777,1.5650523366759668,3.74148258131671
10352,static,2,30.336355809725518,High,Advanced Topics,Practice Questions,1.5551459137715469,0.19146956490355285,0.4573995161584874
10356,static,2,75.27500429782299,Low,Advanced Topics,Advanced Practice,4.122710044329243,1.4159035376244353,3.384659584856429
10362,static,2,68.7041448141534,Low,Problem Solving,Practice Questions,2.4812221607546485,0.39481207021927966,0.943162167746057
10364,static,2,53.751671730412845,Medium,Advanced Topics,Advanced Practice,3.380685130660619,0.7472666412812232,1.7858918878051218
10366,static,2,74.40792852511396,Low,Conceptual Understanding,Concept Review,5.26731875085319,2.7685027354484366,6.603620157678851
10371,static,2,74.44774225998475,Low,Advanced Topics,Advanced Practice,3.649426669658633,1.3505798219072669,3.228670615464744
10372,static,2,51.65566701527505,Medium,Problem Solving,Practice Questions,1.9360303243190669,0.16587907818765765,0.39626668678162663
10378,static,2,96.75505978151554,Low,Critical Thinking,Critical Thinking Activity,4.525315581520219,1.9842603761849853,4.73821212136704
10383,static,2,85.24930854616284,Low,Advanced Topics,Practice Questions,5.984780419808431,3.2447085524033388,7.751248208519087
10409,static,2,71.66185692557023,Low,Advanced Topics,Advanced Practice,2.6442313758343516,0.592096289676828,1.4150582004550634
10412,static,2,50.1657181066058,Medium,Advanced Topics,Advanced Practice,2.7364650833162694,0.695499965575663,1.6622801210309714
10426,static,2,51.513444808925904,Medium,Advanced Topics,Advanced Practice,2.1002708164742883,0.3901463068682638,0.9323473687343433
10430,static,2,63.63676318221674,Medium,Critical Thinking,Critical Thinking Activity,3.9587438511644337,1.5591116783426004,3.7231573594429936
10433,static,2,81.90999619856039,Low,Critical Thinking,Critical Thinking Activity,5.786953537071785,3.495782892674324,8.34626783509537
10437,static,2,68.16942425711552,Low,Application Skills,Application Exercise,3.5972101674442074,1.017866588980013,2.4315701847855866
10440,static,2,93.19280171361362,Low,Critical Thinking,Practice Questions,6.002423289673294,3.4357870910089936,8.207713606299261
10446,static,2,71.23879543775936,Low,Problem Solving,Practice Questions,4.0271140144101185,1.2873878081266266,3.075426430524719
10452,static,2,80.78580854701856,Low,Critical Thinking,Application Exercise,5.340041059427659,2.4645357497470526,5.887502068840181
10463,static,2,61.81522158298063,Medium,Advanced Topics,Application Exercise,4.023055623298723,1.4338170241436647,3.4252295576765324
10480,static,2,98.80390566931081,Low,Conceptual Understanding,Concept Review,5.805397495363804,3.6406808772925485,0.0
10487,static,2,48.90550176296479,Medium,Problem Solving,Practice Questions,3.06779054374536,0.9321174788115902,2.2267250882721323
10494,static,2,62.97053105142271,Medium,Advanced Topics,Advanced Practice,4.226377714691611,1.427163226697063,3.4115377844631904
10495,static,2,29.449897625809243,High,Advanced Topics,Advanced Practice,1.386321726661706,0.19064696385051783,0.45555420512462125
10500,static,2,78.38802891867903,Low,Advanced Topics,Advanced Practice,4.008978748912727,1.2815903264524207,3.0634499661129864
10514,static,2,44.247190366063606,Medium,Advanced Topics,Advanced Practice,2.9507512208719495,0.5332597606359787,1.2743387065550125
10522,static,2,46.06387425247432,Medium,Advanced Topics,Practice Questions,0.7791724716905271,0.0,0.0
10523,static,2,73.64258233984408,Low,Application Skills,Application Exercise,3.8990945266919765,1.1790861848716536,2.816705886082284
10527,static,2,86.02401725090009,Low,Critical Thinking,Critical Thinking Activity,4.7572710207482505,2.3736879485125466,5.667801549884729
10528,static,2,64.60009082725684,Medium,Advanced Topics,Application Exercise,4.2629859962548755,1.985869396495371,4.744021336072276
10529,static,2,77.27467776889058,Low,Advanced Topics,Advanced Practice,4.569343033590004,1.483757069867346,3.5467335500707406
10530,static,2,68.43812940431326,Low,Application Skills,Application Exercise,3.1289109876187076,0.7749686734134014,1.8513140531542367
10535,static,2,69.49384172976625,Low,Application Skills,Practice Questions,5.05928472893088,2.6154478334681075,6.248014268840479
10543,static,2,78.75622726089264,Low,Advanced Topics,Advanced Practice,5.087806247524971,2.589896892240111,6.193006997541968
10544,static,2,68.91651717031465,Low,Application Skills,Application Exercise,2.8471969117804394,0.6990437857803335,1.6699379326974635
10549,static,2,67.22071676849687,Medium,Advanced Topics,Advanced Practice,3.2136881675086593,0.7334921873521765,1.752996487299962
10550,static,2,55.519308275858755,Medium,Advanced Topics,Advanced Practice,2.2332410227975723,0.44218172251391935,1.0567231167027136
10555,static,2,85.59786370879385,Low,Critical Thinking,Critical Thinking Activity,4.390853476628265,1.416313697421213,3.3823838544331934
10560,static,2,43.74350545301863,Medium,Critical Thinking,Critical Thinking Activity,1.949959639026154,0.30466169400144627,0.7276953581050428
10571,static,2,60.86078521208389,Medium,Advanced Topics,Advanced Practice,3.080282800155809,0.8228051415776197,1.966594719678651
10579,static,2,61.158430093992244,Medium,Advanced Topics,Advanced Practice,3.097511037247996,0.7872634052269506,1.88159938647983
10584,static,2,71.621581965007,Low,Advanced Topics,Advanced Practice,3.6489397181040704,1.029876746037693,2.4615898579817523
10585,static,2,81.16225978697086,Low,Advanced Topics,Advanced Practice,4.767838932236817,1.9841838500396733,4.743771089544999
10590,static,2,85.79374135984722,Low,Critical Thinking,Critical Thinking Activity,3.921883061394185,1.5982457851793583,3.8165602120546884
10591,static,2,69.05378130928776,Medium,Advanced Topics,Advanced Practice,5.848377223812884,3.5118335553551607,8.399030099619724
10596,static,2,77.26936035932222,Low,Advanced Topics,Advanced Practice,5.43901725122506,2.9644819626077066,7.089210498927996
10600,static,2,36.37228288648067,Medium,Advanced Topics,Advanced Practice,1.1570502737419126,0.1416229535060101,0.3384006997615789
10602,static,2,37.10902628865889,Medium,Advanced Topics,Advanced Practice,0.5779218013066401,0.03828154011855184,0.09146192929275654
10605,static,2,74.59739620473843,Low,Critical Thinking,Application Exercise,3.847363390660415,1.5761878338857587,3.7653376031715347
10614,static,2,68.97976113006241,Low,Advanced Topics,Advanced Practice,2.8979269101877536,0.7386236108686546,1.7653502488776898
10618,static,2,80.21416654116065,Low,Conceptual Understanding,Application Exercise,2.638783398351885,0.80366787180205,1.9198732493048973
10622,static,2,57.48257277113877,Medium,Critical Thinking,Critical Thinking Activity,2.6908304566201386,0.7633347839340009,1.823032694960422
10627,static,2,90.98657816684255,Low,Conceptual Understanding,Concept Review,4.564894095782291,1.7846909956870445,0.0
10636,static,2,54.97233394724168,Medium,Advanced Topics,Advanced Practice,4.233204224226683,1.5544325911360382,3.7159767004832465
10637,static,2,46.94864418691664,Medium,Advanced Topics,Advanced Practice,2.1171620641311004,0.3627968913095054,0.8669655496906776
10644,static,2,85.32167040984723,Low,Advanced Topics,Advanced Practice,5.573571706842618,2.865261743053653,6.851530446216968
10645,static,2,55.5106573674634,Medium,Problem Solving,Practice Questions,1.2860898281446436,0.09722839100773503,0.2322678229629226
10650,static,2,63.40853640988781,Medium,Advanced Topics,Advanced Practice,2.234853902729226,0.39583732325140053,0.9459317675339409
10651,static,2,77.40583284251666,Low,Application Skills,Application Exercise,3.434919804139411,1.1005483052462672,0.0
10653,static,2,85.07671518028066,Low,Conceptual Understanding,Concept Review,5.381195164843867,2.921343231090439,0.0
10657,static,2,77.01252323036418,Low,Critical Thinking,Critical Thinking Activity,4.1025997646737,1.5832753011828744,3.7808883810307528
10661,static,2,50.02716614778863,Medium,Problem Solving,Practice Questions,2.53074432350459,0.47922174509882914,1.1448075021805364
10663,static,2,90.72290398843776,Low,Critical Thinking,Critical Thinking Activity,4.522838848475491,2.2339205640390145,5.334095730857481
10669,static,2,81.74077551189256,Low,Critical Thinking,Advanced Practice,4.623817826090277,1.9408937706796545,4.6403055081741025
10671,static,2,62.96956233908915,Medium,Advanced Topics,Application Exercise,3.246279218207525,1.1452873081836148,2.735964125105302
10678,static,2,70.41147610265342,Low,Conceptual Understanding,Critical Thinking Activity,2.6884993379653683,0.8071950412307223,1.9277516733917552
10679,static,2,45.20650399809157,Medium,Advanced Topics,Advanced Practice,1.9057440970909776,0.33617325872684845,0.8033515489024976
10680,static,2,80.90871321973769,Low,Conceptual Understanding,Critical Thinking Activity,4.823815303823906,2.0422104470268887,4.8766607063985195
10688,static,2,86.64195706503835,Low,Critical Thinking,Critical Thinking Activity,5.199253191226603,2.620423608378208,6.256917741093239
10690,static,2,83.67603854475,Low,Advanced Topics,Advanced Practice,4.812649232856822,2.273110485662934,5.435119334083981
10693,static,2,71.41399189209702,Low,Critical Thinking,Critical Thinking Activity,4.78840500233261,2.261659450701738,5.400440162568213
10698,static,2,74.80998157460587,Low,Advanced Topics,Application Exercise,3.5197636591774404,1.262046457634663,3.0148887599050287
10714,static,2,58.18590403437075,Medium,Advanced Topics,Advanced Practice,2.136397843317467,0.3430200377230525,0.8196884201184812
10715,static,2,51.31094686919655,Medium,Advanced Topics,Advanced Practice,2.9920880381435007,0.8444869278856216,2.018474992157296
10717,static,2,100.66062487003987,Low,Conceptual Understanding,Concept Review,6.511328880250151,4.6881567937801085,0.0
10722,static,2,67.02485695984834,Medium,Application Skills,Advanced Practice,4.645372746339496,2.3613358744192925,5.646460081270808
10738,static,2,85.21149863367096,Low,Problem Solving,Critical Thinking Activity,4.997361293713764,2.4503061895337326,5.85079544474948
10741,static,2,35.524717142803055,Medium,Advanced Topics,Advanced Practice,1.6519993293501574,0.11061787509328655,0.26428764803112564
10742,static,2,68.11192225858906,Low,Advanced Topics,Advanced Practice,4.581238512284463,2.114333198189525,5.055370396976953
10750,static,2,95.29874627909558,Low,Conceptual Understanding,Concept Review,5.382268563969849,2.3367657197331497,0.0
10754,static,2,63.26661750887908,Medium,Application Skills,Application Exercise,2.6259900764483315,0.7279244491914776,1.7389306286240853
10762,static,2,36.543614879711676,Medium,Advanced Topics,Advanced Practice,2.0598593754010364,0.47755779759297623,1.1413385499694741
10765,static,2,52.978285407640826,Medium,Application Skills,Application Exercise,2.8325998057124857,0.7505256445215801,1.7929223730237749
10768,static,2,53.75377212454366,Medium,Advanced Topics,Advanced Practice,4.392608309380732,1.8248651960491316,4.362867291848213
10788,static,2,86.55677034190126,Low,Problem Solving,Practice Questions,4.0695653159565035,1.7082407370259016,4.0807973162285425
10801,static,2,76.20597354534286,Low,Problem Solving,Practice Questions,3.800887180197734,1.2588538340814894,3.007261936972447
10803,static,2,99.48594853429978,Low,Conceptual Understanding,Concept Review,5.370773753310041,2.8344795560469067,0.0
10811,static,2,73.17608919258316,Low,Problem Solving,Practice Questions,3.8723800708500247,1.2630154839084438,3.0172036560035047
10812,static,2,68.23146074024172,Low,Advanced Topics,Advanced Practice,4.53840243083067,1.7710661646073609,4.234040797912602
10817,static,2,88.30290908349481,Low,Application Skills,Advanced Practice,3.6279820484711864,1.2459941547269444,2.978498143699289
10821,static,2,79.83544727185976,Low,Critical Thinking,Concept Review,4.19467957105739,1.7939805589498241,4.280331593192686
10823,static,2,41.77182636989339,Medium,Advanced Topics,Practice Questions,2.1349421279257874,0.31204314141763306,0.745436393386568
10824,static,2,40.72302736440564,Medium,Advanced Topics,Advanced Practice,1.640212236346378,0.1948572136779497,0.46559799630890786
10827,static,2,81.20482680363158,Low,Advanced Topics,Advanced Practice,5.401444429979829,2.3295349537617005,5.569595094503353
10830,static,2,81.77344468366444,Low,Advanced Topics,Advanced Practice,4.38189955757354,1.8803607381459573,4.495663219086669
10838,static,2,64.74482225596614,Medium,Conceptual Understanding,Concept Review,3.179735954748432,0.9798674318152767,2.3387118108501115
10846,static,2,66.63802219574569,Medium,Problem Solving,Practice Questions,3.555260669706923,1.3566874715601618,3.240975626504831
10850,static,2,48.80777468748749,Medium,Advanced Topics,Advanced Practice,2.3458943337409797,0.4036814969501477,0.9646676733216915
10860,static,2,98.23811385268056,Low,Conceptual Understanding,Concept Review,6.034688430708864,3.515085317119299,0.0
10866,static,2,104.12216413782772,Low,Conceptual Understanding,Concept Review,6.1325647464936806,3.704559712061903,0.0
10867,static,2,81.45383877548129,Low,Critical Thinking,Concept Review,5.286617215910285,2.7672269154960794,6.600618059361011
10868,static,2,90.09009379021992,Low,Application Skills,Application Exercise,5.957077279903812,3.9202334163591006,9.365002050191185
10880,static,2,63.562824236546675,Medium,Advanced Topics,Advanced Practice,4.2427941397347215,1.5701732552330256,3.753626529974605
10884,static,2,96.90105582409483,Low,Conceptual Understanding,Concept Review,5.380858459077593,2.7506948442804653,0.0
10885,static,2,56.53147066463935,Medium,Advanced Topics,Advanced Practice,3.3341435372990875,0.7633855042999991,1.8244419975561619
10893,static,2,62.896305988241224,Medium,Problem Solving,Practice Questions,3.7790393653222303,1.2271296627074346,2.9314764164677607
10894,static,2,46.44602764650169,Medium,Advanced Topics,Advanced Practice,1.92570053101058,0.188564595996556,0.45054422211389766
10900,static,2,100.82344553155562,Low,Conceptual Understanding,Concept Review,6.485938974568487,4.104821058224904,0.0
10902,static,2,85.41622604872867,Low,Application Skills,Critical Thinking Activity,4.9535076141761225,2.1755805441461527,5.19506170294149
10903,static,2,44.66093581287984,Medium,Advanced Topics,Advanced Practice,1.573057684926706,0.3216588354138128,0.7687078063069627
10915,static,2,74.19485339151505,Low,Advanced Topics,Advanced Practice,3.820833678508306,0.9958620899664049,2.3801903232427892
10918,static,2,38.18715980318528,Medium,Advanced Topics,Application Exercise,1.8917151855780479,0.3323365238023514,0.7939150290833951
10925,static,2,73.92703060504071,Low,Application Skills,Application Exercise,2.717052478843144,0.8138115584630986,1.9441053896618468
10937,static,2,74.17157230948838,Low,Application Skills,Application Exercise,4.930273991975931,2.2860694445994,5.4611658954319
10939,static,2,101.57599107909621,Low,Conceptual Understanding,Concept Review,5.80795881648581,3.199023716120384,0.0
10942,static,2,55.97692376645206,Medium,Advanced Topics,Advanced Practice,3.5349601467628506,1.0816978049094321,2.5855690742503543
10943,static,2,57.633395645948646,Medium,Application Skills,Application Exercise,2.623517398093341,0.7385726179112374,1.7643679205657339
10948,static,2,49.79764659710714,Medium,Advanced Topics,Advanced Practice,2.6739055390133686,0.6776746198075482,1.6196744103056722
10949,static,2,92.05120895210861,Low,Conceptual Understanding,Concept Review,4.712820022042393,2.1682742357412637,0.7000000000000028
10960,static,2,68.00679888731666,Low,Conceptual Understanding,Concept Review,3.2402053400329294,1.066157165084435,2.5445117085476596
10974,static,2,72.09867831212992,Low,Advanced Topics,Advanced Practice,4.3379980111042045,1.5929128696774637,3.8079664202713133
10975,static,2,59.21809280446884,Medium,Application Skills,Advanced Practice,3.777270169394277,1.240153342015529,2.964450093059529
10978,static,2,65.39991453221349,Medium,Advanced Topics,Advanced Practice,3.870640628205714,1.518839382507922,3.631063956767839
10979,static,2,44.61222385953046,Medium,Advanced Topics,Advanced Practice,2.509660203861622,0.5240170505663067,1.2523185533672583
10986,static,2,74.90352725898485,Low,Advanced Topics,Practice Questions,3.4775910617235612,0.7085939547367929,1.6927522252045608
10987,static,2,93.78647310243619,Low,Critical Thinking,Critical Thinking Activity,6.120979271574464,3.508055640124757,8.375814373902099
10990,static,2,56.26396552804658,Medium,Advanced Topics,Advanced Practice,3.292873064460458,1.1000830333749496,2.629656436120124
10996,static,2,78.76392034310346,Low,Conceptual Understanding,Concept Review,4.108065151922141,1.5913001172485606,3.7971894484605726
10999,static,2,89.19077146764802,Low,Critical Thinking,Critical Thinking Activity,5.54604714631268,3.234454695729555,7.722492697938305
10011,static,3,53.39284508163857,Medium,Advanced Topics,Advanced Practice,2.1904772126553556,0.3285715818983033,1.459903452865572
10024,static,3,98.12943381194418,Low,Conceptual Understanding,Concept Review,6.5539225628509135,2.8444023922772965,0.0
10026,static,3,90.51712868329531,Low,Critical Thinking,Critical Thinking Activity,5.532085664785282,2.113256723947978,9.374398363316729
10031,static,3,78.78060204450897,Low,Advanced Topics,Critical Thinking Activity,3.215683130863696,0.36015651065673393,1.5986717897720044
10040,static,3,82.62468758172186,Low,Critical Thinking,Critical Thinking Activity,4.150117875089399,1.2284348910264622,5.450438702959752
10045,static,3,90.43342259703348,Low,Conceptual Understanding,Concept Review,5.113086425485101,1.661753088282658,7.360914841945032
10055,static,3,64.80858550002644,Medium,Advanced Topics,Advanced Practice,4.237462634989745,1.4534496838014825,6.46390460296826
10056,static,3,96.49297271055661,Low,Conceptual Understanding,Concept Review,5.767919157307695,2.0735669370521164,0.0
10060,static,3,88.88003899875163,Low,Critical Thinking,Practice Questions,5.134315079112445,1.7790401749124618,7.89893837661133
10061,static,3,52.609286000094116,Medium,Advanced Topics,Advanced Practice,3.01767021280168,0.55676015426191,2.474194820549094
10064,static,3,92.73117306754605,Low,Conceptual Understanding,Critical Thinking Activity,5.584399379315284,2.1025263663122047,5.599999999999991
10067,static,3,83.45093698221581,Low,Critical Thinking,Practice Questions,5.359086844259635,2.0337734573965314,9.029954150840599
10068,static,3,56.3537187944927,Medium,Critical Thinking,Critical Thinking Activity,3.1658302091539077,0.7123117970596292,3.160983756151956
10071,static,3,84.44421270037027,Low,Critical Thinking,Critical Thinking Activity,4.659897229499293,1.3047712242598022,5.789353830530201
10073,static,3,79.39123340465373,Low,Advanced Topics,Practice Questions,4.057411843560421,1.1705633168671816,5.197301126890287
10077,static,3,68.00727097560042,Medium,Advanced Topics,Advanced Practice,3.399687964746767,0.7649297920680226,3.399941201065245
10079,static,3,53.042236056383594,Medium,Critical Thinking,Advanced Practice,3.401639631469445,0.5680738184553973,2.5242606369136036
10087,static,3,66.44852832189878,Medium,Problem Solving,Practice Questions,3.66276761403065,0.8918839140164634,3.959964578233097
10089,static,3,80.66762047045982,Low,Advanced Topics,Advanced Practice,3.370960461116238,0.6067728830009228,2.696389140144992
10097,static,3,80.86762382053394,Low,Application Skills,Concept Review,5.811744340344241,2.243333315372877,9.932725763800194
10102,static,3,55.51241353254467,Medium,Advanced Topics,Advanced Practice,4.092961489023632,1.1030531212918688,4.903866865711512
10108,static,3,80.37299367053376,Low,Critical Thinking,Critical Thinking Activity,4.582015045943258,1.3287843633235448,5.895762465352606
10111,static,3,67.93962926846474,Low,Advanced Topics,Advanced Practice,3.0351279942865244,0.47651509510298434,2.1173142877825746
10121,static,3,100.72704168122517,Low,Conceptual Understanding,Concept Review,6.563404781438525,2.9174334253494245,0.0
10137,static,3,60.03029132338959,Medium,Advanced Topics,Advanced Practice,2.738556633034604,0.43679978296901933,1.9408691995373861
10138,static,3,58.84342032495459,Medium,Advanced Topics,Advanced Practice,3.4229037424969713,0.6041425105507154,2.6846553281769228
10140,static,3,62.203301795463794,Medium,Advanced Topics,Advanced Practice,3.6635469464288586,0.7510271240179159,3.337827798420457
10159,static,3,56.56952814604762,Medium,Advanced Topics,Advanced Practice,2.9070353693848396,0.6250126044177405,2.777907899728595
10169,static,3,76.30044738144433,Low,Critical Thinking,Critical Thinking Activity,3.1960160843242305,0.7430737396053836,3.2974357986313207
10175,static,3,72.72857678822334,Low,Advanced Topics,Advanced Practice,4.3311950709525115,0.9225445501128849,4.10026817362093
10185,static,3,86.06277300693615,Low,Advanced Topics,Advanced Practice,4.397506367293971,1.2598855742297226,5.601555677018506
10199,static,3,70.70458945753786,Low,Advanced Topics,Advanced Practice,3.5768677384048004,0.8709672943015689,3.871596541411117
10200,static,3,57.1492814407891,Medium,Advanced Topics,Advanced Practice,3.189261540385897,0.7590442466118436,3.3739909824237295
10209,static,3,59.25208811393296,Medium,Problem Solving,Critical Thinking Activity,3.534184418376357,0.8853131968032774,3.9284652241804214
10210,static,3,41.66123861994527,Medium,Problem Solving,Practice Questions,2.7927041323359623,0.5459736578716806,2.424123040950262
10211,static,3,66.71077647557489,Medium,Advanced Topics,Advanced Practice,3.658869796004709,1.1232730273734457,4.994654706212395
10214,static,3,67.44685057965933,Low,Advanced Topics,Critical Thinking Activity,4.503570627712639,1.4906818777728836,6.613454986604184
10216,static,3,62.26162229861572,Medium,Problem Solving,Critical Thinking Activity,3.5968532661465753,1.0592732868801664,4.699902786266554
10219,static,3,87.3272808153006,Low,Application Skills,Concept Review,3.0829956966202245,0.6798005511047596,3.0135173042597767
10222,static,3,69.72120053881834,Low,Advanced Topics,Critical Thinking Activity,4.49167578439771,1.3340277079661198,5.918929148221448
10236,static,3,50.716518708101205,Medium,Problem Solving,Practice Questions,2.703005033342923,0.43788681540155355,1.9442174603828977
10238,static,3,58.4127376221578,Medium,Critical Thinking,Critical Thinking Activity,2.472004869327616,0.26944853075671016,1.1960434007349163
10245,static,3,66.08725332245098,Medium,Critical Thinking,Critical Thinking Activity,3.2539382398534427,0.6280100802917145,2.7870936571284677
10248,static,3,50.199790291344414,Medium,Problem Solving,Practice Questions,1.0213799780987074,0.05413313883923149,0.2403511364461878
10255,static,3,57.89838103465901,Medium,Application Skills,Application Exercise,1.6573524916554168,0.2403161112900354,1.0670035341277573
10257,static,3,61.54509199495967,Medium,Advanced Topics,Advanced Practice,3.9220986654650933,0.7903028810912163,3.5123242632357865
10260,static,3,67.87914096863447,Medium,Advanced Topics,Advanced Practice,5.12953916320035,1.7799500896305218,7.916096379232607
10261,static,3,52.51777598433469,Medium,Advanced Topics,Advanced Practice,2.501214973736846,0.428958367995869,1.9061360980197941
10262,static,3,74.87015993768956,Low,Advanced Topics,Advanced Practice,5.118121884568157,1.5789406013892764,7.020839546905633
10266,static,3,73.29774711894468,Low,Advanced Topics,Advanced Practice,4.31357954139182,1.2595652260864114,5.600278705002124
10276,static,3,85.97553699065415,Low,Application Skills,Application Exercise,5.926190670049348,2.3319560286644183,10.353884767270017
10278,static,3,52.75518233410686,Medium,Advanced Topics,Advanced Practice,2.866843383928116,0.4629952065043907,2.0572851913770767
10281,static,3,57.53313756785884,Medium,Advanced Topics,Advanced Practice,3.522583252366086,0.7890586485300032,3.5071717830864935
10282,static,3,60.95346678194477,Medium,Problem Solving,Practice Questions,3.92019239028455,0.9486865584488611,4.212168319512943
10290,static,3,64.11977440757231,Medium,Advanced Topics,Advanced Practice,3.223233105150068,0.5753471092692871,2.5567203448951963
10293,static,3,69.28684779962862,Low,Advanced Topics,Advanced Practice,3.7591524775905403,1.1446619294263194,5.089699995680883
10295,static,3,79.3338806701386,Low,Critical Thinking,Advanced Practice,4.07544946147721,1.0901827309451537,4.846602338970428
10297,static,3,72.53717786651208,Low,Advanced Topics,Advanced Practice,4.446496731572829,1.4050929671770138,6.248041377249347
10299,static,3,66.71969168663021,Medium,Advanced Topics,Advanced Practice,3.0398697705741524,0.6186134983118401,2.7493155159401104
10300,static,3,108.39172082772454,Low,Conceptual Understanding,Concept Review,6.77545479032604,3.35385012121139,0.0
10308,static,3,63.772440958972496,Low,Critical Thinking,Critical Thinking Activity,3.027826156888421,0.5631756651812464,2.499401401167084
10310,static,3,75.91118753535119,Low,Conceptual Understanding,Concept Review,4.285289474902662,1.1441722897990108,5.070351992085968
10311,static,3,72.66376886943272,Low,Application Skills,Application Exercise,3.824714366644172,0.8835090186948038,3.922780043004929
10313,static,3,70.72281870017373,Low,Conceptual Understanding,Application Exercise,5.3177985843025,1.9622676776076227,8.712468488577844
10315,static,3,42.987998525507884,Medium,Advanced Topics,Advanced Practice,1.2037635487048681,0.07583710356840669,0.33681805394504105
10319,static,3,66.86621164567842,Low,Problem Solving,Application Exercise,2.7404993901023795,0.613871863382933,2.7255910734202224
10320,static,3,92.33818009267809,Low,Conceptual Understanding,Concept Review,5.492377237501431,2.3507374576506126,5.799999999999995
10322,static,3,85.53686738402595,Low,Problem Solving,Practice Questions,4.777003523377642,1.4808710922470691,6.575067649576987
10328,static,3,60.716936296889514,Medium,Advanced Topics,Advanced Practice,2.5370073993965105,0.32600545082245164,1.4483528559148748
10329,static,3,70.24580005678692,Low,Application Skills,Application Exercise,3.647671759154533,0.8426121763646971,3.741198063059255
10333,static,3,75.72093912410125,Low,Advanced Topics,Critical Thinking Activity,4.524195601347297,1.2667747683772432,5.620761112266464
10347,static,3,70.66924663447809,Low,Advanced Topics,Advanced Practice,4.074500669437391,1.0858544284050646,4.8273370097217745
10352,static,3,30.34321043722708,High,Advanced Topics,Practice Questions,1.5551459137715469,0.13296497562746726,0.5903644917859546
10356,static,3,75.2981159471436,Low,Advanced Topics,Advanced Practice,4.119357825150564,0.9824668412984096,4.367126426154838
10362,static,3,68.71827912148227,Low,Problem Solving,Practice Questions,2.4812221607546485,0.27417504876338866,1.2173372165094456
10364,static,3,53.76386928773463,Medium,Advanced Topics,Advanced Practice,3.37891594123498,0.5186635969795694,2.304555484784691
10366,static,3,74.44048525501461,Low,Conceptual Understanding,Concept Review,5.27723253208767,1.9261898742119994,8.52981003189085
10371,static,3,74.46978763694298,Low,Advanced Topics,Advanced Practice,3.646229107493536,0.9370808806258387,4.165751496090583
10372,static,3,51.66160550106966,Medium,Problem Solving,Practice Questions,1.9360303243190669,0.11519380429698449,0.5114604910786111
10378,static,3,96.7041240503948,Low,Critical Thinking,Critical Thinking Activity,4.5276409174781715,1.3786666593721033,6.116878780739143
10383,static,3,85.36546940174875,Low,Advanced Topics,Practice Questions,5.984780419808431,2.2532698280578742,8.299999999999997
10409,static,3,71.67152165303747,Low,Advanced Topics,Advanced Practice,2.6428295596193787,0.4109599965208134,1.8260181969758769
10412,static,3,50.17707068174934,Medium,Advanced Topics,Advanced Practice,2.734818453965173,0.48269545712485307,2.1449755781558246
10426,static,3,51.51981312738014,Medium,Advanced Topics,Advanced Practice,2.0993471264787336,0.2708157793157566,1.2031631480501
10430,static,3,63.59674096830349,Medium,Advanced Topics,Critical Thinking Activity,3.960570959386533,1.0832161573922168,4.80637351683521
10433,static,3,81.82025986172941,Low,Critical Thinking,Critical Thinking Activity,5.791050211963393,2.4293455639186434,10.775613399014013
10437,static,3,68.19611430130092,Low,Application Skills,Application Exercise,3.5972101674442074,0.7068517979027867,3.1384219826883735
10440,static,3,93.31580319792475,Low,Critical Thinking,Practice Questions,6.002423289673294,2.3859632576451344,9.7
10446,static,3,71.28488403611809,Low,Problem Solving,Practice Questions,4.0271140144101185,0.8940193111990463,3.9694457417237654
10452,static,3,80.8504325053736,Low,Critical Thinking,Application Exercise,5.340041059427659,1.7114831595465643,7.598985228386745
10463,static,3,61.852818494150014,Medium,Advanced Topics,Application Exercise,4.023055623298723,0.9957062667664339,4.420935824442966
10480,static,3,98.80390566931081,Low,Conceptual Understanding,Concept Review,5.805397495363804,2.5282506092309367,0.0
10487,static,3,48.938871651845915,Medium,Problem Solving,Practice Questions,3.06779054374536,0.647303804730271,2.8740288930024036
10494,static,3,62.99382649150195,Medium,Advanced Topics,Advanced Practice,4.222998837661848,0.9902932274317032,4.401831011894894
10495,static,3,29.453009536794326,High,Advanced Topics,Advanced Practice,1.3858703608789433,0.13235061946393908,0.5879048245885603
10500,static,3,78.40894818712536,Low,Advanced Topics,Advanced Practice,4.005944522669637,0.8893196840326594,3.9527696501456457
10514,static,3,44.25589471085626,Medium,Advanced Topics,Advanced Practice,2.949488702946596,0.37016083221979784,1.6444995387748103
10522,static,3,46.06387425247432,Medium,Advanced Topics,Practice Questions,0.7791724716905271,0.0,0.0
10523,static,3,73.6734998124415,Low,Application Skills,Application Exercise,3.8990945266919765,0.8188098506053151,3.6355157366875988
10527,static,3,85.96308495967406,Low,Conceptual Understanding,Critical Thinking Activity,4.760052723193092,1.6493582685864063,7.317159818471135
10528,static,3,64.65216340976689,Medium,Advanced Topics,Application Exercise,4.2629859962548755,1.3790759697884523,6.123097305860728
10529,static,3,77.29889698451123,Low,Critical Thinking,Advanced Practice,4.565830167936419,1.0295947028696624,4.576328252940403
10530,static,3,68.45845028757992,Low,Application Skills,Application Exercise,3.1289109876187076,0.5381726898704177,2.3894867430246545
10535,static,3,69.58747499548774,Low,Application Skills,Practice Questions,5.05928472893088,1.8162832176861858,8.064297486526666
10543,static,3,78.79850188424054,Low,Advanced Topics,Advanced Practice,5.081674543067521,1.796371950974369,7.989378948516337
10544,static,3,68.93484718500615,Low,Application Skills,Application Exercise,2.8471969117804394,0.48544707345856497,2.1553850061560285
10549,static,3,67.23268948680926,Medium,Advanced Topics,Advanced Practice,3.211951589759882,0.5090943269769412,2.2620908142769034
10550,static,3,55.526525963105925,Medium,Advanced Topics,Advanced Practice,2.2321941364728444,0.30692669376501613,1.3636498104677297
10555,static,3,85.56150710230193,Low,Application Skills,Critical Thinking Activity,4.392513241247808,0.9839229660395088,4.366306820472702
10560,static,3,43.7356848230677,Medium,Critical Thinking,Critical Thinking Activity,1.950316669182365,0.2116093586062866,0.9393047167113294
10571,static,3,60.87421577665699,Medium,Advanced Topics,Advanced Practice,3.0783347697267445,0.5710310997843111,2.537625819462962
10579,static,3,61.171280514420665,Medium,Application Skills,Advanced Practice,3.095647153575453,0.5463817226060674,2.4279811090858976
10584,static,3,71.63839253830199,Low,Advanced Topics,Advanced Practice,3.6465014357719734,0.7147142814113068,3.176304139393059
10585,static,3,81.1946474179861,Low,Advanced Topics,Advanced Practice,4.763141282305602,1.3765478305863188,6.120318920131318
10590,static,3,85.75271457800154,Low,Conceptual Understanding,Critical Thinking Activity,3.9237560305057633,1.1104229566331312,4.926983168687819
10591,static,3,69.11110461094427,Medium,Advanced Topics,Advanced Practice,5.840062790319525,2.435306183563242,10.834336283182965
10596,static,3,77.31774929664492,Low,Advanced Topics,Advanced Practice,5.431998698741904,2.056011507473811,9.145222006401807
10600,static,3,36.37459458353503,Medium,Advanced Topics,Advanced Practice,1.1567149746425969,0.09832077284462074,0.43672147260619965
10602,static,3,37.10965115434159,Medium,Advanced Topics,Advanced Practice,0.5778311679339811,0.026580233724963133,0.11804216301771966
10605,static,3,74.6387262998475,Low,Critical Thinking,Application Exercise,3.847363390660415,1.094574884642888,4.859912487814423
10614,static,3,68.99181760807855,Low,Advanced Topics,Advanced Practice,2.8961781835489786,0.5126235384881692,2.277973787365859
10618,static,3,80.23523996202053,Low,Conceptual Understanding,Application Exercise,2.638783398351885,0.5581026887514237,2.477975938056321
10622,static,3,57.462978056767504,Medium,Critical Thinking,Critical Thinking Activity,2.691725001430054,0.5302698252817206,2.353302520242143
10627,static,3,90.98657816684255,Low,Conceptual Understanding,Concept Review,4.564894095782291,1.239368747004892,0.0
10636,static,3,54.997706792201974,Medium,Advanced Topics,Advanced Practice,4.229524030904536,1.0785286278806567,4.794505328363903
10637,static,3,46.95456608364459,Medium,Advanced Topics,Advanced Practice,2.116303125181733,0.2518400718966262,1.118805621587304
10644,static,3,85.36843978562571,Low,Advanced Topics,Advanced Practice,5.566788062963095,1.9873433384778252,8.838873784694792
10645,static,3,55.514138152533704,Medium,Problem Solving,Practice Questions,1.2860898281446436,0.06751971597759378,0.29978753894051635
10650,static,3,63.41499762222318,Medium,Advanced Topics,Advanced Practice,2.233916738980863,0.27477175889464617,1.220703526428587
10651,static,3,77.40583284251666,Low,Application Skills,Application Exercise,3.434919804139411,0.764269656421019,0.0
10653,static,3,85.07671518028066,Low,Conceptual Understanding,Concept Review,5.381195164843867,2.0287105771461382,0.0
10657,static,3,76.9718807390868,Low,Critical Thinking,Critical Thinking Activity,4.104455190016747,1.0999939909244882,4.880882371955241
10661,static,3,50.044322329007066,Medium,Problem Solving,Practice Questions,2.53074432350459,0.3327928785408536,1.47760038072139
10663,static,3,90.66555950957772,Low,Critical Thinking,Critical Thinking Activity,4.525456758845075,1.5522316682838606,6.886327399141342
10669,static,3,81.7724565233489,Low,Critical Thinking,Advanced Practice,4.6192226674873345,1.346503407572558,5.986808915746661
10671,static,3,62.99959355260115,Medium,Advanced Topics,Application Exercise,3.246279218207525,0.7953384084608436,3.5313025335661457
10678,static,3,70.39075550062178,Low,Conceptual Understanding,Critical Thinking Activity,2.6894452821957637,0.5607493413378168,2.488501014729572
10679,static,3,45.211991319974885,Medium,Advanced Topics,Advanced Practice,1.9049481908619743,0.23335615338059185,1.0367077022830895
10680,static,3,80.85628991709547,Low,Conceptual Understanding,Critical Thinking Activity,4.826208550921502,1.4189053139709213,6.29556602036944
10688,static,3,86.57469109836346,Low,Critical Thinking,Critical Thinking Activity,5.202324040856401,1.82081341429974,8.077731155392978
10690,static,3,83.71314229582885,Low,Advanced Topics,Advanced Practice,4.807267535330958,1.5767837515885539,7.011903085672535
10693,static,3,71.35593535926986,Low,Critical Thinking,Critical Thinking Activity,4.7910554196409825,1.571466177642242,6.971906340210455
10698,static,3,74.8430743945127,Low,Advanced Topics,Application Exercise,3.5197636591774404,0.8764211511351827,3.8913099110402114
10714,static,3,58.191503115530686,Medium,Advanced Topics,Advanced Practice,2.1355857270125274,0.2381178085618968,1.057806228680378
10715,static,3,51.32473134336058,Medium,Advanced Topics,Advanced Practice,2.9900886750509046,0.5860573803099773,2.6045323724672738
10717,static,3,100.66062487003987,Low,Conceptual Understanding,Concept Review,6.511328880250151,3.2556644401250754,0.0
10722,static,3,67.06340080496744,Medium,Application Skills,Advanced Practice,4.63978217099648,1.6378431063617576,7.284303187632566
10738,static,3,85.14859956118455,Low,Problem Solving,Critical Thinking Activity,5.000232784350226,1.7025792630712517,7.553374707820732
10741,static,3,35.52652274711848,Medium,Advanced Topics,Advanced Practice,1.6517374362532489,0.07680579078577608,0.34109343881690174
10742,static,3,68.14643430416633,Low,Advanced Topics,Advanced Practice,4.576232727562022,1.466682589183628,6.52205298616058
10750,static,3,95.29874627909558,Low,Conceptual Understanding,Concept Review,5.382268563969849,1.6227539720369095,0.0
10754,static,3,63.285704819458765,Medium,Application Skills,Application Exercise,2.6259900764483315,0.5055030897163039,2.2444337183403893
10762,static,3,36.55141000703145,Medium,Advanced Topics,Advanced Practice,2.0587287345307517,0.331455326259451,1.4727938762289252
10765,static,3,52.997965356694486,Medium,Application Skills,Application Exercise,2.8325998057124857,0.5211983642510973,2.314120737274872
10768,static,3,53.783559213386766,Medium,Advanced Topics,Advanced Practice,4.388287853963999,1.2660210458686139,5.628888337716827
10788,static,3,86.6179255126523,Low,Problem Solving,Practice Questions,4.0695653159565035,1.1862782896013206,5.267075605829863
10801,static,3,76.2510406248857,Low,Conceptual Understanding,Practice Questions,3.800887180197734,0.8742040514454789,3.8814659884179257
10803,static,3,99.48594853429978,Low,Conceptual Understanding,Concept Review,5.370773753310041,1.9683885805881298,0.0
10811,static,3,73.22130525956102,Low,Problem Solving,Practice Questions,3.8723800708500247,0.8770940860475305,3.894297742051035
10812,static,3,68.26036967297077,Low,Advanced Topics,Advanced Practice,4.534209347187651,1.2287707330878535,5.4628115310004555
10817,static,3,88.32324731925337,Low,Conceptual Understanding,Advanced Practice,3.625032097862965,0.8645701553403172,3.843068299039606
10821,static,3,79.85654392448608,Low,Critical Thinking,Concept Review,4.201103668304112,1.2477277894863212,5.528059382679007
10823,static,3,41.782997542188646,Medium,Advanced Topics,Practice Questions,2.1349421279257874,0.21669662598446743,0.9621330193710353
10824,static,3,40.726207998870095,Medium,Advanced Topics,Advanced Practice,1.6397509025962753,0.1352794494641927,0.6008774457731005
10827,static,3,81.24285156555977,Low,Application Skills,Advanced Practice,5.395929144833705,1.6160807788776945,7.185675873381047
10830,static,3,81.80413762059234,Low,Advanced Topics,Advanced Practice,4.3774477138131775,1.3044794187163269,5.800142637802996
10838,static,3,64.7563451917782,Medium,Conceptual Understanding,Concept Review,3.1832447796570817,0.6812143828466155,3.019926193696727
10846,static,3,66.68659172823648,Medium,Conceptual Understanding,Practice Questions,3.555260669706923,0.9421440774723346,4.183119703977166
10850,static,3,48.81436393947169,Medium,Advanced Topics,Advanced Practice,2.3449385985371363,0.2802201625251878,1.2448878358468791
10860,static,3,98.23811385268056,Low,Conceptual Understanding,Concept Review,6.034688430708864,2.4410314702217355,0.0
10866,static,3,104.12216413782772,Low,Conceptual Understanding,Concept Review,6.1325647464936806,2.5726109111540993,0.0
10867,static,3,81.48638050213665,Low,Critical Thinking,Concept Review,5.296526428538152,1.9252873567736182,8.525905416134629
10868,static,3,90.19288840420222,Low,Critical Thinking,Application Exercise,5.957077279903812,2.722384316916042,12.087386367107227
10880,static,3,63.58845401476479,Medium,Advanced Topics,Advanced Practice,4.23907667963933,1.089442706667308,4.843069236641913
10884,static,3,96.90105582409483,Low,Conceptual Understanding,Concept Review,5.380858459077593,1.9102047529725454,0.0
10885,static,3,56.54393132852146,Medium,Advanced Topics,Advanced Practice,3.3323361856962137,0.529841453525698,2.35428345108186
10893,static,3,62.94023733961926,Medium,Problem Solving,Practice Questions,3.7790393653222303,0.8521733768801629,3.783649793347924
10894,static,3,46.44910556720826,Medium,Advanced Topics,Advanced Practice,1.925254095333062,0.13091727848264822,0.5814615005965459
10900,static,3,100.82344553155562,Low,Conceptual Understanding,Concept Review,6.485938974568487,2.85057017932285,0.0
10902,static,3,85.36037915133653,Low,Application Skills,Critical Thinking Activity,4.956057156428461,1.5115974327106805,6.7066591356521705
10903,static,3,44.666186217308834,Medium,Advanced Topics,Advanced Practice,1.5722961422873851,0.22326605220480866,0.9919738585117713
10915,static,3,74.21110874704134,Low,Advanced Topics,Advanced Practice,3.818475927497311,0.6911441428770133,3.0713344661198025
10918,static,3,38.19587418343977,Medium,Advanced Topics,Application Exercise,1.8917151855780479,0.23078925264052183,1.024704281723917
10925,static,3,73.94837000913269,Low,Application Skills,Application Exercise,2.717052478843144,0.565146915599374,2.509252305261221
10937,static,3,74.23151660390556,Low,Advanced Topics,Application Exercise,4.930273991975931,1.5875482254162498,7.04871412084815
10939,static,3,101.57599107909621,Low,Conceptual Understanding,Concept Review,5.80795881648581,2.2215442473058222,0.0
10942,static,3,55.99458020961619,Medium,Advanced Topics,Advanced Practice,3.53239917560147,0.7506348248153124,3.3362038990656666
10943,static,3,57.65276216806421,Medium,Application Skills,Application Exercise,2.623517398093341,0.5128976513272482,2.277265571892982
10948,static,3,49.80870821094614,Medium,Advanced Topics,Advanced Practice,2.6723011120188325,0.47032499571531455,2.0899994060209868
10949,static,3,92.05120895210861,Low,Conceptual Understanding,Concept Review,4.712820022042393,1.5057459970425444,0.7000000000000028
10960,static,3,68.01933656351646,Low,Conceptual Understanding,Concept Review,3.244023161399289,0.7412592923797375,3.2857710009273973
10974,static,3,72.12467926675995,Low,Application Skills,Advanced Practice,4.334226713886699,1.1052278120411083,4.913194232312422
10975,static,3,59.23833570123605,Medium,Application Skills,Advanced Practice,3.774334047188818,0.8605481627590504,3.824998255818579
10978,static,3,65.42470639285236,Medium,Advanced Topics,Advanced Practice,3.8670447035031605,1.0537696817046114,4.68483363847245
10979,static,3,44.62077733650746,Medium,Advanced Topics,Advanced Practice,2.5084195684933324,0.36372083743153316,1.6160393907987913
10986,static,3,74.92889498576704,Low,Advanced Topics,Practice Questions,3.4775910617235612,0.49207913523388397,2.184831360438445
10987,static,3,93.69642172561765,Low,Critical Thinking,Critical Thinking Activity,6.125090328782674,2.437785950855504,10.813600324757603
10990,static,3,56.28192207142353,Medium,Advanced Topics,Advanced Practice,3.2902685653935184,0.7633423071712963,3.39299874329142
10996,static,3,78.78263353686151,Low,Advanced Topics,Concept Review,4.113763467130144,1.1066023726580085,4.903791821118581
10999,static,3,89.10774339498116,Low,Critical Thinking,Critical Thinking Activity,5.549837573163217,2.247684217131103,9.970176915069409
10011,static,4,53.39820832212478,Medium,Advanced Topics,Advanced Practice,2.189699303758923,0.2627639164510708,1.722667369316643
10024,static,4,98.12943381194418,Low,Conceptual Understanding,Concept Review,6.5539225628509135,2.275521913821837,0.0
10026,static,4,90.46288163105761,Low,Conceptual Understanding,Critical Thinking Activity,5.534562170342496,1.691362199256667,11.065760562573395
10031,static,4,78.77135686912354,Low,Advanced Topics,Critical Thinking Activity,3.2161051948704023,0.288163025460388,1.8868348152323924
10040,static,4,82.59315380215361,Low,Critical Thinking,Critical Thinking Activity,4.151557466313611,0.9830888080230633,6.433527510982815
10045,static,4,90.45296429578787,Low,Conceptual Understanding,Concept Review,5.119037027004116,1.3309496270210701,8.691864468966102
10055,static,4,64.8323100112693,Medium,Advanced Topics,Advanced Practice,4.234021523518649,1.1618155060535174,7.625720109021777
10056,static,4,96.49297271055661,Low,Conceptual Understanding,Concept Review,5.767919157307695,1.6588535496416932,0.0
10060,static,4,88.94372879569394,Low,Critical Thinking,Practice Questions,5.134315079112445,1.4232321399299694,9.322170516541298
10061,static,4,52.61837393941983,Medium,Advanced Topics,Advanced Practice,3.016352056573204,0.44521356355020486,2.919408384099299
10064,static,4,92.73117306754605,Low,Conceptual Understanding,Critical Thinking Activity,5.584399379315284,1.6820210930497639,5.599999999999991
10067,static,4,83.52374625339183,Low,Critical Thinking,Practice Questions,5.359086844259635,1.6270187659172253,10.656972916757823
10068,static,4,56.335433834209965,Medium,Critical Thinking,Critical Thinking Activity,3.166664960608332,0.5699996929094998,3.7309834490614557
10071,static,4,84.41071937608149,Low,Critical Thinking,Critical Thinking Activity,4.661426278550057,1.044159486395213,6.833513316925414
10073,static,4,79.4331396758053,Low,Advanced Topics,Practice Questions,4.057411843560421,0.9364506534937453,6.133751780384032
10077,static,4,68.01975684673458,Medium,Advanced Topics,Advanced Practice,3.397876956968924,0.6116178522544063,4.011559053319651
10079,static,4,53.051508667498325,Medium,Critical Thinking,Advanced Practice,3.400294689601211,0.45427937053072176,2.9785400074443253
10087,static,4,66.48045784557164,Medium,Problem Solving,Practice Questions,3.66276761403065,0.7135071312131708,4.673471709446268
10089,static,4,80.67752476246598,Low,Advanced Topics,Advanced Practice,3.3695238973663435,0.48521144122075344,3.1816005813657453
10097,static,4,80.89400472162194,Low,Application Skills,Concept Review,5.819777532957657,1.7971473021773248,11.729873065977518
10102,static,4,55.53041855636436,Medium,Advanced Topics,Advanced Practice,4.090349958131845,0.881879450973226,5.7857463166847385
10108,static,4,80.33888393178172,Low,Critical Thinking,Critical Thinking Activity,4.583572235764456,1.0633887586973538,6.959151224049959
10111,static,4,67.9474073758579,Low,Advanced Topics,Advanced Practice,3.0339998220641324,0.38107037765125507,2.4983846654338295
10121,static,4,100.72704168122517,Low,Conceptual Understanding,Concept Review,6.563404781438525,2.3339467402795395,0.0
10137,static,4,60.037421161785396,Medium,Advanced Topics,Advanced Practice,2.737522488708523,0.34930786955920756,2.2901770690965937
10138,static,4,58.853281681658984,Medium,Advanced Topics,Advanced Practice,3.4214734062793486,0.48311204496664406,3.1677673731435667
10140,static,4,62.21556073476251,Medium,Advanced Topics,Advanced Practice,3.661768853880926,0.6005300920364718,3.938357890456929
10159,static,4,56.57973016316984,Medium,Advanced Topics,Advanced Practice,2.9055556222242664,0.49975556702257384,3.277663466751169
10169,static,4,76.28137276570453,Low,Critical Thinking,Critical Thinking Activity,3.196886885408026,0.5946209606858929,3.8920567593172137
10175,static,4,72.74363538900954,Low,Advanced Topics,Advanced Practice,4.3290109027151304,0.7376634578226583,4.837931631443588
10185,static,4,86.08333799092127,Low,Advanced Topics,Advanced Practice,4.394523528087312,1.0072247926376119,6.608780469656118
10199,static,4,70.71880616802748,Low,Advanced Topics,Advanced Practice,3.574805681781325,0.6963721468110022,4.56796868822212
10200,static,4,57.16167124276386,Medium,Advanced Topics,Advanced Practice,3.187464466917723,0.6068932345011345,3.980884216924864
10209,static,4,59.22936222801032,Medium,Problem Solving,Critical Thinking Activity,3.535221908534042,0.7084584704702221,4.636923694650644
10210,static,4,41.68078452559488,Medium,Problem Solving,Practice Questions,2.7927041323359623,0.4367789262973445,2.8609019672476066
10211,static,4,66.72911154686338,Medium,Advanced Topics,Advanced Practice,3.6562103935205736,0.897965272648653,5.892619978861048
10214,static,4,67.40858495070052,Low,Advanced Topics,Critical Thinking Activity,4.505317543698997,1.1930080855714944,7.806463072175679
10216,static,4,62.23443087758476,Medium,Problem Solving,Critical Thinking Activity,3.598094618487651,0.8477110921156905,5.547613878382244
10219,static,4,87.33527505805327,Low,Application Skills,Concept Review,3.085430006639297,0.5442698531711719,3.5577871574309485
10222,static,4,69.68695620402433,Low,Problem Solving,Critical Thinking Activity,4.493239118844877,1.0675936146375429,6.986522762858991
10236,static,4,50.73219509514964,Medium,Problem Solving,Practice Questions,2.703005033342923,0.3503094523212429,2.2945269127041406
10238,static,4,58.405820909977166,Medium,Critical Thinking,Critical Thinking Activity,2.47232063351104,0.2155863592421627,1.411629759977079
10245,static,4,66.07113237734984,Medium,Critical Thinking,Critical Thinking Activity,3.254674198923727,0.5025216963138235,3.289615353442291
10248,static,4,50.20172826254323,Medium,Problem Solving,Practice Questions,1.0213799780987074,0.043306511071385195,0.283657647517573
10255,static,4,57.90468249665632,Medium,Application Skills,Application Exercise,1.6573524916554168,0.19225288903202833,1.2592564231597856
10257,static,4,61.55799202844324,Medium,Problem Solving,Advanced Practice,3.9202275856884268,0.6319406868129743,4.144264950048761
10260,static,4,67.9081949127674,Medium,Advanced Topics,Advanced Practice,5.125325046440983,1.422790232892017,9.338886612124623
10261,static,4,52.52477782811206,Medium,Advanced Topics,Advanced Practice,2.5001993943348317,0.3430273569027389,2.249163454922533
10262,static,4,74.89593282440657,Low,Critical Thinking,Advanced Practice,5.114383667362447,1.262229889105052,8.283069436010685
10266,static,4,73.31830687391967,Low,Advanced Topics,Advanced Practice,4.310597460624674,1.0069555668019239,6.607234271804048
10276,static,4,86.0366845026339,Low,Advanced Topics,Application Exercise,5.926190670049348,1.8655648229315347,12.219449590201553
10278,static,4,52.762739757734614,Medium,Advanced Topics,Advanced Practice,2.865747220687021,0.3702545409127631,2.4275397322898398
10281,static,4,57.54601729186096,Medium,Advanced Topics,Advanced Practice,3.520715118369371,0.6309121492117913,4.138083932298285
10282,static,4,60.987429845354775,Medium,Problem Solving,Practice Questions,3.92019239028455,0.7589492467590889,4.971117566272032
10290,static,4,64.12916573987266,Medium,Advanced Topics,Advanced Practice,3.2218709434188204,0.4600831707202076,3.016803515615404
10293,static,4,69.30553199978816,Low,Advanced Topics,Advanced Practice,3.7564424358603214,0.9150693773755743,6.004769373056457
10295,static,4,79.35167561188672,Low,Critical Thinking,Advanced Practice,4.072868401848621,0.8715938379956049,5.718196176966033
10297,static,4,72.56011305599169,Low,Advanced Topics,Advanced Practice,4.443170106935461,1.1232334030332847,7.371274780282632
10299,static,4,66.72978925179483,Medium,Advanced Topics,Advanced Practice,3.0384051736025883,0.4946523622625014,3.2439678782026116
10300,static,4,108.39172082772454,Low,Conceptual Understanding,Concept Review,6.77545479032604,2.683080096969112,0.0
10308,static,4,63.75798430570275,Low,Critical Thinking,Critical Thinking Activity,3.02848613712116,0.45063873720362874,2.950040138370713
10310,static,4,75.9246426451193,Low,Critical Thinking,Concept Review,4.289386662032145,0.9162129910100663,5.986564983096034
10311,static,4,72.68693584927315,Low,Application Skills,Application Exercise,3.824714366644172,0.7068072149558431,4.629587257960772
10313,static,4,70.77427240892686,Low,Conceptual Understanding,Application Exercise,5.3177985843025,1.5698141420860983,10.282282630663943
10315,static,4,42.98923640683002,Medium,Advanced Topics,Advanced Practice,1.20358400074395,0.060660633637495076,0.3974786875825361
10319,static,4,66.8823083201692,Low,Problem Solving,Application Exercise,2.7404993901023795,0.4910974907063464,3.216688564126569
10320,static,4,92.33818009267809,Low,Conceptual Understanding,Concept Review,5.492377237501431,1.8805899661204901,5.799999999999995
10322,static,4,85.58988270121384,Low,Problem Solving,Practice Questions,4.777003523377642,1.1846968737976553,7.759764523374642
10328,static,4,60.72225765067938,Medium,Advanced Topics,Advanced Practice,2.5362355659378313,0.2607250161784091,1.709077872093284
10329,static,4,70.2678946578494,Low,Application Skills,Application Exercise,3.647671759154533,0.6740897410917577,4.415287804151013
10333,static,4,75.68842116437831,Low,Advanced Topics,Critical Thinking Activity,4.525680122710969,1.0137523474872572,6.6345134597537205
10347,static,4,70.68697092578442,Low,Advanced Topics,Advanced Practice,4.07192985727157,0.8681354455702985,5.695472455292073
10352,static,4,30.347970595214278,High,Advanced Topics,Practice Questions,1.5551459137715469,0.10637198050197381,0.6967364722879285
10356,static,4,75.31415265338937,Low,Advanced Topics,Advanced Practice,4.117031788029883,0.7855296651561018,5.1526560913109405
10362,static,4,68.72809461268288,Low,Problem Solving,Practice Questions,2.4812221607546485,0.21934003901071095,1.4366772555201566
10364,static,4,53.77233538083365,Medium,Advanced Topics,Advanced Practice,3.377687980423472,0.41478008399600236,2.7193355687806937
10366,static,4,74.46313664801096,Low,Application Skills,Concept Review,5.284130060049083,1.5429659775343323,10.072776009425183
10371,static,4,74.4850835127725,Low,Advanced Topics,Advanced Practice,3.644010523800131,0.749208563693307,4.9149600597838905
10372,static,4,51.665729449538134,Medium,Problem Solving,Practice Questions,1.9360303243190669,0.0921550434375876,0.6036155345161988
10378,static,4,96.66873383895395,Low,Critical Thinking,Critical Thinking Activity,4.529256563890076,1.1033268989636225,7.220205679702766
10383,static,4,85.38511476482937,Low,Advanced Topics,Practice Questions,5.984780419808431,1.8026158624462996,8.299999999999997
10409,static,4,71.6782297112293,Low,Advanced Topics,Advanced Practice,2.6418565922205417,0.32864696007223543,2.1546651570481123
10412,static,4,50.184949670562695,Medium,Advanced Topics,Advanced Practice,2.7336756494408267,0.3859950017010447,2.530970579856869
10426,static,4,51.52423362577973,Medium,Advanced Topics,Advanced Practice,2.0987059572004685,0.21658645478308836,1.4197496028331882
10430,static,4,63.56893493659477,Medium,Advanced Topics,Critical Thinking Activity,3.961840370150992,0.8668506729890372,5.673224189824247
10433,static,4,81.75789884604406,Low,Application Skills,Critical Thinking Activity,5.793897139041045,1.944431879862175,12.720045278876189
10437,static,4,68.21464905420744,Low,Application Skills,Application Exercise,3.5972101674442074,0.5654814383222294,3.7039034210106028
10440,static,4,93.36922718392285,Low,Critical Thinking,Practice Questions,6.002423289673294,1.9087706061161076,9.7
10446,static,4,71.31689000720054,Low,Problem Solving,Practice Questions,4.0271140144101185,0.715215448959237,4.684661190683002
10452,static,4,80.89531025423128,Low,Critical Thinking,Application Exercise,5.340041059427659,1.3691865276372515,8.968171756023997
10463,static,4,61.87892746023986,Medium,Advanced Topics,Application Exercise,4.023055623298723,0.7965650134131472,5.217500837856114
10480,static,4,98.80390566931081,Low,Conceptual Understanding,Concept Review,5.805397495363804,2.0226004873847496,0.0
10487,static,4,48.96204518579114,Medium,Problem Solving,Practice Questions,3.06779054374536,0.5178430437842169,3.3918719367866204
10494,static,4,63.00999094705193,Medium,Advanced Topics,Advanced Practice,4.220654271198597,0.7917947412768567,5.19362575317175
10495,static,4,29.455169882483943,High,Advanced Topics,Advanced Practice,1.3855570144728584,0.10585655590572639,0.6937613804942867
10500,static,4,78.42346446180447,Low,Advanced Topics,Advanced Practice,4.003839015887873,0.7110818092216864,4.663851459367332
10514,static,4,44.261936808442115,Medium,Advanced Topics,Advanced Practice,2.948612329515787,0.296040677883385,1.9405402166581953
10522,static,4,46.06387425247432,Medium,Advanced Topics,Practice Questions,0.7791724716905271,0.0,0.0
10523,static,4,73.69497027952303,Low,Application Skills,Application Exercise,3.8990945266919765,0.6550478804842521,4.290563617171851
10527,static,4,85.92074612637438,Low,Conceptual Understanding,Critical Thinking Activity,4.761985590540301,1.3200224056977714,8.637182224168907
10528,static,4,64.68832492539886,Medium,Advanced Topics,Application Exercise,4.2629859962548755,1.1032607758307618,7.22635808169149
10529,static,4,77.31570295404431,Low,Critical Thinking,Advanced Practice,4.563392553354978,0.8232360166252382,5.399564269565641
10530,static,4,68.47256201207065,Low,Advanced Topics,Application Exercise,3.1289109876187076,0.43053815189633415,2.8200248949209885
10535,static,4,69.65249809668322,Low,Application Skills,Practice Questions,5.05928472893088,1.4530265741489488,9.517324060675614
10543,static,4,78.8278238807446,Low,Advanced Topics,Advanced Practice,5.077421546767928,1.4358948134259704,9.425273761942307
10544,static,4,68.94757636187526,Low,Application Skills,Application Exercise,2.8471969117804394,0.388357658766852,2.5437426649228803
10549,static,4,67.24099938168808,Medium,Advanced Topics,Advanced Practice,3.21074628465166,0.4071226288938305,2.669213443170734
10550,static,4,55.53153589628636,Medium,Advanced Topics,Advanced Practice,2.231467472881754,0.24546142201699298,1.6091112324847228
10555,static,4,85.53624991516904,Low,Application Skills,Critical Thinking Activity,4.393666291260924,0.7873449993939576,5.15365181986666
10560,static,4,43.73025283565215,Medium,Critical Thinking,Critical Thinking Activity,1.950564652187273,0.1693090118098553,1.1086137285211848
10571,static,4,60.883536659173835,Medium,Problem Solving,Advanced Practice,3.076982826353871,0.45662425143091445,2.9942500708938766
10579,static,4,61.180199047662875,Medium,Application Skills,Advanced Practice,3.0943535687790815,0.43692272391160625,2.864903832997504
10584,static,4,71.6500587467671,Low,Advanced Topics,Advanced Practice,3.644809315611413,0.5715061006878696,3.7478102400809283
10585,static,4,81.21711666810674,Low,Critical Thinking,Advanced Practice,4.759882239641012,1.1004847738050019,7.22080369393632
10590,static,4,85.72421015094743,Low,Conceptual Understanding,Critical Thinking Activity,3.925057324660797,0.8886329783032046,5.815616146991024
10591,static,4,69.15085586589012,Medium,Critical Thinking,Advanced Practice,5.834297086740456,1.9463215081366163,12.780657791319582
10596,static,4,77.35130936320117,Low,Advanced Topics,Advanced Practice,5.427130993404786,1.6433352648029693,10.788557271204777
10600,static,4,36.376199463502154,Medium,Advanced Topics,Advanced Practice,1.1564821955219617,0.07864078929549341,0.5153622619016931
10602,static,4,37.11008502079109,Medium,Advanced Topics,Advanced Practice,0.5777682379624829,0.02126187115701937,0.13930403417473902
10605,static,4,74.66742775478437,Low,Critical Thinking,Application Exercise,3.847363390660415,0.8756599077143105,5.735572395528734
10614,static,4,69.00018510991762,Low,Advanced Topics,Advanced Practice,2.8949645228641234,0.40992697643755993,2.6879007638034187
10618,static,4,80.24987428206211,Low,Conceptual Understanding,Application Exercise,2.638783398351885,0.44648215100113897,2.9244580890574596
10622,static,4,57.449366092548416,Medium,Critical Thinking,Critical Thinking Activity,2.6923464196204003,0.4243137957321751,2.777616315974318
10627,static,4,90.98657816684255,Low,Conceptual Understanding,Concept Review,4.564894095782291,0.9914949976039136,0.0
10636,static,4,55.015311505212054,Medium,Advanced Topics,Advanced Practice,4.2269705629209735,0.8623019948358787,5.656807323199782
10637,static,4,46.958676843503504,Medium,Advanced Topics,Advanced Practice,2.1157068817961218,0.2014152951469908,1.3202209167342946
10644,static,4,85.40087898864913,Low,Advanced Topics,Advanced Practice,5.562082932792261,1.5885308856054703,10.427404670300263
10645,static,4,55.51655536438809,Medium,Problem Solving,Practice Questions,1.2860898281446436,0.054015772782075026,0.3538033117225914
10650,static,4,63.41948269367476,Medium,Critical Thinking,Advanced Practice,2.2332662037322035,0.21975339444724887,1.440456920875836
10651,static,4,77.40583284251666,Low,Application Skills,Application Exercise,3.434919804139411,0.6114157251368152,0.0
10653,static,4,85.07671518028066,Low,Conceptual Understanding,Concept Review,5.381195164843867,1.6229684617169107,0.0
10657,static,4,76.9436440223592,Low,Critical Thinking,Critical Thinking Activity,4.105744262565556,0.8802715698940551,5.7611539418492965
10661,static,4,50.05623634374209,Medium,Problem Solving,Practice Questions,2.53074432350459,0.2662343028326829,1.743834683554073
10663,static,4,90.62571390471571,Low,Critical Thinking,Critical Thinking Activity,4.527275804448491,1.2422844807406659,8.128611879882008
10669,static,4,81.79443536141088,Low,Critical Thinking,Advanced Practice,4.616034756427663,1.0764593051989308,7.0632682209455915
10671,static,4,63.02044856198448,Medium,Advanced Topics,Application Exercise,3.246279218207525,0.6362707267686749,4.16757326033482
10678,static,4,70.3763611308005,Low,Conceptual Understanding,Critical Thinking Activity,2.690102419042551,0.44870908349629757,2.9372100982258695
10679,static,4,45.215800368713325,Medium,Advanced Topics,Advanced Practice,1.9043957090353254,0.18663077948546192,1.2233384817685513
10680,static,4,80.8198667841107,Low,Conceptual Understanding,Critical Thinking Activity,4.827871352631956,1.1355153421390358,7.431081362508476
10688,static,4,86.52795103158346,Low,Critical Thinking,Critical Thinking Activity,5.204457834866405,1.4572481937625934,9.534979349155572
10690,static,4,83.7388799765061,Low,Advanced Topics,Advanced Practice,4.803534424570055,1.2604474330071822,8.272350518679717
10693,static,4,71.31559600680866,Low,Critical Thinking,Critical Thinking Activity,4.792897005983901,1.2576561743701757,8.22956251458063
10698,static,4,74.866055519448,Low,Advanced Topics,Application Exercise,3.5197636591774404,0.7011369209081462,4.592446831948358
10714,static,4,58.195389888281966,Medium,Advanced Topics,Advanced Practice,2.135021971740056,0.19044395987921303,1.2482501885595911
10715,static,4,51.33429749832493,Medium,Application Skills,Advanced Practice,2.9887011562419765,0.468628341298742,3.0731607137660157
10717,static,4,100.66062487003987,Low,Conceptual Understanding,Concept Review,6.511328880250151,2.6045315521000605,0.0
10722,static,4,67.09013515127747,Medium,Application Skills,Advanced Practice,4.635904499299985,1.309179430602316,8.593482618234882
10738,static,4,85.10489455119878,Low,Problem Solving,Critical Thinking Activity,5.002228020877246,1.362606912886962,8.4
10741,static,4,35.52777644022345,Medium,Advanced Topics,Advanced Practice,1.6515555948791265,0.06143786812950352,0.40253130694640527
10742,static,4,68.17037481477678,Low,Critical Thinking,Advanced Practice,4.572760286556087,1.1724557374729805,7.694508723633561
10750,static,4,95.29874627909558,Low,Conceptual Understanding,Concept Review,5.382268563969849,1.2982031776295277,0.0
10754,static,4,63.29895989625022,Medium,Application Skills,Application Exercise,2.6259900764483315,0.4044024717730431,2.6488361901134323
10762,static,4,36.556820318583334,Medium,Advanced Topics,Advanced Practice,2.057943998231959,0.2650631869722763,1.7378570632012016
10765,static,4,53.01163198798176,Medium,Application Skills,Application Exercise,2.8325998057124857,0.4169586914008779,2.7310794286757503
10768,static,4,53.804224346050916,Medium,Advanced Topics,Advanced Practice,4.385290488735508,1.0121250448001555,6.641013382516983
10788,static,4,86.66039438122944,Low,Problem Solving,Practice Questions,4.0695653159565035,0.9490226316810566,6.21609823751092
10801,static,4,76.28233720790158,Low,Conceptual Understanding,Practice Questions,3.800887180197734,0.6993632411563832,4.5808292295743085
10803,static,4,99.48594853429978,Low,Conceptual Understanding,Concept Review,5.370773753310041,1.574710864470504,0.0
10811,static,4,73.25270530607341,Low,Problem Solving,Practice Questions,3.8723800708500247,0.7016752688380244,4.595973010889059
10812,static,4,68.28042677257109,Low,Advanced Topics,Advanced Practice,4.531300173851896,0.9823858776910912,6.445197408691547
10817,static,4,88.33735960989489,Low,Conceptual Understanding,Advanced Practice,3.622985186771191,0.6912655736359433,4.53433387267555
10821,static,4,79.87121681467748,Low,Critical Thinking,Concept Review,4.205571679184782,0.9992438309743042,6.527303213653312
10823,static,4,41.79075530072702,Medium,Advanced Topics,Practice Questions,2.1349421279257874,0.17335730078757394,1.1354903201586093
10824,static,4,40.72841615155368,Medium,Advanced Topics,Advanced Practice,1.6394306220454293,0.10820242105499833,0.7090798668280989
10827,static,4,81.26923068761344,Low,Application Skills,Advanced Practice,5.392102996485819,1.2919478779580023,8.477623751339049
10830,static,4,81.82543050536182,Low,Advanced Topics,Advanced Practice,4.374359296552104,1.0428472562980216,6.842989894101018
10838,static,4,64.76435606075181,Medium,Conceptual Understanding,Concept Review,3.185684152491665,0.545389126906573,3.5653153206033
10846,static,4,66.72032057024398,Medium,Conceptual Understanding,Practice Questions,3.555260669706923,0.7537152619778678,4.9368349659550335
10850,static,4,48.81893794466114,Medium,Advanced Topics,Advanced Practice,2.344275163932936,0.22411270567198868,1.4690005415188678
10860,static,4,98.23811385268056,Low,Conceptual Understanding,Concept Review,6.034688430708864,1.9528251761773885,0.0
10866,static,4,104.12216413782772,Low,Conceptual Understanding,Concept Review,6.1325647464936806,2.0580887289232797,0.0
10867,static,4,81.50902128180903,Low,Critical Thinking,Concept Review,5.30342072465864,1.5422347467307325,10.068140162865362
10868,static,4,90.26427355280103,Low,Critical Thinking,Application Exercise,5.957077279903812,2.1779074535328338,14.26529382064006
10880,static,4,63.606236877171966,Medium,Advanced Topics,Advanced Practice,4.236497372053526,0.871023859694205,5.714093096336118
10884,static,4,96.90105582409483,Low,Conceptual Understanding,Concept Review,5.380858459077593,1.5281638023780364,0.0
10885,static,4,56.5525798766351,Medium,Advanced Topics,Advanced Practice,3.3310817607760326,0.4237135999707114,2.7779970510525716
10893,static,4,62.97074522252068,Medium,Problem Solving,Practice Questions,3.7790393653222303,0.6817387015041304,4.465388494852054
10894,static,4,46.45124251661893,Medium,Advanced Topics,Advanced Practice,1.9249441424301357,0.1047169613481994,0.6861784619447453
10900,static,4,100.82344553155562,Low,Conceptual Understanding,Concept Review,6.485938974568487,2.2804561434582804,0.0
10902,static,4,85.32157662253566,Low,Application Skills,Critical Thinking Activity,4.957828583155727,1.2097101742899976,7.916369309942168
10903,static,4,44.66983056635285,Medium,Advanced Topics,Advanced Practice,1.571767549256673,0.17855279359555803,1.1705266521073294
10915,static,4,74.22239022253434,Low,Advanced Topics,Advanced Practice,3.816839610764272,0.5526783756386666,3.624012841758469
10918,static,4,38.20192583639427,Medium,Advanced Topics,Application Exercise,1.8917151855780479,0.18463140211241746,1.2093356838363345
10925,static,4,73.96318903975211,Low,Application Skills,Application Exercise,2.717052478843144,0.45211753247949926,2.96136983774072
10937,static,4,74.27314458613972,Low,Advanced Topics,Application Exercise,4.930273991975931,1.2700385803329999,8.31875270118115
10939,static,4,101.57599107909621,Low,Conceptual Understanding,Concept Review,5.80795881648581,1.7772353978446578,0.0
10942,static,4,56.00683274545496,Medium,Advanced Topics,Advanced Practice,3.5306220118406166,0.6002057420129048,3.9364096410785714
10943,static,4,57.66621114175557,Medium,Advanced Topics,Application Exercise,2.623517398093341,0.41031812106179855,2.6875836929547807
10948,static,4,49.81638527797709,Medium,Advanced Topics,Advanced Practice,2.671187595152073,0.376103213397412,2.4661026194183986
10949,static,4,92.05120895210861,Low,Conceptual Understanding,Concept Review,4.712820022042393,1.2045967976340357,0.7000000000000028
10960,static,4,68.0280535419248,Low,Conceptual Understanding,Concept Review,3.2466775501302747,0.5934926561638142,3.8792636570912116
10974,static,4,72.14271978783539,Low,Application Skills,Advanced Practice,4.331610034310808,0.8836484469994048,5.796842679311826
10975,static,4,59.25238234130205,Medium,Application Skills,Advanced Practice,3.7722966583563706,0.6880669104842021,4.513065166302781
10978,static,4,65.4419069681042,Medium,Advanced Topics,Advanced Practice,3.86454985350593,0.842471868064293,5.527305506536743
10979,static,4,44.62671431471391,Medium,Advanced Topics,Advanced Practice,2.507558442057439,0.2908767792786629,1.9069161700774542
10986,static,4,74.94651146269914,Low,Advanced Topics,Practice Questions,3.4775910617235612,0.3936633081871072,2.578494668625552
10987,static,4,93.63384404618961,Low,Critical Thinking,Critical Thinking Activity,6.127947147069906,1.951138371627058,12.764738696384661
10990,static,4,56.29438203020331,Medium,Advanced Topics,Advanced Practice,3.2884613160619076,0.61033842026109,4.00333716355251
10996,static,4,78.79564683610545,Low,Advanced Topics,Concept Review,4.117726119467676,0.8861346609094438,5.789926482028025
10999,static,4,89.05004560476058,Low,Critical Thinking,Critical Thinking Activity,5.552471613027615,1.7990008026209474,11.769177717690356
10011,static,5,53.40249739078642,Medium,Advanced Topics,Advanced Practice,2.189077197650148,0.2101514109744142,1.9328187802910572
10024,static,5,98.12943381194418,Low,Conceptual Understanding,Concept Review,6.5539225628509135,1.8204175310574697,0.0
10026,static,5,90.41946456178431,Low,Conceptual Understanding,Critical Thinking Activity,5.5365442616985785,1.3535743411000685,12.419334903673464
10031,static,5,78.7639597580589,Low,Advanced Topics,Critical Thinking Activity,3.2164428903930755,0.23055462638337562,2.117389441615768
10040,static,5,82.56791802775915,Low,Critical Thinking,Critical Thinking Activity,4.152709538784841,0.7866892950274005,7.220216806010216
10045,static,5,90.4686158488687,Low,Conceptual Understanding,Concept Review,5.123803048459486,1.065751034079573,9.757615503045676
10055,static,5,64.85127420751408,Medium,Advanced Topics,Advanced Practice,4.231270869877361,0.9288485813554782,8.554568690377256
10056,static,5,96.49297271055661,Low,Conceptual Understanding,Concept Review,5.767919157307695,1.3270828397133545,0.0
10060,static,5,88.99468063324778,Low,Critical Thinking,Practice Questions,5.134315079112445,1.1385857119439755,10.460756228485273
10061,static,5,52.625641115099626,Medium,Advanced Topics,Advanced Practice,3.015297992220172,0.3560463869213579,3.275454771020657
10064,static,5,92.73117306754605,Low,Conceptual Understanding,Critical Thinking Activity,5.584399379315284,1.345616874439811,5.599999999999991
10067,static,5,83.58199367033265,Low,Critical Thinking,Practice Questions,5.359086844259635,1.30161501273378,11.958587929491603
10068,static,5,56.320802008948824,Medium,Critical Thinking,Critical Thinking Activity,3.1673329378545905,0.4560959430510611,4.1870793921125165
10071,static,5,84.38391592453625,Low,Critical Thinking,Critical Thinking Activity,4.662649919171365,0.8355468655155087,7.669060182440923
10073,static,5,79.46666469272652,Low,Advanced Topics,Practice Questions,4.057411843560421,0.7491605227949962,6.882912303179029
10077,static,5,68.0297402226807,Medium,Advanced Topics,Advanced Practice,3.3964289225231665,0.48908576484333605,4.5006448181629874
10079,static,5,53.05892382342266,Medium,Critical Thinking,Advanced Practice,3.3992191615176197,0.36330854398300316,3.3418485514273284
10087,static,5,66.50600146450991,Medium,Problem Solving,Practice Questions,3.66276761403065,0.5708057049705366,5.244277414416805
10089,static,5,80.68544481943164,Low,Advanced Topics,Advanced Practice,3.3683751361296115,0.3880368156821312,3.5696373970478765
10097,static,5,80.9151386141623,Low,Application Skills,Concept Review,5.826212970052153,1.439307652121684,13.169180718099202
10102,static,5,55.54481338487658,Medium,Advanced Topics,Advanced Practice,4.088262066456826,0.7051434412224734,6.490889757907212
10108,static,5,80.31158686707192,Low,Critical Thinking,Critical Thinking Activity,4.58481841098801,0.8509422970793746,7.810093521129334
10111,static,5,67.95362754884337,Low,Advanced Topics,Advanced Practice,3.033097619764015,0.30476564883388824,2.8031503142677177
10121,static,5,100.72704168122517,Low,Conceptual Understanding,Concept Review,6.563404781438525,1.8671573922236318,0.0
10137,static,5,60.043122878584356,Medium,Advanced Topics,Advanced Practice,2.7366954856617163,0.279361875176348,2.5695389442729417
10138,static,5,58.861167470393276,Medium,Advanced Topics,Advanced Practice,3.4203296154634115,0.38636043336274695,3.5541278065063135
10140,static,5,62.2253631263272,Medium,Advanced Topics,Advanced Practice,3.660347070236486,0.48023753561502697,4.418595426071956
10159,static,5,56.58788762242051,Medium,Advanced Topics,Advanced Practice,2.904372427075792,0.39964164596562896,3.6773051127167977
10169,static,5,76.26610891538743,Low,Critical Thinking,Critical Thinking Activity,3.1975837160850027,0.4758004569534484,4.367857216270663
10175,static,5,72.75567619454523,Low,Advanced Topics,Advanced Practice,4.327264449284502,0.5898926897264632,5.427824321170052
10185,static,5,86.09977881868664,Low,Advanced Topics,Advanced Practice,4.392138875335624,0.8053425841815398,7.414123053837658
10199,static,5,70.73017297969655,Low,Advanced Topics,Advanced Practice,3.573156987499542,0.5568407849319287,5.124809473154048
10200,static,5,57.17157749925531,Medium,Advanced Topics,Advanced Practice,3.18602761822991,0.48529572680877997,4.466179943733644
10209,static,5,59.21117618216917,Medium,Problem Solving,Critical Thinking Activity,3.5360521443115,0.5668998797760196,5.203823574426663
10210,static,5,41.69642125011457,Medium,Problem Solving,Practice Questions,2.7927041323359623,0.3494231410378756,3.210325108285482
10211,static,5,66.74376894260544,Medium,Advanced Topics,Advanced Practice,3.6540844178952767,0.717954506428064,6.610574485289112
10214,static,5,67.37796057307304,Low,Advanced Topics,Critical Thinking Activity,4.506715618585137,0.9547026366410754,8.761165708816755
10216,static,5,62.212670233279056,Medium,Problem Solving,Critical Thinking Activity,3.5990880430946786,0.678356114362485,6.225969992744729
10219,static,5,87.34167550201018,Low,Application Skills,Concept Review,3.087378992344737,0.4356909233996893,3.993478080830638
10222,static,5,69.65955120115572,Low,Problem Solving,Critical Thinking Activity,4.494490221699317,0.8543127013406061,7.840835464199597
10236,static,5,50.74473620478838,Medium,Problem Solving,Practice Questions,2.703005033342923,0.2802475618569943,2.574774474561135
10238,static,5,58.40028683342177,Medium,Critical Thinking,Critical Thinking Activity,2.472573277125359,0.17248671181226502,1.5841164717893441
10245,static,5,66.05823270434675,Medium,Critical Thinking,Critical Thinking Activity,3.255263099344314,0.4020900980310097,3.6917054514733008
10248,static,5,50.20327863950229,Medium,Problem Solving,Practice Questions,1.0213799780987074,0.03464520885710815,0.31830285637468114
10255,static,5,57.90972366625417,Medium,Application Skills,Application Exercise,1.6573524916554168,0.15380231122562266,1.4130587343854082
10257,static,5,61.5683071319492,Medium,Problem Solving,Advanced Practice,3.918731435962241,0.5053596059816906,4.649624556030452
10260,static,5,67.93141897291387,Medium,Advanced Topics,Advanced Practice,5.12195652268269,1.1374841045573718,10.476370716681995
10261,static,5,52.53037702874222,Medium,Advanced Topics,Advanced Practice,2.499387260701385,0.274332745734584,2.523496200657117
10262,static,5,74.91653607440476,Low,Critical Thinking,Advanced Practice,5.111395277878472,1.0091938836643255,9.29226331967501
10266,static,5,73.33474330713914,Low,Advanced Topics,Advanced Practice,4.308213445277997,0.8051189286535521,7.4123532004576
10276,static,5,86.0856025122177,Low,Advanced Topics,Application Exercise,5.926190670049348,1.4924518583452278,13.71190144854678
10278,static,5,52.76878338491794,Medium,Advanced Topics,Advanced Practice,2.86487062539641,0.29611302784097293,2.723652760130813
10281,static,5,57.55631560665235,Medium,Advanced Topics,Advanced Practice,3.519221403755028,0.5045155804423208,4.642599512740605
10282,static,5,61.01460029608278,Medium,Problem Solving,Practice Questions,3.92019239028455,0.6071593974072711,5.578276963679303
10290,static,5,64.13667563063672,Medium,Advanced Topics,Advanced Practice,3.220781674561379,0.36794209850189197,3.3847456141172962
10293,static,5,69.32046858409066,Low,Advanced Topics,Advanced Practice,3.7542759654510394,0.7316333001470986,6.736402673203556
10295,static,5,79.36590254938528,Low,Critical Thinking,Advanced Practice,4.070804861853057,0.6969217923492435,6.4151179693152764
10297,static,5,72.57844748049611,Low,Advanced Topics,Advanced Practice,4.440510798263841,0.8980489038408793,8.269323684123512
10299,static,5,66.73786341195365,Low,Advanced Topics,Advanced Practice,3.0372340605348596,0.3955693640440602,3.639537242246672
10300,static,5,108.39172082772454,Low,Conceptual Understanding,Concept Review,6.77545479032604,2.1464640775752897,0.0
10308,static,5,63.74641646217461,Low,Critical Thinking,Critical Thinking Activity,3.0290142363929307,0.3605738547002145,3.3106139930709277
10310,static,5,75.93541702453308,Low,Critical Thinking,Concept Review,4.292667545608946,0.7335310301936567,6.720096013289691
10311,static,5,72.70546943314551,Low,Application Skills,Application Exercise,3.824714366644172,0.5654457719646745,5.195033029925447
10313,static,5,70.81543537592937,Low,Conceptual Understanding,Application Exercise,5.3177985843025,1.2558513136688785,11.538133944332822
10315,static,5,42.99022656417827,Medium,Advanced Topics,Advanced Practice,1.2034403837996686,0.04852271627480263,0.4460014038573388
10319,static,5,66.89518565976184,Low,Problem Solving,Application Exercise,2.7404993901023795,0.3928779925650771,3.609566556691646
10320,static,5,92.33818009267809,Low,Conceptual Understanding,Concept Review,5.492377237501431,1.504471972896392,5.799999999999995
10322,static,5,85.63229495496412,Low,Problem Solving,Practice Questions,4.777003523377642,0.9477574990381242,8.707522022412766
10328,static,5,60.7265134385794,Medium,Advanced Topics,Advanced Practice,2.5356182870227286,0.2085292479247492,1.9176071200180331
10329,static,5,70.28557033869936,Low,Application Skills,Application Exercise,3.647671759154533,0.5392717928734062,4.954559597024419
10333,static,5,75.66239826052237,Low,Advanced Topics,Critical Thinking Activity,4.5268681294939315,0.8112147688053126,7.445728228559033
10347,static,5,70.70114141229546,Low,Advanced Topics,Advanced Practice,4.069874505185075,0.6941577956043662,6.389630250896439
10352,static,5,30.351778721604035,High,Advanced Topics,Practice Questions,1.5551459137715469,0.08509758440157905,0.7818340566895075
10356,static,5,75.32697477415509,Low,Conceptual Understanding,Advanced Practice,4.115172009069675,0.6281398554643952,5.780795946775336
10362,static,5,68.73594700564338,Low,Problem Solving,Practice Questions,2.4812221607546485,0.17547203120856875,1.6121492867287253
10364,static,5,53.77910579392449,Medium,Advanced Topics,Advanced Practice,3.3767059687852794,0.33172759437346583,3.0510631631541596
10366,static,5,74.48128144733995,Low,Application Skills,Concept Review,5.289655294666936,1.2356634768341963,11.30843948625938
10371,static,5,74.49731276789615,Low,Advanced Topics,Advanced Practice,3.6422367367805313,0.5990750984656618,5.514035158249552
10372,static,5,51.669028608312914,Medium,Problem Solving,Practice Questions,1.9360303243190669,0.07372403475007007,0.6773395692662688
10378,static,5,96.6404115668679,Low,Critical Thinking,Critical Thinking Activity,4.530549542242277,0.8829134947921748,8.10311917449494
10383,static,5,85.38511476482937,Low,Advanced Topics,Practice Questions,5.984780419808431,1.4420926899570394,8.299999999999997
10409,static,5,71.68359418210576,Low,Advanced Topics,Advanced Practice,2.6410785048626857,0.2628401328039345,2.4175052898520466
10412,static,5,50.19125022768525,Medium,Advanced Topics,Advanced Practice,2.7327617878583155,0.3086927715564753,2.8396633514133445
10426,static,5,51.52776894443494,Medium,Advanced Topics,Advanced Practice,2.0981931784353387,0.17322682881162155,1.5929764316448098
10430,static,5,63.54668298149295,Medium,Advanced Topics,Critical Thinking Activity,3.9628562242517287,0.6936583534930226,6.36688254331727
10433,static,5,81.7079855077524,Low,Application Skills,Critical Thinking Activity,5.79617580036105,1.556157278880935,14.276202557757124
10437,static,5,68.22947685653266,Low,Application Skills,Application Exercise,3.5972101674442074,0.4523851506577835,4.156288571668386
10440,static,5,93.36922718392285,Low,Critical Thinking,Practice Questions,6.002423289673294,1.527016484892886,9.7
10446,static,5,71.3424947840665,Low,Problem Solving,Practice Questions,4.0271140144101185,0.5721723591673896,5.256833549850391
10452,static,5,80.9312124533174,Low,Critical Thinking,Application Exercise,5.340041059427659,1.0953492221098011,10.063520978133798
10463,static,5,61.89981463311174,Medium,Advanced Topics,Application Exercise,4.023055623298723,0.6372520107305177,5.854752848586632
10480,static,5,98.80390566931081,Low,Conceptual Understanding,Concept Review,5.805397495363804,1.6180803899077996,0.0
10487,static,5,48.98058401294732,Medium,Problem Solving,Practice Questions,3.06779054374536,0.4142744350273735,3.806146371813994
10494,static,5,63.022915332017455,Medium,Advanced Topics,Advanced Practice,4.218779659371764,0.6331544512785142,5.826780204450264
10495,static,5,29.456897768270906,High,Advanced Topics,Advanced Practice,1.3853063940262906,0.08466992680288689,0.7784313072971736
10500,static,5,78.43507137779578,Low,Advanced Topics,Advanced Practice,4.002155495778529,0.5686262528402134,5.232477712207546
10514,static,5,44.2667690502934,Medium,Advanced Topics,Advanced Practice,2.9479114390866723,0.23677624678744152,2.177316463445637
10522,static,5,46.06387425247432,Medium,Advanced Topics,Practice Questions,0.7791724716905271,0.0,0.0
10523,static,5,73.71214665318827,Low,Application Skills,Application Exercise,3.8990945266919765,0.5240383043874016,4.814601921559253
10527,static,5,85.88686130604691,Low,Conceptual Understanding,Critical Thinking Activity,4.763532512306272,1.0563609699290388,9.693543194097945
10528,static,5,64.71725413790445,Medium,Advanced Topics,Application Exercise,4.2629859962548755,0.8826086206646094,8.1089667023561
10529,static,5,77.32914055174695,Low,Critical Thinking,Advanced Practice,4.561443502808681,0.6583075263253488,6.057871795890989
10530,static,5,68.48385139166325,Low,Advanced Topics,Application Exercise,3.1289109876187076,0.3444305215170673,3.164455416438056
10535,static,5,69.70451657763961,Low,Application Skills,Practice Questions,5.05928472893088,1.162421259319159,10.679745319994773
10543,static,5,78.85126184562523,Low,Advanced Topics,Advanced Practice,5.0740219972899965,1.147946736666889,10.573220498609196
10544,static,5,68.95775970337054,Low,Application Skills,Application Exercise,2.8471969117804394,0.3106861270134816,2.854428791936362
10549,static,5,67.24764480291873,Medium,Advanced Topics,Advanced Practice,3.2097824024037616,0.3256003268998376,2.9948137700705715
10550,static,5,55.53554253809256,Medium,Advanced Topics,Advanced Practice,2.230886331254061,0.19631799715035742,1.8054292296350802
10555,static,5,85.5160388613831,Low,Application Skills,Critical Thinking Activity,4.394588973415131,0.6300082752287932,5.783660095095453
10560,static,5,43.72590669317742,Medium,Critical Thinking,Critical Thinking Activity,1.9507630638160554,0.13546098715138688,1.2440747156725718
10571,static,5,60.890990090350414,Medium,Problem Solving,Advanced Practice,3.0759017466528733,0.3651710553626291,3.359421126256506
10579,static,5,61.18733089281117,Medium,Application Skills,Advanced Practice,3.0933191333844534,0.34942132930710784,3.2143251623046116
10584,static,5,71.65938738267535,Low,Advanced Topics,Advanced Practice,3.6434562476512378,0.4570351517053713,4.2048453917863
10585,static,5,81.23507976905184,Low,Critical Thinking,Advanced Practice,4.757276789434438,0.8799059149737936,8.100709608910114
10590,static,5,85.70139904662305,Low,Conceptual Understanding,Critical Thinking Activity,3.9260987052390073,0.7110949974928891,6.526711144483913
10591,static,5,69.18262547375247,Medium,Critical Thinking,Advanced Practice,5.829689077710125,1.5558274210592782,14.33648521237886
10596,static,5,77.37813335745437,Low,Advanced Topics,Advanced Practice,5.423240318761148,1.3137257348167006,12.102283006021477
10600,static,5,36.37748310910102,Medium,Advanced Topics,Advanced Practice,1.156296009701319,0.06290250292775176,0.5782647648294449
10602,static,5,37.110432076149756,Medium,Advanced Topics,Advanced Practice,0.577717899468106,0.01700801496034104,0.15631204913508007
10605,static,5,74.69038891873385,Low,Critical Thinking,Application Exercise,3.847363390660415,0.7005279261714483,6.436100321700182
10614,static,5,69.00687630622778,Low,Advanced Topics,Advanced Practice,2.8939940011896192,0.32783164045476004,3.015732404258179
10618,static,5,80.26158173809537,Low,Conceptual Understanding,Application Exercise,2.638783398351885,0.35718572080091116,3.281643809858371
10622,static,5,57.438474007180176,Medium,Critical Thinking,Critical Thinking Activity,2.692843668942371,0.3395137297802541,3.117130045754572
10627,static,5,90.98657816684255,Low,Conceptual Understanding,Concept Review,4.564894095782291,0.7931959980831309,0.0
10636,static,5,55.02938677290052,Medium,Advanced Topics,Advanced Practice,4.224929021807409,0.6895084163589691,6.346315739558751
10637,static,5,46.96196452486424,Medium,Advanced Topics,Advanced Practice,2.1152300214752526,0.16109591843555524,1.4813168351698498
10644,static,5,85.42680841659921,Low,Advanced Topics,Advanced Practice,5.558322010131114,1.269965412874757,11.69737008317502
10645,static,5,55.51848913387159,Medium,Problem Solving,Practice Questions,1.2860898281446436,0.04321261822566002,0.3970159299482514
10650,static,5,63.42306970596375,Medium,Critical Thinking,Advanced Practice,2.232745927086323,0.17576175938023536,1.6162186802560714
10651,static,5,77.40583284251666,Low,Application Skills,Application Exercise,3.434919804139411,0.48913258010945215,0.0
10653,static,5,85.07671518028066,Low,Conceptual Understanding,Concept Review,5.381195164843867,1.2983747693735286,0.0
10657,static,5,76.92104755440796,Low,Critical Thinking,Critical Thinking Activity,4.106775844488374,0.704394192846646,6.4655481346959425
10661,static,5,50.065767555530115,Medium,Problem Solving,Practice Questions,2.53074432350459,0.2129874422661463,1.9568221258202194
10663,static,5,90.59382460780392,Low,Critical Thinking,Critical Thinking Activity,4.528731625875832,0.9941471665122624,9.12275904639427
10669,static,5,81.81200629707746,Low,Critical Thinking,Advanced Practice,4.613486187664278,0.8606919831706477,7.92396020411624
10671,static,5,63.03713256949115,Medium,Advanced Topics,Application Exercise,3.246279218207525,0.5090165814149399,4.6765898417497604
10678,static,5,70.3648428212567,Low,Conceptual Understanding,Critical Thinking Activity,2.6906282569714017,0.3590374346102639,3.2962475328361336
10679,static,5,45.21884672392982,Medium,Advanced Topics,Advanced Practice,1.9039538517606605,0.1492699819780358,1.3726084637465872
10680,static,5,80.79071823846375,Low,Application Skills,Critical Thinking Activity,4.829202052316116,0.9086626581638004,8.339744020672278
10688,static,5,86.49054364137172,Low,Critical Thinking,Critical Thinking Activity,5.206165570234852,1.1661810877326066,10.701160436888179
10690,static,5,83.75945413165483,Low,Advanced Topics,Advanced Practice,4.800550255135933,1.007731509558135,9.280082028237853
10693,static,5,71.28331212032437,Low,Application Skills,Critical Thinking Activity,4.794370841353546,1.0064343270169362,9.235996841597567
10698,static,5,74.88444041939623,Low,Advanced Topics,Application Exercise,3.5197636591774404,0.560909536726517,5.153356368674875
10714,static,5,58.19849848565389,Medium,Advanced Topics,Advanced Practice,2.1345710865788807,0.15232299273826894,1.4005731812978601
10715,static,5,51.34194687103853,Medium,Application Skills,Advanced Practice,2.9875916562854963,0.37476349736445264,3.447924211130468
10717,static,5,100.66062487003987,Low,Conceptual Understanding,Concept Review,6.511328880250151,2.0836252416800485,0.0
10722,static,5,67.11150475386255,Medium,Application Skills,Advanced Practice,4.632804954536533,1.0466432953288933,9.640125913563775
10738,static,5,85.0831617792501,Low,Problem Solving,Critical Thinking Activity,5.003220173045603,1.0903017401100978,8.4
10741,static,5,35.528779284291204,Medium,Advanced Topics,Advanced Practice,1.6514101377951036,0.049145965700782286,0.45167727264718754
10742,static,5,68.18951269043595,Low,Critical Thinking,Advanced Practice,4.569984441659264,0.937395208673148,8.63190393230671
10750,static,5,95.29874627909558,Low,Conceptual Understanding,Concept Review,5.382268563969849,1.0385625421036222,0.0
10754,static,5,63.30956395768337,Medium,Application Skills,Application Exercise,2.6259900764483315,0.32352197741843447,2.972358167531867
10762,static,5,36.561146918003644,Medium,Advanced Topics,Advanced Practice,2.057316448490526,0.2119858868524638,1.9498429500536654
10765,static,5,53.02256529301157,Medium,Application Skills,Application Exercise,2.8325998057124857,0.3335669531207023,3.0646463817964524
10768,static,5,53.820745160133555,Medium,Advanced Topics,Advanced Practice,4.382894234403032,0.8092575914401761,7.450270973957158
10788,static,5,86.69436947609114,Low,Problem Solving,Practice Questions,4.0695653159565035,0.7592181053448452,6.975316342855765
10801,static,5,76.30737447431426,Low,Conceptual Understanding,Practice Questions,3.800887180197734,0.5594905929251065,5.140319822499415
10803,static,5,99.48594853429978,Low,Conceptual Understanding,Concept Review,5.370773753310041,1.259768691576403,0.0
10811,static,5,73.27782534328333,Low,Problem Solving,Practice Questions,3.8723800708500247,0.5613402150704195,5.157313225959479
10812,static,5,68.29646215725613,Low,Advanced Topics,Advanced Practice,4.528974328416419,0.7855053075205438,7.2307027162120905
10817,static,5,88.34864306748982,Low,Conceptual Understanding,Advanced Practice,3.6213485825450364,0.5527626476396744,5.0870965203152245
10821,static,5,79.88296761090874,Low,Critical Thinking,Concept Review,4.209149889389648,0.8000752109751844,7.327378424628496
10823,static,5,41.79696150755772,Medium,Advanced Topics,Practice Questions,2.1349421279257874,0.13868584063005915,1.2741761607886684
10824,static,5,40.7301823286587,Medium,Advanced Topics,Advanced Practice,1.639174447651199,0.08654841083598332,0.7956282776640822
10827,static,5,81.29031902131871,Low,Application Skills,Advanced Practice,5.389044248245376,1.0329720015036739,9.510595752842724
10830,static,5,81.84245279497554,Low,Advanced Topics,Advanced Practice,4.3718903059181375,0.8338069191447072,7.676796813245725
10838,static,5,64.77076966701922,Medium,Conceptual Understanding,Concept Review,3.1876371462245534,0.4365787835469148,4.001894104150215
10846,static,5,66.74730364384997,Medium,Conceptual Understanding,Practice Questions,3.555260669706923,0.6029722095822941,5.5398071755373275
10850,static,5,48.82259611354351,Medium,Advanced Topics,Advanced Practice,2.343744566409746,0.17924958443901737,1.6482501259578852
10860,static,5,98.23811385268056,Low,Conceptual Understanding,Concept Review,6.034688430708864,1.5622601409419108,0.0
10866,static,5,104.12216413782772,Low,Conceptual Understanding,Concept Review,6.1325647464936806,1.6464709831386237,0.0
10867,static,5,81.52715748209151,Low,Critical Thinking,Concept Review,5.308943340798956,1.235072578803469,11.303212741668831
10868,static,5,90.32138167168009,Low,Critical Thinking,Application Exercise,5.957077279903812,1.742325962826267,15.899999999999999
10880,static,5,63.62045451097273,Medium,Advanced Topics,Advanced Practice,4.234435181508784,0.6964798986545648,6.410572994990683
10884,static,5,96.90105582409483,Low,Conceptual Understanding,Concept Review,5.380858459077593,1.2225310419024291,0.0
10885,static,5,56.55949611059785,Medium,Advanced Topics,Advanced Practice,3.330078598612548,0.33886879819481286,3.116865849247384
10893,static,5,62.9951515288418,Medium,Problem Solving,Practice Questions,3.7790393653222303,0.5453909612033043,5.010779456055358
10894,static,5,46.45295180091994,Medium,Advanced Topics,Advanced Practice,1.9246962200280535,0.0837627794956209,0.7699412414403662
10900,static,5,100.82344553155562,Low,Conceptual Understanding,Concept Review,6.485938974568487,1.824364914766624,0.0
10902,static,5,85.29052350424979,Low,Application Skills,Critical Thinking Activity,4.959246231061586,0.9680448643032216,8.88441417424539
10903,static,5,44.67274506542792,Medium,Advanced Topics,Advanced Practice,1.5713448169990065,0.1428038169688697,1.313330469076199
10915,static,5,74.23141153540307,Low,Advanced Topics,Advanced Practice,3.815531118341429,0.4419911247486712,4.06600396650714
10918,static,5,38.20676715875787,Medium,Advanced Topics,Application Exercise,1.8917151855780479,0.14770512168993397,1.3570408055262684
10925,static,5,73.97504426424766,Low,Application Skills,Application Exercise,2.717052478843144,0.3616940259835994,3.323063863724319
10937,static,5,74.30644697192704,Low,Advanced Topics,Application Exercise,4.930273991975931,1.0160308642664,9.33478356544755
10939,static,5,101.57599107909621,Low,Conceptual Understanding,Concept Review,5.80795881648581,1.4217883182757263,0.0
10942,static,5,56.01662984268722,Medium,Advanced Topics,Advanced Practice,3.5292009961103323,0.4799713354710052,4.4163809765495765
10943,static,5,57.67697032070866,Medium,Problem Solving,Application Exercise,2.623517398093341,0.32825449684943886,3.0158381898042195
10948,static,5,49.82252437244604,Medium,Advanced Topics,Advanced Practice,2.6702971528503125,0.30078227129705926,2.766884890715458
10949,static,5,92.05120895210861,Low,Conceptual Understanding,Concept Review,4.712820022042393,0.9636774381072285,0.7000000000000028
10960,static,5,68.03503283071413,Low,Conceptual Understanding,Concept Review,3.2488027986561807,0.47510492127547993,4.3543685783666914
10974,static,5,72.15714349148968,Low,Application Skills,Advanced Practice,4.329517954453298,0.7065773301667783,6.503420009478605
10975,static,5,59.26361358744394,Medium,Application Skills,Advanced Practice,3.7706676271178377,0.5502158201490349,5.063280986451816
10978,static,5,65.45565855065188,Medium,Advanced Topics,Advanced Practice,3.8625552611636005,0.673629637546932,6.200935144083675
10979,static,5,44.631462266773894,Medium,Advanced Topics,Advanced Practice,2.5068697774046433,0.23263751534315089,2.139553685420605
10986,static,5,74.9606046442448,Low,Advanced Topics,Practice Questions,3.4775910617235612,0.3149306465496857,2.8934253151752376
10987,static,5,93.58375855304095,Low,Critical Thinking,Critical Thinking Activity,6.1302336676641485,1.5614931198274118,14.326231816212074
10990,static,5,56.30434452211122,Medium,Advanced Topics,Advanced Practice,3.2870163107324366,0.48805618181755217,4.491393345370063
10996,static,5,78.80606750372533,Low,Advanced Topics,Concept Review,4.120899295011287,0.7094540226291431,6.499380504657168
10999,static,5,89.00386546516395,Low,Critical Thinking,Critical Thinking Activity,5.554579845044405,1.4397470958355099,13.208924813525865
10011,static,6,53.405927670876565,Medium,Advanced Topics,Advanced Practice,2.1885796541582536,0.17727495198681856,2.1100937322778757
10024,static,6,98.12943381194418,Low,Conceptual Understanding,Concept Review,6.5539225628509135,1.5359772918297403,0.0
10026,static,6,90.38471846721039,Low,Conceptual Understanding,Critical Thinking Activity,5.538130502660147,1.1424055600887353,13.561740463762199
10031,static,6,78.75804144784163,Low,Advanced Topics,Critical Thinking Activity,3.216713075178014,0.19454680678676628,2.3119362484025343
10040,static,6,82.54772380582739,Low,Critical Thinking,Critical Thinking Activity,4.153631452525306,0.663916451371645,7.884133257381861
10045,static,6,90.48114874909436,Low,Conceptual Understanding,Concept Review,5.127619415504026,0.8998972074209566,10.657512710466632
10055,static,6,64.86643570836057,Medium,Advanced Topics,Advanced Practice,4.229071776545245,0.7833086744517104,9.337877364828966
10056,static,6,96.49297271055661,Low,Conceptual Understanding,Concept Review,5.767919157307695,1.119726146008143,0.0
10060,static,6,89.03544210329086,Low,Critical Thinking,Practice Questions,5.134315079112445,0.9606816944527294,11.421437922938003
10061,static,6,52.631452824031584,Medium,Advanced Topics,Advanced Practice,3.014455035412013,0.3003301551780989,3.575784926198756
10064,static,6,92.73117306754605,Low,Conceptual Understanding,Critical Thinking Activity,5.584399379315284,1.1353642378085906,5.599999999999991
10067,static,6,83.62859160388531,Low,Critical Thinking,Practice Questions,5.359086844259635,1.098237666994127,13.05682559648573
10068,static,6,56.309094079586664,Medium,Critical Thinking,Critical Thinking Activity,3.167867432374252,0.3848958930334717,4.571975285145988
10071,static,6,84.36246753450062,Low,Critical Thinking,Critical Thinking Activity,4.663629088636349,0.7051407182018161,8.37420090064274
10073,static,6,79.49348470626353,Low,Advanced Topics,Practice Questions,4.057411843560421,0.6321041911082781,7.515016494287307
10077,static,6,68.03772351983646,Medium,Advanced Topics,Advanced Practice,3.395270988640412,0.4125254251198101,4.9131702432827975
10079,static,6,53.06485407180512,Medium,Critical Thinking,Advanced Practice,3.398359011206136,0.30646401563056935,3.6483125670578977
10087,static,6,66.52643635966054,Medium,Problem Solving,Practice Questions,3.66276761403065,0.48161731356889026,5.725894727985695
10089,static,6,80.69177870487596,Low,Advanced Topics,Advanced Practice,3.367456440455084,0.3273167660122342,3.8969541630601108
10097,static,6,80.9320644238695,Low,Application Skills,Concept Review,5.8313670127083315,1.2154901401289246,14.384670858228127
10102,static,6,55.55632336949151,Medium,Advanced Topics,Advanced Practice,4.086592605717041,0.5947218219100011,7.085611579817213
10108,static,6,80.28974327811379,Low,Critical Thinking,Critical Thinking Activity,4.585815622213557,0.7181387264386431,8.528232247567976
10111,static,6,67.95860220750737,Low,Advanced Topics,Advanced Practice,3.0323760725499036,0.25708484343078086,3.0602351576984983
10121,static,6,100.72704168122517,Low,Conceptual Understanding,Concept Review,6.563404781438525,1.5754140496886893,0.0
10137,static,6,60.047682874036774,Medium,Advanced Topics,Advanced Practice,2.7360340830937635,0.23565461557686587,2.8051935598498074
10138,static,6,58.86747399241965,Medium,Advanced Topics,Advanced Practice,3.419414888704006,0.3259044330423788,3.8800322395486924
10140,static,6,62.23320199473794,Medium,Advanced Topics,Advanced Practice,3.6592100849585827,0.40507455640491513,4.823669982476871
10159,static,6,56.594410932328316,Medium,Advanced Topics,Advanced Practice,2.903426256411897,0.3370877883694213,4.014392901086219
10169,static,6,76.25389517346456,Low,Critical Thinking,Critical Thinking Activity,3.1981413021380445,0.4015266404834315,4.769383856754094
10175,static,6,72.7653049528748,Low,Advanced Topics,Advanced Practice,4.325867850197546,0.49756132012972176,5.925385641299774
10185,static,6,86.11292434371288,Low,Advanced Topics,Advanced Practice,4.39023218834434,0.6792128218587529,8.093335875696411
10199,static,6,70.73926223514849,Low,Advanced Topics,Advanced Practice,3.5718386403741076,0.46966106282279146,5.59447053597684
10200,static,6,57.17949893200603,Medium,Advanced Topics,Advanced Practice,3.184878657443027,0.4093206050545779,4.875500548788222
10209,static,6,59.19662392874759,Medium,Problem Solving,Critical Thinking Activity,3.5367164889160807,0.4784116394556783,5.6822352138823415
10210,static,6,41.70893062973031,Medium,Problem Solving,Practice Questions,2.7927041323359623,0.2948257752507076,3.5051508835361895
10211,static,6,66.75548804093368,Medium,Advanced Topics,Advanced Practice,3.6523846263473967,0.6054923233558714,7.2160668086449835
10214,static,6,67.35345346836851,Low,Advanced Topics,Critical Thinking Activity,4.507834425570741,0.8057303252265143,9.56689603404327
10216,static,6,62.195256911388455,Medium,Problem Solving,Critical Thinking Activity,3.59988300220587,0.5724893938407996,6.798459386585529
10219,static,6,87.34679909157057,Low,Application Skills,Concept Review,3.0889391658078607,0.36779998647274204,4.36127806730338
10222,static,6,69.63762109431553,Low,Problem Solving,Critical Thinking Activity,4.495491382669725,0.7209869079525705,8.561822372152168
10236,static,6,50.75476909249938,Medium,Problem Solving,Practice Questions,2.703005033342923,0.23645888031683893,2.8112333548779738
10238,static,6,58.395859119760686,Medium,Critical Thinking,Critical Thinking Activity,2.4727754126707038,0.14554756078979764,1.7296640325791417
10245,static,6,66.04791109869186,Medium,Critical Thinking,Critical Thinking Activity,3.25573430492525,0.3393126292593096,4.03101808073261
10248,static,6,50.20451894106952,Medium,Problem Solving,Practice Questions,1.0213799780987074,0.029231894973185006,0.34753475134786616
10255,static,6,57.91375660193245,Medium,Application Skills,Application Exercise,1.6573524916554168,0.12977070009661912,1.5428294344820273
10257,static,6,61.576556065357366,Medium,Problem Solving,Advanced Practice,3.9175349729841598,0.42626698041040645,5.075891536440858
10260,static,6,67.9499860101687,Medium,Advanced Topics,Advanced Practice,5.119263474795305,0.9592475899071445,11.43561830658914
10261,static,6,52.53485493422667,Medium,Advanced Topics,Advanced Practice,2.4987377648373275,0.2314081044015849,2.7549043050587017
10262,static,6,74.93300904344254,Low,Critical Thinking,Advanced Practice,5.109005963209832,0.8511093034111259,10.143372623086137
10266,static,6,73.34788518145893,Low,Advanced Topics,Advanced Practice,4.306307287801847,0.6790185331405951,8.091371733598196
10276,static,6,86.12473691988475,Low,Advanced Topics,Application Exercise,5.926190670049348,1.259256255478786,14.971157704025565
10278,static,6,52.77361680773021,Medium,Advanced Topics,Advanced Practice,2.8641695636753193,0.24978422764812458,2.9734369877789373
10281,static,6,57.56455076311755,Medium,Advanced Topics,Advanced Practice,3.51802693904768,0.4255405385472073,5.068140051287813
10282,static,6,61.036336656665185,Medium,Problem Solving,Practice Questions,3.92019239028455,0.512290741562385,6.090567705241688
10290,static,6,64.14268151205795,Medium,Advanced Topics,Advanced Practice,3.2199105540885027,0.31036717830859084,3.695112792425887
10293,static,6,69.33241095997643,Low,Advanced Topics,Advanced Practice,3.752543788706409,0.6170307751769948,7.353433448380551
10295,static,6,79.37727833286253,Low,Critical Thinking,Advanced Practice,4.069154866259239,0.587789420431147,7.002907389746423
10297,static,6,72.59310624134162,Low,Advanced Topics,Advanced Practice,4.438384624637707,0.7573659523481784,9.02668963647169
10299,static,6,66.74432025041817,Low,Advanced Topics,Advanced Practice,3.0362975311927047,0.3336587357027664,3.9731959779494384
10300,static,6,108.39172082772454,Low,Conceptual Understanding,Concept Review,6.77545479032604,1.8110790654541506,0.0
10308,static,6,63.737160573616535,Low,Critical Thinking,Critical Thinking Activity,3.029436789481172,0.304276631135489,3.6148906242064167
10310,static,6,75.94404312098514,Low,Critical Thinking,Concept Review,4.295294260066884,0.6192955264164434,7.339391539706134
10311,static,6,72.72029630024339,Low,Application Skills,Application Exercise,3.824714366644172,0.4770948700951941,5.672127900020641
10313,static,6,70.84836574953137,Low,Conceptual Understanding,Application Exercise,5.3177985843025,1.0596245459081164,12.597758490240938
10315,static,6,42.99101859553692,Medium,Advanced Topics,Advanced Practice,1.2033255039538489,0.040937133644509946,0.48693853750184873
10319,static,6,66.90548753143594,Low,Problem Solving,Application Exercise,2.7404993901023795,0.33149080622678384,3.9410573629184302
10320,static,6,92.33818009267809,Low,Conceptual Understanding,Concept Review,5.492377237501431,1.2693982271313309,5.799999999999995
10322,static,6,85.66622475796437,Low,Advanced Topics,Practice Questions,4.777003523377642,0.7996703898134174,9.507192412226184
10328,static,6,60.729917240267206,Medium,Advanced Topics,Advanced Practice,2.5351245840792487,0.17591229488925908,2.093519414907292
10329,static,6,70.29971088337933,Low,Application Skills,Application Exercise,3.647671759154533,0.45501057523693644,5.409570172261356
10333,static,6,75.64157447255535,Low,Advanced Topics,Critical Thinking Activity,4.527818784405033,0.6846062002020412,8.130334428761074
10347,static,6,70.71247207933517,Low,Advanced Topics,Advanced Practice,4.068231053485421,0.585459130907087,6.975089381803526
10352,static,6,30.35482522271584,High,Advanced Topics,Practice Questions,1.5551459137715469,0.07180108683883232,0.8536351435283398
10356,static,6,75.33722783707783,Low,Conceptual Understanding,Advanced Practice,4.1136848579930465,0.5298014728609246,6.31059741963626
10362,static,6,68.74222892001177,Low,Problem Solving,Practice Questions,2.4812221607546485,0.14805452633222987,1.7602038130609552
10364,static,6,53.784520549681076,Medium,Advanced Topics,Advanced Practice,3.375920587878737,0.27983005752926854,3.330893220683428
10366,static,6,74.49581246497208,Low,Application Skills,Concept Review,5.294080104233464,1.0434631885444157,12.351902674803796
10371,static,6,74.5070914097489,Low,Advanced Topics,Advanced Practice,3.640818397902789,0.5052727772609491,6.019307935510501
10372,static,6,51.671667935332735,Medium,Problem Solving,Practice Questions,1.9360303243190669,0.06220465432037163,0.7395442235866404
10378,static,6,96.61774728101442,Low,Conceptual Understanding,Critical Thinking Activity,4.531584220211883,0.74512839332944,8.84824756782438
10383,static,6,85.38511476482937,Low,Advanced Topics,Practice Questions,5.984780419808431,1.216765707151252,8.299999999999997
10409,static,6,71.68788449483918,Low,Advanced Topics,Advanced Practice,2.640456218308059,0.22171910865132774,2.6392243985033743
10412,static,6,50.1962889883737,Medium,Advanced Topics,Advanced Practice,2.7320309429937937,0.26038986917673845,3.100053220590083
10426,static,6,51.53059650832897,Medium,Advanced Topics,Advanced Practice,2.0977830556534025,0.14613156765681604,1.7391079993016259
10430,static,6,63.528876852918685,Medium,Advanced Topics,Critical Thinking Activity,3.963669115912153,0.5853942917290659,6.9522768350463355
10433,static,6,81.66803913292682,Low,Application Skills,Critical Thinking Activity,5.797999446350378,1.3134208145817514,15.589623372338876
10437,static,6,68.24133909839284,Low,Application Skills,Application Exercise,3.5972101674442074,0.38169997086750485,4.537988542535891
10440,static,6,93.36922718392285,Low,Critical Thinking,Practice Questions,6.002423289673294,1.2884201591283726,9.7
10446,static,6,71.36297860555928,Low,Problem Solving,Practice Questions,4.0271140144101185,0.48277042804748505,5.739603977897876
10452,static,6,80.9599342125863,Low,Critical Thinking,Application Exercise,5.340041059427659,0.9242009061551447,10.987721884288943
10463,static,6,61.916524371409245,Medium,Advanced Topics,Application Exercise,4.023055623298723,0.5376813840538743,6.392434232640506
10480,static,6,98.80390566931081,Low,Conceptual Understanding,Concept Review,5.805397495363804,1.3652553289847058,0.0
10487,static,6,48.995415074672266,Medium,Problem Solving,Practice Questions,3.06779054374536,0.3495440545543464,4.1556904263683405
10494,static,6,63.03325024767724,Medium,Advanced Topics,Advanced Practice,4.217280636000297,0.5340342469367175,6.3608144513869815
10495,static,6,29.45827982686761,High,Advanced Topics,Advanced Practice,1.3851059339349474,0.07142991301302523,0.8498612203101988
10500,static,6,78.44435300624075,Low,Advanced Topics,Advanced Practice,4.000809245995532,0.47961701240994437,5.71209472461749
10514,static,6,44.27063392486839,Medium,Advanced Topics,Advanced Practice,2.9473508600257086,0.1997419677839423,2.377058431229579
10522,static,6,46.06387425247432,Medium,Advanced Topics,Practice Questions,0.7791724716905271,0.0,0.0
10523,static,6,73.72588775212046,Low,Application Skills,Application Exercise,3.8990945266919765,0.4421573193268702,5.256759240886122
10527,static,6,85.85974464385049,Low,Conceptual Understanding,Critical Thinking Activity,4.764770451730671,0.8915361992233258,10.585079393321271
10528,static,6,64.74039750790891,Medium,Advanced Topics,Application Exercise,4.2629859962548755,0.7447010236857643,8.853667726041863
10529,static,6,77.3398860384904,Low,Critical Thinking,Advanced Practice,4.559884928331976,0.5552571877229848,6.613128983613974
10530,static,6,68.49288289533732,Low,Advanced Topics,Application Exercise,3.1289109876187076,0.29061325253002557,3.4550686689680816
10535,static,6,69.74613136240471,Low,Application Skills,Practice Questions,5.05928472893088,0.9807929375505404,11.660538257545312
10543,static,6,78.869999663359,Low,Advanced Topics,Advanced Practice,5.071304178621916,0.9680612546571377,11.541281753266333
10544,static,6,68.96590637656676,Low,Application Skills,Application Exercise,2.8471969117804394,0.2621414196676251,3.116570211603987
10549,static,6,67.25295954391204,Medium,Advanced Topics,Advanced Practice,3.2090115280952975,0.27465929668967654,3.269473066760248
10550,static,6,55.538747016776945,Medium,Advanced Topics,Advanced Practice,2.2304215390293933,0.16560879927293248,1.9710380289080127
10555,static,6,85.4998666228523,Low,Application Skills,Critical Thinking Activity,4.395327274151153,0.5316587870813234,6.315318882176776
10560,static,6,43.722429425525604,Medium,Critical Thinking,Critical Thinking Activity,1.9509218092650413,0.11430450880483878,1.3583792244774107
10571,static,6,60.89695074031654,Medium,Problem Solving,Advanced Practice,3.0750371867568376,0.30802647499743246,3.6674476012539383
10579,static,6,61.193034461602046,Medium,Application Skills,Advanced Practice,3.0924918617162804,0.2947453993401787,3.50907056164479
10584,static,6,71.66684752093529,Low,Problem Solving,Advanced Practice,3.642374195124236,0.38550888481194917,4.590354276598249
10585,static,6,81.24944238373682,Low,Critical Thinking,Advanced Practice,4.755193570200056,0.7420955085654207,8.842805117475534
10590,static,6,85.68314532144248,Low,Problem Solving,Critical Thinking Activity,3.9269320307375337,0.60011375293731,7.126824897421224
10591,static,6,69.20802108637963,Medium,Critical Thinking,Advanced Practice,5.826005582061586,1.311899936968628,15.648385149347488
10596,static,6,77.3995771689004,Low,Advanced Topics,Advanced Practice,5.420130010405561,1.1078203728267928,13.21010337884827
10600,static,6,36.3785098602535,Medium,Advanced Topics,Advanced Practice,1.156147085024533,0.05306715120262607,0.631331916032071
10602,static,6,37.110709696246715,Medium,Advanced Topics,Advanced Practice,0.5776776321812278,0.0143495123833817,0.17066156151846176
10605,static,6,74.70875784989343,Low,Critical Thinking,Application Exercise,3.847363390660415,0.5910704377071595,7.027170759407341
10614,static,6,69.01222746872513,Low,Advanced Topics,Advanced Practice,2.8932178441398566,0.2765337615428875,3.2922661658010663
10618,static,6,80.27094770292197,Low,Conceptual Understanding,Application Exercise,2.638783398351885,0.3013754519257688,3.58301926178414
10622,static,6,57.42975872955863,Medium,Critical Thinking,Critical Thinking Activity,2.693241541869509,0.28650703522407833,3.4036370809786503
10627,static,6,90.98657816684255,Low,Conceptual Understanding,Concept Review,4.564894095782291,0.6692591233826417,0.0
10636,static,6,55.04064154859608,Medium,Advanced Topics,Advanced Practice,4.223296577734942,0.5815479387541016,6.927863678312852
10637,static,6,46.964594077143005,Medium,Advanced Topics,Advanced Practice,2.1148486192024025,0.1359001722699464,1.6172170074397962
10644,static,6,85.4475379327645,Low,Advanced Topics,Advanced Practice,5.555315306425548,1.0709536847727175,12.768323767947738
10645,static,6,55.52003614945839,Medium,Problem Solving,Practice Questions,1.2860898281446436,0.03646064662790064,0.4334765765761521
10650,static,6,63.42593864727142,Medium,Critical Thinking,Advanced Practice,2.2323298027353227,0.14827134549768017,1.7644900257537515
10651,static,6,77.40583284251666,Low,Application Skills,Application Exercise,3.434919804139411,0.41270561446735027,0.0
10653,static,6,85.07671518028066,Low,Conceptual Understanding,Concept Review,5.381195164843867,1.0955037116589148,0.0
10657,static,6,76.90296583809672,Low,Critical Thinking,Critical Thinking Activity,4.107601317377345,0.5944520626508494,7.060000197346792
10661,static,6,50.07339252496054,Medium,Problem Solving,Practice Questions,2.53074432350459,0.17970815441206095,2.1365302802322805
10663,static,6,90.56830496664409,Low,Critical Thinking,Critical Thinking Activity,4.529896657532731,0.8390274589082125,9.961786505302483
10669,static,6,81.8260552847094,Low,Critical Thinking,Advanced Practice,4.611448458330145,0.725888101825748,8.649848305941987
10671,static,6,63.050479775496484,Medium,Advanced Topics,Application Exercise,3.246279218207525,0.42948274056885555,5.106072582318616
10678,static,6,70.35562637242212,Low,Conceptual Understanding,Critical Thinking Activity,2.6910490095434785,0.3029852079845003,3.599232740820634
10679,static,6,45.221283242651545,Medium,Advanced Topics,Advanced Practice,1.903600447956594,0.1259231696323287,1.4985316333789158
10680,static,6,80.76739297460666,Low,Advanced Topics,Critical Thinking Activity,4.830266905486615,0.766853173915055,9.106597194587334
10688,static,6,86.46060790963219,Low,Critical Thinking,Critical Thinking Activity,5.2075322068160865,0.9842235870882404,11.68538402397642
10690,static,6,83.77590323050893,Low,Advanced Topics,Advanced Practice,4.79816440270776,0.8498508790075985,10.129932907245452
10693,static,6,71.25747706919556,Low,Application Skills,Critical Thinking Activity,4.795550272217568,0.8493878642151756,10.085384705812743
10698,static,6,74.89914833935481,Low,Advanced Topics,Application Exercise,3.5197636591774404,0.4732674216129987,5.626623790287874
10714,static,6,58.20098483835949,Medium,Advanced Topics,Advanced Practice,2.134210454626179,0.12850081147304224,1.5290739927709023
10715,static,6,51.34806409745905,Medium,Application Skills,Advanced Practice,2.986704385825362,0.31611279219575633,3.7640370033262247
10717,static,6,100.66062487003987,Low,Conceptual Understanding,Concept Review,6.511328880250151,1.7580587976675408,0.0
10722,static,6,67.12858900583497,Medium,Application Skills,Advanced Practice,4.630326976599049,0.8826329282793107,10.522758841843086
10738,static,6,85.0831617792501,Low,Problem Solving,Critical Thinking Activity,5.003220173045603,0.9199420932178951,8.4
10741,static,6,35.5295814888868,Medium,Advanced Topics,Advanced Practice,1.6512937823765323,0.041463986875474736,0.4931412595226623
10742,static,6,68.20481369701018,Low,Critical Thinking,Advanced Practice,4.56776511377921,0.7905431082417678,9.422447040548477
10750,static,6,95.29874627909558,Low,Conceptual Understanding,Concept Review,5.382268563969849,0.8762871448999312,0.0
10754,static,6,63.3180472068299,Medium,Application Skills,Application Exercise,2.6259900764483315,0.2729716684468041,3.245329835978671
10762,static,6,36.564607142056815,Medium,Advanced Topics,Advanced Practice,2.056814561789467,0.1788194580019763,2.1286624080556416
10765,static,6,53.03131193703541,Medium,Application Skills,Application Exercise,2.8325998057124857,0.2814471166955926,3.346093498492045
10768,static,6,53.833954589424756,Medium,Advanced Topics,Advanced Practice,4.380978278445277,0.6825126059989899,8.132783579956149
10788,static,6,86.7215495519805,Low,Problem Solving,Practice Questions,4.0695653159565035,0.6405902763847132,7.615906619240478
10801,static,6,76.32740428744441,Low,Conceptual Understanding,Practice Questions,3.800887180197734,0.4720701877805586,5.612390010279974
10803,static,6,99.48594853429978,Low,Conceptual Understanding,Concept Review,5.370773753310041,1.06292983351759,0.0
10811,static,6,73.29792137305125,Low,Advanced Topics,Practice Questions,3.8723800708500247,0.47363080646566647,5.630944032425146
10812,static,6,68.30928388043465,Low,Advanced Topics,Advanced Practice,4.5271146071240755,0.6624979516065372,7.893200667818627
10817,static,6,88.35766575592183,Low,Conceptual Understanding,Advanced Practice,3.620039890604211,0.4662249375109164,5.553321457826141
10821,static,6,79.89237624620117,Low,Critical Thinking,Concept Review,4.212014893101285,0.6755229485555841,8.00290137318408
10823,static,6,41.80192647302228,Medium,Advanced Topics,Practice Questions,2.1349421279257874,0.11701617803161242,1.3911923388202807
10824,static,6,40.73159504955906,Medium,Advanced Topics,Advanced Practice,1.6389695401592839,0.0730160930140961,0.8686443706781782
10827,static,6,81.30718011815361,Low,Application Skills,Advanced Practice,5.386598637748287,0.8711745976830305,10.381770350525754
10830,static,6,81.856062940444,Low,Advanced Topics,Advanced Practice,4.369916228255783,0.7032069194509206,8.380003732696647
10838,static,6,64.77590369753844,Medium,Conceptual Understanding,Concept Review,3.189200499042046,0.36854400966929884,4.370438113819514
10846,static,6,66.76889010273477,Medium,Conceptual Understanding,Practice Questions,3.555260669706923,0.5087578018350607,6.048564977372388
10850,static,6,48.825521986264604,Medium,Advanced Topics,Advanced Practice,2.3433201844665135,0.15121445150362411,1.7994645774615092
10860,static,6,98.23811385268056,Low,Conceptual Understanding,Concept Review,6.034688430708864,1.3181569939197373,0.0
10866,static,6,104.12216413782772,Low,Conceptual Understanding,Concept Review,6.1325647464936806,1.3892098920232137,0.0
10867,static,6,81.54168155094683,Low,Critical Thinking,Concept Review,5.3133660344081,1.042960618893966,12.346173360562798
10868,static,6,90.36424620877132,Low,Critical Thinking,Application Exercise,5.957077279903812,1.4700875311346628,15.899999999999999
10880,static,6,63.63182308146417,Medium,Advanced Topics,Advanced Practice,4.232786232119371,0.5874260732935263,6.9979990682842095
10884,static,6,96.90105582409483,Low,Conceptual Understanding,Concept Review,5.380858459077593,1.0315105666051747,0.0
10885,static,6,56.565027431497526,Medium,Advanced Topics,Advanced Practice,3.3292763105652488,0.2858516640251323,3.4027175132725165
10893,static,6,63.01467657389871,Medium,Problem Solving,Practice Questions,3.7790393653222303,0.460173623515288,5.470953079570647
10894,static,6,46.454319052243484,Medium,Advanced Topics,Advanced Practice,1.9244979076512403,0.07066756316895356,0.8406088046093199
10900,static,6,100.82344553155562,Low,Conceptual Understanding,Concept Review,6.485938974568487,1.5393078968343392,0.0
10902,static,6,85.2656739061261,Low,Application Skills,Critical Thinking Activity,4.960380673677532,0.8169746969546896,9.701388871200079
10903,static,6,44.675076037596384,Medium,Advanced Topics,Advanced Practice,1.5710067221491029,0.1204647954543932,1.4337952645305923
10915,static,6,74.23862611154232,Low,Advanced Topics,Advanced Practice,3.8144846832660044,0.37282773294241933,4.43883169944956
10918,static,6,38.210640216648756,Medium,Advanced Topics,Application Exercise,1.8917151855780479,0.1246261964258818,1.4816670019521503
10925,static,6,73.98452844384408,Low,Application Skills,Application Exercise,2.717052478843144,0.305179334423662,3.628243198147981
10937,static,6,74.33308888055691,Low,Advanced Topics,Application Exercise,4.930273991975931,0.857276041724775,10.192059607172325
10939,static,6,101.57599107909621,Low,Conceptual Understanding,Concept Review,5.80795881648581,1.199633893545144,0.0
10942,static,6,56.024464365940105,Medium,Advanced Topics,Advanced Practice,3.5280646410739704,0.4048454175632381,4.821226394112815
10943,static,6,57.68557766387113,Medium,Problem Solving,Application Exercise,2.623517398093341,0.27696473171671404,3.2928029215209333
10948,static,6,49.82743401084396,Medium,Advanced Topics,Advanced Practice,2.6695850364725677,0.25371736186635285,3.020602252581811
10949,static,6,92.05120895210861,Low,Conceptual Understanding,Concept Review,4.712820022042393,0.813102838402974,0.7000000000000028
10960,static,6,68.0406199166138,Low,Conceptual Understanding,Concept Review,3.2505041104131243,0.4010797021838754,4.755448280550567
10974,static,6,72.16867688132788,Low,Application Skills,Advanced Practice,4.327845098913026,0.5959442701203238,7.0993642795989285
10975,static,6,59.27259470427008,Medium,Application Skills,Advanced Practice,3.769364964912606,0.4640842144800401,5.527365200931856
10978,static,6,65.46665413865718,Medium,Advanced Topics,Advanced Practice,3.8609604108575546,0.5681403244576892,6.769075468541365
10979,static,6,44.6352595852568,Medium,Advanced Topics,Advanced Practice,2.506318996987835,0.19624477746414745,2.3357984628847523
10986,static,6,74.97187918948133,Low,Advanced Topics,Practice Questions,3.4775910617235612,0.26572273302629734,3.159148048201535
10987,static,6,93.54367520780411,Low,Conceptual Understanding,Critical Thinking Activity,6.132063566674988,1.3179031017497884,15.644134917961862
10990,static,6,56.31231101348807,Medium,Advanced Topics,Advanced Practice,3.2858608144366177,0.41165264283261943,4.903045988202682
10996,static,6,78.81441046206737,Low,Advanced Topics,Concept Review,4.123439791679832,0.5989708641394125,7.09835136879658
10999,static,6,88.96690732608329,Low,Critical Thinking,Critical Thinking Activity,5.556267071041802,1.2151556084368422,14.424080421962707
10011,static,7,53.408821311873126,Medium,Advanced Topics,Advanced Practice,2.1881599472515623,0.15098303636035781,2.2610767686382336
10024,static,7,98.12943381194418,Low,Conceptual Understanding,Concept Review,6.5539225628509135,1.3084251004475564,0.0
10026,static,7,90.35539305047683,Low,Conceptual Understanding,Critical Thinking Activity,5.539469276925521,0.9733955413413526,14.535136005103551
10031,static,7,78.75304745413001,Low,Advanced Topics,Critical Thinking Activity,3.2169410627399064,0.16573680355235995,2.4776730519548944
10040,static,7,82.53068114839212,Low,Critical Thinking,Critical Thinking Activity,4.154409489932079,0.565664396149152,8.449797653531013
10045,static,7,90.49173125997478,Low,Conceptual Understanding,Concept Review,5.130841873597948,0.7670608601028932,11.424573570569525
10055,static,7,64.8792215761211,Medium,Advanced Topics,Advanced Practice,4.227217255886495,0.6669703386337711,10.004847703462737
10056,static,7,96.49297271055661,Low,Conceptual Understanding,Concept Review,5.767919157307695,0.9538407910439736,0.0
10060,static,7,89.06983459363971,Low,Critical Thinking,Practice Questions,5.134315079112445,0.8183584804597325,12.239796403397735
10061,static,7,52.63635508258412,Medium,Advanced Topics,Advanced Practice,3.013743989440751,0.25577645238383656,3.8315613785825926
10064,static,7,92.73117306754605,Low,Conceptual Understanding,Critical Thinking Activity,5.584399379315284,0.9671621285036142,5.599999999999991
10067,static,7,83.66790861032035,Low,Critical Thinking,Practice Questions,5.359086844259635,0.9355357904024044,13.992361386888135
10068,static,7,56.29921384715733,Medium,Critical Thinking,Critical Thinking Activity,3.1683184882290587,0.3279209635317076,4.899896248677695
10071,static,7,84.34436665497107,Low,Critical Thinking,Critical Thinking Activity,4.664455436371319,0.600781860204626,8.974982760847364
10073,static,7,79.51611409268537,Low,Advanced Topics,Practice Questions,4.057411843560421,0.5384591257589035,8.05347562004621
10077,static,7,68.04445713035997,Medium,Advanced Topics,Advanced Practice,3.3942943150146796,0.3513094616040194,5.264479704886817
10079,static,7,53.06985645273746,Medium,Critical Thinking,Advanced Practice,3.397633443027604,0.2610062010933805,3.9093187681512784
10087,static,7,66.54367830244388,Medium,Problem Solving,Practice Questions,3.66276761403065,0.4102666004475732,6.136161328433269
10089,static,7,80.69712146313019,Low,Advanced Topics,Advanced Practice,3.3666815023951298,0.27876122839831674,4.175715391458428
10097,static,7,80.94635820934509,Low,Application Skills,Concept Review,5.8357195832106505,1.036190369194883,15.42086122742301
10102,static,7,55.56603095325414,Medium,Advanced Topics,Advanced Practice,4.085184573429241,0.506440331568023,7.592051911385236
10108,static,7,80.27130874123733,Low,Critical Thinking,Critical Thinking Activity,4.586657202191382,0.6118600707723303,9.140092318340306
10111,static,7,67.96279857723816,Low,Advanced Topics,Advanced Practice,3.031767411917455,0.21895424248867862,3.279189400187177
10121,static,7,100.72704168122517,Low,Conceptual Understanding,Concept Review,6.563404781438525,1.3420193756607353,0.0
10137,static,7,60.051529440339685,Medium,Advanced Topics,Advanced Practice,2.7354761595482047,0.2007018858260518,3.005895445675859
10138,static,7,58.87279369730657,Medium,Advanced Topics,Advanced Practice,3.418643294409741,0.27755964907312686,4.157591888621819
10140,static,7,62.239813985489825,Medium,Advanced Topics,Advanced Practice,3.6582510516200166,0.34497307416776757,5.168643056644639
10159,static,7,56.59991318198589,Medium,Advanced Topics,Advanced Practice,2.9026281849903324,0.2870699274955439,4.301462828581763
10169,static,7,76.24358803169882,Low,Critical Thinking,Critical Thinking Activity,3.1986118474084124,0.34209153708032974,5.111475393834423
10175,static,7,72.77342659565679,Low,Advanced Topics,Advanced Practice,4.324689850033279,0.4237331115062607,6.349118752806034
10185,static,7,86.12401106546739,Low,Advanced Topics,Advanced Practice,4.38862411958306,0.5783767727198514,8.671712648416262
10199,static,7,70.74692846487041,Low,Advanced Topics,Advanced Practice,3.5707266954001478,0.39995709715177064,5.994427633128611
10200,static,7,57.18618023057782,Medium,Advanced Topics,Advanced Practice,3.183909571381702,0.34857441987486876,5.22407496866309
10209,static,7,59.18434315807615,Medium,Problem Solving,Critical Thinking Activity,3.5372771349891874,0.4076004442648041,6.089835658147146
10210,static,7,41.719485418781105,Medium,Problem Solving,Practice Questions,2.7927041323359623,0.2511478826209731,3.7562987661571627
10211,static,7,66.7653714304951,Medium,Advanced Topics,Advanced Practice,3.6509510943835584,0.5155873135488461,7.73165412219383
10214,static,7,67.33277046542489,Low,Advanced Topics,Critical Thinking Activity,4.5087786533143115,0.6865066377536371,10.253402671796906
10216,static,7,62.18056117579643,Medium,Problem Solving,Critical Thinking Activity,3.60055389710909,0.48776703644136843,7.286226423026898
10219,static,7,87.35112430485779,Low,Application Skills,Concept Review,3.0902562273939838,0.3134446891445718,4.674722756447952
10222,static,7,69.61911344495368,Low,Problem Solving,Critical Thinking Activity,4.496336300404511,0.6142894653612644,9.176111837513432
10236,static,7,50.76323434150554,Medium,Problem Solving,Practice Questions,2.703005033342923,0.20142793508471465,3.0126612899626886
10238,static,7,58.39212293094664,Medium,Critical Thinking,Critical Thinking Activity,2.4729459784798884,0.1239935113609816,1.8536575439401233
10245,static,7,66.03920098329709,Medium,Critical Thinking,Critical Thinking Activity,3.25613194218459,0.2890793938271479,4.320097474559758
10248,static,7,50.20556544551689,Medium,Problem Solving,Practice Questions,1.0213799780987074,0.024901243866046485,0.37243599521391263
10255,static,7,57.917159391411005,Medium,Application Skills,Application Exercise,1.6573524916554168,0.1105454111934163,1.6533748456754436
10257,static,7,61.58351397788913,Medium,Problem Solving,Advanced Practice,3.916525765570661,0.36302277321074455,5.438914309651603
10260,static,7,67.96564371093748,Medium,Problem Solving,Advanced Practice,5.116992410360094,0.8167743285416783,12.252392635130818
10261,static,7,52.53863218515992,Medium,Advanced Topics,Advanced Practice,2.4981898951095785,0.19708220082519462,2.9519865058838963
10262,static,7,74.94690161396818,Low,Critical Thinking,Advanced Practice,5.106990921327222,0.7247330816455461,10.868105704731683
10266,static,7,73.35896873185848,Low,Advanced Topics,Advanced Practice,4.304699679028376,0.5782072608870914,8.669578994485288
10276,static,7,86.15775657635382,Low,Advanced Topics,Application Exercise,5.926190670049348,1.0726997731856325,16.043857477211198
10278,static,7,52.77769401025271,Medium,Advanced Topics,Advanced Practice,2.863578187599052,0.21273522355673355,3.1861722113356707
10281,static,7,57.57149681801273,Medium,Advanced Topics,Advanced Practice,3.5170194515199515,0.36239368428461577,5.430533735572428
10282,static,7,61.05467671090659,Medium,Problem Solving,Practice Questions,3.92019239028455,0.4363958168864761,6.526963522128164
10290,static,7,64.14774760391738,Medium,Advanced Topics,Advanced Practice,3.2191757449861087,0.26432652042080945,3.9594393128466967
10293,static,7,69.34248269051243,Low,Advanced Topics,Advanced Practice,3.751082938907379,0.5254141872527566,7.878847635633308
10295,static,7,79.38687275974146,Low,Critical Thinking,Advanced Practice,4.067763246762687,0.5005382675141486,7.5034456572605714
10297,static,7,72.60546864868995,Low,Advanced Topics,Advanced Practice,4.436591524611274,0.6449029440174949,9.671592580489186
10299,static,7,66.7497665279981,Low,Advanced Topics,Advanced Practice,3.0355075782169294,0.2841538643968868,4.257349842346325
10300,static,7,108.39172082772454,Low,Conceptual Understanding,Concept Review,6.77545479032604,1.5427710557572394,0.0
10308,static,7,63.7293498281842,Low,Critical Thinking,Critical Thinking Activity,3.029793368385854,0.2592291205990937,3.8741197448055105
10310,static,7,75.95132584349217,Low,Critical Thinking,Concept Review,4.29751190655492,0.5278204123630753,7.867211952069209
10311,static,7,72.73280646935723,Low,Application Skills,Application Exercise,3.824714366644172,0.4064141485996098,6.078542048620251
10313,static,7,70.87615075225806,Low,Conceptual Understanding,Application Exercise,5.3177985843025,0.9026431316995065,13.500401621940444
10315,static,7,42.99168680820243,Medium,Advanced Topics,Advanced Practice,1.2032285833368177,0.03486956434510098,0.5218081018469497
10319,static,7,66.91417973566097,Low,Problem Solving,Application Exercise,2.7404993901023795,0.2823810571561492,4.223438420074579
10320,static,7,92.33818009267809,Low,Conceptual Understanding,Concept Review,5.492377237501431,1.081339230519282,5.799999999999995
10322,static,7,85.69485302924582,Low,Advanced Topics,Practice Questions,4.777003523377642,0.6812007024336518,10.188393114659835
10328,static,7,60.73278863875067,Medium,Advanced Topics,Advanced Practice,2.534708103328249,0.1498265959877328,2.243346010895025
10329,static,7,70.31164196795307,Low,Application Skills,Application Exercise,3.647671759154533,0.3876016011277607,5.797171773389117
10333,static,7,75.62400071169432,Low,Advanced Topics,Critical Thinking Activity,4.528621067932676,0.5832863935497288,8.713620822310803
10347,static,7,70.72202846913541,Low,Advanced Topics,Advanced Practice,4.066844951060498,0.4985545225505063,7.473643904354033
10352,static,7,30.357395708028925,High,Advanced Topics,Practice Questions,1.5551459137715469,0.06116388878863494,0.9147990323169748
10356,static,7,75.34587573259115,Low,Conceptual Understanding,Advanced Practice,4.112430527728997,0.45117475319714834,6.761772172833409
10362,static,7,68.7475292852601,Low,Problem Solving,Practice Questions,2.4812221607546485,0.1261205224311588,1.886324335492114
10364,static,7,53.78908818722638,Medium,Advanced Topics,Advanced Practice,3.375258076866727,0.23832697280755957,3.5692201934909877
10366,static,7,74.50808326707595,Low,Application Skills,Concept Review,5.297816660331099,0.8895034172695916,13.241406092073387
10371,static,7,74.51533892586069,Low,Advanced Topics,Advanced Practice,3.6396221404958466,0.430276129449419,6.44958406495992
10372,static,7,51.673894867505716,Medium,Problem Solving,Practice Questions,1.9360303243190669,0.052989149976612866,0.7925333735632533
10378,static,7,96.59861992255452,Low,Conceptual Understanding,Critical Thinking Activity,4.532457429124935,0.6348613120975296,9.48310887992191
10383,static,7,85.38511476482937,Low,Advanced Topics,Practice Questions,5.984780419808431,1.0365041209066221,8.299999999999997
10409,static,7,71.69150359328103,Low,Advanced Topics,Advanced Practice,2.639931287740015,0.1888342850120433,2.8280586835154176
10412,static,7,50.20053930570334,Medium,Advanced Topics,Advanced Practice,2.7314144575552075,0.22176353980890728,3.32181676039899
10426,static,7,51.53298179903318,Medium,Advanced Topics,Advanced Practice,2.0974370821949764,0.12446191645744992,1.8635699157590757
10430,static,7,63.5138498501115,Medium,Advanced Topics,Critical Thinking Activity,3.9643551339430907,0.4987555194013803,7.451032354447716
10433,static,7,81.63432377466899,Low,Application Skills,Critical Thinking Activity,5.799538631774189,1.1191369697734652,16.708760342112342
10437,static,7,68.25134786496236,Low,Application Skills,Application Exercise,3.5972101674442074,0.3251518270352819,4.863140369571173
10440,static,7,93.36922718392285,Low,Critical Thinking,Practice Questions,6.002423289673294,1.0975430985167618,9.7
10446,static,7,71.3802618299438,Low,Advanced Topics,Practice Questions,4.0271140144101185,0.41124888315156133,6.1508528610494375
10452,static,7,80.98416819696945,Low,Critical Thinking,Application Exercise,5.340041059427659,0.7872822533914196,11.775004137680362
10463,static,7,61.93062321309776,Medium,Advanced Topics,Application Exercise,4.023055623298723,0.45802488271255964,6.850459115353066
10480,static,7,98.80390566931081,Low,Conceptual Understanding,Concept Review,5.805397495363804,1.162995280246231,0.0
10487,static,7,49.00792878300269,Medium,Problem Solving,Practice Questions,3.06779054374536,0.2977597501759247,4.453450176544266
10494,static,7,63.04196723433094,Medium,Advanced Topics,Advanced Practice,4.216016284441675,0.4547816766027235,6.815596127989705
10495,static,7,29.459445770066907,High,Advanced Topics,Advanced Practice,1.3849368202079377,0.06084027451173471,0.9107014948219335
10500,static,7,78.45218174591437,Low,Advanced Topics,Advanced Practice,3.999673729835922,0.4084466812908443,6.120541405908335
10514,static,7,44.2738942926769,Medium,Advanced Topics,Advanced Practice,2.946877961387207,0.1701232647108835,2.5471816959404627
10522,static,7,46.06387425247432,Medium,Advanced Topics,Practice Questions,0.7791724716905271,0.0,0.0
10523,static,7,73.73748180434448,Low,Application Skills,Application Exercise,3.8990945266919765,0.37665253127844495,5.633411772164568
10527,static,7,85.83685901418562,Low,Conceptual Understanding,Critical Thinking Activity,4.765815234566004,0.7596232902374753,11.344702683558747
10528,static,7,64.75992472635018,Medium,Advanced Topics,Application Exercise,4.2629859962548755,0.6343749461026881,9.488042672144552
10529,static,7,77.3489494450463,Low,Critical Thinking,Advanced Practice,4.558570330448488,0.47286050037742167,7.085989483991396
10530,static,7,68.50050322656232,Low,Advanced Topics,Application Exercise,3.1289109876187076,0.24755943734039212,3.702628106308474
10535,static,7,69.78124383705028,Low,Application Skills,Practice Questions,5.05928472893088,0.8354902801356455,12.496028537680958
10543,static,7,78.88580122868035,Low,Advanced Topics,Advanced Practice,5.069012247414905,0.8242720815521378,12.36555383481847
10544,static,7,68.97278013207608,Low,Advanced Topics,Application Exercise,2.8471969117804394,0.2233056537909399,3.339875865394927
10549,static,7,67.2574427796545,Medium,Advanced Topics,Advanced Practice,3.2083612591062742,0.23392161940143846,3.5033946861616867
10550,static,7,55.54145023235025,Medium,Advanced Topics,Advanced Practice,2.2300294522958493,0.14104936285771247,2.112087391765725
10555,static,7,85.48621900414673,Low,Application Skills,Critical Thinking Activity,4.395950320052689,0.4529587209782291,6.7682776031550045
10560,static,7,43.71949524219148,Medium,Critical Thinking,Critical Thinking Activity,1.9510557616372552,0.09737719306331541,1.455756417540726
10571,static,7,60.90197862511408,Medium,Problem Solving,Advanced Practice,3.0743079193812086,0.2623306947607985,3.929778296014737
10579,static,7,61.19784556075351,Medium,Application Skills,Advanced Practice,3.0917940379209155,0.25102275793879913,3.7600933195835893
10584,static,7,71.67314014322133,Low,Problem Solving,Advanced Practice,3.6414614844466526,0.32831416743771025,4.918668444035959
10585,static,7,81.26155553318566,Low,Critical Thinking,Advanced Practice,4.753436623677838,0.6319218647517317,9.474726982227265
10590,static,7,85.66774047179254,Low,Problem Solving,Critical Thinking Activity,3.9276352983657716,0.5112995631412562,7.63812446056248
10591,static,7,69.22943509551321,Medium,Critical Thinking,Advanced Practice,5.822899596369514,1.1169486005756004,16.765333749923087
10596,static,7,77.41766000808163,Low,Advanced Topics,Advanced Practice,5.417507192818318,0.9432421773415974,14.153345556189867
10600,static,7,36.379376069960905,Medium,Advanced Topics,Advanced Practice,1.156021446012205,0.045200438539077216,0.6765323545711481
10602,static,7,37.110943921876725,Medium,Advanced Topics,Advanced Practice,0.5776436590260388,0.01222293982499098,0.18288450134345274
10605,static,7,74.72425663555934,Low,Critical Thinking,Application Exercise,3.847363390660415,0.5035044469357285,7.53067520634307
10614,static,7,69.01674130116658,Low,Advanced Topics,Advanced Practice,2.892563137265862,0.23551249063618646,3.5277786564372526
10618,static,7,80.27885023574443,Low,Conceptual Understanding,Application Exercise,2.638783398351885,0.2567272368256549,3.8397464986097947
10622,static,7,57.42240412756913,Medium,Critical Thinking,Critical Thinking Activity,2.6935772967528946,0.24409197463174728,3.6477290556103976
10627,static,7,90.98657816684255,Low,Conceptual Understanding,Concept Review,4.564894095782291,0.5701096236222504,0.0
10636,static,7,55.050134096404925,Medium,Advanced Topics,Advanced Practice,4.221919735244045,0.4952311849441265,7.423094863256979
10637,static,7,46.96681236182176,Medium,Advanced Topics,Advanced Practice,2.114526869060699,0.11574920081238267,1.7329662082521788
10644,static,7,85.46501900074927,Low,Problem Solving,Advanced Practice,5.552779772481198,0.9118774942368625,13.6802012621846
10645,static,7,55.521341443859754,Medium,Problem Solving,Practice Questions,1.2860898281446436,0.03105906934969314,0.46453564592584523
10650,static,7,63.42835886535153,Medium,Critical Thinking,Advanced Practice,2.2319787632507686,0.1262853584247285,1.89077538417848
10651,static,7,77.40583284251666,Low,Application Skills,Application Exercise,3.434919804139411,0.35156404195366875,0.0
10653,static,7,85.07671518028066,Low,Conceptual Understanding,Concept Review,5.381195164843867,0.9332068654872236,0.0
10657,static,7,76.88770632337236,Low,Critical Thinking,Critical Thinking Activity,4.108297950124312,0.5064709712913252,7.566471168638117
10661,static,7,50.07982609291745,Medium,Problem Solving,Practice Questions,2.53074432350459,0.15308472412879265,2.2896150043610732
10663,static,7,90.54676723018432,Low,Critical Thinking,Critical Thinking Activity,4.530879905872175,0.7148822315485117,10.676668736850994
10669,static,7,81.83790388230776,Low,Critical Thinking,Advanced Practice,4.609729883616645,0.6181186800941559,9.267966986036143
10671,static,7,63.061741480563484,Medium,Advanced Topics,Application Exercise,3.246279218207525,0.3658556678919881,5.4719282502106035
10678,static,7,70.3478487776706,Low,Conceptual Understanding,Critical Thinking Activity,2.6914040750415906,0.258132564837239,3.857365305657873
10679,static,7,45.2233386737318,Medium,Advanced Topics,Advanced Practice,1.9033023188446418,0.10725108566689556,1.6057827190458114
10680,static,7,80.74770794357727,Low,Advanced Topics,Critical Thinking Activity,4.831165573464456,0.653366832155333,9.759964026742667
10688,static,7,86.43534300559224,Low,Critical Thinking,Critical Thinking Activity,5.208685609124165,0.8385983830689906,12.52398240704541
10690,static,7,83.78977525990113,Low,Advanced Topics,Advanced Practice,4.796152340204967,0.7236434650901252,10.853576372335578
10693,static,7,71.23567338234673,Low,Application Skills,Critical Thinking Activity,4.796545661817952,0.7237028094550925,10.809087515267835
10698,static,7,74.91155814681987,Low,Advanced Topics,Application Exercise,3.5197636591774404,0.4031537295221841,6.029777519810057
10714,static,7,58.203082344025134,Medium,Advanced Topics,Advanced Practice,2.1339062228241885,0.10944805016865264,1.6385220429395548
10715,static,7,51.35322397438912,Medium,Application Skills,Advanced Practice,2.985955973707964,0.2692137905895101,4.033250793915735
10717,static,7,100.66062487003987,Low,Conceptual Understanding,Concept Review,6.511328880250151,1.4976056424575348,0.0
10722,static,7,67.14299613328056,Medium,Application Skills,Advanced Practice,4.62823730103056,0.7515331729413424,11.274292014784429
10738,static,7,85.0831617792501,Low,Problem Solving,Critical Thinking Activity,5.003220173045603,0.7836543757041328,8.4
10741,static,7,35.53025830132397,Medium,Advanced Topics,Advanced Practice,1.6511956144093403,0.0353190741922158,0.5284603337148781
10742,static,7,68.21771765169707,Low,Critical Thinking,Advanced Practice,4.565893465253303,0.6731496735822944,10.095596714130771
10750,static,7,95.29874627909558,Low,Conceptual Understanding,Concept Review,5.382268563969849,0.7464668271369784,0.0
10754,static,7,63.325204948297284,Medium,Application Skills,Application Exercise,2.6259900764483315,0.2325314212694998,3.477861257248171
10762,static,7,36.56752599386785,Medium,Advanced Topics,Advanced Practice,2.056391198191096,0.1522963321380326,2.280958740193674
10765,static,7,53.038691917930535,Medium,Application Skills,Application Exercise,2.8325998057124857,0.23975124755550478,3.5858447460475498
10768,static,7,53.8450951732199,Medium,Advanced Topics,Advanced Practice,4.379362397287611,0.5811851837440389,8.713968763700187
10788,static,7,86.74448274101215,Low,Problem Solving,Practice Questions,4.0695653159565035,0.5456880132166075,8.161594632457085
10801,static,7,76.34430444227299,Low,Conceptual Understanding,Practice Questions,3.800887180197734,0.40213386366492027,6.014523873944894
10803,static,7,99.48594853429978,Low,Conceptual Understanding,Concept Review,5.370773753310041,0.9054587470705397,0.0
10811,static,7,73.31487739816795,Low,Advanced Topics,Practice Questions,3.8723800708500247,0.403463279581864,6.034407312007009
10812,static,7,68.32009776706343,Low,Advanced Topics,Advanced Practice,4.525546111615591,0.5641545782739996,8.457355246092627
10817,static,7,88.36527589812005,Low,Conceptual Understanding,Advanced Practice,3.618936080820866,0.39703347742685724,5.900000000000017
10821,static,7,79.90032018568016,Low,Critical Thinking,Concept Review,4.214433885376461,0.5757759574201321,8.578677330604213
10823,static,7,41.806115662633,Medium,Advanced Topics,Practice Questions,2.1349421279257874,0.09968044795285502,1.4908727867731357
10824,static,7,40.73278688381306,Medium,Advanced Topics,Advanced Practice,1.6387966710754442,0.06219233366731312,0.9308367043454914
10827,static,7,81.32140021243522,Low,Application Skills,Advanced Practice,5.384536090324167,0.7418275371639604,11.123597887689714
10830,static,7,81.86754131541116,Low,Advanced Topics,Advanced Practice,4.368251352323686,0.5987998953765308,8.978803628073177
10838,static,7,64.78023766030671,Medium,Conceptual Understanding,Concept Review,3.1905202249142137,0.3140748109405552,4.684512924760069
10846,static,7,66.78710367741883,Medium,Conceptual Understanding,Practice Questions,3.555260669706923,0.43338627563727394,6.481951253009662
10850,static,7,48.82799024436446,Medium,Advanced Topics,Advanced Practice,2.3429621770380735,0.1287926308717829,1.928257208333292
10860,static,7,98.23811385268056,Low,Conceptual Understanding,Concept Review,6.034688430708864,1.1228744763019984,0.0
10866,static,7,104.12216413782772,Low,Conceptual Understanding,Concept Review,6.1325647464936806,1.1834010191308857,0.0
10867,static,7,81.55394644298815,Low,Critical Thinking,Concept Review,5.317100790845036,0.8890724232371984,13.235245783799996
10868,static,7,90.36424620877132,Low,Critical Thinking,Application Exercise,5.957077279903812,1.2522967857813794,15.899999999999999
10880,static,7,63.64141157746477,Medium,Advanced Topics,Advanced Practice,4.231395472864504,0.5002355728020418,7.498234641086251
10884,static,7,96.90105582409483,Low,Conceptual Understanding,Concept Review,5.380858459077593,0.878694186367371,0.0
10885,static,7,56.569693359112726,Medium,Advanced Topics,Advanced Practice,3.328599543112566,0.2434537705832531,3.6461712838557694
10893,static,7,63.031150830665474,Medium,Problem Solving,Practice Questions,3.7790393653222303,0.39199975336487497,5.862952832935521
10894,static,7,46.455472551683876,Medium,Advanced Topics,Advanced Practice,1.9243305988238586,0.060193061131210306,0.9008018657405301
10900,static,7,100.82344553155562,Low,Conceptual Understanding,Concept Review,6.485938974568487,1.3112622824885112,0.0
10902,static,7,85.24470226147906,Low,Application Skills,Critical Thinking Activity,4.961338078593926,0.6960757324267278,10.397464603626807
10903,static,7,44.67704237219054,Medium,Advanced Topics,Advanced Practice,1.5707215159984385,0.10259952942501799,1.5363947939556102
10915,static,7,74.24471174067722,Low,Advanced Topics,Advanced Practice,3.813601995820495,0.3175205021720145,4.756352201621574
10918,static,7,38.21390810924418,Medium,Advanced Topics,Application Exercise,1.8917151855780479,0.10616305621464005,1.5878300581667903
10925,static,7,73.99253072037857,Low,Application Skills,Application Exercise,2.717052478843144,0.25996758117571206,3.888210779323693
10937,static,7,74.35556799096335,Low,Advanced Topics,Application Exercise,4.930273991975931,0.730272183691475,10.922331790863801
10939,static,7,101.57599107909621,Low,Conceptual Understanding,Concept Review,5.80795881648581,1.0219103537606782,0.0
10942,static,7,56.03107261648201,Medium,Advanced Topics,Advanced Practice,3.5271061502325445,0.3447746261852312,5.1660010202980455
10943,static,7,57.692840109664466,Medium,Problem Solving,Application Exercise,2.623517398093341,0.23593291961053417,3.5287358411314673
10948,static,7,49.831575413515964,Medium,Advanced Topics,Advanced Practice,2.668984348513387,0.21608097285564384,3.2366832254374547
10949,static,7,92.05120895210861,Low,Conceptual Understanding,Concept Review,4.712820022042393,0.6926431586395705,0.7000000000000028
10960,static,7,68.0453364889926,Low,Conceptual Understanding,Concept Review,3.251940343931744,0.3418114495506656,5.097259730101233
10974,static,7,72.17840441898824,Low,Application Skills,Advanced Practice,4.326434172420765,0.5074907284249558,7.606855008023884
10975,static,7,59.28016990366417,Medium,Application Skills,Advanced Practice,3.7682662233931716,0.39521576150947585,5.922580962441332
10978,static,7,65.47592783534262,Medium,Advanced Topics,Advanced Practice,3.859615311533187,0.48380277930068505,7.25287824784205
10979,static,7,44.638462868783705,Medium,Advanced Topics,Advanced Practice,2.5058543781142673,0.16714048702022163,2.502938949904974
10986,static,7,74.98139208702466,Low,Advanced Topics,Practice Questions,3.4775910617235612,0.22635640220758663,3.3855044504091216
10987,static,7,93.50984478976042,Low,Conceptual Understanding,Critical Thinking Activity,6.133608004848716,1.1229409535277028,16.40000000000002
10990,static,7,56.31903037767513,Medium,Advanced Topics,Advanced Practice,3.2848862071645906,0.3505630560286051,5.253609044231287
10996,static,7,78.82145417287627,Low,Advanced Topics,Concept Review,4.125584657219199,0.5104998454843036,7.608851214280883
10999,static,7,88.93571442414157,Low,Critical Thinking,Critical Thinking Activity,5.557691100400407,1.035397852004596,15.459478273967303
10011,static,8,53.41128579260716,Medium,Advanced Topics,Advanced Practice,2.187802487709515,0.13126814926257088,2.3923449179008043
10024,static,8,98.12943381194418,Low,Conceptual Understanding,Concept Review,6.5539225628509135,1.1377609569109186,0.0
10026,static,8,90.33040610110116,Low,Conceptual Understanding,Critical Thinking Activity,5.540609989949255,0.8466052064642462,15.381741211567798
10031,static,8,78.74879300982226,Low,Advanced Topics,Critical Thinking Activity,3.2171352881316353,0.14412766090829726,2.6218007128631915
10040,static,8,82.51616060969033,Low,Application Skills,Critical Thinking Activity,4.155072386685089,0.4919605705835146,8.941758224114528
10045,static,8,90.50075165678349,Low,Conceptual Understanding,Concept Review,5.133588655626812,0.6673665252314857,12.09194009580101
10055,static,8,64.89010846506808,Medium,Advanced Topics,Advanced Practice,4.2256381717883436,0.5797575571693607,10.584605260632097
10056,static,8,96.49297271055661,Low,Conceptual Understanding,Concept Review,5.767919157307695,0.8294267748208466,0.0
10060,static,8,89.09913190023317,Low,Critical Thinking,Practice Questions,5.134315079112445,0.7116160699649847,12.95141247336272
10061,static,8,52.640530095581035,Medium,Advanced Topics,Advanced Practice,3.01313842648653,0.22236961587470594,4.053930994457298
10064,static,8,92.73117306754605,Low,Conceptual Understanding,Critical Thinking Activity,5.584399379315284,0.8410105465248819,5.599999999999991
10067,static,8,83.70140087506132,Low,Critical Thinking,Practice Questions,5.359086844259635,0.8135093829586126,14.805870769846747
10068,static,8,56.29079615448566,Medium,Critical Thinking,Critical Thinking Activity,3.1687027757031316,0.28518324981328186,5.185079498490977
10071,static,8,84.32894465508593,Low,Critical Thinking,Critical Thinking Activity,4.665159486948141,0.5224978625381919,9.497480623385556
10073,static,8,79.53539097741508,Low,Advanced Topics,Practice Questions,4.057411843560421,0.46822532674687267,8.521700946793084
10077,static,8,68.05019151894214,Medium,Advanced Topics,Advanced Practice,3.3934625731032098,0.3054116315792889,5.569891336466106
10079,static,8,53.07411683039024,Medium,Critical Thinking,Advanced Practice,3.3970154983937997,0.22692063529270579,4.136239403443984
10087,static,8,66.5583658833334,Medium,Problem Solving,Practice Questions,3.66276761403065,0.3567535656065854,6.492914894039854
10089,static,8,80.70167165428639,Low,Advanced Topics,Advanced Practice,3.366021521887081,0.24235354957586985,4.4180689410342975
10097,static,8,80.95854348535859,Low,Application Skills,Concept Review,5.839430095938683,0.9016080068129327,16.322469234235943
10102,static,8,55.574297527236055,Medium,Advanced Topics,Advanced Practice,4.0839855517817725,0.4402536424820751,8.032305553867312
10108,static,8,80.2556023649863,Low,Critical Thinking,Critical Thinking Activity,4.587374235218336,0.5321354112853269,9.672227729625632
10111,static,8,67.96637254505107,Low,Advanced Topics,Advanced Practice,3.031249027301964,0.19036243891456336,3.46955183910174
10121,static,8,100.72704168122517,Low,Conceptual Understanding,Concept Review,6.563404781438525,1.1669733701397698,0.0
10137,static,8,60.054805476792694,Medium,Advanced Topics,Advanced Practice,2.73500098825794,0.17449306305085657,3.1803885087267156
10138,static,8,58.87732427520575,Medium,Advanced Topics,Advanced Practice,3.4179861586980724,0.2413098228040839,4.398901711425903
10140,static,8,62.245444945864854,Medium,Advanced Topics,Advanced Practice,3.657434311408114,0.2999096135354653,5.468552670180104
10159,static,8,56.604598995191715,Medium,Advanced Topics,Advanced Practice,2.9019485332407595,0.24956757385870532,4.551030402440468
10169,static,8,76.23480658206624,Low,Critical Thinking,Critical Thinking Activity,3.1990127412435316,0.29750818493564846,5.408983578770072
10175,static,8,72.78034314810435,Low,Advanced Topics,Advanced Practice,4.323686641675303,0.3683781018707358,6.71749685467677
10185,static,8,86.13345185065585,Low,Advanced Topics,Advanced Practice,4.387254784979047,0.5027793983585988,9.17449204677486
10199,static,8,70.75345692385581,Low,Advanced Topics,Advanced Practice,3.5697797778905196,0.3476965503665367,6.342124183495147
10200,static,8,57.19186997535225,Medium,Advanced Topics,Advanced Practice,3.1830843048120157,0.30302962581810394,5.527104594481194
10209,static,8,59.17388010247976,Medium,Problem Solving,Critical Thinking Activity,3.5377547980927306,0.35448303076889165,6.444318688916037
10210,static,8,41.72847653537992,Medium,Problem Solving,Practice Questions,2.7927041323359623,0.21838946314867225,3.974688229305835
10211,static,8,66.77378730973281,Medium,Advanced Topics,Advanced Practice,3.6497304168198434,0.44818689518547683,8.179841017379307
10214,static,8,67.31514792055482,Low,Advanced Topics,Critical Thinking Activity,4.509583163946737,0.5970688109065481,10.850471482703453
10216,static,8,62.16804025318167,Medium,Problem Solving,Critical Thinking Activity,3.601125506683395,0.42421258468730394,7.710439007714202
10219,static,8,87.35481031677774,Low,Application Skills,Concept Review,3.0913786471183715,0.2726595966758404,4.947382353123793
10222,static,8,69.6033447064285,Low,Problem Solving,Critical Thinking Activity,4.4970561804159965,0.5342502742334204,9.710362111746852
10236,static,8,50.77044547954782,Medium,Problem Solving,Practice Questions,2.703005033342923,0.17515472616062144,3.18781601612331
10238,static,8,58.38894003205333,Medium,Conceptual Understanding,Critical Thinking Activity,2.4730912853025115,0.10782678003918951,1.9614843239793127
10245,static,8,66.03178034916397,Medium,Critical Thinking,Critical Thinking Activity,3.256470711590681,0.2513995389348006,4.571497013494559
10248,static,8,50.206456912268344,Medium,Problem Solving,Practice Questions,1.0213799780987074,0.021653255535692598,0.3940892507496052
10255,static,8,57.920058063929766,Medium,Application Skills,Application Exercise,1.6573524916554168,0.09612644451601417,1.7495012901914577
10257,static,8,61.58943956166436,Medium,Problem Solving,Advanced Practice,3.9156662918351155,0.3156027031219103,5.754517012773513
10260,static,8,67.97897583516327,Medium,Problem Solving,Advanced Practice,5.115058658168625,0.7099701417538052,12.962362776884623
10261,static,8,52.5418491378631,Medium,Advanced Topics,Advanced Practice,2.49772329359625,0.17134381794070275,3.1233303238245993
10262,static,8,74.95873135828971,Low,Critical Thinking,Advanced Practice,5.105275081179107,0.6299909450175019,11.498096649749185
10266,static,8,73.36840675012255,Low,Advanced Topics,Advanced Practice,4.3033307457517145,0.5026290311038002,9.17220802558909
10276,static,8,86.18588443186451,Low,Advanced Topics,Application Exercise,5.926190670049348,0.9327824114657673,16.976639888676964
10278,static,8,52.78116646565263,Medium,Advanced Topics,Advanced Practice,2.863074526807594,0.18495461443177055,3.3711268257674414
10281,static,8,57.57741213323346,Medium,Advanced Topics,Advanced Practice,3.516161467182452,0.3150480674595477,5.7455818030319765
10282,static,8,61.0702997200752,Medium,Problem Solving,Practice Questions,3.92019239028455,0.37947462337954446,6.906438145507709
10290,static,8,64.15206217880456,Medium,Advanced Topics,Advanced Practice,3.218549939337883,0.22980446566872487,4.189243778515421
10293,static,8,69.35105897280934,Low,Advanced Topics,Advanced Practice,3.7498389957513263,0.45673038968251156,8.33557802531582
10295,static,8,79.3950429949326,Low,Critical Thinking,Advanced Practice,4.066578198533456,0.4351238672430799,7.938569524503651
10297,static,8,72.61599533380084,Low,Advanced Topics,Advanced Practice,4.435064686122722,0.5605921763259121,10.232184756815098
10299,static,8,66.7544047426028,Low,Advanced Topics,Advanced Practice,3.0348348303858694,0.2470355551934098,4.5043853975397345
10300,static,8,108.39172082772454,Low,Conceptual Understanding,Concept Review,6.77545479032604,1.341540048484556,0.0
10308,static,8,63.72269544706367,Low,Critical Thinking,Critical Thinking Activity,3.0300971565392194,0.22543922844651798,4.099558973252028
10310,static,8,75.95753284714846,Low,Critical Thinking,Concept Review,4.299401988161941,0.4591761323356954,8.326388084404904
10311,static,8,72.74346328008383,Low,Application Skills,Application Exercise,3.824714366644172,0.35340360747792154,6.431945656098172
10313,static,8,70.8998194582845,Low,Conceptual Understanding,Application Exercise,5.3177985843025,0.7849070710430491,14.285308692983493
10315,static,8,42.99225598055189,Medium,Advanced Topics,Advanced Practice,1.2031460279795887,0.030319279905085636,0.5521273817520354
10319,static,8,66.92158420592673,Low,Problem Solving,Application Exercise,2.7404993901023795,0.2455487453531732,4.468987165427753
10320,static,8,92.33818009267809,Low,Conceptual Understanding,Concept Review,5.492377237501431,0.9402949830602451,5.799999999999995
10322,static,8,85.71924007515224,Low,Application Skills,Practice Questions,4.777003523377642,0.5923484368988277,10.780741551558663
10328,static,8,60.73523424302621,Medium,Advanced Topics,Advanced Practice,2.5343533817139576,0.13026576382009744,2.3736117747151226
10329,static,8,70.3218054844418,Low,Application Skills,Application Exercise,3.647671759154533,0.33704487054587884,6.134216643934995
10333,static,8,75.60902781838617,Low,Advanced Topics,Critical Thinking Activity,4.529304615737684,0.5072821169626207,9.220902939273424
10347,static,8,70.73016632385942,Low,Advanced Topics,Advanced Practice,4.065664599442113,0.43339984630052913,7.907043750654561
10352,static,8,30.359585380703038,High,Advanced Topics,Practice Questions,1.5551459137715469,0.05318599025098691,0.9679850225679617
10356,static,8,75.35324021216277,Low,Conceptual Understanding,Advanced Practice,4.1113623499750656,0.3922239681876213,7.15399614102103
10362,static,8,68.75204441121238,Low,Problem Solving,Practice Questions,2.4812221607546485,0.10967001950535547,1.9959943549974695
10364,static,8,53.792978374144354,Medium,Advanced Topics,Advanced Practice,3.374693826387925,0.2072062009402186,3.776426394431206
10366,static,8,74.51854355022141,Low,Application Skills,Concept Review,5.301001899114945,0.7739462772707819,14.015352369344168
10371,static,8,74.52236227932413,Low,Advanced Topics,Advanced Practice,3.63860344123072,0.3740484337585181,6.823632498718438
10372,static,8,51.67579188380121,Medium,Problem Solving,Practice Questions,1.9360303243190669,0.0460775217187938,0.838610895282047
10378,static,8,96.58232310713652,Low,Conceptual Understanding,Critical Thinking Activity,4.533201417088939,0.5521439326014329,10.035252812523343
10383,static,8,85.38511476482937,Low,Advanced Topics,Practice Questions,5.984780419808431,0.9013079312231498,8.299999999999997
10409,static,8,71.69458591609394,Low,Advanced Topics,Advanced Practice,2.639484213560886,0.1641759180834871,2.9922346015989048
10412,static,8,50.204159129390455,Medium,Advanced Topics,Advanced Practice,2.730889421794278,0.19280079317867604,3.5146175535776663
10426,static,8,51.53501337822661,Medium,Advanced Topics,Advanced Practice,2.0971424126696325,0.10821254849375304,1.9717824642528288
10430,static,8,63.50104685442801,Medium,Advanced Topics,Critical Thinking Activity,3.964939620816593,0.4337643945173353,7.8847967489650514
10433,static,8,81.60559565991962,Low,Application Skills,Critical Thinking Activity,5.800850137798761,0.9733826531226323,17.682142995234972
10437,static,8,68.25987385129936,Low,Application Skills,Application Exercise,3.5972101674442074,0.2827407191611147,5.145881088732288
10440,static,8,93.36922718392285,Low,Critical Thinking,Practice Questions,6.002423289673294,0.9543853030580538,9.7
10446,static,8,71.39498457664173,Low,Advanced Topics,Practice Questions,4.0271140144101185,0.3576077244796185,6.508460585529056
10452,static,8,81.00481196144398,Low,Critical Thinking,Application Exercise,5.340041059427659,0.6845932638186257,12.459597401498987
10463,static,8,61.94263333749909,Medium,Advanced Topics,Application Exercise,4.023055623298723,0.3982825067065736,7.248741622059639
10480,static,8,98.80390566931081,Low,Conceptual Understanding,Concept Review,5.805397495363804,1.0113002436923748,0.0
10487,static,8,49.01858860861749,Medium,Problem Solving,Practice Questions,3.06779054374536,0.25892152189210843,4.712371698436374
10494,static,8,63.04939058934616,Medium,Advanced Topics,Advanced Practice,4.2149395671244925,0.3953613313962774,7.210957459385982
10495,static,8,29.460438859674866,High,Advanced Topics,Advanced Practice,1.3847927779553162,0.05289908411789308,0.9636005789398266
10500,static,8,78.45884877951752,Low,Advanced Topics,Advanced Practice,3.9987067128308027,0.3550851560993753,6.47562656200771
10514,static,8,44.276671197410025,Medium,Advanced Topics,Advanced Practice,2.9464751864413516,0.14791305435935584,2.6950947502998184
10522,static,8,46.06387425247432,Medium,Advanced Topics,Practice Questions,0.7791724716905271,0.0,0.0
10523,static,8,73.74735821920198,Low,Application Skills,Application Exercise,3.8990945266919765,0.32752394024212605,5.960935712406694
10527,static,8,85.81735957342222,Low,Conceptual Understanding,Critical Thinking Activity,4.766705429911578,0.6606653725857448,12.005368056144492
10528,static,8,64.77655902354088,Medium,Advanced Topics,Application Exercise,4.2629859962548755,0.5516303879153809,10.039673060059933
10529,static,8,77.35666789886176,Low,Critical Thinking,Advanced Practice,4.557450810653471,0.4110820631209431,7.4970715471123395
10530,static,8,68.50699461982806,Low,Advanced Topics,Application Exercise,3.1289109876187076,0.21526907594816708,3.917897182256641
10535,static,8,69.8111544636002,Low,Application Skills,Practice Questions,5.05928472893088,0.7265132870744744,13.222541824755433
10543,static,8,78.89925573796535,Low,Advanced Topics,Advanced Practice,5.067060743935462,0.7164823891924744,13.082036224010945
10544,static,8,68.97863555343588,Low,Advanced Topics,Application Exercise,2.8471969117804394,0.194178829383426,3.534054694778353
10549,static,8,67.26126105843724,Medium,Advanced Topics,Advanced Practice,3.2078074385118422,0.20337499160165085,3.7067696777633374
10550,static,8,55.543752566742846,Medium,Advanced Topics,Advanced Practice,2.229695511199759,0.12263325311598677,2.234720644881712
10555,static,8,85.47459160690721,Low,Application Skills,Critical Thinking Activity,4.396481138091491,0.39392470997299756,7.162202313128002
10560,static,8,43.71699558106701,Medium,Critical Thinking,Critical Thinking Activity,1.9511698770483334,0.08468077266389767,1.5404371902046237
10571,static,8,60.906260622342174,Medium,Problem Solving,Advanced Practice,3.0736868389454544,0.2280675634497527,4.15784585946449
10579,static,8,61.20194297967988,Medium,Application Skills,Advanced Practice,3.091199729565094,0.21823870090729566,3.978332020490885
10584,static,8,71.6784991819575,Low,Problem Solving,Advanced Practice,3.640684184991237,0.285429640103313,5.2040980841392726
10585,static,8,81.27187032946102,Low,Critical Thinking,Advanced Practice,4.751940518513781,0.549324323940193,10.024051306167458
10590,static,8,85.65461547197755,Low,Problem Solving,Critical Thinking Activity,3.92823448548543,0.44467614375695075,8.08280060431943
10591,static,8,69.24766693382684,Medium,Critical Thinking,Advanced Practice,5.820255167267564,0.9708185619002297,17.736152311823318
10596,static,8,77.43305645413028,Low,Advanced Topics,Advanced Practice,5.415274021960981,0.8198724869248926,14.973218043114759
10600,static,8,36.38011387211825,Medium,Advanced Topics,Advanced Practice,1.1559144318174317,0.03930109068179269,0.7158334452529408
10602,static,8,37.11114343567932,Medium,Advanced Topics,Advanced Practice,0.5776147206328415,0.010628110859644282,0.193512612203097
10605,static,8,74.7374593048303,Low,Critical Thinking,Application Exercise,3.847363390660415,0.43782995385715523,7.968505160200225
10614,static,8,69.02058554757855,Low,Advanced Topics,Advanced Practice,2.8920055502078807,0.20475399295471797,3.7325326493919704
10618,static,8,80.28558202296355,Low,Conceptual Understanding,Application Exercise,2.638783398351885,0.22324107550056949,4.062987574110364
10622,static,8,57.416138315210134,Medium,Critical Thinking,Critical Thinking Activity,2.6938633458281425,0.21227643165125765,3.860005487261655
10627,static,8,90.98657816684255,Low,Conceptual Understanding,Concept Review,4.564894095782291,0.4957474988019568,0.0
10636,static,8,55.05821770462747,Medium,Advanced Topics,Advanced Practice,4.220747251786002,0.4305162196821723,7.853611082939151
10637,static,8,46.968701724244575,Medium,Advanced Topics,Advanced Practice,2.1142528273053323,0.10063843457973383,1.8336046428319126
10644,static,8,85.4799034842682,Low,Problem Solving,Advanced Practice,5.550620859007534,0.792628658666276,14.472829920850875
10645,static,8,55.52245336131277,Medium,Problem Solving,Practice Questions,1.2860898281446436,0.027007886391037513,0.49154353231688275
10650,static,8,63.43042020840257,Medium,Critical Thinking,Advanced Practice,2.23167977663957,0.10979864501066688,2.000574029189147
10651,static,8,77.40583284251666,Low,Application Skills,Application Exercise,3.434919804139411,0.3057078625684076,0.0
10653,static,8,85.07671518028066,Low,Conceptual Understanding,Concept Review,5.381195164843867,0.8114842308584553,0.0
10657,static,8,76.87470527294381,Low,Advanced Topics,Critical Thinking Activity,4.1088914786628745,0.4404731665126602,8.006944335150777
10661,static,8,50.085306539695566,Medium,Problem Solving,Practice Questions,2.53074432350459,0.13311715141634145,2.422732155777415
10663,static,8,90.52841628714974,Low,Critical Thinking,Critical Thinking Activity,4.531717669594453,0.621751664268359,11.298420401119353
10669,static,8,81.84799337060498,Low,Critical Thinking,Advanced Practice,4.60826645815082,0.5373238690203855,9.805290855056528
10671,static,8,63.071334784879824,Medium,Advanced Topics,Application Exercise,3.246279218207525,0.31813536338433746,5.790063613594941
10678,static,8,70.34122254500787,Low,Conceptual Understanding,Critical Thinking Activity,2.6917065781516354,0.22448832861784643,4.08185363427572
10679,static,8,45.22508932228612,Medium,Advanced Topics,Advanced Practice,1.903048396782331,0.09324937144233422,1.6990320904881455
10680,static,8,80.73093609362991,Low,Advanced Topics,Critical Thinking Activity,4.8319312478723,0.5682351147497825,10.32819914149245
10688,static,8,86.41381628345891,Low,Critical Thinking,Critical Thinking Activity,5.209668354633694,0.7293535696487171,13.253335976694128
10690,static,8,83.80158721852254,Low,Advanced Topics,Advanced Practice,4.794439079776032,0.6290304072666153,11.482606779602193
10693,static,8,71.21709601611187,Low,Application Skills,Critical Thinking Activity,4.79739376229201,0.6294180616127117,11.438505576880548
10698,static,8,74.92212946429011,Low,Advanced Topics,Application Exercise,3.5197636591774404,0.3505684604540731,6.3803459802641305
10714,static,8,58.20486885340738,Medium,Advanced Topics,Advanced Practice,2.1336470993436016,0.09516066063072465,1.7336827035702795
10715,static,8,51.35761832368979,Medium,Application Skills,Advanced Practice,2.98531859721444,0.2340489780216121,4.267299771937346
10717,static,8,100.66062487003987,Low,Conceptual Understanding,Concept Review,6.511328880250151,1.3022657760500302,0.0
10722,static,8,67.15526333276435,Medium,Application Skills,Advanced Practice,4.626458010387657,0.6532558710667372,11.927547885851165
10738,static,8,85.0831617792501,Low,Problem Solving,Critical Thinking Activity,5.003220173045603,0.6814385875688111,8.4
10741,static,8,35.5308348109769,Medium,Advanced Topics,Advanced Practice,1.6511119948161022,0.03071068310357951,0.5591710168184576
10742,static,8,68.22870540529944,Low,Critical Thinking,Advanced Practice,4.564299751284842,0.5851432281147168,10.680739942245488
10750,static,8,95.29874627909558,Low,Conceptual Understanding,Concept Review,5.382268563969849,0.6491015888147639,0.0
10754,static,8,63.331302283621355,Medium,Application Skills,Application Exercise,2.6259900764483315,0.20220123588652156,3.6800624931346926
10762,static,8,36.570011911395184,Medium,Advanced Topics,Advanced Practice,2.056030629358637,0.13240837253069623,2.4133671127243703
10765,static,8,53.04497856832268,Medium,Application Skills,Application Exercise,2.8325998057124857,0.20847934570043894,3.794324091747989
10768,static,8,53.85458179981565,Medium,Critical Thinking,Advanced Practice,4.377986413636507,0.5052196321336531,9.21918839583384
10788,static,8,86.76401842055762,Low,Problem Solving,Practice Questions,4.0695653159565035,0.4745113158405283,8.636105948297613
10801,static,8,76.35870087046028,Low,Conceptual Understanding,Practice Questions,3.800887180197734,0.3496816205781916,6.364205494523086
10803,static,8,99.48594853429978,Low,Conceptual Understanding,Concept Review,5.370773753310041,0.787355432235252,0.0
10811,static,8,73.32932141956366,Low,Advanced Topics,Practice Questions,3.8723800708500247,0.3508376344190122,6.385244946426021
10812,static,8,68.32930640481962,Low,Advanced Topics,Advanced Practice,4.524210448735475,0.4904244126429255,8.947779658735552
10817,static,8,88.37093469667575,Low,Conceptual Understanding,Advanced Practice,3.61811530283209,0.34516819989018144,5.900000000000017
10821,static,8,79.90709113161024,Low,Critical Thinking,Concept Review,4.216495691857215,0.5009196881926371,9.07959701879685
10823,static,8,41.809684231560645,Medium,Advanced Topics,Practice Questions,2.1349421279257874,0.08667865039378697,1.5775514371669228
10824,static,8,40.73380204294499,Medium,Advanced Topics,Advanced Practice,1.6386494277582644,0.05407543111602273,0.9849121354615141
10827,static,8,81.33350898781416,Low,Application Skills,Advanced Practice,5.382779778237026,0.6448570174327957,11.76845490512251
10830,static,8,81.8773154651519,Low,Advanced Topics,Advanced Practice,4.366833665002386,0.5205265728682845,9.499330200941461
10838,static,8,64.78393108226273,Medium,Conceptual Understanding,Concept Review,3.191644901053073,0.27320480353014304,4.957717728290212
10846,static,8,66.80261894474228,Medium,Conceptual Understanding,Practice Questions,3.555260669706923,0.3768576309889339,6.858808883998596
10850,static,8,48.83009251336845,Medium,Advanced Topics,Advanced Practice,2.3426572543397337,0.11197901675743926,2.040236225090731
10860,static,8,98.23811385268056,Low,Conceptual Understanding,Concept Review,6.034688430708864,0.9764125880886942,0.0
10866,static,8,104.12216413782772,Low,Conceptual Understanding,Concept Review,6.1325647464936806,1.0290443644616398,0.0
10867,static,8,81.56440165777802,Low,Critical Thinking,Concept Review,5.320284486274599,0.7735693643043268,14.008815148104324
10868,static,8,90.36424620877132,Low,Critical Thinking,Application Exercise,5.957077279903812,1.0889537267664169,15.899999999999999
10880,static,8,63.649576871800924,Medium,Advanced Topics,Advanced Practice,4.230211141279445,0.434865705323527,7.933100346409778
10884,static,8,96.90105582409483,Low,Conceptual Understanding,Concept Review,5.380858459077593,0.7640819011890182,0.0
10885,static,8,56.573667230228935,Medium,Advanced Topics,Advanced Practice,3.3280231546954284,0.21166227263862925,3.8578335564943984
10893,static,8,63.04518445680013,Medium,Problem Solving,Practice Questions,3.7790393653222303,0.3408693507520652,6.203822183687587
10894,static,8,46.456455076893704,Medium,Advanced Topics,Advanced Practice,1.9241880888797942,0.052337916017530406,0.9531397817580605
10900,static,8,100.82344553155562,Low,Conceptual Understanding,Concept Review,6.485938974568487,1.1402280717291402,0.0
10902,static,8,85.22683407907111,Low,Application Skills,Critical Thinking Activity,4.962153803157848,0.6053827639852574,11.002847367612064
10903,static,8,44.6787170938658,Medium,Advanced Topics,Advanced Practice,1.5704786067174576,0.0892031848615516,1.6255979788171617
10915,static,8,74.24989459551394,Low,Advanced Topics,Advanced Practice,3.8128502508825663,0.27605035816389784,5.0324025597854725
10918,static,8,38.21669186960325,Medium,Advanced Topics,Application Exercise,1.8917151855780479,0.09231570105620873,1.6801457592229991
10925,static,8,73.9993474744635,Low,Application Skills,Application Exercise,2.717052478843144,0.22605876623974963,4.114269545563443
10937,static,8,74.37471686279108,Low,Advanced Topics,Application Exercise,4.930273991975931,0.6350192901664999,11.557351081030301
10939,static,8,101.57599107909621,Low,Conceptual Understanding,Concept Review,5.80795881648581,0.8886176989223289,0.0
10942,static,8,56.03670033761081,Medium,Advanced Topics,Advanced Practice,3.5262898798557085,0.29973463978773524,5.465735660085781
10943,static,8,57.6990266375625,Medium,Problem Solving,Application Exercise,2.623517398093341,0.20515906053089927,3.7338949016623664
10948,static,8,49.83510248124112,Medium,Advanced Topics,Advanced Practice,2.6684727665008374,0.18786048276165898,3.4245437081991135
10949,static,8,92.05120895210861,Low,Conceptual Understanding,Concept Review,4.712820022042393,0.6022983988170179,0.7000000000000028
10960,static,8,68.04935608517992,Low,Conceptual Understanding,Concept Review,3.2531643426986214,0.297339220922654,5.394598951023887
10974,static,8,72.18668813849112,Low,Application Skills,Advanced Practice,4.325232663908622,0.44117373171867946,8.048028739742563
10975,static,8,59.286620970310494,Medium,Application Skills,Advanced Practice,3.7673305312218877,0.3435805444474362,6.266161506888768
10978,static,8,65.48382489886313,Medium,Advanced Topics,Advanced Practice,3.8584698853707584,0.4205732175054127,7.673451465347463
10979,static,8,44.64119108594019,Medium,Advanced Topics,Advanced Practice,2.505458665036904,0.14531660257214044,2.6482555524771145
10986,static,8,74.9894956664134,Low,Advanced Topics,Practice Questions,3.4775910617235612,0.1968316540935536,3.582336104502675
10987,static,8,93.49044182176068,Low,Conceptual Understanding,Critical Thinking Activity,6.134493795985665,0.9766114123209179,16.40000000000002
10990,static,8,56.324752582755075,Medium,Advanced Topics,Advanced Practice,3.284056232403932,0.3047604183670849,5.558369462598372
10996,static,8,78.82745749206066,Low,Advanced Topics,Concept Review,4.127412715296789,0.44410960816593453,8.052960822446817
10999,static,8,88.90913588272348,Low,Critical Thinking,Critical Thinking Activity,5.558904473345284,0.9005425246819361,16.360020798649238
10011,static,9,53.41342846924586,Medium,Advanced Topics,Advanced Practice,2.187491704103277,0.11812455202157696,2.510469469922381
10024,static,9,98.12943381194418,Low,Conceptual Understanding,Concept Review,6.5539225628509135,1.0239848612198268,0.0
10026,static,9,90.30867384475042,Low,Conceptual Understanding,Critical Thinking Activity,5.541602118579352,0.7620811233470324,16.14382233491483
10031,static,9,78.74509326967163,Low,Advanced Topics,Critical Thinking Activity,3.217304189973585,0.12972170493973492,2.7515224178029265
10040,static,9,82.50353203954602,Low,Application Skills,Critical Thinking Activity,4.155648910622372,0.44282594791592006,9.384584172030449
10045,static,9,90.50859967926456,Low,Conceptual Understanding,Concept Review,5.13597844041902,0.6009094775290253,12.692849573330037
10055,static,9,64.89957178866057,Medium,Advanced Topics,Advanced Practice,4.224265568111268,0.5216123123503793,11.106217572982477
10056,static,9,96.49297271055661,Low,Conceptual Understanding,Concept Review,5.767919157307695,0.7464840973387619,0.0
10060,static,9,89.1246078190101,Low,Critical Thinking,Practice Questions,5.134315079112445,0.6404544629684862,13.591866936331206
10061,static,9,52.64415981218608,Medium,Advanced Topics,Advanced Practice,3.0126119558115985,0.20009768610500636,4.254028680562304
10064,static,9,92.73117306754605,Low,Conceptual Understanding,Critical Thinking Activity,5.584399379315284,0.7569094918723936,5.599999999999991
10067,static,9,83.73052458353175,Low,Critical Thinking,Practice Questions,5.359086844259635,0.7321584446627513,15.538029214509498
10068,static,9,56.28347553391239,Medium,Critical Thinking,Critical Thinking Activity,3.1690369792549213,0.25669199531964865,5.441771493810626
10071,static,9,84.31553219623889,Low,Critical Thinking,Critical Thinking Activity,4.665771797248894,0.4703097971626885,9.967790420548244
10073,static,9,79.55215348587569,Low,Advanced Topics,Practice Questions,4.057411843560421,0.4214027940721854,8.943103740865268
10077,static,9,68.05517672191672,Medium,Advanced Topics,Advanced Practice,3.392739496494128,0.2748118992160244,5.84470323568213
10079,static,9,53.07782083282199,Medium,Critical Thinking,Advanced Practice,3.396478252963265,0.20419627256815148,4.340435676012135
10087,static,9,66.57113769280254,Medium,Problem Solving,Practice Questions,3.66276761403065,0.3210782090459268,6.813993103085781
10089,static,9,80.70562756660709,Low,Advanced Topics,Advanced Practice,3.3654477382956705,0.21808101344155942,4.636149954475857
10097,static,9,80.96914611470702,Low,Application Skills,Concept Review,5.842658680264915,0.8118958502096124,17.134365084445555
10102,static,9,55.58148374262912,Medium,Advanced Topics,Advanced Practice,4.082943230278509,0.396127152201621,8.428432706068932
10108,static,9,80.24194251139332,Low,Critical Thinking,Critical Thinking Activity,4.587997839671266,0.47898697446168015,10.151214704087312
10111,static,9,67.9694798117646,Low,Advanced Topics,Advanced Practice,3.030798335145562,0.17130072190242715,3.6408525610041673
10121,static,9,100.72704168122517,Low,Conceptual Understanding,Concept Review,6.563404781438525,1.0502760331257928,0.0
10137,static,9,60.057653709299316,Medium,Advanced Topics,Advanced Practice,2.7345878676060296,0.15702003535793824,3.3374085440846537
10138,static,9,58.88126315088059,Medium,Advanced Topics,Advanced Practice,3.417414846179591,0.21714253932625116,4.616044250752154
10140,static,9,62.25034033995896,Medium,Advanced Topics,Advanced Practice,3.6567242610892547,0.26986625046838697,5.738418920648491
10159,static,9,56.60867266129647,Medium,Advanced Topics,Advanced Practice,2.901357670102675,0.22456508366594702,4.775595486106416
10169,static,9,76.22716958185399,Low,Critical Thinking,Critical Thinking Activity,3.1993613882701615,0.2677865481982125,5.676770126968284
10175,static,9,72.78635614636418,Low,Advanced Topics,Advanced Practice,4.322814488943649,0.331473415012199,7.048970269688969
10185,static,9,86.14165866759762,Low,Advanced Topics,Advanced Practice,4.386064430765616,0.45237868538916565,9.626870732164026
10199,static,9,70.7591323392556,Low,Advanced Topics,Advanced Practice,3.568956589718778,0.31285473465474806,6.6549789181498955
10200,static,9,57.196816297089256,Medium,Advanced Topics,Advanced Practice,3.1823668677152206,0.2726651932258401,5.799769787707033
10209,static,9,59.16478056465759,Medium,Problem Solving,Critical Thinking Activity,3.5381702134020436,0.3190721898445963,6.763390878760633
10210,static,9,41.736294897639766,Medium,Problem Solving,Practice Questions,2.7927041323359623,0.196550516833805,4.1712387461396405
10211,static,9,66.78110301880224,Medium,Advanced Topics,Advanced Practice,3.6486693129623067,0.4032509324685941,8.583091949847901
10214,static,9,67.29982123420966,Low,Advanced Topics,Critical Thinking Activity,4.510282863236224,0.5374453059832285,11.387916788686681
10216,static,9,62.157150765889085,Medium,Problem Solving,Critical Thinking Activity,3.6016226373971,0.3818440320168405,8.092283039731042
10219,static,9,87.35801670871305,Low,Application Skills,Concept Review,3.092355018771653,0.2454711413900938,5.192853494513886
10222,static,9,69.5896305645517,Low,Problem Solving,Critical Thinking Activity,4.497682263256802,0.48089218758741725,10.191254299334268
10236,static,9,50.77671603436719,Medium,Problem Solving,Practice Questions,2.703005033342923,0.15763925354455927,3.345455269667869
10238,static,9,58.386172131256835,Medium,Conceptual Understanding,Critical Thinking Activity,2.4732176464856828,0.09704906044809818,2.058533384427411
10245,static,9,66.02532695248642,Medium,Application Skills,Critical Thinking Activity,3.2567653243313845,0.2262800547345446,4.797777068229104
10248,static,9,50.20723210074787,Medium,Problem Solving,Practice Questions,1.0213799780987074,0.019487929982123335,0.41357718073172856
10255,static,9,57.92257864872869,Medium,Application Skills,Application Exercise,1.6573524916554168,0.08651380006441274,1.8360150902558705
10257,static,9,61.5945911124624,Medium,Problem Solving,Advanced Practice,3.9149190873779367,0.28398823059839545,6.038505243371908
10260,static,9,67.99056460551967,Medium,Problem Solving,Advanced Practice,5.113377769985048,0.6387631510265322,13.601125927911156
10261,static,9,52.54464596556236,Medium,Advanced Topics,Advanced Practice,2.49731762893239,0.15418439041028573,3.277514714234885
10262,static,9,74.9690146363588,Low,Critical Thinking,Advanced Practice,5.103783547559645,0.5668262007919741,12.064922850541159
10266,static,9,73.37661111263493,Low,Advanced Topics,Advanced Practice,4.302140747539934,0.45224103538139776,9.624449060970488
10276,static,9,86.21034343665642,Low,Advanced Topics,Application Exercise,5.926190670049348,0.8395041703191906,17.816144058996155
10278,static,9,52.78418546099757,Medium,Advanced Topics,Advanced Practice,2.8626366379336643,0.1664336941294632,3.5375605198969047
10281,static,9,57.582554630770034,Medium,Advanced Topics,Advanced Practice,3.515415575851666,0.2834831120366783,6.029064915068655
10282,static,9,61.0838849454392,Medium,Problem Solving,Practice Questions,3.92019239028455,0.34152716104159,7.247965306549299
10290,static,9,64.155813253706,Medium,Advanced Topics,Advanced Practice,3.218005866301344,0.2067890569685244,4.396032835483946
10293,static,9,69.3585141364698,Low,Advanced Topics,Advanced Practice,3.748757664762954,0.410938815211315,8.746516840527136
10295,static,9,79.40214547752659,Low,Critical Thinking,Advanced Practice,4.065548022017815,0.39151227452031556,8.330081799023967
10297,static,9,72.62514582283264,Low,Advanced Topics,Advanced Practice,4.433737457399182,0.504381973153731,10.736566729968828
10299,static,9,66.75843707882461,Low,Advanced Topics,Advanced Practice,3.0342499619227787,0.22228915221046278,4.726674549750197
10300,static,9,108.39172082772454,Low,Conceptual Understanding,Concept Review,6.77545479032604,1.2073860436361004,0.0
10308,static,9,63.71690844851145,Low,Critical Thinking,Critical Thinking Activity,3.030361346637722,0.2029129957708619,4.30247196902289
10310,static,9,75.96293261545132,Low,Critical Thinking,Concept Review,4.301046260232106,0.41341656653351,8.739804650938414
10311,static,9,72.75273007202001,Low,Application Skills,Application Exercise,3.824714366644172,0.31806324673012937,6.750008902828301
10313,static,9,70.92040094178574,Low,Conceptual Understanding,Application Exercise,5.3177985843025,0.7064163639387442,14.991725056922238
10315,static,9,42.99275087907159,Medium,Advanced Topics,Advanced Practice,1.2030742456378682,0.02728572389106685,0.5794131056431022
10319,static,9,66.92802287572304,Low,Problem Solving,Application Exercise,2.7404993901023795,0.22099387081785588,4.689981036245609
10320,static,9,92.33818009267809,Low,Conceptual Understanding,Concept Review,5.492377237501431,0.8462654847542205,5.799999999999995
10322,static,9,85.74044620202739,Low,Application Skills,Practice Questions,4.777003523377642,0.5331135932089449,11.313855144767608
10328,static,9,60.73736055782937,Medium,Advanced Topics,Advanced Practice,2.5340449713030795,0.11722492037248046,2.4908366950876033
10329,static,9,70.33064332486678,Low,Application Skills,Application Exercise,3.647671759154533,0.30334038349129094,6.437557027426286
10333,static,9,75.59600594594338,Low,Advanced Topics,Critical Thinking Activity,4.529899094850181,0.4566138287608983,9.677516768034323
10347,static,9,70.73724066543505,Low,Advanced Topics,Advanced Practice,4.064638504628308,0.38996141813403973,8.297005168788601
10352,static,9,30.36148944389791,High,Advanced Topics,Practice Questions,1.5551459137715469,0.04786739122588821,1.0158524137938498
10356,static,9,75.35964244407124,Low,Conceptual Understanding,Advanced Practice,4.110433741017211,0.3529218410037377,7.506917982024768
10362,static,9,68.75597060769263,Low,Problem Solving,Practice Questions,2.4812221607546485,0.09870301755481992,2.0946973725522895
10364,static,9,53.7963605798709,Medium,Advanced Topics,Advanced Practice,3.3742032558213038,0.18645847191668521,3.9628848663478915
10366,static,9,74.5276449173915,Low,Application Skills,Concept Review,5.303773337257974,0.6969158165156978,14.712268185859866
10371,static,9,74.5284678338342,Low,Advanced Topics,Advanced Practice,3.6377178637177887,0.3365616567511698,7.160194155469608
10372,static,9,51.6774414631886,Medium,Problem Solving,Practice Questions,1.9360303243190669,0.04146976954691441,0.8800806648289614
10378,static,9,96.56814963714817,Low,Conceptual Understanding,Critical Thinking Activity,4.533848469338661,0.497000469208904,10.532253281732247
10383,static,9,85.38511476482937,Low,Advanced Topics,Practice Questions,5.984780419808431,0.8111771381008347,8.299999999999997
10409,static,9,71.69726574289345,Low,Advanced Topics,Advanced Practice,2.639095519241921,0.14773656716716274,3.1399711687660674
10412,static,9,50.20730619711242,Medium,Advanced Topics,Advanced Practice,2.7304329567178205,0.17349171006985029,3.6881092636475166
10426,static,9,51.53677972064078,Medium,Advanced Topics,Advanced Practice,2.0968862142982077,0.09737939579200876,2.0691618600448374
10430,static,9,63.48991217329743,Medium,Advanced Topics,Critical Thinking Activity,3.9654479452058498,0.390438004684968,8.27523475365002
10433,static,9,81.58060904138301,Low,Application Skills,Critical Thinking Activity,5.801990835718913,0.8762166560102703,18.558359651245244
10437,static,9,68.26728775246197,Low,Application Skills,Application Exercise,3.5972101674442074,0.25446664724500323,5.400347735977292
10440,static,9,93.36922718392285,Low,Critical Thinking,Practice Questions,6.002423289673294,0.8589467727522484,9.7
10446,static,9,71.4077869650747,Low,Advanced Topics,Practice Questions,4.0271140144101185,0.32184695203165664,6.830307537560713
10452,static,9,81.02276306098705,Low,Critical Thinking,Application Exercise,5.340041059427659,0.6161339374367631,13.07573133893575
10463,static,9,61.95307692393503,Medium,Advanced Topics,Application Exercise,4.023055623298723,0.3584542560359162,7.607195878095555
10480,static,9,98.80390566931081,Low,Conceptual Understanding,Concept Review,5.805397495363804,0.9101702193231371,0.0
10487,static,9,49.02785802219558,Medium,Problem Solving,Practice Questions,3.06779054374536,0.23302936970289756,4.9454010681392715
10494,static,9,63.05584403211493,Medium,Advanced Topics,Advanced Practice,4.214003530309557,0.35574617802873276,7.566703637414715
10495,static,9,29.461302326040354,High,Advanced Topics,Advanced Practice,1.3846675368498294,0.04760486991689713,1.0112054488567237
10500,static,9,78.46464479837661,Low,Advanced Topics,Advanced Practice,3.9978660317824755,0.3195094532600554,6.795136015267765
10514,static,9,44.27908556714035,Medium,Advanced Topics,Advanced Practice,2.9461249952281614,0.13310592728440834,2.8282006775842268
10522,static,9,46.06387425247432,Medium,Advanced Topics,Practice Questions,0.7791724716905271,0.0,0.0
10523,static,9,73.7559464060346,Low,Application Skills,Application Exercise,3.8990945266919765,0.2947715462179134,6.255707258624607
10527,static,9,85.80040037079806,Low,Conceptual Understanding,Critical Thinking Activity,4.767479657409888,0.5946954124653093,12.600063468609802
10528,static,9,64.79102362979367,Medium,Advanced Topics,Application Exercise,4.2629859962548755,0.49646734912384277,10.536140409183776
10529,static,9,77.36337794953427,Low,Critical Thinking,Advanced Practice,4.556477554256134,0.369894847854513,7.866966394966853
10530,static,9,68.51263930962435,Low,Advanced Topics,Application Exercise,3.1289109876187076,0.19374216835335034,4.111639350609991
10535,static,9,69.83716370407839,Low,Application Skills,Practice Questions,5.05928472893088,0.6538619583670269,13.876403783122461
10543,static,9,78.91095080707379,Low,Advanced Topics,Advanced Practice,5.065364437695373,0.6446182783411132,13.726654502352059
10544,static,9,68.98372722418351,Low,Advanced Topics,Application Exercise,2.8471969117804394,0.1747609464450834,3.708815641223436
10549,static,9,67.26458072772373,Medium,Advanced Topics,Advanced Practice,3.207325938516119,0.18301001805172976,3.889779695815067
10550,static,9,55.54575429685069,Medium,Advanced Topics,Advanced Practice,2.2294051711221226,0.11035555597054507,2.3450762008522568
10555,static,9,85.46447960580603,Low,Application Skills,Critical Thinking Activity,4.396942774731429,0.3545694653543424,7.516771778482345
10560,static,9,43.714821835565026,Medium,Critical Thinking,Critical Thinking Activity,1.9512691136444908,0.07621657157895381,1.6166537617835774
10571,static,9,60.9099833459655,Medium,Problem Solving,Advanced Practice,3.0731468781077877,0.20522474852003805,4.363070607984528
10579,static,9,61.205505267780396,Medium,Application Skills,Advanced Practice,3.090683039028436,0.1963820002998668,4.174714020790752
10584,static,9,71.6831582209192,Low,Problem Solving,Advanced Practice,3.640008416700324,0.25683899388237486,5.460937078021647
10585,static,9,81.28083689448529,Low,Critical Thinking,Advanced Practice,4.750639966968357,0.49425658216338786,10.518307888330845
10590,static,9,85.64320068752383,Low,Problem Solving,Critical Thinking Activity,3.9287555972503636,0.4002616202478671,8.483062224567298
10591,static,9,69.26351350639366,Medium,Critical Thinking,Advanced Practice,5.817956708004103,0.873391661005576,18.609543972828895
10596,static,9,77.44643914928001,Low,Advanced Topics,Advanced Practice,5.413332934731725,0.7376207456865448,15.710838788801304
10600,static,9,36.38075537982102,Medium,Advanced Topics,Advanced Practice,1.1558213846101708,0.03536813436907123,0.7512015796220121
10602,static,9,37.11131691725105,Medium,Advanced Topics,Advanced Practice,0.5775895580733099,0.00956488308169401,0.20307749528479102
10605,static,9,74.74893988680503,Low,Critical Thinking,Application Exercise,3.847363390660415,0.39404695847143967,8.362552118671665
10614,static,9,69.02392772616375,Low,Advanced Topics,Advanced Practice,2.8915207853606613,0.1842477044431813,3.9167803538351516
10618,static,9,80.29143575098018,Low,Conceptual Understanding,Application Exercise,2.638783398351885,0.2009169679505125,4.263904542060876
10622,static,9,57.41068920410777,Medium,Critical Thinking,Critical Thinking Activity,2.6941121105696397,0.19106643088159883,4.051071918143254
10627,static,9,90.98657816684255,Low,Conceptual Understanding,Concept Review,4.564894095782291,0.4461727489217611,0.0
10636,static,9,55.065244977059336,Medium,Advanced Topics,Advanced Practice,4.219727984095794,0.38737102893999387,8.240982111879145
10637,static,9,46.97034443516829,Medium,Advanced Topics,Advanced Practice,2.114014561009963,0.09056438379366683,1.9241690266255795
10644,static,9,85.4928414811824,Low,Problem Solving,Advanced Practice,5.548744272841494,0.7131246139455889,15.185954534796464
10645,static,9,55.52342024605453,Medium,Problem Solving,Practice Questions,1.2860898281446436,0.024307097751933758,0.5158506300688165
10650,static,9,63.43221244050874,Medium,Critical Thinking,Advanced Practice,2.231419823108968,0.0988072697672651,2.0993812989564122
10651,static,9,77.40583284251666,Low,Application Skills,Application Exercise,3.434919804139411,0.2751370763115668,0.0
10653,static,9,85.07671518028066,Low,Conceptual Understanding,Concept Review,5.381195164843867,0.7303358077726098,0.0
10657,static,9,76.86339837842299,Low,Advanced Topics,Critical Thinking Activity,4.109407664998548,0.3964756515190599,8.403419986669837
10661,static,9,50.09007214558957,Medium,Problem Solving,Practice Questions,2.53074432350459,0.11980543627470729,2.5425375920521223
10663,static,9,90.51245599485387,Low,Critical Thinking,Critical Thinking Activity,4.532446294486222,0.5596664684431586,11.858086869562511
10669,static,9,81.85676405342511,Low,Critical Thinking,Advanced Practice,4.606994318254967,0.4834579837576762,10.288748838814204
10671,static,9,63.07967678863315,Medium,Advanced Topics,Application Exercise,3.246279218207525,0.2863218270459037,6.076385440640845
10678,static,9,70.33545995594271,Low,Conceptual Understanding,Critical Thinking Activity,2.691969653899627,0.20205924222170604,4.283912876497426
10679,static,9,45.22661142228437,Medium,Advanced Topics,Advanced Practice,1.9028276244464746,0.08391469823808952,1.7829467887262351
10680,static,9,80.71634956488316,Low,Advanced Topics,Critical Thinking Activity,4.832597157226112,0.5114820831208117,10.500000000000002
10688,static,9,86.39509386287267,Low,Critical Thinking,Critical Thinking Activity,5.21052307718015,0.6565259077246988,13.909861884418827
10690,static,9,83.8118548178317,Low,Advanced Topics,Advanced Practice,4.792949820275522,0.5659515147781337,12.048558294380326
10693,static,9,71.20093892829536,Low,Application Skills,Critical Thinking Activity,4.798131371362281,0.5665633523304581,12.005068929211006
10698,static,9,74.93132191426423,Low,Advanced Topics,Application Exercise,3.5197636591774404,0.31551161440866576,6.6958575946727965
10714,static,9,58.20642215118451,Medium,Advanced Topics,Advanced Practice,2.1334218019394036,0.08563555112984765,1.8193182547001272
10715,static,9,51.36143868133432,Medium,Application Skills,Advanced Practice,2.984764475092399,0.21060498136251965,4.477904753299866
10717,static,9,100.66062487003987,Low,Conceptual Understanding,Concept Review,6.511328880250151,1.1720391984450271,0.0
10722,static,9,67.16592636185322,Medium,Application Skills,Advanced Practice,4.624911395945794,0.5877337401967915,12.515281626047956
10738,static,9,85.0831617792501,Low,Problem Solving,Critical Thinking Activity,5.003220173045603,0.6132947288119299,8.4
10741,static,9,35.53133609833118,Medium,Advanced Topics,Advanced Practice,1.651039285808635,0.027638397644436548,0.5868094144628941
10742,static,9,68.23825663865055,Low,Critical Thinking,Advanced Practice,4.562914396774851,0.5264690630998823,11.20720900534537
10750,static,9,95.29874627909558,Low,Conceptual Understanding,Concept Review,5.382268563969849,0.5841914299332874,0.0
10754,static,9,63.33660431433793,Medium,Application Skills,Application Exercise,2.6259900764483315,0.1819811122978694,3.8620436054325618
10762,static,9,36.57217319978223,Medium,Advanced Topics,Advanced Practice,2.0557171462194113,0.11914936579487707,2.5325164785192475
10765,static,9,53.05044522083759,Medium,Application Skills,Application Exercise,2.8325998057124857,0.18763141113039503,3.981955502878384
10768,static,9,53.862828448444944,Medium,Critical Thinking,Advanced Practice,4.376790282053189,0.45457343869404426,9.673761834527884
10788,static,9,86.78100596798846,Low,Problem Solving,Practice Questions,4.0695653159565035,0.4270601842564754,9.06316613255409
10801,static,9,76.37121950366662,Low,Conceptual Understanding,Practice Questions,3.800887180197734,0.31471345852037236,6.678918953043458
10803,static,9,99.48594853429978,Low,Conceptual Understanding,Concept Review,5.370773753310041,0.7086198890117267,0.0
10811,static,9,73.34188143816861,Low,Advanced Topics,Practice Questions,3.8723800708500247,0.31575387097711094,6.700998817403132
10812,static,9,68.33731155258717,Low,Advanced Topics,Advanced Practice,4.523049345540188,0.44126869415090075,9.389048352886453
10817,static,9,88.37093469667575,Low,Conceptual Understanding,Advanced Practice,3.61811530283209,0.31065137990116326,5.900000000000017
10821,static,9,79.91298179112869,Low,Critical Thinking,Concept Review,4.21828944417727,0.4510195073714336,9.530616526168284
10823,static,9,41.812787334975994,Medium,Advanced Topics,Practice Questions,2.1349421279257874,0.07801078535440827,1.6555622225213311
10824,static,9,40.73468471070279,Medium,Advanced Topics,Advanced Practice,1.6385214015951357,0.04866408562737553,1.0335762210888897
10827,static,9,81.34403492327007,Low,Application Skills,Advanced Practice,5.381253048481854,0.5802067036873134,12.348661608809824
10830,static,9,81.88581196741671,Low,Critical Thinking,Advanced Practice,4.365601293506579,0.46834170676738573,9.967671907708848
10838,static,9,64.78714388566083,Medium,Conceptual Understanding,Concept Review,3.192623225047385,0.24595969325765055,5.203677421547862
10846,static,9,66.81611048154528,Medium,Conceptual Understanding,Practice Questions,3.555260669706923,0.33917186789004045,7.197980751888636
10850,static,9,48.8319203354607,Medium,Advanced Topics,Advanced Practice,2.342392138674995,0.10076970980579827,2.1410059348965294
10860,static,9,98.23811385268056,Low,Conceptual Understanding,Concept Review,6.034688430708864,0.8787713292798247,0.0
10866,static,9,104.12216413782772,Low,Conceptual Understanding,Concept Review,6.1325647464936806,0.9261399280154757,0.0
10867,static,9,81.57349859256902,Low,Application Skills,Concept Review,5.3230545747232085,0.696574921648279,14.200000000000008
10868,static,9,90.36424620877132,Low,Critical Thinking,Application Exercise,5.957077279903812,0.9800583540897752,15.899999999999999
10880,static,9,63.65667514044418,Medium,Advanced Topics,Advanced Practice,4.229181575974466,0.3912838794091576,8.324384225818935
10884,static,9,96.90105582409483,Low,Conceptual Understanding,Concept Review,5.380858459077593,0.6876737110701163,0.0
10885,static,9,56.57712217196023,Medium,Advanced Topics,Advanced Practice,3.3275220341664604,0.1904673612356882,4.048300917730087
10893,static,9,63.05738760996069,Medium,Problem Solving,Practice Questions,3.7790393653222303,0.30678241567685866,6.510604599364445
10894,static,9,46.45730938336941,Medium,Advanced Topics,Advanced Practice,1.9240641763665587,0.04710109103745336,1.0002408727955139
10900,static,9,100.82344553155562,Low,Conceptual Understanding,Concept Review,6.485938974568487,1.026205264556226,0.0
10902,static,9,85.21129397452557,Low,Application Skills,Critical Thinking Activity,4.962863245490272,0.5449223843548318,11.547769751966896
10903,static,9,44.68017314837235,Medium,Advanced Topics,Advanced Practice,1.5702674139213766,0.08027207019966076,1.7058700490168226
10915,static,9,74.25440053741123,Low,Advanced Topics,Advanced Practice,3.8121966884891343,0.24840273622195203,5.280805296007425
10918,static,9,38.219112530785054,Medium,Advanced Topics,Application Exercise,1.8917151855780479,0.08308413095058785,1.763229890173587
10925,static,9,74.00527508671128,Low,Application Skills,Application Exercise,2.717052478843144,0.20345288961577465,4.317722435179217
10937,static,9,74.39136805568474,Low,Advanced Topics,Application Exercise,4.930273991975931,0.57151736114985,12.128868442180151
10939,static,9,101.57599107909621,Low,Conceptual Understanding,Concept Review,5.80795881648581,0.799755929030096,0.0
10942,static,9,56.04159287562625,Medium,Advanced Topics,Advanced Practice,3.5255802437955452,0.2697068886503592,5.73544254873614
10943,static,9,57.70440622703904,Medium,Problem Solving,Application Exercise,2.623517398093341,0.18464315447780935,3.918538056140176
10948,static,9,49.838168908779025,Medium,Advanced Topics,Advanced Practice,2.6680279978449963,0.16904625394345899,3.5935899621425724
10949,static,9,92.05120895210861,Low,Conceptual Understanding,Concept Review,4.712820022042393,0.5420685589353159,0.7000000000000028
10960,static,9,68.05285270180973,Low,Conceptual Understanding,Concept Review,3.25422909006221,0.2676928849485174,5.662291835972405
10974,static,9,72.19388937240714,Low,Application Skills,Advanced Practice,4.324188164050194,0.39696047345980784,8.444989213202371
10975,static,9,59.29222920056464,Medium,Application Skills,Advanced Practice,3.766517087890536,0.3091557225740552,6.575317229462823
10978,static,9,65.49068987268255,Medium,Advanced Topics,Advanced Practice,3.8574741582125895,0.3784182149206551,8.051869680268117
10979,static,9,44.64356307405229,Medium,Advanced Topics,Advanced Practice,2.5051146210471984,0.13076698321866373,2.7790225356957783
10986,static,9,74.99654225718625,Low,Advanced Topics,Practice Questions,3.4775910617235612,0.17714848868419822,3.7594845931868734
10987,static,9,93.49044182176068,Low,Conceptual Understanding,Critical Thinking Activity,6.134493795985665,0.878950271088826,16.40000000000002
10990,static,9,56.32972715604269,Medium,Advanced Topics,Advanced Practice,3.2833346975732,0.27422411394131363,5.8325935765396855
10996,static,9,78.83268008273186,Low,Advanced Topics,Concept Review,4.129003035379595,0.39985265394615993,8.452813476392977
10999,static,9,88.88601906174046,Low,Critical Thinking,Critical Thinking Activity,5.559959810608196,0.8106421403866749,17.170662939035914
10011,static,10,53.415356604284675,Medium,Advanced Topics,Advanced Practice,2.187212038590594,0.10498617785234851,2.6154556477747297
10024,static,10,98.12943381194418,Low,Conceptual Understanding,Concept Review,6.5539225628509135,0.9102087655287349,0.0
10026,static,10,90.28911131169937,Low,Conceptual Understanding,Critical Thinking Activity,5.542495194236289,0.6775146125434439,16.821336947458274
10031,static,10,78.74176332872102,Low,Advanced Topics,Critical Thinking Activity,3.217456209612058,0.11531363055249613,2.8668360483554225
10040,static,10,82.49216474940252,Low,Application Skills,Critical Thinking Activity,4.156167854160308,0.39367221914606443,9.778256391176512
10045,static,10,90.51566618756313,Low,Conceptual Understanding,Concept Review,5.138130247973937,0.5343655457892894,13.227215119119325
10055,static,10,64.90808601334044,Medium,Advanced Topics,Advanced Practice,4.223030626075436,0.46351984151803977,11.569737414500516
10056,static,10,96.49297271055661,Low,Conceptual Understanding,Concept Review,5.767919157307695,0.6635414198566773,0.0
10060,static,10,89.14753614590933,Low,Critical Thinking,Practice Questions,5.134315079112445,0.5692928559719878,14.161159792303193
10061,static,10,52.647425986348544,Medium,Advanced Topics,Advanced Practice,3.0121382149930005,0.17783664021318676,4.431865320775491
10064,static,10,92.73117306754605,Low,Conceptual Understanding,Critical Thinking Activity,5.584399379315284,0.6728084372199055,5.599999999999991
10067,static,10,83.75673592115511,Low,Critical Thinking,Practice Questions,5.359086844259635,0.65080750636689,15.999999999999991
10068,static,10,56.2768862805002,Medium,Critical Thinking,Critical Thinking Activity,3.1693377941751804,0.228192321180613,5.669963814991239
10071,static,10,84.30345939890884,Low,Critical Thinking,Critical Thinking Activity,4.666322948849684,0.4181025362169318,10.385892956765176
10073,static,10,79.56723974349026,Low,Advanced Topics,Practice Questions,4.057411843560421,0.3745802613974981,9.317684002262766
10077,static,10,68.05966244857468,Medium,Advanced Topics,Advanced Practice,3.392088866211343,0.24423039836721672,6.088933634049346
10079,static,10,53.0811539077941,Medium,Critical Thinking,Advanced Practice,3.39599480854567,0.18148196256868057,4.521917638580816
10087,static,10,66.58263232132475,Medium,Problem Solving,Practice Questions,3.66276761403065,0.2854028524852683,7.099395955571049
10089,static,10,80.70918728079114,Low,Advanced Topics,Advanced Practice,3.364931421091611,0.1938200498548768,4.829970004330734
10097,static,10,80.97869375703523,Low,Application Skills,Concept Review,5.84556601271617,0.7220443138907013,17.856409398336258
10102,static,10,55.587949685812944,Medium,Advanced Topics,Advanced Practice,4.0820053803462795,0.3520321440010632,8.780464850069995
10108,static,10,80.22964697193976,Low,Critical Thinking,Critical Thinking Activity,4.588559159974022,0.4258182900455892,10.577032994132901
10111,static,10,67.9722759360116,Low,Advanced Topics,Advanced Practice,3.030392772513628,0.15224693289108468,3.793099493895252
10121,static,10,100.72704168122517,Low,Conceptual Understanding,Concept Review,6.563404781438525,0.9335786961118159,0.0
10137,static,10,60.06021673135349,Medium,Advanced Topics,Advanced Practice,2.7342161151808275,0.13955439051882945,3.476962934603483
10138,static,10,58.88480754644719,Medium,Advanced Topics,Advanced Practice,3.416900750857774,0.19298655440844706,4.809030805160601
10140,static,10,62.25474533929582,Medium,Advanced Topics,Advanced Practice,3.6560853398658386,0.23983919829519898,5.97825811894369
10159,static,10,56.612338214298795,Medium,Advanced Topics,Advanced Practice,2.9008260015530016,0.19957682890684653,4.975172315013262
10169,static,10,76.22029553257069,Low,Critical Thinking,Critical Thinking Activity,3.199675204791952,0.23805583523652124,5.914825962204805
10175,static,10,72.79176675317693,Low,Advanced Topics,Advanced Practice,4.322029709818872,0.2945895450212543,7.343559814710223
10185,static,10,86.14904279883186,Low,Advanced Topics,Advanced Practice,4.384993402644779,0.40201619515447334,10.0288869273185
10199,static,10,70.76423903524406,Low,Advanced Topics,Advanced Practice,3.5682158912080517,0.27803538224293145,6.933014300392827
10200,static,10,57.201266983283844,Medium,Advanced Topics,Advanced Practice,3.1817213198612873,0.24231989572063564,6.042089683427669
10209,static,10,59.156590018968586,Medium,Problem Solving,Critical Thinking Activity,3.538544131081968,0.28364969754753055,7.047040576308164
10210,static,10,41.743331423673624,Medium,Problem Solving,Practice Questions,2.7927041323359623,0.1747115705189378,4.345950316658579
10211,static,10,66.78768524272624,Medium,Advanced Topics,Advanced Practice,3.6477145971404155,0.35835148202307443,8.941443431870976
10214,static,10,67.28602507624258,Low,Advanced Topics,Critical Thinking Activity,4.510912690304503,0.477795872157053,11.865712660843734
10216,static,10,62.14734887437409,Medium,Problem Solving,Critical Thinking Activity,3.6020701168048603,0.33945908780769,8.431742127538731
10219,static,10,87.3609033728822,Low,Application Skills,Concept Review,3.093234030796442,0.21825859321299695,5.411112087726883
10222,static,10,69.57728611850067,Low,Problem Solving,Critical Thinking Activity,4.498245816260791,0.4275132823774256,10.618767581711694
10236,static,10,50.78235953370462,Medium,Problem Solving,Practice Questions,2.703005033342923,0.14012378092849714,3.485579050596366
10238,static,10,58.383680893258116,Medium,Conceptual Understanding,Critical Thinking Activity,2.473331377361254,0.08626979844236055,2.1448031828697713
10245,static,10,66.01951837002201,Medium,Application Skills,Critical Thinking Activity,3.2570304997862576,0.20115420366679929,4.998931271895904
10248,static,10,50.20792977037945,Medium,Problem Solving,Practice Questions,1.0213799780987074,0.017322604428554076,0.43089978516028266
10255,static,10,57.924847175047724,Medium,Application Skills,Application Exercise,1.6573524916554168,0.07690115561281133,1.912916245868682
10257,static,10,61.59922662344346,Medium,Problem Solving,Advanced Practice,3.914246731692797,0.2523906292595515,6.290895872631459
10260,static,10,68.00099107141453,Medium,Problem Solving,Advanced Practice,5.111865467749334,0.5676215415388861,14.168747469450041
10261,static,10,52.54716270167268,Medium,Advanced Topics,Advanced Practice,2.4969525900318916,0.1370327581409502,3.414547472375835
10262,static,10,74.97826688273742,Low,Critical Thinking,Advanced Practice,5.102441559485753,0.5037130307524335,12.568635881293591
10266,static,10,73.3839929970221,Low,Advanced Topics,Advanced Practice,4.301070045312058,0.40189198503395873,10.026341046004447
10276,static,10,86.23235654096912,Low,Advanced Topics,Application Exercise,5.926190670049348,0.7462259291726139,18.56236998816877
10278,static,10,52.786902141245655,Medium,Advanced Topics,Advanced Practice,2.8622425982221915,0.14792069747612283,3.6854812173730274
10281,static,10,57.58718189675223,Medium,Advanced Topics,Advanced Practice,3.5147444160588206,0.2519368797430962,6.2810017948117505
10282,static,10,61.096111648266806,Medium,Problem Solving,Practice Questions,3.92019239028455,0.30357969870363555,7.551545005252934
10290,static,10,64.15918865043396,Medium,Advanced Topics,Advanced Practice,3.2175162833429787,0.18378453010455098,4.579817365588497
10293,static,10,69.36522184892127,Low,Advanced Topics,Advanced Practice,3.7477847475118775,0.36518414579755737,9.111700986324694
10295,static,10,79.40853609253178,Low,Critical Thinking,Advanced Practice,4.064621098028673,0.34793156599125447,8.678013365015222
10297,static,10,72.63337879843968,Low,Advanced Topics,Advanced Practice,4.4325433090134645,0.44821877940744154,11.18478550937627
10299,static,10,66.76206548202946,Low,Advanced Topics,Advanced Practice,3.0337236817494118,0.1975560861555217,4.924230635905719
10300,static,10,108.39172082772454,Low,Conceptual Understanding,Concept Review,6.77545479032604,1.0732320387876448,0.0
10308,static,10,63.71169969570988,Low,Critical Thinking,Critical Thinking Activity,3.0305991384573163,0.18038126072097949,4.48285322974387
10310,static,10,75.96779426551247,Low,Critical Thinking,Concept Review,4.302526671050142,0.36760787877452417,9.107412529712938
10311,static,10,72.76107018476257,Low,Advanced Topics,Application Exercise,3.824714366644172,0.28272288598233725,7.032731788810638
10313,static,10,70.93892427693687,Low,Conceptual Understanding,Application Exercise,5.3177985843025,0.6279256568344392,15.619650713756677
10315,static,10,42.99319626116527,Medium,Advanced Topics,Advanced Practice,1.2030096453847428,0.024252674450956416,0.6036657800940587
10319,static,10,66.93381767853973,Low,Problem Solving,Application Exercise,2.7404993901023795,0.19643899628253855,4.8864200325281475
10320,static,10,92.33818009267809,Low,Conceptual Understanding,Concept Review,5.492377237501431,0.752235986448196,5.799999999999995
10322,static,10,85.75953171621504,Low,Application Skills,Practice Questions,4.777003523377642,0.4738787495190621,11.78773389428667
10328,static,10,60.73927400827235,Medium,Advanced Topics,Advanced Practice,2.533767435711247,0.1041885169564465,2.59502521204405
10329,static,10,70.33859738124927,Low,Application Skills,Application Exercise,3.647671759154533,0.2696358964367031,6.707192923862989
10333,static,10,75.58428472251579,Low,Advanced Topics,Critical Thinking Activity,4.530434196275206,0.4059269039862586,10.083443672020582
10347,static,10,70.74360596596931,Low,Advanced Topics,Advanced Practice,4.063715252365652,0.3465536367217428,8.643558805510343
10352,static,10,30.363203100773305,High,Advanced Topics,Practice Questions,1.5551459137715469,0.042548792200789526,1.0584012059946393
10356,static,10,75.36540315135822,Low,Conceptual Understanding,Advanced Practice,4.109598181720585,0.3136445332289151,7.820562515253683
10362,static,10,68.75950418452484,Low,Problem Solving,Practice Questions,2.4812221607546485,0.08773601560428437,2.182433388156574
10364,static,10,53.79940412252849,Medium,Advanced Topics,Advanced Practice,3.373761806493029,0.16571917993493757,4.128604046282829
10366,static,10,74.53584043033474,Low,Application Skills,Concept Review,5.306268935638759,0.619772211682607,15.332040397542473
10371,static,10,74.53396149549891,Low,Advanced Topics,Advanced Practice,3.636921037937932,0.29910038616001555,7.459294541629623
10372,static,10,51.678926084637254,Medium,Problem Solving,Practice Questions,1.9360303243190669,0.036862017375035035,0.9169426822039964
10378,static,10,96.55539169339727,Low,Conceptual Understanding,Critical Thinking Activity,4.534430899485451,0.4418349468458624,10.97408822857811
10383,static,10,85.38511476482937,Low,Advanced Topics,Practice Questions,5.984780419808431,0.7210463449785197,8.299999999999997
10409,static,10,71.69967723184129,Low,Advanced Topics,Advanced Practice,2.638745745870579,0.13130398831452003,3.2712751570805874
10412,static,10,50.21013808463627,Medium,Advanced Topics,Advanced Practice,2.7300222068168676,0.15419165424101666,3.842300917888533
10426,static,10,51.538369234606094,Medium,Advanced Topics,Advanced Practice,2.0966556639326583,0.08654994580714014,2.1557118058519773
10430,static,10,63.479889675512034,Medium,Advanced Topics,Critical Thinking Activity,3.9659054958088564,0.3470960489931912,8.62233080264321
10433,static,10,81.55811666259558,Low,Application Skills,Critical Thinking Activity,5.8030176657265224,0.7789970914471285,19.33735674269237
10437,static,10,68.27396026350831,Low,Application Skills,Application Exercise,3.5972101674442074,0.22619257532889175,5.626540311306183
10440,static,10,93.36922718392285,Low,Critical Thinking,Practice Questions,6.002423289673294,0.763508242446443,9.7
10446,static,10,71.4193091146644,Low,Advanced Topics,Practice Questions,4.0271140144101185,0.2860861795836948,7.116393717144407
10452,static,10,81.0389190505758,Low,Critical Thinking,Application Exercise,5.340041059427659,0.5476746110549006,13.62340594999065
10463,static,10,61.96247615172738,Medium,Advanced Topics,Application Exercise,4.023055623298723,0.31862600536525887,7.925821883460814
10480,static,10,98.80390566931081,Low,Conceptual Understanding,Concept Review,5.805397495363804,0.8090401949538998,0.0
10487,static,10,49.036200494415866,Medium,Problem Solving,Practice Questions,3.06779054374536,0.20713721751368674,5.152538285652958
10494,static,10,63.06165084076769,Medium,Advanced Topics,Advanced Practice,4.2131612842602735,0.31615562277089093,7.882859260185606
10495,static,10,29.46207937548634,High,Advanced Topics,Advanced Practice,1.3845548300490527,0.04231199560629905,1.0535174444630226
10500,static,10,78.4698601186595,Low,Advanced Topics,Advanced Practice,3.9971095779079517,0.2839546644145809,7.079090679682346
10514,static,10,44.28125824164263,Medium,Advanced Topics,Advanced Practice,2.945809860594776,0.11830372400148621,2.946504401585713
10522,static,10,46.06387425247432,Medium,Advanced Topics,Practice Questions,0.7791724716905271,0.0,0.0
10523,static,10,73.76367577418395,Low,Application Skills,Application Exercise,3.8990945266919765,0.2620191521937008,6.517726410818308
10527,static,10,85.78513460931252,Low,Conceptual Understanding,Critical Thinking Activity,4.7681765753362,0.528695418673278,13.12875888728308
10528,static,10,64.80404177542118,Medium,Advanced Topics,Application Exercise,4.2629859962548755,0.4413043103323047,10.97744471951608
10529,static,10,77.3694157054844,Low,Critical Thinking,Advanced Practice,4.555601810555999,0.3287322266497209,8.195698621616573
10530,static,10,68.51771953044101,Low,Advanced Topics,Application Exercise,3.1289109876187076,0.17221526075853366,4.2838546113685245
10535,static,10,69.86057202050877,Low,Application Skills,Practice Questions,5.05928472893088,0.5812106296595795,14.457614412782041
10543,static,10,78.92147284561582,Low,Advanced Topics,Advanced Practice,5.063838273166391,0.5728213854605823,14.29947588781264
10544,static,10,68.98830972785639,Low,Advanced Topics,Application Exercise,2.8471969117804394,0.1553430635067408,3.864158704730177
10549,static,10,67.2675679816199,Medium,Advanced Topics,Advanced Practice,3.2068926535668965,0.162653595388913,4.052433291203981
10550,static,10,55.547555619357766,Medium,Advanced Topics,Advanced Practice,2.2291438990782524,0.09808233155944311,2.4431585324117
10555,static,10,85.45537784921821,Low,Application Skills,Critical Thinking Activity,4.3973582913326155,0.3152026423227218,7.831974420805066
10560,static,10,43.712865365112116,Medium,Critical Thinking,Critical Thinking Activity,1.9513584311234928,0.06775116472860768,1.6844049265121852
10571,static,10,60.91333320864588,Medium,Problem Solving,Advanced Practice,3.0726609987243076,0.1823931568842749,4.545463764868803
10579,static,10,61.20871079118167,Medium,Application Skills,Advanced Practice,3.090218095273258,0.1745355180210336,4.349249538811786
10584,static,10,71.68735057767285,Low,Problem Solving,Advanced Practice,3.639400338128411,0.22826318920741392,5.689200267229062
10585,static,10,81.28890459436585,Low,Critical Thinking,Advanced Practice,4.749469790928896,0.4392309662651043,10.95753885459595
10590,static,10,85.63292601867917,Low,Problem Solving,Critical Thinking Activity,3.929224660055488,0.3558305852146251,8.838892809781923
10591,static,10,69.27776978957421,Medium,Critical Thinking,Advanced Practice,5.8158889115767884,0.7760722163608067,19.3856161891897
10596,static,10,77.45847925762985,Low,Advanced Topics,Advanced Practice,5.411586582424116,0.6554513668632089,16.36629015566451
10600,static,10,36.38133269027822,Medium,Advanced Topics,Advanced Practice,1.1557376488646236,0.031436064049117765,0.7826376436711299
10602,static,10,37.11147304386399,Medium,Advanced Topics,Advanced Practice,0.5775669127562693,0.008501784955772284,0.2115792802405633
10605,static,10,74.7592724105823,Low,Critical Thinking,Application Exercise,3.847363390660415,0.35026396308572416,8.71281608175739
10614,static,10,69.0269351826889,Low,Advanced Topics,Advanced Practice,2.8910845701298564,0.16375103005215508,4.0805313838873065
10618,static,10,80.29670410619515,Low,Conceptual Understanding,Application Exercise,2.638783398351885,0.17859286040045558,4.442497402461332
10622,static,10,57.40578455123741,Medium,Critical Thinking,Critical Thinking Activity,2.6943360195119435,0.16985094267003292,4.220922860813287
10627,static,10,90.98657816684255,Low,Conceptual Understanding,Concept Review,4.564894095782291,0.39659799904156545,0.0
10636,static,10,55.07156799493444,Medium,Advanced Topics,Advanced Practice,4.218810864703144,0.34425496655977655,8.585237078438922
10637,static,10,46.971822708386455,Medium,Advanced Topics,Advanced Practice,2.1138001455104667,0.08049350954103858,2.004662536166618
10644,static,10,85.50448174166728,Low,Problem Solving,Advanced Practice,5.547055916294503,0.6336956678774841,15.819650202673948
10645,static,10,55.5242904423221,Medium,Problem Solving,Practice Questions,1.2860898281446436,0.02160630911283001,0.5374569391816465
10650,static,10,63.433825261515615,Medium,Critical Thinking,Advanced Practice,2.2311858921836576,0.08781947671634877,2.187200775672761
10651,static,10,77.40583284251666,Low,Application Skills,Application Exercise,3.434919804139411,0.24456629005472608,0.0
10653,static,10,85.07671518028066,Low,Conceptual Understanding,Concept Review,5.381195164843867,0.6491873846867643,0.0
10657,static,10,76.85322089495152,Low,Advanced Topics,Critical Thinking Activity,4.109872291062745,0.352462647681541,8.755882634351378
10661,static,10,50.09436119089418,Medium,Problem Solving,Practice Questions,2.53074432350459,0.10649372113307315,2.6490313131851955
10663,static,10,90.49808942225278,Low,Critical Thinking,Critical Thinking Activity,4.533102162324512,0.49755329333673837,12.355640162899249
10669,static,10,81.86465548888307,Low,Critical Thinking,Advanced Practice,4.605849708412436,0.429633660800712,10.718382499614917
10671,static,10,63.087184592011155,Medium,Advanced Topics,Application Exercise,3.246279218207525,0.25450829070746994,6.330893731348315
10678,static,10,70.33027311889462,Low,Conceptual Understanding,Critical Thinking Activity,2.6922064452135164,0.17962401402464584,4.463536890522072
10679,static,10,45.22798115336208,Medium,Advanced Topics,Advanced Practice,1.9026289523947904,0.07458305493387578,1.8575298436601109
10680,static,10,80.71193945699596,Low,Advanced Topics,Critical Thinking Activity,4.832798489026459,0.45466968184760925,10.500000000000002
10688,static,10,86.37824091982597,Low,Critical Thinking,Critical Thinking Activity,5.21129245367876,0.5836647548120211,14.493526639230849
10690,static,10,83.82109278679954,Low,Advanced Topics,Advanced Practice,4.791609903062501,0.50292737542544,12.551485669805766
10693,static,10,71.18639531349383,Low,Application Skills,Critical Thinking Activity,4.798795321593532,0.503681556954457,12.508750486165464
10698,static,10,74.93959511924093,Low,Advanced Topics,Application Exercise,3.5197636591774404,0.2804547683632585,6.976312363036055
10714,static,10,58.20781997156881,Medium,Advanced Topics,Advanced Practice,2.1332190556863955,0.0761132559068906,1.8954315106070179
10715,static,10,51.364876365007746,Medium,Application Skills,Advanced Practice,2.984265857750971,0.18717315459814088,4.665077907898007
10717,static,10,100.66062487003987,Low,Conceptual Understanding,Concept Review,6.511328880250151,1.0418126208400242,0.0
10722,static,10,67.17551987986937,Medium,Application Skills,Advanced Practice,4.623519908274854,0.5222728088387275,13.037554434886683
10738,static,10,85.0831617792501,Low,Problem Solving,Critical Thinking Activity,5.003220173045603,0.5451508700550489,8.4
10741,static,10,35.531787237082625,Medium,Advanced Topics,Advanced Practice,1.650973850583572,0.024566490896683557,0.6113759053595778
10742,static,10,68.24685013957854,Low,Critical Thinking,Advanced Practice,4.561667956149902,0.46784466558273397,11.675053670928103
10750,static,10,95.29874627909558,Low,Conceptual Understanding,Concept Review,5.382268563969849,0.5192812710518111,0.0
10754,static,10,63.341376141982856,Medium,Application Skills,Application Exercise,2.6259900764483315,0.16176098870921723,4.023804594141779
10762,static,10,36.57411806275195,Medium,Advanced Topics,Advanced Practice,2.055435054411226,0.10589601400326636,2.638412492522514
10765,static,10,53.05536520810101,Medium,Application Skills,Application Exercise,2.8325998057124857,0.16678347656035114,4.148738979438735
10768,static,10,53.87024840441397,Medium,Critical Thinking,Advanced Practice,4.3757140577491915,0.4039659218114054,10.07772775633929
10788,static,10,86.79629476067623,Low,Problem Solving,Practice Questions,4.0695653159565035,0.3796090526724226,9.442775185226512
10801,static,10,76.38248627355233,Low,Conceptual Understanding,Practice Questions,3.800887180197734,0.27974529646255325,6.958664249506011
10803,static,10,99.48594853429978,Low,Conceptual Understanding,Concept Review,5.370773753310041,0.6298843457882015,0.0
10811,static,10,73.35318545491307,Low,Advanced Topics,Practice Questions,3.8723800708500247,0.28067010753520977,6.981668924938342
10812,static,10,68.3445143365653,Low,Advanced Topics,Advanced Practice,4.522004620853671,0.39214824072043036,9.781196593606884
10817,static,10,88.37093469667575,Low,Conceptual Understanding,Advanced Practice,3.61811530283209,0.27613455991214514,5.900000000000017
10821,static,10,79.91828564006241,Low,Critical Thinking,Concept Review,4.219904508042409,0.40105972444435056,9.931676250612634
10823,static,10,41.81558012804981,Medium,Advanced Topics,Practice Questions,2.1349421279257874,0.06934292031502957,1.7249051428363606
10824,static,10,40.735479049618995,Medium,Advanced Topics,Advanced Practice,1.638406187050629,0.04325392333813661,1.0768301444270263
10827,static,10,81.35350557823544,Low,Application Skills,Advanced Practice,5.379879381428969,0.5156076399161524,12.864269248725977
10830,static,10,81.89345666142404,Low,Critical Thinking,Advanced Practice,4.364492472171027,0.41619800214622915,10.383869909855077
10838,static,10,64.79003629504778,Medium,Conceptual Understanding,Concept Review,3.193503986536342,0.2186911529980087,5.422368574545871
10846,static,10,66.82825286466797,Medium,Conceptual Understanding,Practice Questions,3.555260669706923,0.30148610479114707,7.499466856679783
10850,static,10,48.83356518917657,Medium,Advanced Topics,Advanced Practice,2.342153561579264,0.08956395219479106,2.2305698870913204
10860,static,10,98.23811385268056,Low,Conceptual Understanding,Concept Review,6.034688430708864,0.7811300704709554,0.0
10866,static,10,104.12216413782772,Low,Conceptual Understanding,Concept Review,6.1325647464936806,0.8232354915693119,0.0
10867,static,10,81.57574686688154,Low,Application Skills,Concept Review,5.323739191997655,0.6192573428131672,14.200000000000008
10868,static,10,90.36424620877132,Low,Critical Thinking,Application Exercise,5.957077279903812,0.8711629814131335,15.899999999999999
10880,static,10,63.66306202737921,Medium,Advanced Topics,Advanced Practice,4.2282551927216465,0.34773170704942824,8.672115932868364
10884,static,10,96.90105582409483,Low,Conceptual Understanding,Concept Review,5.380858459077593,0.6112655209512146,0.0
10885,static,10,56.580231151310116,Medium,Advanced Topics,Advanced Practice,3.327071093601457,0.16928137724244213,4.217582294972529
10893,static,10,63.0683704478052,Medium,Problem Solving,Practice Questions,3.7790393653222303,0.27269548060165216,6.783300079966097
10894,static,10,46.458078209684025,Medium,Advanced Topics,Advanced Practice,1.9239526622863146,0.04186520993135021,1.042106082726864
10900,static,10,100.82344553155562,Low,Conceptual Understanding,Concept Review,6.485938974568487,0.912182457383312,0.0
10902,static,10,85.1973058808337,Low,Application Skills,Critical Thinking Activity,4.963501834875941,0.4844377790838918,12.032207531050789
10903,static,10,44.68148342120337,Medium,Advanced Topics,Advanced Practice,1.5700773659653646,0.07134431550946617,1.7772143645262888
10915,static,10,74.25845518998982,Low,Advanced Topics,Advanced Practice,3.81160858315973,0.22076836913661158,5.501573665144036
10918,static,10,38.22129112584867,Medium,Advanced Topics,Application Exercise,1.8917151855780479,0.07385256084496698,1.837082451018554
10925,static,10,74.01060993773427,Low,Application Skills,Application Exercise,2.717052478843144,0.1808470129917997,4.498569448171017
10937,static,10,74.40635412928903,Low,Advanced Topics,Application Exercise,4.930273991975931,0.5080154321332,12.636883874313352
10939,static,10,101.57599107909621,Low,Conceptual Understanding,Concept Review,5.80795881648581,0.7108941591378631,0.0
10942,static,10,56.04599527371638,Medium,Advanced Topics,Advanced Practice,3.5249416998688363,0.23969603559108088,5.975138584327221
10943,static,10,57.70924785756793,Medium,Problem Solving,Application Exercise,2.623517398093341,0.16412724842471943,4.0826653045648955
10948,static,10,49.84092823357503,Medium,Advanced Topics,Advanced Practice,2.6676277727735176,0.15024079616260452,3.743830758305177
10949,static,10,92.05120895210861,Low,Conceptual Understanding,Concept Review,4.712820022042393,0.48183871905361425,0.7000000000000028
10960,static,10,68.05600068676203,Low,Conceptual Understanding,Concept Review,3.2551876763281458,0.23801932289311403,5.900311158865519
10974,static,10,72.20036891780904,Low,Application Skills,Advanced Practice,4.323248341190126,0.3527770646411143,8.797766277843484
10975,static,10,59.297275517955434,Medium,Application Skills,Advanced Practice,3.7657851469673926,0.274751684322741,6.850068913785564
10978,static,10,65.49686675468573,Medium,Advanced Topics,Advanced Practice,3.8565782350342723,0.3362936220949886,8.388163302363106
10979,static,10,44.64569757020867,Medium,Advanced Topics,Advanced Practice,2.5048050239754804,0.11622295311246228,2.8952454888082406
10986,static,10,75.0028841888818,Low,Advanced Topics,Practice Questions,3.4775910617235612,0.15746532327484286,3.916949916461716
10987,static,10,93.49044182176068,Low,Conceptual Understanding,Critical Thinking Activity,6.134493795985665,0.7812891298567343,16.40000000000002
10990,static,10,56.334203288341435,Medium,Advanced Topics,Advanced Practice,3.2826854589000964,0.24370656846874317,6.076300145008428
10996,static,10,78.83738222540555,Low,Advanced Topics,Concept Review,4.130434874939112,0.35554783403475876,8.808361310427737
10999,static,10,88.86520997307777,Low,Critical Thinking,Critical Thinking Activity,5.560909794461473,0.720693909362207,17.89135684839812
