student_id,strategy,round,predicted_final_grade,predicted_risk,predicted_weakest_topic,predicted_recommendation,effective_activity,predicted_learning_gain,completion_rate,diminishing_factor,simulated_gain,cumulative_simulated_gain,conceptual_understanding,problem_solving,application_skills,critical_thinking,advanced_topics
10011,static,1,53.3743784666664,Medium,Advanced Topics,Advanced Practice,Advanced Practice,2.19315569483619,30.0,1.0,0.6579467084508569,0.6579467084508569,56.2,55.5,63.5,59.4,38.05794670845086
10024,static,1,98.12943381194418,Low,Application Skills,Application Exercise,Application Exercise,6.5539225628509135,86.8,1.0,5.688804784554593,5.688804784554593,100.0,100.0,93.8888047845546,94.6,100.0
10026,static,1,90.70352133751113,Low,Critical Thinking,Critical Thinking Activity,Critical Thinking Activity,5.523576401609715,76.4,1.0,4.220012370829822,4.220012370829822,88.2,87.3,100.0,85.92001237082982,100.0
10031,static,1,78.81239458645713,Low,Critical Thinking,Critical Thinking Activity,Critical Thinking Activity,3.214231726528073,22.4,1.0,0.7199879067422883,0.7199879067422883,95.7,100.0,93.6,82.21998790674229,96.2
10040,static,1,82.73306592437103,Low,Critical Thinking,Critical Thinking Activity,Critical Thinking Activity,4.145170148774682,59.2,1.0,2.453940728074612,2.453940728074612,95.6,100.0,77.4,67.05394072807461,93.8
10045,static,1,90.3664022298515,Low,Conceptual Understanding,Concept Review,Concept Review,5.092678194666949,65.0,1.0,3.3102408265335166,3.3102408265335166,84.71024082653352,100.0,99.8,100.0,92.2
10055,static,1,64.72680035439225,Medium,Advanced Topics,Advanced Practice,Advanced Practice,4.249325126061785,68.6,1.0,2.915037036478384,2.915037036478384,72.1,58.6,57.6,57.4,41.615037036478384
10056,static,1,96.49297271055661,Low,Conceptual Understanding,Concept Review,Concept Review,5.767919157307695,71.9,1.0,0.0,0.0,100.0,100.0,96.1,98.2,100.0
10060,static,1,88.66094609727008,Low,Conceptual Understanding,Concept Review,Concept Review,5.134315079112445,69.3,1.0,3.5580803498249236,3.5580803498249236,88.95808034982493,85.0,99.7,83.9,85.6
10061,static,1,52.577987909210904,Medium,Advanced Topics,Advanced Practice,Advanced Practice,3.02220983085573,36.9,1.0,1.1151954275857645,1.1151954275857645,56.1,42.0,48.8,62.1,34.515195427585766
10064,static,1,92.8749244107163,Low,Problem Solving,Practice Questions,Practice Questions,5.577836792307641,75.3,1.0,4.200111104607654,4.200111104607654,100.0,96.80011110460765,100.0,94.4,100.0
10067,static,1,83.20047308937028,Low,Problem Solving,Practice Questions,Practice Questions,5.359086844259635,75.9,1.0,4.067546914793063,4.067546914793063,100.0,88.06754691479307,97.3,88.1,94.9
10068,static,1,56.41657591647535,Medium,Critical Thinking,Critical Thinking Activity,Critical Thinking Activity,3.1629606336566365,45.0,1.0,1.4233322851454864,1.4233322851454864,59.4,53.7,68.2,44.32333228514548,63.9
10071,static,1,84.55933140987193,Low,Critical Thinking,Critical Thinking Activity,Critical Thinking Activity,4.654641789580255,56.0,1.0,2.6065994021649432,2.6065994021649432,78.0,92.0,90.1,77.20659940216494,89.8
10073,static,1,79.24707583189239,Low,Problem Solving,Practice Questions,Practice Questions,4.057411843560421,57.7,1.0,2.3411266337343632,2.3411266337343632,95.0,86.64112663373436,92.1,96.6,85.8
10077,static,1,67.9642599525877,Medium,Advanced Topics,Advanced Practice,Advanced Practice,3.4059264799750713,45.0,1.0,1.532666915988782,1.532666915988782,77.4,71.9,67.3,71.5,61.132666915988786
10079,static,1,53.01030541806505,Medium,Critical Thinking,Critical Thinking Activity,Critical Thinking Activity,3.406270997092641,33.4,1.0,1.137694513028942,1.137694513028942,65.5,60.3,61.1,48.43769451302894,54.3
10087,static,1,66.33869076046417,Medium,Problem Solving,Practice Questions,Practice Questions,3.66276761403065,48.7,1.0,1.7837678280329268,1.7837678280329268,62.0,49.18376782803293,76.5,66.2,56.2
10089,static,1,80.63351187699533,Low,Advanced Topics,Advanced Practice,Advanced Practice,3.3759077273014975,36.0,1.0,1.2153267818285391,1.2153267818285391,84.1,98.0,94.7,92.9,78.51532678182853
10097,static,1,80.77719896025182,Low,Conceptual Understanding,Concept Review,Concept Review,5.784209256638638,77.2,1.0,4.465409546125029,4.465409546125029,82.86540954612504,92.2,80.2,87.7,83.5
10102,static,1,55.450373236677194,Medium,Advanced Topics,Advanced Practice,Advanced Practice,4.101960096901968,53.9,1.0,2.210956492230161,2.210956492230161,63.5,55.6,61.4,60.0,43.11095649223016
10108,static,1,80.49022746274728,Low,Critical Thinking,Critical Thinking Activity,Critical Thinking Activity,4.576663047522443,58.0,1.0,2.6544645675630165,2.6544645675630165,88.3,92.9,87.7,85.45446456756301,93.4
10111,static,1,67.91284667025866,Low,Critical Thinking,Critical Thinking Activity,Critical Thinking Activity,3.0390126646584132,31.4,1.0,0.9542499767027418,0.9542499767027418,92.2,82.6,83.5,64.65424997670274,66.1
10121,static,1,100.72704168122517,Low,Conceptual Understanding,Concept Review,Concept Review,6.563404781438525,88.9,1.0,0.0,0.0,100.0,100.0,100.0,100.0,100.0
10137,static,1,60.005740551401324,Medium,Advanced Topics,Advanced Practice,Advanced Practice,2.742117589138114,31.9,1.0,0.8747355109350584,0.8747355109350584,74.3,65.1,84.3,62.8,53.27473551093506
10138,static,1,58.80946032600671,Medium,Advanced Topics,Advanced Practice,Advanced Practice,3.427829455854843,35.3,1.0,1.2100237979167596,1.2100237979167596,75.4,49.5,56.3,48.6,45.01002379791676
10140,static,1,62.1610777113645,Medium,Advanced Topics,Advanced Practice,Advanced Practice,3.669671320442855,41.0,1.0,1.5045652413815704,1.5045652413815704,70.5,70.0,81.7,67.3,57.10456524138157
10159,static,1,56.53438665528425,Medium,Advanced Topics,Advanced Practice,Advanced Practice,2.9121324517120284,43.0,1.0,1.2522169542361723,1.2522169542361723,63.9,58.2,63.6,65.4,53.152216954236174
10169,static,1,76.36601755589577,Low,Critical Thinking,Critical Thinking Activity,Critical Thinking Activity,3.1930226515989837,46.5,1.0,1.4847555329935276,1.4847555329935276,83.5,87.0,90.0,82.78475553299353,93.1
10175,static,1,72.67670712897551,Low,Advanced Topics,Advanced Practice,Advanced Practice,4.338718483241698,42.6,1.0,1.8482940738609634,1.8482940738609634,100.0,90.7,67.6,77.0,65.34829407386097
10185,static,1,85.99190436778449,Low,Advanced Topics,Advanced Practice,Advanced Practice,4.4077854784052315,57.3,1.0,2.5256610791261975,2.5256610791261975,100.0,92.0,96.2,100.0,92.32566107912619
10199,static,1,70.65561049176965,Low,Advanced Topics,Advanced Practice,Advanced Practice,3.583971871308616,48.7,1.0,1.7453943013272961,1.7453943013272961,64.6,80.2,77.4,81.0,65.04539430132729
10200,static,1,57.1065979313944,Medium,Advanced Topics,Advanced Practice,Advanced Practice,3.1954525515431405,47.6,1.0,1.521035414534535,1.521035414534535,64.5,63.0,90.8,69.1,44.02103541453454
10209,static,1,59.33020546954131,Medium,Problem Solving,Practice Questions,Practice Questions,3.53061817731258,50.1,1.0,1.7688397068336026,1.7688397068336026,72.8,51.968839706833606,64.9,56.9,65.5
10210,static,1,41.594000704510634,Medium,Problem Solving,Practice Questions,Practice Questions,2.7927041323359623,39.1,1.0,1.0919473157433612,1.0919473157433612,61.6,25.691947315743363,48.6,58.3,33.6
10211,static,1,66.64758430649695,Medium,Advanced Topics,Advanced Practice,Advanced Practice,3.668035476834609,61.4,1.0,2.25217378277645,2.25217378277645,82.9,72.0,74.5,67.5,57.05217378277645
10214,static,1,67.57835156450771,Low,Critical Thinking,Critical Thinking Activity,Critical Thinking Activity,4.497567298382796,66.2,1.0,2.977389551529411,2.977389551529411,73.8,73.1,84.2,70.27738955152941,71.0
10216,static,1,62.35507683085179,Medium,Critical Thinking,Critical Thinking Activity,Critical Thinking Activity,3.592586846887233,58.9,1.0,2.11603365281658,2.11603365281658,75.0,73.8,79.9,77.41603365281658,79.3
10219,static,1,87.29983703313479,Low,Application Skills,Application Exercise,Application Exercise,3.0746388483289873,44.1,1.0,1.3559157321130835,1.3559157321130835,88.5,93.1,84.55591573211309,100.0,99.1
10222,static,1,69.83889442102189,Low,Critical Thinking,Critical Thinking Activity,Critical Thinking Activity,4.486302781786434,59.4,1.0,2.6648638523811417,2.6648638523811417,83.3,67.4,77.5,66.36486385238115,72.2
10236,static,1,50.66259193665459,Medium,Problem Solving,Practice Questions,Practice Questions,2.703005033342923,32.4,1.0,0.8757736308031071,0.8757736308031071,79.4,46.17577363080311,45.2,59.7,48.4
10238,static,1,58.43652320378887,Medium,Critical Thinking,Critical Thinking Activity,Critical Thinking Activity,2.4709190015677827,21.8,1.0,0.5386603423417766,0.5386603423417766,51.7,60.5,67.2,53.73866034234178,72.0
10245,static,1,66.14267674462725,Medium,Critical Thinking,Critical Thinking Activity,Critical Thinking Activity,3.2514080302409845,38.6,1.0,1.25504349967302,1.25504349967302,93.4,69.4,69.4,63.455043499673025,88.1
10248,static,1,50.193123670420476,Medium,Problem Solving,Practice Questions,Practice Questions,1.0213799780987074,10.6,1.0,0.10826627767846297,0.10826627767846297,85.5,45.20826627767846,71.2,61.4,59.9
10255,static,1,57.87670400538825,Medium,Application Skills,Application Exercise,Application Exercise,1.6573524916554168,29.0,1.0,0.4806322225800708,0.4806322225800708,88.7,100.0,61.08063222258007,80.3,71.7
10257,static,1,61.50066071701194,Medium,Advanced Topics,Practice Questions,Practice Questions,3.928543180956106,40.3,1.0,1.5832029019253107,1.5832029019253107,59.7,63.58320290192531,73.1,63.2,62.4
10260,static,1,67.77898127734417,Medium,Advanced Topics,Advanced Practice,Advanced Practice,5.144066782299104,69.4,1.0,3.5699823469155785,3.5699823469155785,69.2,65.2,79.7,72.7,65.16998234691557
10261,static,1,52.493664162608596,Medium,Problem Solving,Advanced Practice,Advanced Practice,2.504712262489449,34.3,1.0,0.8591163060338809,0.8591163060338809,58.4,50.2,65.5,59.8,48.25911630603388
10262,static,1,74.78133237512972,Low,Advanced Topics,Advanced Practice,Advanced Practice,5.131005839956956,61.7,1.0,3.1658306032534416,3.1658306032534416,93.8,82.0,77.2,72.6,72.06583060325345
10266,static,1,73.22689409466712,Low,Advanced Topics,Advanced Practice,Advanced Practice,4.3238563876504195,58.4,1.0,2.5251321303878447,2.5251321303878447,90.8,81.3,88.4,88.4,64.32513213038784
10276,static,1,85.76518954944379,Low,Application Skills,Application Exercise,Application Exercise,5.926190670049348,78.7,1.0,4.663912057328837,4.663912057328837,100.0,100.0,77.66391205732884,92.0,82.4
10278,static,1,52.729158900965665,Medium,Advanced Topics,Advanced Practice,Advanced Practice,2.870617941531548,32.3,1.0,0.9272095951146899,0.9272095951146899,63.4,66.3,47.3,45.6,27.92720959511469
10281,static,1,57.48877008383867,Medium,Advanced Topics,Advanced Practice,Advanced Practice,3.5290185148944695,44.8,1.0,1.5810002946727222,1.5810002946727222,54.5,58.3,67.8,61.4,51.28100029467272
10282,static,1,60.83663384381433,Medium,Problem Solving,Practice Questions,Practice Questions,3.92019239028455,48.4,1.0,1.8973731168977221,1.8973731168977221,69.2,49.297373116897724,78.0,63.3,62.4
10290,static,1,64.08743265393005,Medium,Advanced Topics,Advanced Practice,Advanced Practice,3.227924100817563,35.7,1.0,1.15236890399187,1.15236890399187,77.2,64.7,90.0,75.1,57.15236890399187
10293,static,1,69.22245334483635,Low,Advanced Topics,Advanced Practice,Advanced Practice,3.768492543431824,60.9,1.0,2.295011958949981,2.295011958949981,79.0,80.4,85.2,66.1,56.79501195894998
10295,static,1,79.27256501524063,Low,Critical Thinking,Critical Thinking Activity,Critical Thinking Activity,4.084342964119569,53.5,1.0,2.18512348580397,2.18512348580397,100.0,92.6,85.4,83.98512348580397,83.7
10297,static,1,72.45812691257547,Low,Advanced Topics,Advanced Practice,Advanced Practice,4.457962642992782,63.2,1.0,2.817432390371438,2.817432390371438,100.0,80.1,81.0,76.3,54.41743239037144
10299,static,1,66.68491245447942,Medium,Advanced Topics,Advanced Practice,Advanced Practice,3.0449143092575772,40.7,1.0,1.239280123867834,1.239280123867834,76.6,80.7,71.1,92.0,71.33928012386782
10300,static,1,108.39172082772454,Low,Critical Thinking,Critical Thinking Activity,Critical Thinking Activity,6.77545479032604,99.0,1.0,6.70770024242278,6.70770024242278,100.0,100.0,100.0,96.00770024242277,100.0
10308,static,1,63.82214364651335,Low,Critical Thinking,Critical Thinking Activity,Critical Thinking Activity,3.02555711227077,37.2,1.0,1.1255072457647266,1.1255072457647266,100.0,67.3,73.5,64.82550724576473,78.3
10310,static,1,75.86501688488656,Low,Conceptual Understanding,Concept Review,Concept Review,4.271230147397818,53.4,1.0,2.280836898710435,2.280836898710435,73.48083689871044,98.5,87.5,73.3,87.8
10311,static,1,72.5840744587816,Low,Conceptual Understanding,Concept Review,Concept Review,3.824714366644172,46.2,1.0,1.7670180373896076,1.7670180373896076,77.7670180373896,89.4,78.5,83.6,81.3
10313,static,1,70.54581794206297,Low,Conceptual Understanding,Concept Review,Concept Review,5.3177985843025,73.8,1.0,3.9245353552152453,3.9245353552152453,75.92453535521524,80.4,74.9,83.0,73.2
10315,static,1,42.98373856001999,Medium,Advanced Topics,Advanced Practice,Advanced Practice,1.2043814335563958,12.6,1.0,0.15175206062810587,0.15175206062810587,57.4,43.6,49.2,48.3,29.751752060628107
10319,static,1,66.8108390854301,Low,Application Skills,Application Exercise,Application Exercise,2.7404993901023795,44.8,1.0,1.227743726765866,1.227743726765866,79.6,74.8,71.72774372676587,80.1,82.1
10320,static,1,92.26997389912589,Low,Conceptual Understanding,Concept Review,Concept Review,5.4716079131934805,85.6,1.0,4.6836963736936195,4.6836963736936195,98.88369637369362,100.0,100.0,100.0,100.0
10322,static,1,85.35449469289968,Low,Problem Solving,Practice Questions,Practice Questions,4.777003523377642,62.0,1.0,2.9617421844941383,2.9617421844941383,97.4,84.26174218449414,90.1,96.3,93.1
10328,static,1,60.6986163344393,Medium,Advanced Topics,Advanced Practice,Advanced Practice,2.539664610425734,25.7,1.0,0.6526938048794136,0.6526938048794136,78.5,82.9,59.7,62.6,58.45269380487941
10329,static,1,70.16979462913206,Low,Application Skills,Application Exercise,Application Exercise,3.647671759154533,46.2,1.0,1.6852243527293942,1.6852243527293942,88.6,66.8,53.48522435272939,86.8,73.6
10333,static,1,75.83270544286535,Low,Advanced Topics,Critical Thinking Activity,Critical Thinking Activity,4.519093205952322,56.0,1.0,2.5306921953333004,2.5306921953333004,96.2,78.3,89.0,75.1306921953333,73.9
10347,static,1,70.60817479514665,Low,Advanced Topics,Advanced Practice,Advanced Practice,4.083358807956366,53.3,1.0,2.176430244640743,2.176430244640743,83.8,80.5,90.4,76.5,72.57643024464075
10352,static,1,30.326835493751126,High,Advanced Topics,Guided Review,Advanced Practice,1.5551459137715469,17.1,1.0,0.2659299512549345,0.2659299512549345,26.4,36.9,32.6,31.6,27.865929951254937
10356,static,1,75.24286849326258,Low,Conceptual Understanding,Concept Review,Concept Review,4.127371168201244,47.7,1.0,1.9687560472319936,1.9687560472319936,79.26875604723199,83.5,82.2,81.3,78.1
10362,static,1,68.68451383175217,Low,Problem Solving,Practice Questions,Practice Questions,2.4812221607546485,22.1,1.0,0.5483500975267773,0.5483500975267773,88.1,58.44835009752678,77.9,100.0,70.5
10364,static,1,53.734718356234914,Medium,Advanced Topics,Advanced Practice,Advanced Practice,3.383144125485012,30.7,1.0,1.0386252465238985,1.0386252465238985,67.1,47.4,61.6,45.3,43.5386252465239
10366,static,1,74.36282873870084,Low,Conceptual Understanding,Concept Review,Concept Review,5.253585509904677,73.0,1.0,3.835117422230414,3.835117422230414,74.73511742223042,84.4,83.7,82.0,90.8
10371,static,1,74.41708637513132,Low,Advanced Topics,Advanced Practice,Advanced Practice,3.6538731392168824,51.4,1.0,1.8780907935574775,1.8780907935574775,89.8,79.0,87.5,72.0,66.97809079355747
10372,static,1,51.6474191183381,Medium,Problem Solving,Practice Questions,Practice Questions,1.9360303243190669,11.9,1.0,0.23038760859396898,0.23038760859396898,47.3,36.23038760859397,57.0,55.6,39.8
10378,static,1,96.82575339980053,Low,Critical Thinking,Critical Thinking Activity,Critical Thinking Activity,4.522088251530468,60.9,1.0,2.7539517451820545,2.7539517451820545,100.0,100.0,99.6,85.45395174518205,100.0
10383,static,1,85.08797402451574,Low,Advanced Topics,Advanced Practice,Advanced Practice,5.984780419808431,75.3,1.0,4.5065396561157485,4.5065396561157485,98.3,91.7,100.0,88.8,92.50653965611575
10409,static,1,71.64842380206943,Low,Advanced Topics,Advanced Practice,Advanced Practice,2.6461797774219784,31.1,1.0,0.8229619107782353,0.8229619107782353,94.6,89.5,100.0,73.5,73.32296191077823
10412,static,1,50.149937452536314,Medium,Advanced Topics,Advanced Practice,Advanced Practice,2.738753981459798,35.3,1.0,0.9667801554553086,0.9667801554553086,70.8,56.4,67.3,80.4,56.06678015545531
10426,static,1,51.5045945161834,Medium,Advanced Topics,Advanced Practice,Advanced Practice,2.101554503356897,25.8,1.0,0.5422010618660795,0.5422010618660795,61.1,80.9,80.4,59.1,49.84220106186608
10430,static,1,63.692313981027446,Medium,Critical Thinking,Critical Thinking Activity,Critical Thinking Activity,3.956207826508945,54.7,1.0,2.164045681100393,2.164045681100393,71.3,71.5,67.4,57.36404568110039,67.9
10433,static,1,82.03450757811397,Low,Critical Thinking,Critical Thinking Activity,Critical Thinking Activity,5.781269299667516,83.9,1.0,4.850484942421046,4.850484942421046,83.2,90.6,71.5,68.05048494242105,98.5
10437,static,1,68.13235475130247,Low,Application Skills,Application Exercise,Application Exercise,3.5972101674442074,39.3,1.0,1.4137035958055735,1.4137035958055735,92.8,75.8,65.11370359580557,92.0,71.3
10440,static,1,93.02196631873704,Low,Problem Solving,Practice Questions,Practice Questions,6.002423289673294,79.5,1.0,4.771926515290269,4.771926515290269,100.0,95.07192651529027,97.6,92.8,97.4
10446,static,1,71.17478349559445,Low,Problem Solving,Practice Questions,Practice Questions,4.0271140144101185,44.4,1.0,1.7880386223980926,1.7880386223980926,84.9,76.58803862239809,88.1,89.2,75.7
10452,static,1,80.69605304930323,Low,Conceptual Understanding,Concept Review,Concept Review,5.340041059427659,64.1,1.0,3.4229663190931285,3.4229663190931285,69.72296631909313,100.0,72.9,70.9,80.0
10463,static,1,61.76300365080093,Medium,Advanced Topics,Advanced Practice,Advanced Practice,4.023055623298723,49.5,1.0,1.9914125335328678,1.9914125335328678,64.9,68.9,54.1,69.0,57.891412533532865
10480,static,1,98.80390566931081,Low,Conceptual Understanding,Concept Review,Concept Review,5.805397495363804,87.1,1.0,0.0,0.0,100.0,100.0,98.3,100.0,100.0
10487,static,1,48.85915469507434,Medium,Problem Solving,Practice Questions,Practice Questions,3.06779054374536,42.2,1.0,1.294607609460542,1.294607609460542,52.8,31.49460760946054,40.6,39.9,45.5
10494,static,1,62.93814030750467,Medium,Advanced Topics,Advanced Practice,Advanced Practice,4.231075816132468,46.9,1.0,1.9843745577661274,1.9843745577661274,80.9,62.3,69.7,75.5,60.184374557766134
10495,static,1,29.445573571874682,High,Advanced Topics,Advanced Practice,Advanced Practice,1.3869489071942587,19.1,1.0,0.2649072412741034,0.2649072412741034,40.0,33.5,39.1,17.6,9.664907241274104
10500,static,1,78.35894380515533,Low,Advanced Topics,Advanced Practice,Advanced Practice,4.013197386622896,44.4,1.0,1.781859639660566,1.781859639660566,97.8,98.0,98.5,84.3,80.48185963966057
10514,static,1,44.23509380986338,Medium,Application Skills,Application Exercise,Application Exercise,2.952505760633601,25.1,1.0,0.7410789459190338,0.7410789459190338,56.4,59.1,48.84107894591904,48.6,49.6
10522,static,1,46.06387425247432,Medium,Problem Solving,Practice Questions,Practice Questions,0.7791724716905271,0.0,1.0,0.0,0.0,45.4,44.0,55.0,44.8,45.7
10523,static,1,73.59964140568101,Low,Application Skills,Application Exercise,Application Exercise,3.8990945266919765,42.0,1.0,1.6376197012106302,1.6376197012106302,95.0,94.6,75.13761970121062,100.0,87.9
10527,static,1,86.10857676067735,Low,Conceptual Understanding,Concept Review,Concept Review,4.753410680190739,69.3,1.0,3.2941136013721817,3.2941136013721817,84.39411360137217,100.0,87.2,82.5,89.0
10528,static,1,64.52776779599289,Medium,Application Skills,Application Exercise,Application Exercise,4.2629859962548755,64.7,1.0,2.7581519395769045,2.7581519395769045,68.9,73.2,61.358151939576906,64.8,64.1
10529,static,1,77.24100401379343,Low,Advanced Topics,Advanced Practice,Advanced Practice,4.574227228832361,45.1,1.0,2.0629764802033947,2.0629764802033947,75.9,99.5,75.6,72.9,69.76297648020339
10530,static,1,68.40990595533178,Low,Application Skills,Application Exercise,Application Exercise,3.1289109876187076,34.4,1.0,1.0763453797408353,1.0763453797408353,100.0,81.9,69.17634537974082,85.2,74.1
10535,static,1,69.36379552737529,Low,Problem Solving,Practice Questions,Practice Questions,5.05928472893088,71.8,1.0,3.6325664353723717,3.6325664353723717,79.6,76.43256643537237,79.9,74.2,81.9
10543,static,1,78.69741406140234,Low,Advanced Topics,Advanced Practice,Advanced Practice,5.096336782605172,70.7,1.0,3.6031101053018566,3.6031101053018566,100.0,100.0,100.0,87.0,70.60311010530185
10544,static,1,68.89105881657643,Low,Application Skills,Application Exercise,Application Exercise,2.8471969117804394,34.1,1.0,0.9708941469171299,0.9708941469171299,83.3,88.2,76.27089414691713,89.4,81.5
10549,static,1,67.2040755035836,Medium,Advanced Topics,Advanced Practice,Advanced Practice,3.216101892579765,31.7,1.0,1.0195042999477855,1.0195042999477855,69.5,71.8,66.4,63.4,59.01950429994778
10550,static,1,55.509277179235234,Medium,Advanced Topics,Advanced Practice,Advanced Practice,2.2346959788683423,27.5,1.0,0.6145413941887942,0.6145413941887942,65.0,55.7,74.9,63.6,56.21454139418879
10555,static,1,85.64833249912196,Low,Application Skills,Application Exercise,Application Exercise,4.388549457616028,44.8,1.0,1.9660701570119803,1.9660701570119803,97.1,97.5,77.46607015701198,78.8,83.4
10560,static,1,43.754364677558115,Medium,Advanced Topics,Advanced Practice,Advanced Practice,1.9494638898783252,21.7,1.0,0.42303366410359655,0.42303366410359655,62.5,55.4,61.7,44.3,43.0230336641036
10571,static,1,60.84211525122624,Medium,Critical Thinking,Critical Thinking Activity,Critical Thinking Activity,3.0829907765526454,37.1,1.0,1.1437895781010314,1.1437895781010314,66.1,59.0,71.8,55.14378957810103,57.6
10579,static,1,61.14056735916209,Medium,Application Skills,Application Exercise,Application Exercise,3.1001019298948425,35.3,1.0,1.0943359812528792,1.0943359812528792,76.8,99.1,56.49433598125288,68.3,55.7
10584,static,1,71.598212257614,Low,Problem Solving,Practice Questions,Practice Questions,3.652329367204233,39.2,1.0,1.4317131119440594,1.4317131119440594,72.8,70.63171311194407,100.0,92.4,72.3
10585,static,1,81.11721532535725,Low,Advanced Topics,Advanced Practice,Advanced Practice,4.774372386687414,57.8,1.0,2.759587239505325,2.759587239505325,96.8,84.2,91.9,76.5,71.05958723950532
10590,static,1,85.85068523099673,Low,Problem Solving,Practice Questions,Practice Questions,3.9192834397090635,56.6,1.0,2.21831442687533,2.21831442687533,100.0,85.91831442687533,100.0,90.2,100.0
10591,static,1,68.97400809756071,Medium,Advanced Topics,Advanced Practice,Advanced Practice,5.859947894801635,83.4,1.0,4.8871965442645635,4.8871965442645635,58.5,72.9,55.1,59.1,52.18719654426456
10596,static,1,77.20203283527766,Low,Advanced Topics,Advanced Practice,Advanced Practice,5.448782742827332,75.7,1.0,4.12472853632029,4.12472853632029,86.6,79.5,92.5,92.1,59.52472853632029
10600,static,1,36.369070903358434,Medium,Advanced Topics,Advanced Practice,Advanced Practice,1.1575161544445223,17.0,1.0,0.1967777462555688,0.1967777462555688,39.8,45.1,36.8,41.9,33.29677774625557
10602,static,1,37.1081582305796,Medium,Advanced Topics,Advanced Practice,Advanced Practice,0.5780477084152684,9.2,1.0,0.053180389174204694,0.053180389174204694,53.6,57.2,55.9,57.1,47.1531803891742
10605,static,1,74.53999329486473,Low,Application Skills,Application Exercise,Application Exercise,3.847363390660415,56.9,1.0,2.189149769285776,2.189149769285776,100.0,76.1,79.78914976928577,80.7,99.9
10614,static,1,68.96300197566012,Low,Advanced Topics,Advanced Practice,Advanced Practice,2.9003577344888,35.4,1.0,1.0267266380090352,1.0267266380090352,74.2,79.0,78.5,91.0,60.426726638009036
10618,static,1,80.1848979010775,Low,Application Skills,Application Exercise,Application Exercise,2.638783398351885,42.3,1.0,1.1162053775028473,1.1162053775028473,79.9,95.1,74.91620537750285,89.0,100.0
10622,static,1,57.50977509222176,Medium,Critical Thinking,Critical Thinking Activity,Critical Thinking Activity,2.689588606666044,39.4,1.0,1.0596979110264213,1.0596979110264213,65.7,46.9,62.4,43.15969791102642,62.6
10627,static,1,90.98657816684255,Low,Conceptual Understanding,Concept Review,Concept Review,4.564894095782291,54.3,1.0,0.0,0.0,100.0,100.0,100.0,98.3,100.0
10636,static,1,54.93705128276716,Medium,Advanced Topics,Advanced Practice,Advanced Practice,4.238321783033742,51.0,1.0,2.1615441093472083,2.1615441093472083,57.8,66.4,48.6,49.2,46.361544109347214
10637,static,1,46.94041469322492,Medium,Critical Thinking,Critical Thinking Activity,Critical Thinking Activity,2.1183557074839166,23.8,1.0,0.5041686583811722,0.5041686583811722,62.0,50.8,63.5,47.404168658381174,47.1
10644,static,1,85.25660295156553,Low,Advanced Topics,Advanced Practice,Advanced Practice,5.583009388183914,71.4,1.0,3.986268703163315,3.986268703163315,99.3,81.1,100.0,76.0,70.38626870316332
10645,static,1,55.505822943754644,Medium,Problem Solving,Practice Questions,Practice Questions,1.2860898281446436,10.5,1.0,0.13503943195518756,0.13503943195518756,85.5,50.93503943195518,68.8,96.7,65.2
10650,static,1,63.39955727426759,Medium,Advanced Topics,Advanced Practice,Advanced Practice,2.236156277571302,24.6,1.0,0.5500944442825404,0.5500944442825404,76.0,71.8,75.8,55.6,53.750094444282546
10651,static,1,77.40583284251666,Low,Problem Solving,Practice Questions,Practice Questions,3.434919804139411,44.5,1.0,1.528539312842038,1.528539312842038,98.9,89.92853931284205,100.0,97.1,95.1
10653,static,1,85.07671518028066,Low,Application Skills,Application Exercise,Application Exercise,5.381195164843867,75.4,1.0,4.0574211542922765,4.0574211542922765,100.0,96.0,99.85742115429227,98.7,95.9
10657,static,1,77.06893570036357,Low,Critical Thinking,Critical Thinking Activity,Critical Thinking Activity,4.100024402701265,53.6,1.0,2.197613079847878,2.197613079847878,86.5,98.4,100.0,84.59761307984789,90.7
10661,static,1,50.00333811831857,Medium,Problem Solving,Practice Questions,Practice Questions,2.53074432350459,26.3,1.0,0.6655857570817072,0.6655857570817072,53.8,47.065585757081706,52.6,58.4,44.5
10663,static,1,90.80248512134726,Low,Critical Thinking,Critical Thinking Activity,Critical Thinking Activity,4.5192057825342085,68.6,1.0,3.1001751668184667,3.1001751668184667,100.0,100.0,100.0,83.00017516681848,100.0
10669,static,1,81.69671328887304,Low,Advanced Topics,Advanced Practice,Advanced Practice,4.630208812168865,58.3,1.0,2.699411737494448,2.699411737494448,86.1,89.1,97.4,75.5,81.09941173749445
10671,static,1,62.92785232032248,Medium,Application Skills,Application Exercise,Application Exercise,3.246279218207525,49.0,1.0,1.5906768169216872,1.5906768169216872,66.1,68.1,66.29067681692169,76.7,72.7
10678,static,1,70.44024065996976,Low,Critical Thinking,Critical Thinking Activity,Critical Thinking Activity,2.6871861682518774,41.7,1.0,1.120556632161033,1.120556632161033,86.9,80.0,82.0,81.42055663216102,88.4
10679,static,1,45.19887829441485,Medium,Application Skills,Application Exercise,Application Exercise,1.9068501639822413,24.5,1.0,0.4671782901756491,0.4671782901756491,68.4,50.7,43.467178290175646,49.4,41.9
10680,static,1,80.98147322544017,Low,Conceptual Understanding,Concept Review,Concept Review,4.820493638387127,58.8,1.0,2.8344502593716308,2.8344502593716308,83.13445025937163,99.1,93.2,89.5,93.5
10688,static,1,86.73530544289702,Low,Critical Thinking,Critical Thinking Activity,Critical Thinking Activity,5.19499161816433,70.0,1.0,3.636494132715031,3.636494132715031,98.8,92.1,92.2,78.73649413271502,100.0
10690,static,1,83.62442539617632,Low,Advanced Topics,Advanced Practice,Advanced Practice,4.820135439666231,65.6,1.0,3.1620088484210473,3.1620088484210473,100.0,95.6,89.7,100.0,84.86200884842106
10693,static,1,71.49456402481981,Low,Critical Thinking,Critical Thinking Activity,Critical Thinking Activity,4.784726694918406,65.6,1.0,3.1387807118664743,3.1387807118664743,72.9,77.2,65.8,65.53878071186648,89.7
10698,static,1,74.76401932473529,Low,Conceptual Understanding,Concept Review,Concept Review,3.5197636591774404,49.8,1.0,1.7528423022703654,1.7528423022703654,87.95284230227037,99.7,89.7,86.4,91.2
10714,static,1,58.17812342488472,Medium,Conceptual Understanding,Concept Review,Concept Review,2.137526378454837,22.3,1.0,0.4766683823954287,0.4766683823954287,54.87666838239543,66.9,54.2,76.0,61.2
10715,static,1,51.291783981523025,Medium,Conceptual Understanding,Concept Review,Concept Review,2.9948675108971283,39.2,1.0,1.1739880642716745,1.1739880642716745,50.97398806427167,64.1,53.5,69.9,51.7
10717,static,1,100.66062487003987,Low,Conceptual Understanding,Concept Review,Concept Review,6.511328880250151,100.0,1.0,0.0,0.0,100.0,100.0,100.0,100.0,100.0
10722,static,1,66.97123421181084,Medium,Advanced Topics,Advanced Practice,Advanced Practice,4.653150434633875,70.6,1.0,3.2851242068515156,3.2851242068515156,67.5,58.8,64.5,65.9,63.485124206851516
10738,static,1,85.29878879400547,Low,Critical Thinking,Critical Thinking Activity,Critical Thinking Activity,4.993376292534138,68.1,1.0,3.4004892552157475,3.4004892552157475,100.0,96.5,100.0,95.00048925521574,97.1
10741,static,1,35.52220880674135,High,Advanced Topics,Advanced Practice,Advanced Practice,1.6523631498692373,9.3,1.0,0.1536697729378391,0.1536697729378391,58.6,37.4,42.7,56.4,28.853669772937838
10742,static,1,68.06391600775977,Low,Advanced Topics,Advanced Practice,Advanced Practice,4.588201558170715,64.1,1.0,2.9410371987874275,2.9410371987874275,73.7,83.2,68.9,61.1,59.94103719878743
10750,static,1,95.29874627909558,Low,Conceptual Understanding,Concept Review,Concept Review,5.382268563969849,60.3,1.0,0.0,0.0,100.0,100.0,100.0,100.0,100.0
10754,static,1,63.240107355296175,Medium,Application Skills,Application Exercise,Application Exercise,2.6259900764483315,38.5,1.0,1.0110061794326077,1.0110061794326077,77.6,96.6,60.11100617943261,80.4,77.8
10762,static,1,36.5327800540565,Medium,Advanced Topics,Advanced Practice,Advanced Practice,2.0614309080015465,32.2,1.0,0.663780752376498,0.663780752376498,35.8,40.3,53.4,54.5,12.463780752376499
10765,static,1,52.950952145066296,Medium,Application Skills,Application Exercise,Application Exercise,2.8325998057124857,36.8,1.0,1.0423967285021947,1.0423967285021947,64.8,70.8,55.842396728502194,59.7,65.2
10768,static,1,53.71234457467573,Medium,Advanced Topics,Advanced Practice,Advanced Practice,4.398617150431684,57.7,1.0,2.5380020957990816,2.5380020957990816,50.6,60.6,54.4,49.9,47.73800209579908
10788,static,1,86.47183260474702,Low,Problem Solving,Practice Questions,Practice Questions,4.0695653159565035,58.3,1.0,2.3725565792026413,2.3725565792026413,100.0,75.77255657920264,100.0,100.0,88.9
10801,static,1,76.14338037931113,Low,Problem Solving,Practice Questions,Practice Questions,3.800887180197734,46.0,1.0,1.7484081028909577,1.7484081028909577,81.2,78.44840810289097,79.8,84.7,88.3
10803,static,1,99.48594853429978,Low,Conceptual Understanding,Concept Review,Concept Review,5.370773753310041,73.3,1.0,0.0,0.0,100.0,100.0,100.0,100.0,100.0
10811,static,1,73.11328909955839,Low,Problem Solving,Practice Questions,Practice Questions,3.8723800708500247,45.3,1.0,1.754188172095061,1.754188172095061,75.9,68.25418817209506,76.2,72.6,67.4
10812,static,1,68.19125785600707,Low,Advanced Topics,Advanced Practice,Advanced Practice,4.544233640784577,54.2,1.0,2.4629746333052407,2.4629746333052407,82.1,73.8,75.3,73.5,60.86297463330524
10817,static,1,88.27462959723341,Low,Application Skills,Concept Review,Concept Review,3.6320838343235726,47.7,1.0,0.0,0.0,100.0,100.0,95.8,100.0,94.1
10821,static,1,79.80620855808729,Low,Conceptual Understanding,Concept Review,Concept Review,4.185776151924011,59.4,1.0,2.4863510342428623,2.4863510342428623,72.88635103424286,89.5,81.4,66.8,86.1
10823,static,1,41.75631085281665,Medium,Problem Solving,Guided Review,Practice Questions,2.1349421279257874,20.3,1.0,0.43339325196893486,0.43339325196893486,44.9,28.933393251968933,32.6,35.2,27.8
10824,static,1,40.7186080901693,Medium,Problem Solving,Practice Questions,Practice Questions,1.6408532280664132,16.5,1.0,0.2707407826309582,0.2707407826309582,54.3,42.17074078263096,58.2,51.7,40.8
10827,static,1,81.15193963175814,Low,Advanced Topics,Advanced Practice,Advanced Practice,5.409115426947667,59.9,1.0,3.2400601407416527,3.2400601407416527,86.9,93.7,88.6,97.5,71.74006014074165
10830,static,1,81.73075536747821,Low,Advanced Topics,Advanced Practice,Advanced Practice,4.388091410974349,59.6,1.0,2.615302480940712,2.615302480940712,95.8,96.1,100.0,91.0,82.71530248094071
10838,static,1,64.72884266928963,Medium,Conceptual Understanding,Concept Review,Concept Review,3.174870044473913,42.8,1.0,1.3588443790348346,1.3588443790348346,64.25884437903483,74.3,79.3,75.5,74.8
10846,static,1,66.5705645117307,Medium,Problem Solving,Practice Questions,Practice Questions,3.555260669706923,53.0,1.0,1.8842881549446693,1.8842881549446693,75.1,72.68428815494467,94.8,73.4,74.5
10850,static,1,48.79861776723304,Medium,Conceptual Understanding,Concept Review,Concept Review,2.3472224952784257,23.9,1.0,0.5609861763715437,0.5609861763715437,45.760986176371546,48.6,51.4,83.0,47.7
10860,static,1,98.23811385268056,Low,Conceptual Understanding,Concept Review,Concept Review,6.034688430708864,80.9,1.0,0.0,0.0,100.0,100.0,100.0,100.0,100.0
10866,static,1,104.12216413782772,Low,Conceptual Understanding,Concept Review,Concept Review,6.1325647464936806,83.9,1.0,0.0,0.0,100.0,100.0,100.0,100.0,100.0
10867,static,1,81.40875928956409,Low,Conceptual Understanding,Concept Review,Concept Review,5.272890156623015,72.7,1.0,3.833391143864932,3.833391143864932,89.63339114386493,96.8,88.2,88.7,92.0
10868,static,1,89.94732349302228,Low,Application Skills,Application Exercise,Application Exercise,5.957077279903812,91.4,1.0,5.444768633832084,5.444768633832084,100.0,92.9,89.54476863383208,94.3,99.5
10880,static,1,63.52718395099554,Medium,Advanced Topics,Advanced Practice,Advanced Practice,4.247963569536147,51.4,1.0,2.1834532747415794,2.1834532747415794,77.3,72.3,70.1,70.2,58.78345327474158
10884,static,1,96.90105582409483,Low,Critical Thinking,Critical Thinking Activity,Critical Thinking Activity,5.380858459077593,71.0,1.0,3.820409505945091,3.820409505945091,100.0,100.0,100.0,98.12040950594509,100.0
10885,static,1,56.51415114750427,Medium,Critical Thinking,Critical Thinking Activity,Critical Thinking Activity,3.3366556391703233,31.8,1.0,1.0610564932561628,1.0610564932561628,70.5,73.2,62.8,56.16105649325616,61.1
10893,static,1,62.835290222438395,Medium,Problem Solving,Practice Questions,Practice Questions,3.7790393653222303,45.1,1.0,1.7043467537603258,1.7043467537603258,65.5,51.00434675376032,75.6,59.0,71.6
10894,static,1,46.441751379731336,Medium,Advanced Topics,Advanced Practice,Advanced Practice,1.926320780274571,13.6,1.0,0.26197962611734166,0.26197962611734166,54.0,61.0,70.5,46.1,39.46197962611735
10900,static,1,100.82344553155562,Low,Critical Thinking,Critical Thinking Activity,Critical Thinking Activity,6.485938974568487,87.9,1.0,5.7011403586457,5.7011403586457,100.0,100.0,100.0,95.4011403586457,100.0
10902,static,1,85.49373577591692,Low,Critical Thinking,Critical Thinking Activity,Critical Thinking Activity,4.949969112779241,61.0,1.0,3.019481158795337,3.019481158795337,93.2,100.0,85.6,86.51948115879534,98.1
10903,static,1,44.65363867803282,Medium,Advanced Topics,Advanced Practice,Advanced Practice,1.57411609469419,28.4,1.0,0.4470489708931499,0.4470489708931499,61.9,57.2,55.9,59.0,40.04704897089315
10915,static,1,74.17225714267327,Low,Advanced Topics,Advanced Practice,Advanced Practice,3.82411114164747,36.2,1.0,1.3843282332763842,1.3843282332763842,83.2,80.8,90.5,93.6,66.98432823327637
10918,static,1,38.17505649727628,High,Application Skills,Application Exercise,Application Exercise,1.8917151855780479,24.4,1.0,0.46157850528104366,0.46157850528104366,53.8,58.4,26.261578505281044,39.0,30.7
10925,static,1,73.89739254380186,Low,Application Skills,Application Exercise,Application Exercise,2.717052478843144,41.6,1.0,1.130293831198748,1.130293831198748,81.1,94.4,80.93029383119874,91.4,95.3
10937,static,1,74.08831634502006,Low,Application Skills,Application Exercise,Application Exercise,4.930273991975931,64.4,1.0,3.1750964508324997,3.1750964508324997,73.1,75.2,69.1750964508325,83.1,74.2
10939,static,1,101.57599107909621,Low,Conceptual Understanding,Concept Review,Concept Review,5.80795881648581,76.5,1.0,0.0,0.0,100.0,100.0,100.0,100.0,100.0
10942,static,1,55.952376228800816,Medium,Advanced Topics,Advanced Practice,Advanced Practice,3.5385206337433464,42.5,1.0,1.5038712693409222,1.5038712693409222,77.8,70.9,71.7,78.1,54.60387126934092
10943,static,1,57.60649769856592,Medium,Application Skills,Application Exercise,Application Exercise,2.623517398093341,39.1,1.0,1.0257953026544964,1.0257953026544964,68.8,55.8,52.82579530265449,61.1,63.0
10948,static,1,49.78227043041247,Medium,Advanced Topics,Advanced Practice,Advanced Practice,2.676135768460579,35.2,1.0,0.941999790498124,0.941999790498124,52.8,52.5,54.6,68.5,29.84199979049812
10949,static,1,92.04297717012817,Low,Conceptual Understanding,Concept Review,Concept Review,4.710313379453502,63.9,1.0,0.7000000000000028,0.7000000000000028,100.0,100.0,100.0,100.0,100.0
10960,static,1,67.98941389832869,Low,Conceptual Understanding,Concept Review,Concept Review,3.2349114736613225,45.7,1.0,1.4783545434632244,1.4783545434632244,69.07835454346322,80.7,85.7,87.2,95.3
10974,static,1,72.06252221849262,Low,Advanced Topics,Advanced Practice,Advanced Practice,4.343242256066372,51.0,1.0,2.21505355059385,2.21505355059385,100.0,90.3,79.1,83.9,70.31505355059384
10975,static,1,59.18994728411674,Medium,Application Skills,Application Exercise,Application Exercise,3.7813525242192974,45.6,1.0,1.7242967510439997,1.7242967510439997,82.0,66.3,56.124296751044,64.5,61.4
10978,static,1,65.36543690548999,Medium,Advanced Topics,Advanced Practice,Advanced Practice,3.8756414206603975,54.5,1.0,2.112224574259917,2.112224574259917,82.2,69.0,72.5,70.3,58.21222457425992
10979,static,1,44.60033586823364,Medium,Advanced Topics,Advanced Practice,Advanced Practice,2.5113844924170747,29.0,1.0,0.7283015028009516,0.7283015028009516,49.6,50.8,40.4,37.0,29.428301502800952
10986,static,1,74.86829430512068,Low,Problem Solving,Practice Questions,Practice Questions,3.4775910617235612,28.3,1.0,0.9841582704677679,0.9841582704677679,100.0,75.48415827046777,89.2,77.6,80.0
10987,static,1,93.91142789818784,Low,Critical Thinking,Critical Thinking Activity,Critical Thinking Activity,6.1152747911775664,79.6,1.0,4.867758733777342,4.867758733777342,100.0,97.2,100.0,88.46775873377733,97.4
10990,static,1,56.23899845708799,Medium,Advanced Topics,Advanced Practice,Advanced Practice,3.296494402468048,46.4,1.0,1.5295734027451742,1.5295734027451742,60.1,49.0,58.1,59.4,48.42957340274517
10996,static,1,78.73797977160702,Low,Conceptual Understanding,Concept Review,Concept Review,4.100166043145005,53.8,1.0,2.205889331212012,2.205889331212012,86.90588933121201,94.2,90.7,92.3,87.4
10999,static,1,89.30597887675813,Low,Critical Thinking,Critical Thinking Activity,Critical Thinking Activity,5.54078765704784,81.0,1.0,4.488038002208751,4.488038002208751,100.0,100.0,95.3,80.08803800220875,97.6
10011,static,2,53.38511806381642,Medium,Advanced Topics,Advanced Practice,Advanced Practice,2.1915979746130185,30.0,0.72,0.47338516251641194,1.1313318709672688,56.2,55.5,63.5,59.4,38.53133187096727
10024,static,2,98.27860311635567,Low,Application Skills,Application Exercise,Application Exercise,6.5539225628509135,86.8,0.72,4.095939444879307,9.784744229433901,100.0,100.0,97.9847442294339,94.6,100.0
10026,static,2,90.59519411492153,Low,Conceptual Understanding,Concept Review,Critical Thinking Activity,5.528521794173447,76.4,0.72,3.041129268538929,7.26114163936875,88.2,87.3,100.0,88.96114163936875,100.0
10031,static,2,78.79391258133917,Low,Critical Thinking,Critical Thinking Activity,Critical Thinking Activity,3.2150754735427958,22.4,0.72,0.5185273723729821,1.2385152791152705,95.7,100.0,93.6,82.73851527911528,96.2
10040,static,2,82.67007355370657,Low,Critical Thinking,Critical Thinking Activity,Critical Thinking Activity,4.148045898692466,59.2,0.72,1.768063083858677,4.222003811933289,95.6,100.0,77.4,68.82200381193329,93.8
10045,static,2,90.40532963097544,Low,Conceptual Understanding,Concept Review,Concept Review,5.104531895574483,65.0,0.72,2.388920927128858,5.699161753662374,87.09916175366237,100.0,99.8,100.0,92.2
10055,static,2,64.77438220721872,Medium,Advanced Topics,Advanced Practice,Advanced Practice,4.242423636800279,68.6,0.72,2.0954178826883934,5.0104549191667775,72.1,58.6,57.6,57.4,43.71045491916678
10056,static,2,96.49297271055661,Low,Conceptual Understanding,Concept Review,Concept Review,5.767919157307695,71.9,0.72,0.0,0.0,100.0,100.0,96.1,98.2,100.0
10060,static,2,88.70278801399671,Low,Critical Thinking,Critical Thinking Activity,Concept Review,5.14705627302611,69.3,0.72,2.568175197989108,6.126255547814031,91.52625554781403,85.0,99.7,83.9,85.6
10061,static,2,52.59619113066027,Medium,Advanced Topics,Advanced Practice,Advanced Practice,3.0195695524744774,36.9,0.72,0.8022392387014191,1.9174346662871837,56.1,42.0,48.8,62.1,35.317434666287184
10064,static,2,93.0252887628877,Low,Critical Thinking,Critical Thinking Activity,Practice Questions,5.577836792307641,75.3,0.72,3.0240799953175106,7.224191099925164,100.0,99.82419109992516,100.0,94.4,100.0
10067,static,2,83.34609163172233,Low,Critical Thinking,Critical Thinking Activity,Practice Questions,5.359086844259635,75.9,0.72,2.928633778651005,6.996180693444067,100.0,90.99618069344407,97.3,88.1,94.9
10068,static,2,56.38003914365977,Medium,Critical Thinking,Critical Thinking Activity,Critical Thinking Activity,3.1646286232927174,45.0,0.72,1.0253396739468406,2.448671959092327,59.4,53.7,68.2,45.34867195909232,63.9
10071,static,2,84.49242030894908,Low,Critical Thinking,Critical Thinking Activity,Critical Thinking Activity,4.657696438753609,56.0,0.72,1.8779832041054554,4.484582606270399,78.0,92.0,90.1,79.0845826062704,89.8
10073,static,2,79.3308883741955,Low,Problem Solving,Practice Questions,Practice Questions,4.057411843560421,57.7,0.72,1.6856111762887416,4.026737810023105,95.0,88.3267378100231,92.1,96.6,85.8
10077,static,2,67.98927751864808,Medium,Advanced Topics,Advanced Practice,Advanced Practice,3.402297817927284,45.0,0.72,1.10234449300844,2.6350114089972223,77.4,71.9,67.3,71.5,62.235011408997224
10079,static,2,52.981100933356956,Medium,Critical Thinking,Critical Thinking Activity,Critical Thinking Activity,3.4076042505265467,33.4,0.72,0.8194606701666238,1.9571551831955658,65.5,60.3,61.1,49.257155183195565,54.3
10087,static,2,66.40254980780988,Medium,Problem Solving,Practice Questions,Practice Questions,3.66276761403065,48.7,0.72,1.2843128361837073,3.068080664216634,62.0,50.468080664216636,76.5,66.2,56.2
10089,static,2,80.65334953234769,Low,Advanced Topics,Advanced Practice,Advanced Practice,3.3730303831617663,36.0,0.72,0.8742894753155298,2.089616257144069,84.1,98.0,94.7,92.9,79.38961625714407
10097,static,2,80.82971078573335,Low,Application Skills,Application Exercise,Concept Review,5.800199521988861,77.2,0.72,3.2239829023022883,7.689392448427317,86.08939244842732,92.2,80.2,87.7,83.5
10102,static,2,55.48646245444785,Medium,Advanced Topics,Advanced Practice,Advanced Practice,4.096725551920949,53.9,0.72,1.589857252189482,3.800813744419643,63.5,55.6,61.4,60.0,44.70081374441964
10108,static,2,80.42208766864282,Low,Critical Thinking,Critical Thinking Activity,Critical Thinking Activity,4.579773789430182,58.0,0.72,1.9125135344660438,4.5669781020290605,88.3,92.9,87.7,87.36697810202905,93.4
10111,static,2,67.88835118528166,Low,Critical Thinking,Critical Thinking Activity,Critical Thinking Activity,3.0401309411761193,31.4,0.72,0.687312803181097,1.6415627798838388,92.2,82.6,83.5,65.34156277988384,66.1
10121,static,2,100.72704168122517,Low,Conceptual Understanding,Concept Review,Concept Review,6.563404781438525,88.9,0.72,0.0,0.0,100.0,100.0,100.0,100.0,100.0
10137,static,2,60.020018770107484,Medium,Advanced Topics,Advanced Practice,Advanced Practice,2.740046611081976,31.9,0.72,0.6293339056333083,1.5040694165683668,74.3,65.1,84.3,62.8,53.90406941656837
10138,static,2,58.82921142129246,Medium,Advanced Topics,Advanced Practice,Advanced Practice,3.4249646667825306,35.3,0.72,0.8704890197094478,2.0805128176262073,75.4,49.5,56.3,48.6,45.880512817626204
10140,static,2,62.18563657665072,Medium,Advanced Topics,Advanced Practice,Advanced Practice,3.6661091904504435,41.0,0.72,1.0822354330209707,2.586800674402541,70.5,70.0,81.7,67.3,58.18680067440254
10159,static,2,56.55482646516579,Medium,Advanced Topics,Advanced Practice,Advanced Practice,2.9091677683290764,43.0,0.72,0.900678341074682,2.1528952953108544,63.9,58.2,63.6,65.4,54.052895295310854
10169,static,2,76.32790405551233,Low,Critical Thinking,Critical Thinking Activity,Critical Thinking Activity,3.194762622557975,46.5,0.72,1.06960652603241,2.5543620590259373,83.5,87.0,90.0,83.85436205902595,93.1
10175,static,2,72.70687664500633,Low,Advanced Topics,Advanced Practice,Advanced Practice,4.334342558838944,42.6,0.72,1.329429549647081,3.1777236235080446,100.0,90.7,67.6,77.0,66.67772362350806
10185,static,2,86.03313047649345,Low,Advanced Topics,Advanced Practice,Advanced Practice,4.401805855300047,57.3,0.72,1.8160090236625872,4.341670102788784,100.0,92.0,96.2,100.0,94.14167010278878
10199,static,2,70.68410038528752,Low,Conceptual Understanding,Advanced Practice,Advanced Practice,3.579839567026727,48.7,0.72,1.2552349457822516,3.000629247109548,64.6,80.2,77.4,81.0,66.30062924710954
10200,static,2,57.13142563764051,Medium,Advanced Topics,Advanced Practice,Advanced Practice,3.1918514276299907,47.6,0.72,1.0939113212773506,2.614946735811886,64.5,63.0,90.8,69.1,45.11494673581189
10209,static,2,59.393530088816576,Medium,Problem Solving,Practice Questions,Practice Questions,3.53061817731258,50.1,0.72,1.2735645889201939,3.0424042957537965,72.8,53.2424042957538,64.9,56.9,65.5
10210,static,2,41.63309251580984,Medium,Problem Solving,Practice Questions,Practice Questions,2.7927041323359623,39.1,0.72,0.78620206733522,1.8781493830785814,61.6,26.478149383078584,48.6,58.3,33.6
10211,static,2,66.68434630990572,Medium,Advanced Topics,Advanced Practice,Advanced Practice,3.662703347951727,61.4,0.72,1.6192078960624994,3.871381678838949,82.9,72.0,74.5,67.5,58.67138167883895
10214,static,2,67.50192232394103,Low,Critical Thinking,Critical Thinking Activity,Critical Thinking Activity,4.501056473023431,66.2,0.72,2.1453835573018885,5.1227731088313,73.8,73.1,84.2,72.4227731088313,71.0
10216,static,2,62.30075849517576,Medium,Conceptual Understanding,Concept Review,Critical Thinking Activity,3.59506660670111,58.9,0.72,1.5245958465698066,3.640629499386387,75.0,73.8,79.9,78.94062949938639,79.3
10219,static,2,87.33539125133349,Low,Application Skills,Application Exercise,Application Exercise,3.0746388483289873,44.1,0.72,0.97625932712142,2.3321750592345034,88.5,93.1,85.53217505923452,100.0,99.1
10222,static,2,69.77048767849588,Low,Critical Thinking,Critical Thinking Activity,Critical Thinking Activity,4.489425710517644,59.4,0.72,1.9200375878741858,4.584901440255328,83.3,67.4,77.5,68.28490144025534,72.2
10236,static,2,50.69394471075147,Medium,Problem Solving,Practice Questions,Practice Questions,2.703005033342923,32.4,0.72,0.6305570141782371,1.506330644981344,79.4,46.806330644981344,45.2,59.7,48.4
10238,static,2,58.42269585598099,Medium,Critical Thinking,Critical Thinking Activity,Critical Thinking Activity,2.4715502525256725,21.8,0.72,0.38793452763642955,0.9265948699782062,51.7,60.5,67.2,54.12659486997821,72.0
10245,static,2,66.11045992519598,Medium,Critical Thinking,Critical Thinking Activity,Critical Thinking Activity,3.252878803841874,38.6,0.72,0.9040400771637336,2.1590835768367533,93.4,69.4,69.4,64.35908357683675,88.1
10248,static,2,50.19699961281811,Medium,Problem Solving,Practice Questions,Practice Questions,1.0213799780987074,10.6,0.72,0.07795171992849334,0.18621799760695631,85.5,45.286217997606954,71.2,61.4,59.9
10255,static,2,57.889306929382876,Medium,Application Skills,Application Exercise,Application Exercise,1.6573524916554168,29.0,0.72,0.34605520025765096,0.8266874228377218,88.7,100.0,61.42668742283772,80.3,71.7
10257,static,2,61.55733952211372,Medium,Advanced Topics,Advanced Practice,Practice Questions,3.928543180956106,40.3,0.72,1.1399060893862236,2.723108991311534,59.7,64.72310899131153,73.1,63.2,62.4
10260,static,2,67.83725373580639,Medium,Advanced Topics,Advanced Practice,Advanced Practice,5.135614678767422,69.4,0.72,2.5661639426865057,6.136146289602085,69.2,65.2,79.7,72.7,67.73614628960208
10261,static,2,52.50768743062302,Medium,Problem Solving,Practice Questions,Advanced Practice,2.5026782636461133,34.3,0.72,0.618061423990044,1.477177730023925,58.4,50.2,65.5,59.8,48.877177730023924
10262,static,2,74.83300790581852,Low,Advanced Topics,Advanced Practice,Advanced Practice,5.123510584960642,61.7,0.72,2.2760683422629158,5.441898945516357,93.8,82.0,77.2,72.6,74.34189894551636
10266,static,2,73.26811156939966,Low,Advanced Topics,Advanced Practice,Advanced Practice,4.317878016856611,58.4,0.72,1.8155813485278676,4.3407134789157125,90.8,81.3,88.4,88.4,66.14071347891571
10276,static,2,85.8874845734033,Low,Application Skills,Application Exercise,Application Exercise,5.926190670049348,78.7,0.72,3.3580166812767622,8.021928738605599,100.0,100.0,81.02192873860561,92.0,82.4
10278,static,2,52.74429364880658,Medium,Advanced Topics,Advanced Practice,Advanced Practice,2.8684227285775545,32.3,0.72,0.6670803897579959,1.594289984872686,63.4,66.3,47.3,45.6,28.594289984872685
10281,static,2,57.514576590719486,Medium,Advanced Topics,Advanced Practice,Advanced Practice,3.5252754212666426,44.8,0.72,1.1371128398837682,2.71811313455649,54.5,58.3,67.8,61.4,52.41811313455649
10282,static,2,60.90455997063435,Medium,Problem Solving,Practice Questions,Practice Questions,3.92019239028455,48.4,0.72,1.36610864416636,3.263481761064082,69.2,50.663481761064084,78.0,63.3,62.4
10290,static,2,64.10624265425093,Medium,Advanced Topics,Advanced Practice,Advanced Practice,3.225195812457357,35.7,0.72,0.8290043316340392,1.9813732356259093,77.2,64.7,90.0,75.1,57.98137323562591
10293,static,2,69.25991459143432,Low,Advanced Topics,Advanced Practice,Advanced Practice,3.763058993123024,60.9,0.72,1.6500261073045832,3.945038066254564,79.0,80.4,85.2,66.1,58.44503806625456
10295,static,2,79.21647315165542,Low,Advanced Topics,Advanced Practice,Critical Thinking Activity,4.086903689654933,53.5,0.72,1.57427530125508,3.75939878705905,100.0,92.6,85.4,85.55939878705905,83.7
10297,static,2,72.50411557469864,Low,Advanced Topics,Advanced Practice,Advanced Practice,4.451292237387692,63.2,0.72,2.0255160197008952,4.842948410072333,100.0,80.1,81.0,76.3,56.44294841007233
10299,static,2,66.70514109779569,Medium,Advanced Topics,Advanced Practice,Advanced Practice,3.0419802544377434,40.7,0.72,0.8914218937604363,2.1307020176282703,76.6,80.7,71.1,92.0,72.23070201762826
10300,static,2,108.21953494925461,Low,Conceptual Understanding,Concept Review,Critical Thinking Activity,6.783315480765699,99.0,0.72,3.9922997575772285,10.700000000000008,100.0,100.0,100.0,100.0,100.0
10308,static,2,63.79325200752647,Low,Critical Thinking,Critical Thinking Activity,Critical Thinking Activity,3.026876083561496,37.2,0.72,0.8107184902211113,1.936225735985838,100.0,67.3,73.5,65.63622573598583,78.3
10310,static,2,75.89183881643388,Low,Critical Thinking,Critical Thinking Activity,Concept Review,4.279397637267277,53.4,0.72,1.6453428035765225,3.9261797022869573,75.12617970228696,98.5,87.5,73.3,87.8
10311,static,2,72.60485404055203,Low,Application Skills,Application Exercise,Concept Review,3.831041913312542,46.2,0.72,1.274357782044284,3.041375819433892,79.0413758194339,89.4,78.5,83.6,81.3
10313,static,2,70.5919692555182,Low,Application Skills,Application Exercise,Concept Review,5.331852023535343,73.8,0.72,2.83313289122574,6.757668246440986,78.75766824644099,80.4,74.9,83.0,73.2
10315,static,2,42.986215593458866,Medium,Advanced Topics,Advanced Practice,Advanced Practice,1.204022153312704,12.6,0.72,0.1092288897485285,0.2609809503766344,57.4,43.6,49.2,48.3,29.860980950376636
10319,static,2,66.84303243441168,Low,Application Skills,Application Exercise,Application Exercise,2.7404993901023795,44.8,0.72,0.8839754832714235,2.1117192100372897,79.6,74.8,72.6117192100373,80.1,82.1
10320,static,2,92.32505270971276,Low,Conceptual Understanding,Concept Review,Concept Review,5.4883798457702415,85.6,0.72,1.116303626306376,5.799999999999995,100.0,100.0,100.0,100.0,100.0
10322,static,2,85.46052532727543,Low,Problem Solving,Practice Questions,Practice Questions,4.777003523377642,62.0,0.72,2.1324543728357797,5.0941965573299175,97.4,86.39419655732992,90.1,96.3,93.1
10328,static,2,60.70927018897901,Medium,Advanced Topics,Advanced Practice,Advanced Practice,2.538119326702386,25.7,0.72,0.4696536002130095,1.1223474050924231,78.5,82.9,59.7,62.6,58.92234740509242
10329,static,2,70.21398383125698,Low,Application Skills,Application Exercise,Application Exercise,3.647671759154533,46.2,0.72,1.2133615339651638,2.898585886694558,88.6,66.8,54.69858588669455,86.8,73.6
10333,static,2,75.76774287103864,Low,Advanced Topics,Advanced Practice,Critical Thinking Activity,4.522058900188293,56.0,0.72,1.82329414855592,4.35398634388922,96.2,78.3,89.0,76.95398634388921,73.9
10347,static,2,70.64370044449231,Low,Advanced Topics,Advanced Practice,Advanced Practice,4.078206005513777,53.3,0.72,1.5650523366759668,3.74148258131671,83.8,80.5,90.4,76.5,74.14148258131671
10352,static,2,30.3311762412766,High,Advanced Topics,Guided Review,Advanced Practice,1.554516311924321,17.1,0.72,0.19139204832412243,0.45732199957905695,26.4,36.9,32.6,31.6,28.05732199957906
10356,static,2,75.26602045119613,Low,Advanced Topics,Advanced Practice,Concept Review,4.134421122137141,47.7,0.72,1.4199255901867798,3.3886816374187734,80.68868163741877,83.5,82.2,81.3,78.1
10362,static,2,68.7041448141534,Low,Problem Solving,Practice Questions,Practice Questions,2.4812221607546485,22.1,0.72,0.39481207021927966,0.943162167746057,88.1,58.84316216774606,77.9,100.0,70.5
10364,static,2,53.751671730412845,Medium,Advanced Topics,Advanced Practice,Advanced Practice,3.380685130660619,30.7,0.72,0.7472666412812232,1.7858918878051218,67.1,47.4,61.6,45.3,44.28589188780512
10366,static,2,74.40792852511396,Low,Conceptual Understanding,Concept Review,Concept Review,5.26731875085319,73.0,0.72,2.7685027354484366,6.603620157678851,77.50362015767885,84.4,83.7,82.0,90.8
10371,static,2,74.44774225998475,Low,Advanced Topics,Advanced Practice,Advanced Practice,3.649426669658633,51.4,0.72,1.3505798219072669,3.228670615464744,89.8,79.0,87.5,72.0,68.32867061546473
10372,static,2,51.65566701527505,Medium,Problem Solving,Practice Questions,Practice Questions,1.9360303243190669,11.9,0.72,0.16587907818765765,0.39626668678162663,47.3,36.39626668678163,57.0,55.6,39.8
10378,static,2,96.75505978151554,Low,Critical Thinking,Critical Thinking Activity,Critical Thinking Activity,4.525315581520219,60.9,0.72,1.9842603761849853,4.73821212136704,100.0,100.0,99.6,87.43821212136704,100.0
10383,static,2,85.16153381260439,Low,Critical Thinking,Critical Thinking Activity,Advanced Practice,5.974110972163674,75.3,0.72,3.238924004668257,7.745463660784005,98.3,91.7,100.0,88.8,95.74546366078401
10409,static,2,71.66185692557023,Low,Advanced Topics,Advanced Practice,Advanced Practice,2.6442313758343516,31.1,0.72,0.592096289676828,1.4150582004550634,94.6,89.5,100.0,73.5,73.91505820045506
10412,static,2,50.1657181066058,Medium,Advanced Topics,Advanced Practice,Advanced Practice,2.7364650833162694,35.3,0.72,0.695499965575663,1.6622801210309714,70.8,56.4,67.3,80.4,56.762280121030976
10426,static,2,51.513444808925904,Medium,Advanced Topics,Advanced Practice,Advanced Practice,2.1002708164742883,25.8,0.72,0.3901463068682638,0.9323473687343433,61.1,80.9,80.4,59.1,50.23234736873434
10430,static,2,63.63676318221674,Medium,Critical Thinking,Critical Thinking Activity,Critical Thinking Activity,3.9587438511644337,54.7,0.72,1.5591116783426004,3.7231573594429936,71.3,71.5,67.4,58.923157359442996,67.9
10433,static,2,81.90999619856039,Low,Critical Thinking,Critical Thinking Activity,Critical Thinking Activity,5.786953537071785,83.9,0.72,3.495782892674324,8.34626783509537,83.2,90.6,71.5,71.54626783509538,98.5
10437,static,2,68.16942425711552,Low,Application Skills,Application Exercise,Application Exercise,3.5972101674442074,39.3,0.72,1.017866588980013,2.4315701847855866,92.8,75.8,66.13157018478559,92.0,71.3
10440,static,2,93.19280171361362,Low,Critical Thinking,Critical Thinking Activity,Practice Questions,6.002423289673294,79.5,0.72,3.4357870910089936,8.207713606299261,100.0,98.50771360629926,97.6,92.8,97.4
10446,static,2,71.23879543775936,Low,Problem Solving,Practice Questions,Practice Questions,4.0271140144101185,44.4,0.72,1.2873878081266266,3.075426430524719,84.9,77.87542643052471,88.1,89.2,75.7
10452,static,2,80.73630606711059,Low,Critical Thinking,Critical Thinking Activity,Concept Review,5.3522984210787685,64.1,0.72,2.4701927672962727,5.893159086389401,72.1931590863894,100.0,72.9,70.9,80.0
10463,static,2,61.79550927488103,Medium,Application Skills,Application Exercise,Advanced Practice,4.0183408591144545,49.5,0.72,1.4321366821883914,3.423549215721259,64.9,68.9,54.1,69.0,59.32354921572126
10480,static,2,98.80390566931081,Low,Conceptual Understanding,Concept Review,Concept Review,5.805397495363804,87.1,0.72,0.0,0.0,100.0,100.0,98.3,100.0,100.0
10487,static,2,48.90550176296479,Medium,Problem Solving,Practice Questions,Practice Questions,3.06779054374536,42.2,0.72,0.9321174788115902,2.2267250882721323,52.8,32.42672508827213,40.6,39.9,45.5
10494,static,2,62.97053105142271,Medium,Advanced Topics,Advanced Practice,Advanced Practice,4.226377714691611,46.9,0.72,1.427163226697063,3.4115377844631904,80.9,62.3,69.7,75.5,61.611537784463195
10495,static,2,29.449897625809243,High,Advanced Topics,Advanced Practice,Advanced Practice,1.386321726661706,19.1,0.72,0.19064696385051783,0.45555420512462125,40.0,33.5,39.1,17.6,9.855554205124623
10500,static,2,78.38802891867903,Low,Advanced Topics,Advanced Practice,Advanced Practice,4.008978748912727,44.4,0.72,1.2815903264524207,3.0634499661129864,97.8,98.0,98.5,84.3,81.76344996611299
10514,static,2,44.25452605179527,Medium,Advanced Topics,Advanced Practice,Application Exercise,2.952505760633601,25.1,0.72,0.5335768410617043,1.274655786980738,56.4,59.1,49.37465578698074,48.6,49.6
10522,static,2,46.06387425247432,Medium,Problem Solving,Practice Questions,Practice Questions,0.7791724716905271,0.0,0.72,0.0,0.0,45.4,44.0,55.0,44.8,45.7
10523,static,2,73.64258233984408,Low,Application Skills,Application Exercise,Application Exercise,3.8990945266919765,42.0,0.72,1.1790861848716536,2.816705886082284,95.0,94.6,76.31670588608227,100.0,87.9
10527,static,2,86.14731451065633,Low,Conceptual Understanding,Concept Review,Concept Review,4.765206630827659,69.3,0.72,2.377647500517768,5.67176110188995,86.77176110188994,100.0,87.2,82.5,89.0
10528,static,2,64.60009082725684,Medium,Application Skills,Application Exercise,Application Exercise,4.2629859962548755,64.7,0.72,1.985869396495371,4.744021336072276,68.9,73.2,63.34402133607228,64.8,64.1
10529,static,2,77.27467776889058,Low,Advanced Topics,Advanced Practice,Advanced Practice,4.569343033590004,45.1,0.72,1.483757069867346,3.5467335500707406,75.9,99.5,75.6,72.9,71.24673355007074
10530,static,2,68.43812940431326,Low,Application Skills,Application Exercise,Application Exercise,3.1289109876187076,34.4,0.72,0.7749686734134014,1.8513140531542367,100.0,81.9,69.95131405315422,85.2,74.1
10535,static,2,69.49384172976625,Low,Critical Thinking,Critical Thinking Activity,Practice Questions,5.05928472893088,71.8,0.72,2.6154478334681075,6.248014268840479,79.6,79.04801426884048,79.9,74.2,81.9
10543,static,2,78.75622726089264,Low,Advanced Topics,Advanced Practice,Advanced Practice,5.087806247524971,70.7,0.72,2.589896892240111,6.193006997541968,100.0,100.0,100.0,87.0,73.19300699754196
10544,static,2,68.91651717031465,Low,Application Skills,Application Exercise,Application Exercise,2.8471969117804394,34.1,0.72,0.6990437857803335,1.6699379326974635,83.3,88.2,76.96993793269746,89.4,81.5
10549,static,2,67.22071676849687,Medium,Advanced Topics,Advanced Practice,Advanced Practice,3.2136881675086593,31.7,0.72,0.7334921873521765,1.752996487299962,69.5,71.8,66.4,63.4,59.75299648729996
10550,static,2,55.519308275858755,Medium,Advanced Topics,Advanced Practice,Advanced Practice,2.2332410227975723,27.5,0.72,0.44218172251391935,1.0567231167027136,65.0,55.7,74.9,63.6,56.656723116702715
10555,static,2,85.69988591479583,Low,Application Skills,Application Exercise,Application Exercise,4.388549457616028,44.8,0.72,1.4155705130486258,3.381640670060606,97.1,97.5,78.8816406700606,78.8,83.4
10560,static,2,43.76126981299692,Medium,Advanced Topics,Advanced Practice,Advanced Practice,1.9484623374954457,21.7,0.72,0.30442775561028845,0.727461419713885,62.5,55.4,61.7,44.3,43.32746141971389
10571,static,2,60.81275430691264,Medium,Critical Thinking,Critical Thinking Activity,Critical Thinking Activity,3.0843311727356317,37.1,0.72,0.8238865428611419,1.9676761209621734,66.1,59.0,71.8,55.96767612096217,57.6
10579,static,2,61.169262549680695,Medium,Advanced Topics,Advanced Practice,Application Exercise,3.1001019298948425,35.3,0.72,0.787921906502073,1.8822578877549523,76.8,99.1,57.28225788775495,68.3,55.7
10584,static,2,71.6494677147224,Low,Problem Solving,Practice Questions,Practice Questions,3.652329367204233,39.2,0.72,1.0308334405997228,2.462546552543782,72.8,71.66254655254379,100.0,92.4,72.3
10585,static,2,81.16225978697086,Low,Advanced Topics,Advanced Practice,Advanced Practice,4.767838932236817,57.8,0.72,1.9841838500396733,4.743771089544999,96.8,84.2,91.9,76.5,73.04377108954499
10590,static,2,85.93010108534011,Low,Problem Solving,Practice Questions,Practice Questions,3.9192834397090635,56.6,0.72,1.5971863873502377,3.815500814225568,100.0,87.51550081422556,100.0,90.2,100.0
10591,static,2,69.05378130928776,Medium,Advanced Topics,Advanced Practice,Advanced Practice,5.848377223812884,83.4,0.72,3.5118335553551607,8.399030099619724,58.5,72.9,55.1,59.1,55.69903009961972
10596,static,2,77.26936035932222,Low,Advanced Topics,Advanced Practice,Advanced Practice,5.43901725122506,75.7,0.72,2.9644819626077066,7.089210498927996,86.6,79.5,92.5,92.1,62.489210498927996
10600,static,2,36.37228288648067,Medium,Advanced Topics,Advanced Practice,Advanced Practice,1.1570502737419126,17.0,0.72,0.1416229535060101,0.3384006997615789,39.8,45.1,36.8,41.9,33.43840069976158
10602,static,2,37.10902628865889,Medium,Advanced Topics,Advanced Practice,Advanced Practice,0.5779218013066401,9.2,0.72,0.03828154011855184,0.09146192929275654,53.6,57.2,55.9,57.1,47.19146192929276
10605,static,2,74.59739620473843,Low,Problem Solving,Practice Questions,Application Exercise,3.847363390660415,56.9,0.72,1.5761878338857587,3.7653376031715347,100.0,76.1,81.36533760317153,80.7,99.9
10614,static,2,68.97976113006241,Low,Advanced Topics,Advanced Practice,Advanced Practice,2.8979269101877536,35.4,0.72,0.7386236108686546,1.7653502488776898,74.2,79.0,78.5,91.0,61.165350248877694
10618,static,2,80.21416654116065,Low,Application Skills,Application Exercise,Application Exercise,2.638783398351885,42.3,0.72,0.80366787180205,1.9198732493048973,79.9,95.1,75.7198732493049,89.0,100.0
10622,static,2,57.48257277113877,Medium,Critical Thinking,Critical Thinking Activity,Critical Thinking Activity,2.6908304566201386,39.4,0.72,0.7633347839340009,1.823032694960422,65.7,46.9,62.4,43.92303269496042,62.6
10627,static,2,90.98657816684255,Low,Conceptual Understanding,Concept Review,Concept Review,4.564894095782291,54.3,0.72,0.0,0.0,100.0,100.0,100.0,98.3,100.0
10636,static,2,54.97233394724168,Medium,Advanced Topics,Advanced Practice,Advanced Practice,4.233204224226683,51.0,0.72,1.5544325911360382,3.7159767004832465,57.8,66.4,48.6,49.2,47.915976700483256
10637,static,2,46.92747274289874,Medium,Critical Thinking,Critical Thinking Activity,Critical Thinking Activity,2.1189465379637653,23.8,0.72,0.36310267874547086,0.8672713371266431,62.0,50.8,63.5,47.767271337126644,47.1
10644,static,2,85.32167040984723,Low,Advanced Topics,Advanced Practice,Advanced Practice,5.573571706842618,71.4,0.72,2.865261743053653,6.851530446216968,99.3,81.1,100.0,76.0,73.25153044621698
10645,static,2,55.5106573674634,Medium,Problem Solving,Practice Questions,Practice Questions,1.2860898281446436,10.5,0.72,0.09722839100773503,0.2322678229629226,85.5,51.032267822962915,68.8,96.7,65.2
10650,static,2,63.40853640988781,Medium,Advanced Topics,Advanced Practice,Advanced Practice,2.234853902729226,24.6,0.72,0.39583732325140053,0.9459317675339409,76.0,71.8,75.8,55.6,54.145931767533945
10651,static,2,77.46055468625356,Low,Problem Solving,Practice Questions,Practice Questions,3.434919804139411,44.5,0.72,1.1005483052462672,2.629087618088305,98.9,91.02908761808831,100.0,97.1,95.1
10653,static,2,85.18310707000299,Low,Problem Solving,Advanced Practice,Application Exercise,5.381195164843867,75.4,0.72,0.14257884570773172,4.200000000000008,100.0,96.0,100.0,98.7,95.9
10657,static,2,77.01252323036418,Low,Critical Thinking,Critical Thinking Activity,Critical Thinking Activity,4.1025997646737,53.6,0.72,1.5832753011828744,3.7808883810307528,86.5,98.4,100.0,86.18088838103077,90.7
10661,static,2,50.02716614778863,Medium,Advanced Topics,Advanced Practice,Practice Questions,2.53074432350459,26.3,0.72,0.47922174509882914,1.1448075021805364,53.8,47.54480750218053,52.6,58.4,44.5
10663,static,2,90.72290398843776,Low,Critical Thinking,Critical Thinking Activity,Critical Thinking Activity,4.522838848475491,68.6,0.72,2.2339205640390145,5.334095730857481,100.0,100.0,100.0,85.23409573085749,100.0
10669,static,2,81.74077551189256,Low,Critical Thinking,Critical Thinking Activity,Advanced Practice,4.623817826090277,58.3,0.72,1.9408937706796545,4.6403055081741025,86.1,89.1,97.4,75.5,83.0403055081741
10671,static,2,62.96956233908915,Medium,Application Skills,Application Exercise,Application Exercise,3.246279218207525,49.0,0.72,1.1452873081836148,2.735964125105302,66.1,68.1,67.4359641251053,76.7,72.7
10678,static,2,70.41147610265342,Low,Critical Thinking,Critical Thinking Activity,Critical Thinking Activity,2.6884993379653683,41.7,0.72,0.8071950412307223,1.9277516733917552,86.9,80.0,82.0,82.22775167339175,88.4
10679,static,2,45.211128435388375,Medium,Advanced Topics,Application Exercise,Application Exercise,1.9068501639822413,24.5,0.72,0.3363683689264673,0.8035466591021164,68.4,50.7,43.80354665910211,49.4,41.9
10680,static,2,81.01480547768239,Low,Conceptual Understanding,Concept Review,Concept Review,4.830643572296031,58.8,0.72,2.045101262767248,4.879551522138879,85.17955152213888,99.1,93.2,89.5,93.5
10688,static,2,86.64195706503835,Low,Critical Thinking,Critical Thinking Activity,Critical Thinking Activity,5.199253191226603,70.0,0.72,2.620423608378208,6.256917741093239,98.8,92.1,92.2,81.35691774109323,100.0
10690,static,2,83.67603854475,Low,Advanced Topics,Advanced Practice,Advanced Practice,4.812649232856822,65.6,0.72,2.273110485662934,5.435119334083981,100.0,95.6,89.7,100.0,87.135119334084
10693,static,2,71.41399189209702,Low,Critical Thinking,Critical Thinking Activity,Critical Thinking Activity,4.78840500233261,65.6,0.72,2.261659450701738,5.400440162568213,72.9,77.2,65.8,67.80044016256822,89.7
10698,static,2,74.78463220427582,Low,Critical Thinking,Critical Thinking Activity,Concept Review,3.526040443700983,49.8,0.72,1.2642970614934246,3.01713936376379,89.21713936376379,99.7,89.7,86.4,91.2
10714,static,2,58.183728896600215,Medium,Conceptual Understanding,Concept Review,Concept Review,2.139233288837823,22.3,0.72,0.34347529685580086,0.8201436792512296,55.22014367925123,66.9,54.2,76.0,61.2
10715,static,2,51.305589715512625,Medium,Application Skills,Application Exercise,Concept Review,2.999071465869632,39.2,0.72,0.8464579305270449,2.0204459947987194,51.82044599479872,64.1,53.5,69.9,51.7
10717,static,2,100.66062487003987,Low,Conceptual Understanding,Concept Review,Concept Review,6.511328880250151,100.0,0.72,0.0,0.0,100.0,100.0,100.0,100.0,100.0
10722,static,2,67.02485695984834,Medium,Problem Solving,Practice Questions,Advanced Practice,4.645372746339496,70.6,0.72,2.3613358744192925,5.646460081270808,67.5,58.8,64.5,65.9,65.8464600812708
10738,static,2,85.21149863367096,Low,Critical Thinking,Critical Thinking Activity,Critical Thinking Activity,4.997361293713764,68.1,0.72,2.4503061895337326,5.85079544474948,100.0,96.5,100.0,97.45079544474947,97.1
10741,static,2,35.524717142803055,High,Advanced Topics,Advanced Practice,Advanced Practice,1.6519993293501574,9.3,0.72,0.11061787509328655,0.26428764803112564,58.6,37.4,42.7,56.4,28.964287648031124
10742,static,2,68.11192225858906,Low,Advanced Topics,Advanced Practice,Advanced Practice,4.581238512284463,64.1,0.72,2.114333198189525,5.055370396976953,73.7,83.2,68.9,61.1,62.055370396976954
10750,static,2,95.29874627909558,Low,Conceptual Understanding,Concept Review,Concept Review,5.382268563969849,60.3,0.72,0.0,0.0,100.0,100.0,100.0,100.0,100.0
10754,static,2,63.26661750887908,Medium,Application Skills,Application Exercise,Application Exercise,2.6259900764483315,38.5,0.72,0.7279244491914776,1.7389306286240853,77.6,96.6,60.838930628624084,80.4,77.8
10762,static,2,36.543614879711676,Medium,Advanced Topics,Advanced Practice,Advanced Practice,2.0598593754010364,32.2,0.72,0.47755779759297623,1.1413385499694741,35.8,40.3,53.4,54.5,12.941338549969474
10765,static,2,52.978285407640826,Medium,Application Skills,Application Exercise,Application Exercise,2.8325998057124857,36.8,0.72,0.7505256445215801,1.7929223730237749,64.8,70.8,56.592922373023775,59.7,65.2
10768,static,2,53.75377212454366,Medium,Advanced Topics,Advanced Practice,Advanced Practice,4.392608309380732,57.7,0.72,1.8248651960491316,4.362867291848213,50.6,60.6,54.4,49.9,49.562867291848214
10788,static,2,86.55677034190126,Low,Problem Solving,Practice Questions,Practice Questions,4.0695653159565035,58.3,0.72,1.7082407370259016,4.0807973162285425,100.0,77.48079731622855,100.0,100.0,88.9
10801,static,2,76.20597354534286,Low,Conceptual Understanding,Concept Review,Practice Questions,3.800887180197734,46.0,0.72,1.2588538340814894,3.007261936972447,81.2,79.70726193697246,79.8,84.7,88.3
10803,static,2,99.48594853429978,Low,Conceptual Understanding,Concept Review,Concept Review,5.370773753310041,73.3,0.72,0.0,0.0,100.0,100.0,100.0,100.0,100.0
10811,static,2,73.17608919258316,Low,Advanced Topics,Advanced Practice,Practice Questions,3.8723800708500247,45.3,0.72,1.2630154839084438,3.0172036560035047,75.9,69.5172036560035,76.2,72.6,67.4
10812,static,2,68.23146074024172,Low,Advanced Topics,Advanced Practice,Advanced Practice,4.53840243083067,54.2,0.72,1.7710661646073609,4.234040797912602,82.1,73.8,75.3,73.5,62.634040797912604
10817,static,2,88.27462959723341,Low,Application Skills,Concept Review,Concept Review,3.6320838343235726,47.7,0.72,0.0,0.0,100.0,100.0,95.8,100.0,94.1
10821,static,2,79.83544727185976,Low,Conceptual Understanding,Concept Review,Concept Review,4.19467957105739,59.4,0.72,1.7939805589498241,4.280331593192686,74.68033159319269,89.5,81.4,66.8,86.1
10823,static,2,41.77182636989339,Medium,Problem Solving,Guided Review,Practice Questions,2.1349421279257874,20.3,0.72,0.31204314141763306,0.745436393386568,44.9,29.245436393386566,32.6,35.2,27.8
10824,static,2,40.72830063433605,Medium,Problem Solving,Practice Questions,Practice Questions,1.6408532280664132,16.5,0.72,0.19493336349428989,0.46567414612524805,54.3,42.36567414612525,58.2,51.7,40.8
10827,static,2,81.20482680363158,Low,Advanced Topics,Advanced Practice,Advanced Practice,5.401444429979829,59.9,0.72,2.3295349537617005,5.569595094503353,86.9,93.7,88.6,97.5,74.06959509450334
10830,static,2,81.77344468366444,Low,Advanced Topics,Advanced Practice,Advanced Practice,4.38189955757354,59.6,0.72,1.8803607381459573,4.495663219086669,95.8,96.1,100.0,91.0,84.59566321908666
10838,static,2,64.74482225596614,Medium,Conceptual Understanding,Concept Review,Concept Review,3.179735954748432,42.8,0.72,0.9798674318152767,2.3387118108501115,65.2387118108501,74.3,79.3,75.5,74.8
10846,static,2,66.63802219574569,Medium,Conceptual Understanding,Concept Review,Practice Questions,3.555260669706923,53.0,0.72,1.3566874715601618,3.240975626504831,75.1,74.04097562650483,94.8,73.4,74.5
10850,static,2,48.80521478994437,Medium,Conceptual Understanding,Concept Review,Concept Review,2.349231340766243,23.9,0.72,0.40425572911905505,0.9652419054905987,46.1652419054906,48.6,51.4,83.0,47.7
10860,static,2,98.23811385268056,Low,Conceptual Understanding,Concept Review,Concept Review,6.034688430708864,80.9,0.72,0.0,0.0,100.0,100.0,100.0,100.0,100.0
10866,static,2,104.12216413782772,Low,Conceptual Understanding,Concept Review,Concept Review,6.1325647464936806,83.9,0.72,0.0,0.0,100.0,100.0,100.0,100.0,100.0
10867,static,2,81.45383877548129,Low,Application Skills,Application Exercise,Concept Review,5.286617215910285,72.7,0.72,2.7672269154960794,6.600618059361011,92.40061805936101,96.8,88.2,88.7,92.0
10868,static,2,90.09009379021992,Low,Application Skills,Application Exercise,Application Exercise,5.957077279903812,91.4,0.72,3.9202334163591006,9.365002050191185,100.0,92.9,93.46500205019117,94.3,99.5
10880,static,2,63.562824236546675,Medium,Advanced Topics,Advanced Practice,Advanced Practice,4.2427941397347215,51.4,0.72,1.5701732552330256,3.753626529974605,77.3,72.3,70.1,70.2,60.353626529974605
10884,static,2,96.80298636017697,Low,Conceptual Understanding,Concept Review,Critical Thinking Activity,5.385335560825377,71.0,0.72,1.8795904940549093,5.7,100.0,100.0,100.0,100.0,100.0
10885,static,2,56.486913951774795,Medium,Critical Thinking,Critical Thinking Activity,Critical Thinking Activity,3.3378990812340765,31.8,0.72,0.7642453736393541,1.8253018668955168,70.5,73.2,62.8,56.925301866895516,61.1
10893,static,2,62.896305988241224,Medium,Problem Solving,Practice Questions,Practice Questions,3.7790393653222303,45.1,0.72,1.2271296627074346,2.9314764164677607,65.5,52.23147641646776,75.6,59.0,71.6
10894,static,2,46.44602764650169,Medium,Advanced Topics,Advanced Practice,Advanced Practice,1.92570053101058,13.6,0.72,0.188564595996556,0.45054422211389766,54.0,61.0,70.5,46.1,39.6505442221139
10900,static,2,100.67709792724179,Low,Conceptual Understanding,Concept Review,Critical Thinking Activity,6.492620087005345,87.9,0.72,4.109049400663943,9.810189759309644,100.0,100.0,100.0,99.51018975930965,100.0
10902,static,2,85.41622604872867,Low,Application Skills,Application Exercise,Critical Thinking Activity,4.9535076141761225,61.0,0.72,2.1755805441461527,5.19506170294149,93.2,100.0,85.6,88.6950617029415,98.1
10903,static,2,44.66093581287984,Medium,Advanced Topics,Advanced Practice,Advanced Practice,1.573057684926706,28.4,0.72,0.3216588354138128,0.7687078063069627,61.9,57.2,55.9,59.0,40.368707806306965
10915,static,2,74.19485339151505,Low,Advanced Topics,Advanced Practice,Advanced Practice,3.820833678508306,36.2,0.72,0.9958620899664049,2.3801903232427892,83.2,80.8,90.5,93.6,67.98019032324278
10918,static,2,38.18715980318528,High,Application Skills,Application Exercise,Application Exercise,1.8917151855780479,24.4,0.72,0.3323365238023514,0.7939150290833951,53.8,58.4,26.593915029083394,39.0,30.7
10925,static,2,73.92703060504071,Low,Application Skills,Application Exercise,Application Exercise,2.717052478843144,41.6,0.72,0.8138115584630986,1.9441053896618468,81.1,94.4,81.74410538966184,91.4,95.3
10937,static,2,74.17157230948838,Low,Application Skills,Application Exercise,Application Exercise,4.930273991975931,64.4,0.72,2.2860694445994,5.4611658954319,73.1,75.2,71.4611658954319,83.1,74.2
10939,static,2,101.57599107909621,Low,Conceptual Understanding,Concept Review,Concept Review,5.80795881648581,76.5,0.72,0.0,0.0,100.0,100.0,100.0,100.0,100.0
10942,static,2,55.97692376645206,Medium,Advanced Topics,Advanced Practice,Advanced Practice,3.5349601467628506,42.5,0.72,1.0816978049094321,2.5855690742503543,77.8,70.9,71.7,78.1,55.68556907425035
10943,static,2,57.633395645948646,Medium,Application Skills,Application Exercise,Application Exercise,2.623517398093341,39.1,0.72,0.7385726179112374,1.7643679205657339,68.8,55.8,53.56436792056573,61.1,63.0
10948,static,2,49.79764659710714,Medium,Advanced Topics,Advanced Practice,Advanced Practice,2.6739055390133686,35.2,0.72,0.6776746198075482,1.6196744103056722,52.8,52.5,54.6,68.5,30.51967441030567
10949,static,2,92.05120895210861,Low,Conceptual Understanding,Concept Review,Concept Review,4.712820022042393,63.9,0.72,0.0,0.7000000000000028,100.0,100.0,100.0,100.0,100.0
10960,static,2,68.00679888731666,Low,Conceptual Understanding,Concept Review,Concept Review,3.2402053400329294,45.7,0.72,1.066157165084435,2.5445117085476596,70.14451170854765,80.7,85.7,87.2,95.3
10974,static,2,72.09867831212992,Low,Advanced Topics,Advanced Practice,Advanced Practice,4.3379980111042045,51.0,0.72,1.5929128696774637,3.8079664202713133,100.0,90.3,79.1,83.9,71.90796642027131
10975,static,2,59.235161025261554,Medium,Application Skills,Application Exercise,Application Exercise,3.7813525242192974,45.6,0.72,1.2414936607516798,2.9657904117956795,82.0,66.3,57.36579041179568,64.5,61.4
10978,static,2,65.39991453221349,Medium,Advanced Topics,Advanced Practice,Advanced Practice,3.870640628205714,54.5,0.72,1.518839382507922,3.631063956767839,82.2,69.0,72.5,70.3,59.73106395676784
10979,static,2,44.61222385953046,Medium,Advanced Topics,Advanced Practice,Advanced Practice,2.509660203861622,29.0,0.72,0.5240170505663067,1.2523185533672583,49.6,50.8,40.4,37.0,29.95231855336726
10986,static,2,74.90352725898485,Low,Problem Solving,Practice Questions,Practice Questions,3.4775910617235612,28.3,0.72,0.7085939547367929,1.6927522252045608,100.0,76.19275222520457,89.2,77.6,80.0
10987,static,2,93.78647310243619,Low,Critical Thinking,Critical Thinking Activity,Critical Thinking Activity,6.120979271574464,79.6,0.72,3.508055640124757,8.375814373902099,100.0,97.2,100.0,91.97581437390208,97.4
10990,static,2,56.26396552804658,Medium,Advanced Topics,Advanced Practice,Advanced Practice,3.292873064460458,46.4,0.72,1.1000830333749496,2.629656436120124,60.1,49.0,58.1,59.4,49.52965643612012
10996,static,2,78.76392034310346,Low,Conceptual Understanding,Concept Review,Concept Review,4.108065151922141,53.8,0.72,1.5913001172485606,3.7971894484605726,88.49718944846057,94.2,90.7,92.3,87.4
10999,static,2,89.19077146764802,Low,Critical Thinking,Critical Thinking Activity,Critical Thinking Activity,5.54604714631268,81.0,0.72,3.234454695729555,7.722492697938305,100.0,100.0,95.3,83.3224926979383,97.6
10011,static,3,53.39284508163857,Medium,Advanced Topics,Advanced Practice,Advanced Practice,2.1904772126553556,30.0,0.5,0.3285715818983033,1.459903452865572,56.2,55.5,63.5,59.4,38.859903452865574
10024,static,3,98.38600501553194,Low,Conceptual Understanding,Concept Review,Application Exercise,6.5539225628509135,86.8,0.5,2.0152557705660996,11.8,100.0,100.0,100.0,94.6,100.0
10026,static,3,90.51712868329531,Low,Conceptual Understanding,Concept Review,Critical Thinking Activity,5.532085664785282,76.4,0.5,2.113256723947978,9.374398363316729,88.2,87.3,100.0,91.07439836331673,100.0
10031,static,3,78.78060204450897,Low,Critical Thinking,Critical Thinking Activity,Critical Thinking Activity,3.215683130863696,22.4,0.5,0.36015651065673393,1.5986717897720044,95.7,100.0,93.6,83.09867178977201,96.2
10040,static,3,82.62468758172186,Low,Critical Thinking,Critical Thinking Activity,Critical Thinking Activity,4.150117875089399,59.2,0.5,1.2284348910264622,5.450438702959752,95.6,100.0,77.4,70.05043870295975,93.8
10045,static,3,90.43342259703348,Low,Conceptual Understanding,Concept Review,Concept Review,5.113086425485101,65.0,0.5,1.661753088282658,7.360914841945032,88.76091484194502,100.0,99.8,100.0,92.2
10055,static,3,64.80858550002644,Medium,Advanced Topics,Advanced Practice,Advanced Practice,4.237462634989745,68.6,0.5,1.4534496838014825,6.46390460296826,72.1,58.6,57.6,57.4,45.16390460296826
10056,static,3,96.49297271055661,Low,Conceptual Understanding,Concept Review,Concept Review,5.767919157307695,71.9,0.5,0.0,0.0,100.0,100.0,96.1,98.2,100.0
10060,static,3,88.73298895445015,Low,Critical Thinking,Critical Thinking Activity,Concept Review,5.156252697778985,69.3,0.5,1.7866415597804182,7.912897107594449,93.31289710759445,85.0,99.7,83.9,85.6
10061,static,3,52.609286000094116,Medium,Advanced Topics,Advanced Practice,Advanced Practice,3.01767021280168,36.9,0.5,0.55676015426191,2.474194820549094,56.1,42.0,48.8,62.1,35.87419482054909
10064,static,3,93.1335510964511,Low,Critical Thinking,Critical Thinking Activity,Practice Questions,5.577836792307641,75.3,0.5,0.1758089000748413,7.400000000000006,100.0,100.0,100.0,94.4,100.0
10067,static,3,83.45093698221581,Low,Critical Thinking,Critical Thinking Activity,Practice Questions,5.359086844259635,75.9,0.5,2.0337734573965314,9.029954150840599,100.0,93.02995415084061,97.3,88.1,94.9
10068,static,3,56.3537187944927,Medium,Critical Thinking,Critical Thinking Activity,Critical Thinking Activity,3.1658302091539077,45.0,0.5,0.7123117970596292,3.160983756151956,59.4,53.7,68.2,46.06098375615195,63.9
10071,static,3,84.44421270037027,Low,Critical Thinking,Critical Thinking Activity,Critical Thinking Activity,4.659897229499293,56.0,0.5,1.3047712242598022,5.789353830530201,78.0,92.0,90.1,80.3893538305302,89.8
10073,static,3,79.39123340465373,Low,Advanced Topics,Advanced Practice,Practice Questions,4.057411843560421,57.7,0.5,1.1705633168671816,5.197301126890287,95.0,89.49730112689029,92.1,96.6,85.8
10077,static,3,68.00727097560042,Medium,Advanced Topics,Advanced Practice,Advanced Practice,3.399687964746767,45.0,0.5,0.7649297920680226,3.399941201065245,77.4,71.9,67.3,71.5,62.99994120106525
10079,static,3,52.96006547406917,Medium,Critical Thinking,Critical Thinking Activity,Critical Thinking Activity,3.4085645687314234,33.4,0.5,0.5692302829781477,2.5263854661737133,65.5,60.3,61.1,49.82638546617371,54.3
10087,static,3,66.44852832189878,Medium,Problem Solving,Practice Questions,Practice Questions,3.66276761403065,48.7,0.5,0.8918839140164634,3.959964578233097,62.0,51.3599645782331,76.5,66.2,56.2
10089,static,3,80.66762047045982,Low,Advanced Topics,Advanced Practice,Advanced Practice,3.370960461116238,36.0,0.5,0.6067728830009228,2.696389140144992,84.1,98.0,94.7,92.9,79.996389140145
10097,static,3,80.86762382053394,Low,Application Skills,Application Exercise,Concept Review,5.811744340344241,77.2,0.5,2.243333315372877,9.932725763800194,88.3327257638002,92.2,80.2,87.7,83.5
10102,static,3,55.51241353254467,Medium,Advanced Topics,Advanced Practice,Advanced Practice,4.092961489023632,53.9,0.5,1.1030531212918688,4.903866865711512,63.5,55.6,61.4,60.0,45.80386686571151
10108,static,3,80.37299367053376,Low,Critical Thinking,Critical Thinking Activity,Critical Thinking Activity,4.582015045943258,58.0,0.5,1.3287843633235448,5.895762465352606,88.3,92.9,87.7,88.6957624653526,93.4
10111,static,3,67.87070794623963,Low,Advanced Topics,Advanced Practice,Critical Thinking Activity,3.0409363965461806,31.4,0.5,0.47742701425775036,2.118989794141589,92.2,82.6,83.5,65.8189897941416,66.1
10121,static,3,100.72704168122517,Low,Conceptual Understanding,Concept Review,Concept Review,6.563404781438525,88.9,0.5,0.0,0.0,100.0,100.0,100.0,100.0,100.0
10137,static,3,60.03029132338959,Medium,Advanced Topics,Advanced Practice,Advanced Practice,2.738556633034604,31.9,0.5,0.43679978296901933,1.9408691995373861,74.3,65.1,84.3,62.8,54.34086919953739
10138,static,3,58.84342032495459,Medium,Advanced Topics,Advanced Practice,Advanced Practice,3.4229037424969713,35.3,0.5,0.6041425105507154,2.6846553281769228,75.4,49.5,56.3,48.6,46.48465532817692
10140,static,3,62.203301795463794,Medium,Advanced Topics,Advanced Practice,Advanced Practice,3.6635469464288586,41.0,0.5,0.7510271240179159,3.337827798420457,70.5,70.0,81.7,67.3,58.93782779842046
10159,static,3,56.56952814604762,Medium,Advanced Topics,Advanced Practice,Advanced Practice,2.9070353693848396,43.0,0.5,0.6250126044177405,2.777907899728595,63.9,58.2,63.6,65.4,54.677907899728595
10169,static,3,76.30044738144433,Low,Critical Thinking,Critical Thinking Activity,Critical Thinking Activity,3.1960160843242305,46.5,0.5,0.7430737396053836,3.2974357986313207,83.5,87.0,90.0,84.59743579863132,93.1
10175,static,3,72.72857678822334,Low,Application Skills,Application Exercise,Advanced Practice,4.3311950709525115,42.6,0.5,0.9225445501128849,4.10026817362093,100.0,90.7,67.6,77.0,67.60026817362095
10185,static,3,86.06277300693615,Low,Problem Solving,Practice Questions,Advanced Practice,4.397506367293971,57.3,0.5,1.2598855742297226,5.601555677018506,100.0,92.0,96.2,100.0,95.40155567701851
10199,static,3,70.70458945753786,Low,Conceptual Understanding,Concept Review,Advanced Practice,3.5768677384048004,48.7,0.5,0.8709672943015689,3.871596541411117,64.6,80.2,77.4,81.0,67.1715965414111
10200,static,3,57.1492814407891,Medium,Advanced Topics,Advanced Practice,Advanced Practice,3.189261540385897,47.6,0.5,0.7590442466118436,3.3739909824237295,64.5,63.0,90.8,69.1,45.873990982423734
10209,static,3,59.43912381469476,Medium,Problem Solving,Practice Questions,Practice Questions,3.53061817731258,50.1,0.5,0.8844198534168013,3.9268241491705975,72.8,54.1268241491706,64.9,56.9,65.5
10210,static,3,41.66123861994527,Medium,Problem Solving,Practice Questions,Practice Questions,2.7927041323359623,39.1,0.5,0.5459736578716806,2.424123040950262,61.6,27.024123040950265,48.6,58.3,33.6
10211,static,3,66.71077647557489,Medium,Advanced Topics,Advanced Practice,Advanced Practice,3.658869796004709,61.4,0.5,1.1232730273734457,4.994654706212395,82.9,72.0,74.5,67.5,59.79465470621239
10214,static,3,67.44685057965933,Low,Critical Thinking,Critical Thinking Activity,Critical Thinking Activity,4.503570627712639,66.2,0.5,1.4906818777728836,6.613454986604184,73.8,73.1,84.2,73.91345498660418,71.0
10216,static,3,62.26162229861572,Medium,Conceptual Understanding,Concept Review,Critical Thinking Activity,3.5968532661465753,58.9,0.5,1.0592732868801664,4.699902786266554,75.0,73.8,79.9,79.99990278626656,79.3
10219,static,3,87.36099028843657,Low,Conceptual Understanding,Concept Review,Application Exercise,3.0746388483289873,44.1,0.5,0.6779578660565417,3.010132925291045,88.5,93.1,86.21013292529106,100.0,99.1
10222,static,3,69.72120053881834,Low,Problem Solving,Practice Questions,Critical Thinking Activity,4.49167578439771,59.4,0.5,1.3340277079661198,5.918929148221448,83.3,67.4,77.5,69.61892914822145,72.2
10236,static,3,50.716518708101205,Medium,Problem Solving,Practice Questions,Practice Questions,2.703005033342923,32.4,0.5,0.43788681540155355,1.9442174603828977,79.4,47.2442174603829,45.2,59.7,48.4
10238,static,3,58.4127376221578,Medium,Critical Thinking,Critical Thinking Activity,Critical Thinking Activity,2.472004869327616,21.8,0.5,0.26944853075671016,1.1960434007349163,51.7,60.5,67.2,54.396043400734925,72.0
10245,static,3,66.08725332245098,Medium,Critical Thinking,Critical Thinking Activity,Critical Thinking Activity,3.2539382398534427,38.6,0.5,0.6280100802917145,2.7870936571284677,93.4,69.4,69.4,64.98709365712847,88.1
10248,static,3,50.199790291344414,Medium,Problem Solving,Practice Questions,Practice Questions,1.0213799780987074,10.6,0.5,0.05413313883923149,0.2403511364461878,85.5,45.34035113644619,71.2,61.4,59.9
10255,static,3,57.89838103465901,Medium,Application Skills,Application Exercise,Application Exercise,1.6573524916554168,29.0,0.5,0.2403161112900354,1.0670035341277573,88.7,100.0,61.66700353412776,80.3,71.7
10257,static,3,61.598148261787,Medium,Advanced Topics,Advanced Practice,Practice Questions,3.928543180956106,40.3,0.5,0.7916014509626553,3.5147104422741893,59.7,65.5147104422742,73.1,63.2,62.4
10260,static,3,67.87914096863447,Medium,Problem Solving,Practice Questions,Advanced Practice,5.12953916320035,69.4,0.5,1.7799500896305218,7.916096379232607,69.2,65.2,79.7,72.7,69.5160963792326
10261,static,3,52.51777598433469,Medium,Problem Solving,Practice Questions,Advanced Practice,2.501214973736846,34.3,0.5,0.428958367995869,1.9061360980197941,58.4,50.2,65.5,59.8,49.30613609801979
10262,static,3,74.87015993768956,Low,Critical Thinking,Critical Thinking Activity,Advanced Practice,5.118121884568157,61.7,0.5,1.5789406013892764,7.020839546905633,93.8,82.0,77.2,72.6,75.92083954690564
10266,static,3,73.29774711894468,Low,Advanced Topics,Advanced Practice,Advanced Practice,4.31357954139182,58.4,0.5,1.2595652260864114,5.600278705002124,90.8,81.3,88.4,88.4,67.40027870500212
10276,static,3,85.97553699065415,Low,Application Skills,Application Exercise,Application Exercise,5.926190670049348,78.7,0.5,2.3319560286644183,10.353884767270017,100.0,100.0,83.35388476727003,92.0,82.4
10278,static,3,52.75518233410686,Medium,Advanced Topics,Advanced Practice,Advanced Practice,2.866843383928116,32.3,0.5,0.4629952065043907,2.0572851913770767,63.4,66.3,47.3,45.6,29.057285191377076
10281,static,3,57.53313756785884,Medium,Conceptual Understanding,Concept Review,Advanced Practice,3.522583252366086,44.8,0.5,0.7890586485300032,3.5071717830864935,54.5,58.3,67.8,61.4,53.207171783086494
10282,static,3,60.95346678194477,Medium,Problem Solving,Practice Questions,Practice Questions,3.92019239028455,48.4,0.5,0.9486865584488611,4.212168319512943,69.2,51.612168319512946,78.0,63.3,62.4
10290,static,3,64.11977440757231,Medium,Advanced Topics,Advanced Practice,Advanced Practice,3.223233105150068,35.7,0.5,0.5753471092692871,2.5567203448951963,77.2,64.7,90.0,75.1,58.5567203448952
10293,static,3,69.28684779962862,Low,Advanced Topics,Advanced Practice,Advanced Practice,3.7591524775905403,60.9,0.5,1.1446619294263194,5.089699995680883,79.0,80.4,85.2,66.1,59.58969999568088
10295,static,3,79.17606168932058,Low,Advanced Topics,Advanced Practice,Critical Thinking Activity,4.088748567983232,53.5,0.5,1.0937402419355147,4.853139028994565,100.0,92.6,85.4,86.65313902899457,83.7
10297,static,3,72.53717786651208,Low,Advanced Topics,Advanced Practice,Advanced Practice,4.446496731572829,63.2,0.5,1.4050929671770138,6.248041377249347,100.0,80.1,81.0,76.3,57.848041377249345
10299,static,3,66.71969168663021,Medium,Advanced Topics,Advanced Practice,Advanced Practice,3.0398697705741524,40.7,0.5,0.6186134983118401,2.7493155159401104,76.6,80.7,71.1,92.0,72.8493155159401
10300,static,3,108.11705308273854,Low,Conceptual Understanding,Concept Review,Critical Thinking Activity,6.787994019072787,99.0,0.5,0.0,10.700000000000008,100.0,100.0,100.0,100.0,100.0
10308,static,3,63.772440958972496,Low,Critical Thinking,Critical Thinking Activity,Critical Thinking Activity,3.027826156888421,37.2,0.5,0.5631756651812464,2.499401401167084,100.0,67.3,73.5,66.19940140116708,78.3
10310,static,3,75.91118753535119,Low,Critical Thinking,Critical Thinking Activity,Concept Review,4.285289474902662,53.4,0.5,1.1441722897990108,5.070351992085968,76.27035199208598,98.5,87.5,73.3,87.8
10311,static,3,72.61984009116182,Low,Application Skills,Application Exercise,Concept Review,3.83560528401248,46.2,0.5,0.8860248206068829,3.9274006400407746,79.92740064004077,89.4,78.5,83.6,81.3
10313,static,3,70.6252860159213,Low,Advanced Topics,Advanced Practice,Concept Review,5.341997240056962,73.8,0.5,1.9711969815810189,8.728865228022004,80.728865228022,80.4,74.9,83.0,73.2
10315,static,3,42.987998525507884,Medium,Advanced Topics,Advanced Practice,Advanced Practice,1.2037635487048681,12.6,0.5,0.07583710356840669,0.33681805394504105,57.4,43.6,49.2,48.3,29.936818053945043
10319,static,3,66.86621164567842,Low,Application Skills,Application Exercise,Application Exercise,2.7404993901023795,44.8,0.5,0.613871863382933,2.7255910734202224,79.6,74.8,73.22559107342023,80.1,82.1
10320,static,3,92.33818009267809,Low,Application Skills,Application Exercise,Concept Review,5.492377237501431,85.6,0.5,0.0,5.799999999999995,100.0,100.0,100.0,100.0,100.0
10322,static,3,85.53686738402595,Low,Problem Solving,Practice Questions,Practice Questions,4.777003523377642,62.0,0.5,1.4808710922470691,6.575067649576987,97.4,87.87506764957699,90.1,96.3,93.1
10328,static,3,60.716936296889514,Medium,Advanced Topics,Advanced Practice,Advanced Practice,2.5370073993965105,25.7,0.5,0.32600545082245164,1.4483528559148748,78.5,82.9,59.7,62.6,59.24835285591487
10329,static,3,70.24580005678692,Low,Application Skills,Application Exercise,Application Exercise,3.647671759154533,46.2,0.5,0.8426121763646971,3.741198063059255,88.6,66.8,55.54119806305925,86.8,73.6
10333,static,3,75.72093912410125,Low,Advanced Topics,Advanced Practice,Critical Thinking Activity,4.524195601347297,56.0,0.5,1.2667747683772432,5.620761112266464,96.2,78.3,89.0,78.22076111226646,73.9
10347,static,3,70.66924663447809,Low,Advanced Topics,Advanced Practice,Advanced Practice,4.074500669437391,53.3,0.5,1.0858544284050646,4.8273370097217745,83.8,80.5,90.4,76.5,75.22733700972178
10352,static,3,30.33430031419971,High,Advanced Topics,Guided Review,Advanced Practice,1.5540631821185187,17.1,0.5,0.13287240207113335,0.5901944016501903,26.4,36.9,32.6,31.6,28.190194401650192
10356,static,3,75.28271833389164,Low,Advanced Topics,Advanced Practice,Concept Review,4.139505759219166,47.7,0.5,0.9872721235737713,4.3759537609925445,81.67595376099254,83.5,82.2,81.3,78.1
10362,static,3,68.71827912148227,Low,Problem Solving,Practice Questions,Practice Questions,2.4812221607546485,22.1,0.5,0.27417504876338866,1.2173372165094456,88.1,59.11733721650945,77.9,100.0,70.5
10364,static,3,53.76386928773463,Medium,Advanced Topics,Advanced Practice,Advanced Practice,3.37891594123498,30.7,0.5,0.5186635969795694,2.304555484784691,67.1,47.4,61.6,45.3,44.80455548478469
10366,static,3,74.44048525501461,Low,Conceptual Understanding,Concept Review,Concept Review,5.27723253208767,73.0,0.5,1.9261898742119994,8.52981003189085,79.42981003189085,84.4,83.7,82.0,90.8
10371,static,3,74.46978763694298,Low,Advanced Topics,Advanced Practice,Advanced Practice,3.646229107493536,51.4,0.5,0.9370808806258387,4.165751496090583,89.8,79.0,87.5,72.0,69.26575149609057
10372,static,3,51.66160550106966,Medium,Problem Solving,Practice Questions,Practice Questions,1.9360303243190669,11.9,0.5,0.11519380429698449,0.5114604910786111,47.3,36.511460491078616,57.0,55.6,39.8
10378,static,3,96.7041240503948,Low,Critical Thinking,Critical Thinking Activity,Critical Thinking Activity,4.5276409174781715,60.9,0.5,1.3786666593721033,6.116878780739143,100.0,100.0,99.6,88.81687878073915,100.0
10383,static,3,85.21440243944434,Low,Critical Thinking,Critical Thinking Activity,Advanced Practice,5.966442665052195,75.3,0.5,2.2463656633921514,9.991829324176157,98.3,91.7,100.0,88.8,97.99182932417617
10409,static,3,71.67152165303747,Low,Advanced Topics,Critical Thinking Activity,Advanced Practice,2.6428295596193787,31.1,0.5,0.4109599965208134,1.8260181969758769,94.6,89.5,100.0,73.5,74.32601819697588
10412,static,3,50.17707068174934,Medium,Advanced Topics,Advanced Practice,Advanced Practice,2.734818453965173,35.3,0.5,0.48269545712485307,2.1449755781558246,70.8,56.4,67.3,80.4,57.24497557815583
10426,static,3,51.51981312738014,Medium,Advanced Topics,Advanced Practice,Advanced Practice,2.0993471264787336,25.8,0.5,0.2708157793157566,1.2031631480501,61.1,80.9,80.4,59.1,50.50316314805009
10430,static,3,63.59674096830349,Medium,Critical Thinking,Critical Thinking Activity,Critical Thinking Activity,3.960570959386533,54.7,0.5,1.0832161573922168,4.80637351683521,71.3,71.5,67.4,60.00637351683521,67.9
10433,static,3,81.82025986172941,Low,Critical Thinking,Critical Thinking Activity,Critical Thinking Activity,5.791050211963393,83.9,0.5,2.4293455639186434,10.775613399014013,83.2,90.6,71.5,73.97561339901402,98.5
10437,static,3,68.19611430130092,Low,Application Skills,Application Exercise,Application Exercise,3.5972101674442074,39.3,0.5,0.7068517979027867,3.1384219826883735,92.8,75.8,66.83842198268837,92.0,71.3
10440,static,3,93.31580319792475,Low,Critical Thinking,Critical Thinking Activity,Practice Questions,6.002423289673294,79.5,0.5,1.4922863937007378,9.7,100.0,100.0,97.6,92.8,97.4
10446,static,3,71.28488403611809,Low,Problem Solving,Practice Questions,Practice Questions,4.0271140144101185,44.4,0.5,0.8940193111990463,3.9694457417237654,84.9,78.76944574172376,88.1,89.2,75.7
10452,static,3,80.76535476469635,Low,Critical Thinking,Critical Thinking Activity,Concept Review,5.3611439787834465,64.1,0.5,1.7182466452000944,7.611405731589496,73.9114057315895,100.0,72.9,70.9,80.0
10463,static,3,61.818885896168005,Medium,Application Skills,Application Exercise,Advanced Practice,4.0149502071915295,49.5,0.5,0.9937001762799036,4.417249392001162,64.9,68.9,54.1,69.0,60.31724939200116
10480,static,3,98.80390566931081,Low,Conceptual Understanding,Concept Review,Concept Review,5.805397495363804,87.1,0.5,0.0,0.0,100.0,100.0,98.3,100.0,100.0
10487,static,3,48.938871651845915,Medium,Problem Solving,Practice Questions,Practice Questions,3.06779054374536,42.2,0.5,0.647303804730271,2.8740288930024036,52.8,33.0740288930024,40.6,39.9,45.5
10494,static,3,62.99382649150195,Medium,Advanced Topics,Advanced Practice,Advanced Practice,4.222998837661848,46.9,0.5,0.9902932274317032,4.401831011894894,80.9,62.3,69.7,75.5,62.6018310118949
10495,static,3,29.453009536794326,High,Advanced Topics,Advanced Practice,Advanced Practice,1.3858703608789433,19.1,0.5,0.13235061946393908,0.5879048245885603,40.0,33.5,39.1,17.6,9.987904824588561
10500,static,3,78.40894818712536,Low,Advanced Topics,Advanced Practice,Advanced Practice,4.005944522669637,44.4,0.5,0.8893196840326594,3.9527696501456457,97.8,98.0,98.5,84.3,82.65276965014564
10514,static,3,44.268517265986226,Medium,Advanced Topics,Advanced Practice,Application Exercise,2.952505760633601,25.1,0.5,0.3705394729595169,1.6451952599402548,56.4,59.1,49.74519525994025,48.6,49.6
10522,static,3,46.06387425247432,Medium,Problem Solving,Practice Questions,Practice Questions,0.7791724716905271,0.0,0.5,0.0,0.0,45.4,44.0,55.0,44.8,45.7
10523,static,3,73.6734998124415,Low,Application Skills,Application Exercise,Application Exercise,3.8990945266919765,42.0,0.5,0.8188098506053151,3.6355157366875988,95.0,94.6,77.1355157366876,100.0,87.9
10527,static,3,86.17527490472861,Low,Critical Thinking,Critical Thinking Activity,Concept Review,4.773720791522183,69.3,0.5,1.6540942542624362,7.3258553561523865,88.42585535615237,100.0,87.2,82.5,89.0
10528,static,3,64.65216340976689,Medium,Application Skills,Application Exercise,Application Exercise,4.2629859962548755,64.7,0.5,1.3790759697884523,6.123097305860728,68.9,73.2,64.72309730586073,64.8,64.1
10529,static,3,77.29889698451123,Low,Advanced Topics,Advanced Practice,Advanced Practice,4.565830167936419,45.1,0.5,1.0295947028696624,4.576328252940403,75.9,99.5,75.6,72.9,72.2763282529404
10530,static,3,68.45845028757992,Low,Application Skills,Application Exercise,Application Exercise,3.1289109876187076,34.4,0.5,0.5381726898704177,2.3894867430246545,100.0,81.9,70.48948674302464,85.2,74.1
10535,static,3,69.58747499548774,Low,Critical Thinking,Critical Thinking Activity,Practice Questions,5.05928472893088,71.8,0.5,1.8162832176861858,8.064297486526666,79.6,80.86429748652667,79.9,74.2,81.9
10543,static,3,78.79850188424054,Low,Advanced Topics,Advanced Practice,Advanced Practice,5.081674543067521,70.7,0.5,1.796371950974369,7.989378948516337,100.0,100.0,100.0,87.0,74.98937894851633
10544,static,3,68.93484718500615,Low,Application Skills,Application Exercise,Application Exercise,2.8471969117804394,34.1,0.5,0.48544707345856497,2.1553850061560285,83.3,88.2,77.45538500615602,89.4,81.5
10549,static,3,67.23268948680926,Medium,Advanced Topics,Advanced Practice,Advanced Practice,3.211951589759882,31.7,0.5,0.5090943269769412,2.2620908142769034,69.5,71.8,66.4,63.4,60.2620908142769
10550,static,3,55.526525963105925,Medium,Advanced Topics,Advanced Practice,Advanced Practice,2.2321941364728444,27.5,0.5,0.30692669376501613,1.3636498104677297,65.0,55.7,74.9,63.6,56.96364981046773
10555,static,3,85.73700437408102,Low,Application Skills,Application Exercise,Application Exercise,4.388549457616028,44.8,0.5,0.9830350785059901,4.364675748566596,97.1,97.5,79.8646757485666,78.8,83.4
10560,static,3,43.76623895626422,Medium,Advanced Topics,Advanced Practice,Advanced Practice,1.9477415902596622,21.7,0.5,0.21132996254317335,0.9387913822570584,62.5,55.4,61.7,44.3,43.53879138225707
10571,static,3,60.791605235991895,Medium,Advanced Topics,Advanced Practice,Critical Thinking Activity,3.085296677578838,37.1,0.5,0.5723225336908745,2.539998654653048,66.1,59.0,71.8,56.53999865465304,57.6
10579,static,3,61.189923086854094,Medium,Advanced Topics,Advanced Practice,Application Exercise,3.1001019298948425,35.3,0.5,0.5471679906264396,2.429425878381392,76.8,99.1,57.82942587838139,68.3,55.7
10584,static,3,71.68637164384046,Low,Problem Solving,Practice Questions,Practice Questions,3.652329367204233,39.2,0.5,0.7158565559720297,3.1784031085158118,72.8,72.37840310851581,100.0,92.4,72.3
10585,static,3,81.1946474179861,Low,Advanced Topics,Advanced Practice,Advanced Practice,4.763141282305602,57.8,0.5,1.3765478305863188,6.120318920131318,96.8,84.2,91.9,76.5,74.42031892013131
10590,static,3,85.98728050046735,Low,Problem Solving,Practice Questions,Practice Questions,3.9192834397090635,56.6,0.5,1.109157213437665,4.924658027663233,100.0,88.62465802766323,100.0,90.2,100.0
10591,static,3,69.11110461094427,Medium,Advanced Topics,Advanced Practice,Advanced Practice,5.840062790319525,83.4,0.5,2.435306183563242,10.834336283182965,58.5,72.9,55.1,59.1,58.13433628318296
10596,static,3,77.31774929664492,Low,Advanced Topics,Advanced Practice,Advanced Practice,5.431998698741904,75.7,0.5,2.056011507473811,9.145222006401807,86.6,79.5,92.5,92.1,64.5452220064018
10600,static,3,36.37459458353503,Medium,Advanced Topics,Advanced Practice,Advanced Practice,1.1567149746425969,17.0,0.5,0.09832077284462074,0.43672147260619965,39.8,45.1,36.8,41.9,33.5367214726062
10602,static,3,37.10965115434159,Medium,Advanced Topics,Advanced Practice,Advanced Practice,0.5778311679339811,9.2,0.5,0.026580233724963133,0.11804216301771966,53.6,57.2,55.9,57.1,47.21804216301772
10605,static,3,74.6387262998475,Low,Problem Solving,Practice Questions,Application Exercise,3.847363390660415,56.9,0.5,1.094574884642888,4.859912487814423,100.0,76.1,82.4599124878144,80.7,99.9
10614,static,3,68.99181760807855,Low,Advanced Topics,Advanced Practice,Advanced Practice,2.8961781835489786,35.4,0.5,0.5126235384881692,2.277973787365859,74.2,79.0,78.5,91.0,61.677973787365865
10618,static,3,80.23523996202053,Low,Application Skills,Application Exercise,Application Exercise,2.638783398351885,42.3,0.5,0.5581026887514237,2.477975938056321,79.9,95.1,76.27797593805631,89.0,100.0
10622,static,3,57.462978056767504,Medium,Critical Thinking,Critical Thinking Activity,Critical Thinking Activity,2.691725001430054,39.4,0.5,0.5302698252817206,2.353302520242143,65.7,46.9,62.4,44.45330252024214,62.6
10627,static,3,90.98657816684255,Low,Conceptual Understanding,Concept Review,Concept Review,4.564894095782291,54.3,0.5,0.0,0.0,100.0,100.0,100.0,98.3,100.0
10636,static,3,54.997706792201974,Medium,Advanced Topics,Advanced Practice,Advanced Practice,4.229524030904536,51.0,0.5,1.0785286278806567,4.794505328363903,57.8,66.4,48.6,49.2,48.994505328363914
10637,static,3,46.918151939724034,Medium,Critical Thinking,Critical Thinking Activity,Critical Thinking Activity,2.119372054556975,23.8,0.5,0.2522052744922801,1.1194766116189232,62.0,50.8,63.5,48.01947661161893,47.1
10644,static,3,85.36843978562571,Low,Advanced Topics,Advanced Practice,Advanced Practice,5.566788062963095,71.4,0.5,1.9873433384778252,8.838873784694792,99.3,81.1,100.0,76.0,75.2388737846948
10645,static,3,55.514138152533704,Medium,Problem Solving,Practice Questions,Practice Questions,1.2860898281446436,10.5,0.5,0.06751971597759378,0.29978753894051635,85.5,51.09978753894051,68.8,96.7,65.2
10650,static,3,63.41499762222318,Medium,Advanced Topics,Advanced Practice,Advanced Practice,2.233916738980863,24.6,0.5,0.27477175889464617,1.220703526428587,76.0,71.8,75.8,55.6,54.42070352642859
10651,static,3,77.49995441374413,Low,Problem Solving,Practice Questions,Practice Questions,3.434919804139411,44.5,0.5,0.764269656421019,3.393357274509324,98.9,91.79335727450933,100.0,97.1,95.1
10653,static,3,85.18684570896909,Low,Problem Solving,Advanced Practice,Application Exercise,5.381195164843867,75.4,0.5,0.0,4.200000000000008,100.0,96.0,100.0,98.7,95.9
10657,static,3,76.9718807390868,Low,Critical Thinking,Critical Thinking Activity,Critical Thinking Activity,4.104455190016747,53.6,0.5,1.0999939909244882,4.880882371955241,86.5,98.4,100.0,87.28088237195526,90.7
10661,static,3,50.044322329007066,Medium,Advanced Topics,Advanced Practice,Practice Questions,2.53074432350459,26.3,0.5,0.3327928785408536,1.47760038072139,53.8,47.87760038072138,52.6,58.4,44.5
10663,static,3,90.66555950957772,Low,Critical Thinking,Critical Thinking Activity,Critical Thinking Activity,4.525456758845075,68.6,0.5,1.5522316682838606,6.886327399141342,100.0,100.0,100.0,86.78632739914136,100.0
10669,static,3,81.7724565233489,Low,Critical Thinking,Critical Thinking Activity,Advanced Practice,4.6192226674873345,58.3,0.5,1.346503407572558,5.986808915746661,86.1,89.1,97.4,75.5,84.38680891574666
10671,static,3,62.99959355260115,Medium,Application Skills,Application Exercise,Application Exercise,3.246279218207525,49.0,0.5,0.7953384084608436,3.5313025335661457,66.1,68.1,68.23130253356615,76.7,72.7
10678,static,3,70.39075550062178,Low,Critical Thinking,Critical Thinking Activity,Critical Thinking Activity,2.6894452821957637,41.7,0.5,0.5607493413378168,2.488501014729572,86.9,80.0,82.0,82.78850101472956,88.4
10679,static,3,45.219948536889305,Medium,Advanced Topics,Advanced Practice,Application Exercise,1.9068501639822413,24.5,0.5,0.23358914508782455,1.037135804189941,68.4,50.7,44.03713580418994,49.4,41.9
10680,static,3,81.0388552315724,Low,Conceptual Understanding,Concept Review,Concept Review,4.837966912187241,58.8,0.5,1.422362272183049,6.301913794321928,86.60191379432193,99.1,93.2,89.5,93.5
10688,static,3,86.57469109836346,Low,Critical Thinking,Critical Thinking Activity,Critical Thinking Activity,5.202324040856401,70.0,0.5,1.82081341429974,8.077731155392978,98.8,92.1,92.2,83.17773115539296,100.0
10690,static,3,83.71314229582885,Low,Advanced Topics,Advanced Practice,Advanced Practice,4.807267535330958,65.6,0.5,1.5767837515885539,7.011903085672535,100.0,95.6,89.7,100.0,88.71190308567255
10693,static,3,71.35593535926986,Low,Application Skills,Application Exercise,Critical Thinking Activity,4.7910554196409825,65.6,0.5,1.571466177642242,6.971906340210455,72.9,77.2,65.8,69.37190634021046,89.7
10698,static,3,74.79949994394543,Low,Critical Thinking,Critical Thinking Activity,Concept Review,3.5305677877857673,49.8,0.5,0.879111379158656,3.896250742922446,90.09625074292245,99.7,89.7,86.4,91.2
10714,static,3,58.187768059113615,Medium,Conceptual Understanding,Concept Review,Concept Review,2.1404632457054382,22.3,0.5,0.23866165189615637,1.058805331147386,55.45880533114739,66.9,54.2,76.0,61.2
10715,static,3,51.31554379714079,Medium,Application Skills,Application Exercise,Concept Review,3.0021025622958653,39.2,0.5,0.5884121022099896,2.608858097008709,52.408858097008704,64.1,53.5,69.9,51.7
10717,static,3,100.66062487003987,Low,Conceptual Understanding,Concept Review,Concept Review,6.511328880250151,100.0,0.5,0.0,0.0,100.0,100.0,100.0,100.0,100.0
10722,static,3,67.06340080496744,Medium,Problem Solving,Practice Questions,Advanced Practice,4.63978217099648,70.6,0.5,1.6378431063617576,7.284303187632566,67.5,58.8,64.5,65.9,67.48430318763256
10738,static,3,85.14859956118455,Low,Critical Thinking,Advanced Practice,Critical Thinking Activity,5.000232784350226,68.1,0.5,1.7025792630712517,7.553374707820732,100.0,96.5,100.0,99.15337470782073,97.1
10741,static,3,35.52652274711848,High,Advanced Topics,Advanced Practice,Advanced Practice,1.6517374362532489,9.3,0.5,0.07680579078577608,0.34109343881690174,58.6,37.4,42.7,56.4,29.0410934388169
10742,static,3,68.14643430416633,Low,Advanced Topics,Advanced Practice,Advanced Practice,4.576232727562022,64.1,0.5,1.466682589183628,6.52205298616058,73.7,83.2,68.9,61.1,63.52205298616058
10750,static,3,95.29874627909558,Low,Conceptual Understanding,Concept Review,Concept Review,5.382268563969849,60.3,0.5,0.0,0.0,100.0,100.0,100.0,100.0,100.0
10754,static,3,63.285704819458765,Medium,Application Skills,Application Exercise,Application Exercise,2.6259900764483315,38.5,0.5,0.5055030897163039,2.2444337183403893,77.6,96.6,61.34443371834039,80.4,77.8
10762,static,3,36.55141000703145,Medium,Advanced Topics,Advanced Practice,Advanced Practice,2.0587287345307517,32.2,0.5,0.331455326259451,1.4727938762289252,35.8,40.3,53.4,54.5,13.272793876228926
10765,static,3,52.997965356694486,Medium,Application Skills,Application Exercise,Application Exercise,2.8325998057124857,36.8,0.5,0.5211983642510973,2.314120737274872,64.8,70.8,57.114120737274874,59.7,65.2
10768,static,3,53.783559213386766,Medium,Conceptual Understanding,Concept Review,Advanced Practice,4.388287853963999,57.7,0.5,1.2660210458686139,5.628888337716827,50.6,60.6,54.4,49.9,50.828888337716826
10788,static,3,86.6179255126523,Low,Problem Solving,Practice Questions,Practice Questions,4.0695653159565035,58.3,0.5,1.1862782896013206,5.267075605829863,100.0,78.66707560582987,100.0,100.0,88.9
10801,static,3,76.2510406248857,Low,Conceptual Understanding,Concept Review,Practice Questions,3.800887180197734,46.0,0.5,0.8742040514454789,3.8814659884179257,81.2,80.58146598841793,79.8,84.7,88.3
10803,static,3,99.48594853429978,Low,Conceptual Understanding,Concept Review,Concept Review,5.370773753310041,73.3,0.5,0.0,0.0,100.0,100.0,100.0,100.0,100.0
10811,static,3,73.22130525956102,Low,Advanced Topics,Advanced Practice,Practice Questions,3.8723800708500247,45.3,0.5,0.8770940860475305,3.894297742051035,75.9,70.39429774205104,76.2,72.6,67.4
10812,static,3,68.26036967297077,Low,Advanced Topics,Advanced Practice,Advanced Practice,4.534209347187651,54.2,0.5,1.2287707330878535,5.4628115310004555,82.1,73.8,75.3,73.5,63.86281153100046
10817,static,3,88.27462959723341,Low,Application Skills,Concept Review,Concept Review,3.6320838343235726,47.7,0.5,0.0,0.0,100.0,100.0,95.8,100.0,94.1
10821,static,3,79.85654392448608,Low,Critical Thinking,Critical Thinking Activity,Concept Review,4.201103668304112,59.4,0.5,1.2477277894863212,5.528059382679007,75.92805938267901,89.5,81.4,66.8,86.1
10823,static,3,41.782997542188646,Medium,Problem Solving,Guided Review,Practice Questions,2.1349421279257874,20.3,0.5,0.21669662598446743,0.9621330193710353,44.9,29.462133019371034,32.6,35.2,27.8
10824,static,3,40.73527926613612,Medium,Problem Solving,Practice Questions,Practice Questions,1.6408532280664132,16.5,0.5,0.1353703913154791,0.6010445374407272,54.3,42.50104453744073,58.2,51.7,40.8
10827,static,3,81.24285156555977,Low,Advanced Topics,Advanced Practice,Advanced Practice,5.395929144833705,59.9,0.5,1.6160807788776945,7.185675873381047,86.9,93.7,88.6,97.5,75.68567587338103
10830,static,3,81.80413762059234,Low,Advanced Topics,Advanced Practice,Advanced Practice,4.3774477138131775,59.6,0.5,1.3044794187163269,5.800142637802996,95.8,96.1,100.0,91.0,85.90014263780299
10838,static,3,64.7563451917782,Medium,Conceptual Understanding,Concept Review,Concept Review,3.1832447796570817,42.8,0.5,0.6812143828466155,3.019926193696727,65.91992619369672,74.3,79.3,75.5,74.8
10846,static,3,66.68659172823648,Medium,Conceptual Understanding,Concept Review,Practice Questions,3.555260669706923,53.0,0.5,0.9421440774723346,4.183119703977166,75.1,74.98311970397717,94.8,73.4,74.5
10850,static,3,48.809968711410725,Medium,Advanced Topics,Concept Review,Concept Review,2.3506789473768324,23.9,0.5,0.28090613421153143,1.2461480397021303,46.44614803970214,48.6,51.4,83.0,47.7
10860,static,3,98.23811385268056,Low,Conceptual Understanding,Concept Review,Concept Review,6.034688430708864,80.9,0.5,0.0,0.0,100.0,100.0,100.0,100.0,100.0
10866,static,3,104.12216413782772,Low,Conceptual Understanding,Concept Review,Concept Review,6.1325647464936806,83.9,0.5,0.0,0.0,100.0,100.0,100.0,100.0,100.0
10867,static,3,81.48638050213665,Low,Application Skills,Application Exercise,Concept Review,5.296526428538152,72.7,0.5,1.9252873567736182,8.525905416134629,94.32590541613463,96.8,88.2,88.7,92.0
10868,static,3,90.19288840420222,Low,Application Skills,Application Exercise,Application Exercise,5.957077279903812,91.4,0.5,2.722384316916042,12.087386367107227,100.0,92.9,96.18738636710722,94.3,99.5
10880,static,3,63.58845401476479,Medium,Advanced Topics,Advanced Practice,Advanced Practice,4.23907667963933,51.4,0.5,1.089442706667308,4.843069236641913,77.3,72.3,70.1,70.2,61.44306923664191
10884,static,3,96.75473749265367,Low,Conceptual Understanding,Concept Review,Critical Thinking Activity,5.387538235138944,71.0,0.5,0.0,5.7,100.0,100.0,100.0,100.0,100.0
10885,static,3,56.4672958626726,Medium,Critical Thinking,Critical Thinking Activity,Critical Thinking Activity,3.338794693155451,31.8,0.5,0.5308683562117167,2.3561702231072337,70.5,73.2,62.8,57.456170223107236,61.1
10893,static,3,62.94023733961926,Medium,Problem Solving,Practice Questions,Practice Questions,3.7790393653222303,45.1,0.5,0.8521733768801629,3.783649793347924,65.5,53.08364979334792,75.6,59.0,71.6
10894,static,3,46.44910556720826,Medium,Advanced Topics,Advanced Practice,Advanced Practice,1.925254095333062,13.6,0.5,0.13091727848264822,0.5814615005965459,54.0,61.0,70.5,46.1,39.78146150059655
10900,static,3,100.57161911108138,Low,Conceptual Understanding,Concept Review,Critical Thinking Activity,6.497435443114374,87.9,0.5,0.4898102406903462,10.29999999999999,100.0,100.0,100.0,100.0,100.0
10902,static,3,85.36037915133653,Low,Application Skills,Application Exercise,Critical Thinking Activity,4.956057156428461,61.0,0.5,1.5115974327106805,6.7066591356521705,93.2,100.0,85.6,90.20665913565219,98.1
10903,static,3,44.666186217308834,Medium,Advanced Topics,Advanced Practice,Advanced Practice,1.5722961422873851,28.4,0.5,0.22326605220480866,0.9919738585117713,61.9,57.2,55.9,59.0,40.59197385851177
10915,static,3,74.21110874704134,Low,Advanced Topics,Advanced Practice,Advanced Practice,3.818475927497311,36.2,0.5,0.6911441428770133,3.0713344661198025,83.2,80.8,90.5,93.6,68.67133446611979
10918,static,3,38.19587418343977,High,Application Skills,Application Exercise,Application Exercise,1.8917151855780479,24.4,0.5,0.23078925264052183,1.024704281723917,53.8,58.4,26.824704281723918,39.0,30.7
10925,static,3,73.94837000913269,Low,Application Skills,Application Exercise,Application Exercise,2.717052478843144,41.6,0.5,0.565146915599374,2.509252305261221,81.1,94.4,82.30925230526121,91.4,95.3
10937,static,3,74.23151660390556,Low,Application Skills,Application Exercise,Application Exercise,4.930273991975931,64.4,0.5,1.5875482254162498,7.04871412084815,73.1,75.2,73.04871412084816,83.1,74.2
10939,static,3,101.57599107909621,Low,Conceptual Understanding,Concept Review,Concept Review,5.80795881648581,76.5,0.5,0.0,0.0,100.0,100.0,100.0,100.0,100.0
10942,static,3,55.99458020961619,Medium,Advanced Topics,Advanced Practice,Advanced Practice,3.53239917560147,42.5,0.5,0.7506348248153124,3.3362038990656666,77.8,70.9,71.7,78.1,56.43620389906567
10943,static,3,57.65276216806421,Medium,Application Skills,Application Exercise,Application Exercise,2.623517398093341,39.1,0.5,0.5128976513272482,2.277265571892982,68.8,55.8,54.07726557189298,61.1,63.0
10948,static,3,49.80870821094614,Medium,Advanced Topics,Advanced Practice,Advanced Practice,2.6723011120188325,35.2,0.5,0.47032499571531455,2.0899994060209868,52.8,52.5,54.6,68.5,30.989999406020985
10949,static,3,92.05120895210861,Low,Conceptual Understanding,Concept Review,Concept Review,4.712820022042393,63.9,0.5,0.0,0.7000000000000028,100.0,100.0,100.0,100.0,100.0
10960,static,3,68.01933656351646,Low,Conceptual Understanding,Concept Review,Concept Review,3.244023161399289,45.7,0.5,0.7412592923797375,3.2857710009273973,70.88577100092739,80.7,85.7,87.2,95.3
10974,static,3,72.12467926675995,Low,Advanced Topics,Advanced Practice,Advanced Practice,4.334226713886699,51.0,0.5,1.1052278120411083,4.913194232312422,100.0,90.3,79.1,83.9,73.01319423231242
10975,static,3,59.267714918885815,Medium,Application Skills,Application Exercise,Application Exercise,3.7813525242192974,45.6,0.5,0.8621483755219999,3.827938787317679,82.0,66.3,58.227938787317676,64.5,61.4
10978,static,3,65.42470639285236,Medium,Advanced Topics,Advanced Practice,Advanced Practice,3.8670447035031605,54.5,0.5,1.0537696817046114,4.68483363847245,82.2,69.0,72.5,70.3,60.78483363847245
10979,static,3,44.62077733650746,Medium,Advanced Topics,Advanced Practice,Advanced Practice,2.5084195684933324,29.0,0.5,0.36372083743153316,1.6160393907987913,49.6,50.8,40.4,37.0,30.316039390798792
10986,static,3,74.92889498576704,Low,Problem Solving,Practice Questions,Practice Questions,3.4775910617235612,28.3,0.5,0.49207913523388397,2.184831360438445,100.0,76.68483136043845,89.2,77.6,80.0
10987,static,3,93.69642172561765,Low,Critical Thinking,Critical Thinking Activity,Critical Thinking Activity,6.125090328782674,79.6,0.5,2.437785950855504,10.813600324757603,100.0,97.2,100.0,94.41360032475758,97.4
10990,static,3,56.28192207142353,Medium,Advanced Topics,Advanced Practice,Advanced Practice,3.2902685653935184,46.4,0.5,0.7633423071712963,3.39299874329142,60.1,49.0,58.1,59.4,50.29299874329142
10996,static,3,78.78263353686151,Low,Conceptual Understanding,Concept Review,Concept Review,4.113763467130144,53.8,0.5,1.1066023726580085,4.903791821118581,89.60379182111858,94.2,90.7,92.3,87.4
10999,static,3,89.10774339498116,Low,Critical Thinking,Critical Thinking Activity,Critical Thinking Activity,5.549837573163217,81.0,0.5,2.247684217131103,9.970176915069409,100.0,100.0,95.3,85.57017691506941,97.6
10011,static,4,53.39820832212478,Medium,Advanced Topics,Advanced Practice,Advanced Practice,2.189699303758923,30.0,0.4,0.2627639164510708,1.722667369316643,56.2,55.5,63.5,59.4,39.122667369316645
10024,static,4,98.43884815444977,Low,Conceptual Understanding,Concept Review,Application Exercise,6.5539225628509135,86.8,0.4,0.0,11.8,100.0,100.0,100.0,94.6,100.0
10026,static,4,90.46288163105761,Low,Conceptual Understanding,Concept Review,Critical Thinking Activity,5.534562170342496,76.4,0.4,1.691362199256667,11.065760562573395,88.2,87.3,100.0,92.7657605625734,100.0
10031,static,4,78.77135686912354,Low,Critical Thinking,Critical Thinking Activity,Critical Thinking Activity,3.2161051948704023,22.4,0.4,0.288163025460388,1.8868348152323924,95.7,100.0,93.6,83.3868348152324,96.2
10040,static,4,82.59315380215361,Low,Critical Thinking,Critical Thinking Activity,Critical Thinking Activity,4.151557466313611,59.2,0.4,0.9830888080230633,6.433527510982815,95.6,100.0,77.4,71.03352751098282,93.8
10045,static,4,90.45296429578787,Low,Conceptual Understanding,Concept Review,Concept Review,5.119037027004116,65.0,0.4,1.3309496270210701,8.691864468966102,90.0918644689661,100.0,99.8,100.0,92.2
10055,static,4,64.8323100112693,Medium,Advanced Topics,Advanced Practice,Advanced Practice,4.234021523518649,68.6,0.4,1.1618155060535174,7.625720109021777,72.1,58.6,57.6,57.4,46.32572010902177
10056,static,4,96.49297271055661,Low,Conceptual Understanding,Concept Review,Concept Review,5.767919157307695,71.9,0.4,0.0,0.0,100.0,100.0,96.1,98.2,100.0
10060,static,4,88.75399930273201,Low,Critical Thinking,Critical Thinking Activity,Concept Review,5.162650514671595,69.3,0.4,1.4310867226669661,9.343983830261415,94.74398383026141,85.0,99.7,83.9,85.6
10061,static,4,52.61837393941983,Medium,Advanced Topics,Advanced Practice,Advanced Practice,3.016352056573204,36.9,0.4,0.44521356355020486,2.919408384099299,56.1,42.0,48.8,62.1,36.3194083840993
10064,static,4,93.13984507075496,Low,Critical Thinking,Critical Thinking Activity,Practice Questions,5.577836792307641,75.3,0.4,0.0,7.400000000000006,100.0,100.0,100.0,94.4,100.0
10067,static,4,83.52374625339183,Low,Critical Thinking,Critical Thinking Activity,Practice Questions,5.359086844259635,75.9,0.4,1.6270187659172253,10.656972916757823,100.0,94.65697291675784,97.3,88.1,94.9
10068,static,4,56.335433834209965,Medium,Critical Thinking,Critical Thinking Activity,Critical Thinking Activity,3.166664960608332,45.0,0.4,0.5699996929094998,3.7309834490614557,59.4,53.7,68.2,46.630983449061446,63.9
10071,static,4,84.41071937608149,Low,Conceptual Understanding,Concept Review,Critical Thinking Activity,4.661426278550057,56.0,0.4,1.044159486395213,6.833513316925414,78.0,92.0,90.1,81.43351331692541,89.8
10073,static,4,79.4331396758053,Low,Advanced Topics,Advanced Practice,Practice Questions,4.057411843560421,57.7,0.4,0.9364506534937453,6.133751780384032,95.0,90.43375178038404,92.1,96.6,85.8
10077,static,4,68.01975684673458,Medium,Advanced Topics,Advanced Practice,Advanced Practice,3.397876956968924,45.0,0.4,0.6116178522544063,4.011559053319651,77.4,71.9,67.3,71.5,63.61155905331965
10079,static,4,52.94545339947072,Medium,Critical Thinking,Critical Thinking Activity,Critical Thinking Activity,3.4092316443134645,33.4,0.4,0.4554733476802788,2.981858813853992,65.5,60.3,61.1,50.28185881385399,54.3
10087,static,4,66.48045784557164,Medium,Problem Solving,Practice Questions,Practice Questions,3.66276761403065,48.7,0.4,0.7135071312131708,4.673471709446268,62.0,52.07347170944627,76.5,66.2,56.2
10089,static,4,80.67752476246598,Low,Advanced Topics,Advanced Practice,Advanced Practice,3.3695238973663435,36.0,0.4,0.48521144122075344,3.1816005813657453,84.1,98.0,94.7,92.9,80.48160058136575
10097,static,4,80.89400472162194,Low,Application Skills,Application Exercise,Concept Review,5.819777532957657,77.2,0.4,1.7971473021773248,11.729873065977518,90.12987306597752,92.2,80.2,87.7,83.5
10102,static,4,55.53041855636436,Medium,Advanced Topics,Advanced Practice,Advanced Practice,4.090349958131845,53.9,0.4,0.881879450973226,5.7857463166847385,63.5,55.6,61.4,60.0,46.685746316684735
10108,static,4,80.33888393178172,Low,Critical Thinking,Critical Thinking Activity,Critical Thinking Activity,4.583572235764456,58.0,0.4,1.0633887586973538,6.959151224049959,88.3,92.9,87.7,89.75915122404996,93.4
10111,static,4,67.85845245078154,Low,Advanced Topics,Advanced Practice,Critical Thinking Activity,3.0414958887463355,31.4,0.4,0.38201188362653976,2.5010016777681288,92.2,82.6,83.5,66.20100167776815,66.1
10121,static,4,100.72704168122517,Low,Conceptual Understanding,Concept Review,Concept Review,6.563404781438525,88.9,0.4,0.0,0.0,100.0,100.0,100.0,100.0,100.0
10137,static,4,60.037421161785396,Medium,Advanced Topics,Advanced Practice,Advanced Practice,2.737522488708523,31.9,0.4,0.34930786955920756,2.2901770690965937,74.3,65.1,84.3,62.8,54.69017706909659
10138,static,4,58.853281681658984,Medium,Advanced Topics,Advanced Practice,Advanced Practice,3.4214734062793486,35.3,0.4,0.48311204496664406,3.1677673731435667,75.4,49.5,56.3,48.6,46.967767373143566
10140,static,4,62.21556073476251,Medium,Advanced Topics,Advanced Practice,Advanced Practice,3.661768853880926,41.0,0.4,0.6005300920364718,3.938357890456929,70.5,70.0,81.7,67.3,59.53835789045693
10159,static,4,56.57973016316984,Medium,Advanced Topics,Advanced Practice,Advanced Practice,2.9055556222242664,43.0,0.4,0.49975556702257384,3.277663466751169,63.9,58.2,63.6,65.4,55.17766346675117
10169,static,4,76.28137276570453,Low,Critical Thinking,Critical Thinking Activity,Critical Thinking Activity,3.196886885408026,46.5,0.4,0.5946209606858929,3.8920567593172137,83.5,87.0,90.0,85.19205675931721,93.1
10175,static,4,72.74363538900954,Low,Application Skills,Application Exercise,Advanced Practice,4.3290109027151304,42.6,0.4,0.7376634578226583,4.837931631443588,100.0,90.7,67.6,77.0,68.33793163144361
10185,static,4,86.08333799092127,Low,Problem Solving,Practice Questions,Advanced Practice,4.394523528087312,57.3,0.4,1.0072247926376119,6.608780469656118,100.0,92.0,96.2,100.0,96.40878046965612
10199,static,4,70.71880616802748,Low,Conceptual Understanding,Concept Review,Advanced Practice,3.574805681781325,48.7,0.4,0.6963721468110022,4.56796868822212,64.6,80.2,77.4,81.0,67.8679686882221
10200,static,4,57.16167124276386,Medium,Advanced Topics,Advanced Practice,Advanced Practice,3.187464466917723,47.6,0.4,0.6068932345011345,3.980884216924864,64.5,63.0,90.8,69.1,46.48088421692487
10209,static,4,59.47078612433239,Medium,Problem Solving,Practice Questions,Practice Questions,3.53061817731258,50.1,0.4,0.707535882733441,4.634360031904039,72.8,54.83436003190404,64.9,56.9,65.5
10210,static,4,41.68078452559488,Medium,Problem Solving,Practice Questions,Practice Questions,2.7927041323359623,39.1,0.4,0.4367789262973445,2.8609019672476066,61.6,27.460901967247608,48.6,58.3,33.6
10211,static,4,66.72911154686338,Medium,Advanced Topics,Advanced Practice,Advanced Practice,3.6562103935205736,61.4,0.4,0.897965272648653,5.892619978861048,82.9,72.0,74.5,67.5,60.692619978861046
10214,static,4,67.40858495070052,Low,Advanced Topics,Advanced Practice,Critical Thinking Activity,4.505317543698997,66.2,0.4,1.1930080855714944,7.806463072175679,73.8,73.1,84.2,75.10646307217567,71.0
10216,static,4,62.23443087758476,Medium,Conceptual Understanding,Concept Review,Critical Thinking Activity,3.598094618487651,58.9,0.4,0.8477110921156905,5.547613878382244,75.0,73.8,79.9,80.84761387838225,79.3
10219,static,4,87.37876739753591,Low,Conceptual Understanding,Concept Review,Application Exercise,3.0746388483289873,44.1,0.4,0.5423662928452334,3.5524992181362784,88.5,93.1,86.7524992181363,100.0,99.1
10222,static,4,69.68695620402433,Low,Problem Solving,Practice Questions,Critical Thinking Activity,4.493239118844877,59.4,0.4,1.0675936146375429,6.986522762858991,83.3,67.4,77.5,70.686522762859,72.2
10236,static,4,50.73219509514964,Medium,Application Skills,Application Exercise,Practice Questions,2.703005033342923,32.4,0.4,0.3503094523212429,2.2945269127041406,79.4,47.59452691270414,45.2,59.7,48.4
10238,static,4,58.405820909977166,Medium,Critical Thinking,Critical Thinking Activity,Critical Thinking Activity,2.47232063351104,21.8,0.4,0.2155863592421627,1.411629759977079,51.7,60.5,67.2,54.611629759977085,72.0
10245,static,4,66.07113237734984,Medium,Critical Thinking,Critical Thinking Activity,Critical Thinking Activity,3.254674198923727,38.6,0.4,0.5025216963138235,3.289615353442291,93.4,69.4,69.4,65.48961535344229,88.1
10248,static,4,50.20172826254323,Medium,Problem Solving,Practice Questions,Practice Questions,1.0213799780987074,10.6,0.4,0.043306511071385195,0.283657647517573,85.5,45.38365764751757,71.2,61.4,59.9
10255,static,4,57.90468249665632,Medium,Application Skills,Application Exercise,Application Exercise,1.6573524916554168,29.0,0.4,0.19225288903202833,1.2592564231597856,88.7,100.0,61.859256423159785,80.3,71.7
10257,static,4,61.626487664337894,Medium,Advanced Topics,Advanced Practice,Practice Questions,3.928543180956106,40.3,0.4,0.6332811607701243,4.147991603044313,59.7,66.14799160304432,73.1,63.2,62.4
10260,static,4,67.9081949127674,Medium,Problem Solving,Practice Questions,Advanced Practice,5.125325046440983,69.4,0.4,1.422790232892017,9.338886612124623,69.2,65.2,79.7,72.7,70.9388866121246
10261,static,4,52.52477782811206,Medium,Problem Solving,Practice Questions,Advanced Practice,2.5001993943348317,34.3,0.4,0.3430273569027389,2.249163454922533,58.4,50.2,65.5,59.8,49.64916345492253
10262,static,4,74.89593282440657,Low,Critical Thinking,Critical Thinking Activity,Advanced Practice,5.114383667362447,61.7,0.4,1.262229889105052,8.283069436010685,93.8,82.0,77.2,72.6,77.1830694360107
10266,static,4,73.31830687391967,Low,Advanced Topics,Advanced Practice,Advanced Practice,4.310597460624674,58.4,0.4,1.0069555668019239,6.607234271804048,90.8,81.3,88.4,88.4,68.40723427180404
10276,static,4,86.0366845026339,Low,Application Skills,Application Exercise,Application Exercise,5.926190670049348,78.7,0.4,1.8655648229315347,12.219449590201553,100.0,100.0,85.21944959020156,92.0,82.4
10278,static,4,52.762739757734614,Medium,Advanced Topics,Advanced Practice,Advanced Practice,2.865747220687021,32.3,0.4,0.3702545409127631,2.4275397322898398,63.4,66.3,47.3,45.6,29.42753973228984
10281,static,4,57.54601729186096,Medium,Conceptual Understanding,Concept Review,Advanced Practice,3.520715118369371,44.8,0.4,0.6309121492117913,4.138083932298285,54.5,58.3,67.8,61.4,53.83808393229828
10282,static,4,60.987429845354775,Medium,Problem Solving,Practice Questions,Practice Questions,3.92019239028455,48.4,0.4,0.7589492467590889,4.971117566272032,69.2,52.371117566272034,78.0,63.3,62.4
10290,static,4,64.12916573987266,Medium,Advanced Topics,Advanced Practice,Advanced Practice,3.2218709434188204,35.7,0.4,0.4600831707202076,3.016803515615404,77.2,64.7,90.0,75.1,59.01680351561541
10293,static,4,69.30553199978816,Low,Advanced Topics,Advanced Practice,Advanced Practice,3.7564424358603214,60.9,0.4,0.9150693773755743,6.004769373056457,79.0,80.4,85.2,66.1,60.504769373056455
10295,static,4,79.147985505596,Low,Advanced Topics,Advanced Practice,Critical Thinking Activity,4.090030311822779,53.5,0.4,0.8752664867300748,5.728405515724639,100.0,92.6,85.4,87.52840551572464,83.7
10297,static,4,72.56011305599169,Low,Advanced Topics,Advanced Practice,Advanced Practice,4.443170106935461,63.2,0.4,1.1232334030332847,7.371274780282632,100.0,80.1,81.0,76.3,58.97127478028263
10299,static,4,66.72978925179483,Medium,Advanced Topics,Application Exercise,Advanced Practice,3.0384051736025883,40.7,0.4,0.4946523622625014,3.2439678782026116,76.6,80.7,71.1,92.0,73.3439678782026
10300,static,4,108.11705308273854,Low,Conceptual Understanding,Concept Review,Critical Thinking Activity,6.787994019072787,99.0,0.4,0.0,10.700000000000008,100.0,100.0,100.0,100.0,100.0
10308,static,4,63.75798430570275,Low,Critical Thinking,Critical Thinking Activity,Critical Thinking Activity,3.02848613712116,37.2,0.4,0.45063873720362874,2.950040138370713,100.0,67.3,73.5,66.65004013837071,78.3
10310,static,4,75.9246426451193,Low,Critical Thinking,Critical Thinking Activity,Concept Review,4.289386662032145,53.4,0.4,0.9162129910100663,5.986564983096034,77.18656498309605,98.5,87.5,73.3,87.8
10311,static,4,72.63025946709395,Low,Application Skills,Application Exercise,Concept Review,3.838778066226976,46.2,0.4,0.7094061866387452,4.6368068266795195,80.63680682667952,89.4,78.5,83.6,81.3
10313,static,4,70.64846667848255,Low,Advanced Topics,Advanced Practice,Concept Review,5.349055934778567,73.8,0.4,1.579041311946633,10.307906539968638,82.30790653996864,80.4,74.9,83.0,73.2
10315,static,4,42.98923640683002,Medium,Advanced Topics,Advanced Practice,Advanced Practice,1.20358400074395,12.6,0.4,0.060660633637495076,0.3974786875825361,57.4,43.6,49.2,48.3,29.99747868758254
10319,static,4,66.8823083201692,Low,Application Skills,Application Exercise,Application Exercise,2.7404993901023795,44.8,0.4,0.4910974907063464,3.216688564126569,79.6,74.8,73.71668856412658,80.1,82.1
10320,static,4,92.33818009267809,Low,Application Skills,Application Exercise,Concept Review,5.492377237501431,85.6,0.4,0.0,5.799999999999995,100.0,100.0,100.0,100.0,100.0
10322,static,4,85.58988270121384,Low,Problem Solving,Practice Questions,Practice Questions,4.777003523377642,62.0,0.4,1.1846968737976553,7.759764523374642,97.4,89.05976452337464,90.1,96.3,93.1
10328,static,4,60.72225765067938,Medium,Advanced Topics,Advanced Practice,Advanced Practice,2.5362355659378313,25.7,0.4,0.2607250161784091,1.709077872093284,78.5,82.9,59.7,62.6,59.50907787209328
10329,static,4,70.2678946578494,Low,Application Skills,Application Exercise,Application Exercise,3.647671759154533,46.2,0.4,0.6740897410917577,4.415287804151013,88.6,66.8,56.215287804151004,86.8,73.6
10333,static,4,75.68842116437831,Low,Advanced Topics,Advanced Practice,Critical Thinking Activity,4.525680122710969,56.0,0.4,1.0137523474872572,6.6345134597537205,96.2,78.3,89.0,79.23451345975371,73.9
10347,static,4,70.68697092578442,Low,Advanced Topics,Advanced Practice,Advanced Practice,4.07192985727157,53.3,0.4,0.8681354455702985,5.695472455292073,83.8,80.5,90.4,76.5,76.09547245529208
10352,static,4,30.336469176893708,High,Advanced Topics,Guided Review,Advanced Practice,1.553748600367217,17.1,0.4,0.10627640426511764,0.696470805915308,26.4,36.9,32.6,31.6,28.29647080591531
10356,static,4,75.29432834657254,Low,Advanced Topics,Advanced Practice,Concept Review,4.143041099721701,47.7,0.4,0.7904922418269007,5.166446002819445,82.46644600281944,83.5,82.2,81.3,78.1
10362,static,4,68.72809461268288,Low,Problem Solving,Practice Questions,Practice Questions,2.4812221607546485,22.1,0.4,0.21934003901071095,1.4366772555201566,88.1,59.33667725552016,77.9,100.0,70.5
10364,static,4,53.77233538083365,Medium,Advanced Topics,Advanced Practice,Advanced Practice,3.377687980423472,30.7,0.4,0.41478008399600236,2.7193355687806937,67.1,47.4,61.6,45.3,45.21933556878069
10366,static,4,74.46313664801096,Low,Conceptual Understanding,Concept Review,Concept Review,5.284130060049083,73.0,0.4,1.5429659775343323,10.072776009425183,80.97277600942519,84.4,83.7,82.0,90.8
10371,static,4,74.4850835127725,Low,Advanced Topics,Advanced Practice,Advanced Practice,3.644010523800131,51.4,0.4,0.749208563693307,4.9149600597838905,89.8,79.0,87.5,72.0,70.01496005978387
10372,static,4,51.665729449538134,Medium,Problem Solving,Practice Questions,Practice Questions,1.9360303243190669,11.9,0.4,0.0921550434375876,0.6036155345161988,47.3,36.6036155345162,57.0,55.6,39.8
10378,static,4,96.66873383895395,Low,Critical Thinking,Critical Thinking Activity,Critical Thinking Activity,4.529256563890076,60.9,0.4,1.1033268989636225,7.220205679702766,100.0,100.0,99.6,89.92020567970276,100.0
10383,static,4,85.25106963751159,Low,Critical Thinking,Critical Thinking Activity,Advanced Practice,5.961124287169063,75.3,0.4,1.7954906352953217,11.787319959471478,98.3,91.7,100.0,88.8,99.78731995947149
10409,static,4,71.6782297112293,Low,Critical Thinking,Critical Thinking Activity,Advanced Practice,2.6418565922205417,31.1,0.4,0.32864696007223543,2.1546651570481123,94.6,89.5,100.0,73.5,74.65466515704811
10412,static,4,50.184949670562695,Medium,Problem Solving,Practice Questions,Advanced Practice,2.7336756494408267,35.3,0.4,0.3859950017010447,2.530970579856869,70.8,56.4,67.3,80.4,57.63097057985688
10426,static,4,51.52423362577973,Medium,Advanced Topics,Advanced Practice,Advanced Practice,2.0987059572004685,25.8,0.4,0.21658645478308836,1.4197496028331882,61.1,80.9,80.4,59.1,50.71974960283318
10430,static,4,63.56893493659477,Medium,Critical Thinking,Critical Thinking Activity,Critical Thinking Activity,3.961840370150992,54.7,0.4,0.8668506729890372,5.673224189824247,71.3,71.5,67.4,60.87322418982425,67.9
10433,static,4,81.75789884604406,Low,Critical Thinking,Critical Thinking Activity,Critical Thinking Activity,5.793897139041045,83.9,0.4,1.944431879862175,12.720045278876189,83.2,90.6,71.5,75.9200452788762,98.5
10437,static,4,68.21464905420744,Low,Application Skills,Application Exercise,Application Exercise,3.5972101674442074,39.3,0.4,0.5654814383222294,3.7039034210106028,92.8,75.8,67.4039034210106,92.0,71.3
10440,static,4,93.36922718392285,Low,Critical Thinking,Critical Thinking Activity,Practice Questions,6.002423289673294,79.5,0.4,0.0,9.7,100.0,100.0,97.6,92.8,97.4
10446,static,4,71.31689000720054,Low,Advanced Topics,Advanced Practice,Practice Questions,4.0271140144101185,44.4,0.4,0.715215448959237,4.684661190683002,84.9,79.484661190683,88.1,89.2,75.7
10452,static,4,80.7855608100848,Low,Critical Thinking,Critical Thinking Activity,Concept Review,5.367296879096413,64.1,0.4,1.3761749198003201,8.987580651389816,75.28758065138982,100.0,72.9,70.9,80.0
10463,static,4,61.83510596299724,Medium,Application Skills,Application Exercise,Advanced Practice,4.012597574614333,49.5,0.4,0.794494319773638,5.2117437117748,64.9,68.9,54.1,69.0,61.1117437117748
10480,static,4,98.80390566931081,Low,Conceptual Understanding,Concept Review,Concept Review,5.805397495363804,87.1,0.4,0.0,0.0,100.0,100.0,98.3,100.0,100.0
10487,static,4,48.96204518579114,Medium,Problem Solving,Practice Questions,Practice Questions,3.06779054374536,42.2,0.4,0.5178430437842169,3.3918719367866204,52.8,33.59187193678662,40.6,39.9,45.5
10494,static,4,63.00999094705193,Medium,Advanced Topics,Advanced Practice,Advanced Practice,4.220654271198597,46.9,0.4,0.7917947412768567,5.19362575317175,80.9,62.3,69.7,75.5,63.39362575317176
10495,static,4,29.455169882483943,High,Advanced Topics,Advanced Practice,Advanced Practice,1.3855570144728584,19.1,0.4,0.10585655590572639,0.6937613804942867,40.0,33.5,39.1,17.6,10.093761380494287
10500,static,4,78.42346446180447,Low,Advanced Topics,Advanced Practice,Advanced Practice,4.003839015887873,44.4,0.4,0.7110818092216864,4.663851459367332,97.8,98.0,98.5,84.3,83.36385145936732
10514,static,4,44.27823338695217,Medium,Advanced Topics,Advanced Practice,Application Exercise,2.952505760633601,25.1,0.4,0.2964315783676135,1.9416268383078683,56.4,59.1,50.04162683830787,48.6,49.6
10522,static,4,46.06387425247432,Medium,Problem Solving,Practice Questions,Practice Questions,0.7791724716905271,0.0,0.4,0.0,0.0,45.4,44.0,55.0,44.8,45.7
10523,static,4,73.69497027952303,Low,Application Skills,Application Exercise,Application Exercise,3.8990945266919765,42.0,0.4,0.6550478804842521,4.290563617171851,95.0,94.6,77.79056361717184,100.0,87.9
10527,static,4,86.1947265379803,Low,Critical Thinking,Critical Thinking Activity,Concept Review,4.779643967384716,69.3,0.4,1.3249173077590433,8.650772663911429,89.7507726639114,100.0,87.2,82.5,89.0
10528,static,4,64.68832492539886,Medium,Critical Thinking,Critical Thinking Activity,Application Exercise,4.2629859962548755,64.7,0.4,1.1032607758307618,7.22635808169149,68.9,73.2,65.8263580816915,64.8,64.1
10529,static,4,77.31570295404431,Low,Advanced Topics,Advanced Practice,Advanced Practice,4.563392553354978,45.1,0.4,0.8232360166252382,5.399564269565641,75.9,99.5,75.6,72.9,73.09956426956565
10530,static,4,68.47256201207065,Low,Application Skills,Application Exercise,Application Exercise,3.1289109876187076,34.4,0.4,0.43053815189633415,2.8200248949209885,100.0,81.9,70.92002489492097,85.2,74.1
10535,static,4,69.65249809668322,Low,Critical Thinking,Critical Thinking Activity,Practice Questions,5.05928472893088,71.8,0.4,1.4530265741489488,9.517324060675614,79.6,82.31732406067562,79.9,74.2,81.9
10543,static,4,78.8278238807446,Low,Advanced Topics,Advanced Practice,Advanced Practice,5.077421546767928,70.7,0.4,1.4358948134259704,9.425273761942307,100.0,100.0,100.0,87.0,76.42527376194231
10544,static,4,68.94757636187526,Low,Application Skills,Application Exercise,Application Exercise,2.8471969117804394,34.1,0.4,0.388357658766852,2.5437426649228803,83.3,88.2,77.84374266492287,89.4,81.5
10549,static,4,67.24099938168808,Medium,Advanced Topics,Advanced Practice,Advanced Practice,3.21074628465166,31.7,0.4,0.4071226288938305,2.669213443170734,69.5,71.8,66.4,63.4,60.66921344317073
10550,static,4,55.53153589628636,Medium,Advanced Topics,Advanced Practice,Advanced Practice,2.231467472881754,27.5,0.4,0.24546142201699298,1.6091112324847228,65.0,55.7,74.9,63.6,57.20911123248472
10555,static,4,85.76278108191796,Low,Critical Thinking,Critical Thinking Activity,Application Exercise,4.388549457616028,44.8,0.4,0.7864280628047922,5.151103811371389,97.1,97.5,80.65110381137139,78.8,83.4
10560,static,4,43.769688473731655,Medium,Advanced Topics,Advanced Practice,Advanced Practice,1.9472412564906998,21.7,0.4,0.16902054106339276,1.107811923320451,62.5,55.4,61.7,44.3,43.707811923320456
10571,static,4,60.77691378368035,Medium,Advanced Topics,Advanced Practice,Critical Thinking Activity,3.085967376940227,37.1,0.4,0.45795755873792976,2.9979562133909776,66.1,59.0,71.8,56.99795621339097,57.6
10579,static,4,61.2042706821134,Medium,Advanced Topics,Advanced Practice,Application Exercise,3.1001019298948425,35.3,0.4,0.4377343925011517,2.8671602708825437,76.8,99.1,58.26716027088254,68.3,55.7
10584,static,4,71.71199937239466,Low,Problem Solving,Advanced Practice,Practice Questions,3.652329367204233,39.2,0.4,0.5726852447776237,3.7510883532934356,72.8,72.95108835329343,100.0,92.4,72.3
10585,static,4,81.21711666810674,Low,Advanced Topics,Advanced Practice,Advanced Practice,4.759882239641012,57.8,0.4,1.1004847738050019,7.22080369393632,96.8,84.2,91.9,76.5,75.52080369393632
10590,static,4,86.02698842763905,Low,Problem Solving,Practice Questions,Practice Questions,3.9192834397090635,56.6,0.4,0.8873257707501321,5.811983798413364,100.0,89.51198379841337,100.0,90.2,100.0
10591,static,4,69.15085586589012,Medium,Application Skills,Application Exercise,Advanced Practice,5.834297086740456,83.4,0.4,1.9463215081366163,12.780657791319582,58.5,72.9,55.1,59.1,60.080657791319574
10596,static,4,77.35130936320117,Low,Advanced Topics,Advanced Practice,Advanced Practice,5.427130993404786,75.7,0.4,1.6433352648029693,10.788557271204777,86.6,79.5,92.5,92.1,66.18855727120477
10600,static,4,36.376199463502154,Medium,Advanced Topics,Advanced Practice,Advanced Practice,1.1564821955219617,17.0,0.4,0.07864078929549341,0.5153622619016931,39.8,45.1,36.8,41.9,33.615362261901694
10602,static,4,37.11008502079109,Medium,Advanced Topics,Advanced Practice,Advanced Practice,0.5777682379624829,9.2,0.4,0.02126187115701937,0.13930403417473902,53.6,57.2,55.9,57.1,47.23930403417474
10605,static,4,74.66742775478437,Low,Problem Solving,Practice Questions,Application Exercise,3.847363390660415,56.9,0.4,0.8756599077143105,5.735572395528734,100.0,76.1,83.33557239552871,80.7,99.9
10614,static,4,69.00018510991762,Low,Advanced Topics,Advanced Practice,Advanced Practice,2.8949645228641234,35.4,0.4,0.40992697643755993,2.6879007638034187,74.2,79.0,78.5,91.0,62.087900763803425
10618,static,4,80.24987428206211,Low,Application Skills,Application Exercise,Application Exercise,2.638783398351885,42.3,0.4,0.44648215100113897,2.9244580890574596,79.9,95.1,76.72445808905745,89.0,100.0
10622,static,4,57.449366092548416,Medium,Critical Thinking,Critical Thinking Activity,Critical Thinking Activity,2.6923464196204003,39.4,0.4,0.4243137957321751,2.777616315974318,65.7,46.9,62.4,44.877616315974315,62.6
10627,static,4,90.98657816684255,Low,Conceptual Understanding,Concept Review,Concept Review,4.564894095782291,54.3,0.4,0.0,0.0,100.0,100.0,100.0,98.3,100.0
10636,static,4,55.015311505212054,Medium,Advanced Topics,Advanced Practice,Advanced Practice,4.2269705629209735,51.0,0.4,0.8623019948358787,5.656807323199782,57.8,66.4,48.6,49.2,49.856807323199796
10637,static,4,46.91167785990923,Medium,Critical Thinking,Critical Thinking Activity,Critical Thinking Activity,2.119667611531554,23.8,0.4,0.20179235661780398,1.3212689682367271,62.0,50.8,63.5,48.22126896823673,47.1
10644,static,4,85.40087898864913,Low,Advanced Topics,Advanced Practice,Advanced Practice,5.562082932792261,71.4,0.4,1.5885308856054703,10.427404670300263,99.3,81.1,100.0,76.0,76.82740467030027
10645,static,4,55.51655536438809,Medium,Problem Solving,Practice Questions,Practice Questions,1.2860898281446436,10.5,0.4,0.054015772782075026,0.3538033117225914,85.5,51.153803311722584,68.8,96.7,65.2
10650,static,4,63.41948269367476,Medium,Advanced Topics,Advanced Practice,Advanced Practice,2.2332662037322035,24.6,0.4,0.21975339444724887,1.440456920875836,76.0,71.8,75.8,55.6,54.640456920875835
10651,static,4,77.5273153356126,Low,Problem Solving,Practice Questions,Practice Questions,3.434919804139411,44.5,0.4,0.6114157251368152,4.004772999646139,98.9,92.40477299964614,100.0,97.1,95.1
10653,static,4,85.18684570896909,Low,Problem Solving,Advanced Practice,Application Exercise,5.381195164843867,75.4,0.4,0.0,4.200000000000008,100.0,96.0,100.0,98.7,95.9
10657,static,4,76.9436440223592,Low,Critical Thinking,Critical Thinking Activity,Critical Thinking Activity,4.105744262565556,53.6,0.4,0.8802715698940551,5.7611539418492965,86.5,98.4,100.0,88.1611539418493,90.7
10661,static,4,50.05623634374209,Medium,Advanced Topics,Advanced Practice,Practice Questions,2.53074432350459,26.3,0.4,0.2662343028326829,1.743834683554073,53.8,48.14383468355407,52.6,58.4,44.5
10663,static,4,90.62571390471571,Low,Critical Thinking,Critical Thinking Activity,Critical Thinking Activity,4.527275804448491,68.6,0.4,1.2422844807406659,8.128611879882008,100.0,100.0,100.0,88.02861187988202,100.0
10669,static,4,81.79443536141088,Low,Critical Thinking,Critical Thinking Activity,Advanced Practice,4.616034756427663,58.3,0.4,1.0764593051989308,7.0632682209455915,86.1,89.1,97.4,75.5,85.4632682209456
10671,static,4,63.02044856198448,Medium,Conceptual Understanding,Concept Review,Application Exercise,3.246279218207525,49.0,0.4,0.6362707267686749,4.16757326033482,66.1,68.1,68.86757326033482,76.7,72.7
10678,static,4,70.3763611308005,Low,Critical Thinking,Critical Thinking Activity,Critical Thinking Activity,2.690102419042551,41.7,0.4,0.44870908349629757,2.9372100982258695,86.9,80.0,82.0,83.23721009822586,88.4
10679,static,4,45.22607360737607,Medium,Advanced Topics,Advanced Practice,Application Exercise,1.9068501639822413,24.5,0.4,0.18687131607025964,1.2240071202602008,68.4,50.7,44.2240071202602,49.4,41.9
10680,static,4,81.05558176888928,Low,Conceptual Understanding,Concept Review,Concept Review,4.843060274827648,58.8,0.4,1.1390877766394627,7.441001570961391,87.74100157096139,99.1,93.2,89.5,93.5
10688,static,4,86.52795103158346,Low,Critical Thinking,Critical Thinking Activity,Critical Thinking Activity,5.204457834866405,70.0,0.4,1.4572481937625934,9.534979349155572,98.8,92.1,92.2,84.63497934915556,100.0
10690,static,4,83.7388799765061,Low,Advanced Topics,Advanced Practice,Advanced Practice,4.803534424570055,65.6,0.4,1.2604474330071822,8.272350518679717,100.0,95.6,89.7,100.0,89.97235051867973
10693,static,4,71.31559600680866,Low,Application Skills,Application Exercise,Critical Thinking Activity,4.792897005983901,65.6,0.4,1.2576561743701757,8.22956251458063,72.9,77.2,65.8,70.62956251458063,89.7
10698,static,4,74.80983801995936,Low,Critical Thinking,Critical Thinking Activity,Concept Review,3.5337158135334494,49.8,0.4,0.7039161900558631,4.6001669329783095,90.80016693297831,99.7,89.7,86.4,91.2
10714,static,4,58.19057464580719,Medium,Conceptual Understanding,Concept Review,Concept Review,2.1413178735068352,22.3,0.4,0.1910055543168097,1.2498108854641956,55.6498108854642,66.9,54.2,76.0,61.2
10715,static,4,51.32246334019799,Medium,Application Skills,Application Exercise,Concept Review,3.0042096177747486,39.2,0.4,0.4710600680670807,3.0799181650757896,52.879918165075786,64.1,53.5,69.9,51.7
10717,static,4,100.66062487003987,Low,Conceptual Understanding,Concept Review,Concept Review,6.511328880250151,100.0,0.4,0.0,0.0,100.0,100.0,100.0,100.0,100.0
10722,static,4,67.09013515127747,Medium,Problem Solving,Practice Questions,Advanced Practice,4.635904499299985,70.6,0.4,1.309179430602316,8.593482618234882,67.5,58.8,64.5,65.9,68.79348261823488
10738,static,4,85.10489455119878,Low,Advanced Topics,Advanced Practice,Critical Thinking Activity,5.002228020877246,68.1,0.4,0.8466252921792687,8.4,100.0,96.5,100.0,100.0,97.1
10741,static,4,35.52777644022345,High,Advanced Topics,Advanced Practice,Advanced Practice,1.6515555948791265,9.3,0.4,0.06143786812950352,0.40253130694640527,58.6,37.4,42.7,56.4,29.102531306946403
10742,static,4,68.17037481477678,Low,Critical Thinking,Critical Thinking Activity,Advanced Practice,4.572760286556087,64.1,0.4,1.1724557374729805,7.694508723633561,73.7,83.2,68.9,61.1,64.69450872363356
10750,static,4,95.29874627909558,Low,Conceptual Understanding,Concept Review,Concept Review,5.382268563969849,60.3,0.4,0.0,0.0,100.0,100.0,100.0,100.0,100.0
10754,static,4,63.29895989625022,Medium,Application Skills,Application Exercise,Application Exercise,2.6259900764483315,38.5,0.4,0.4044024717730431,2.6488361901134323,77.6,96.6,61.74883619011344,80.4,77.8
10762,static,4,36.556820318583334,Medium,Advanced Topics,Advanced Practice,Advanced Practice,2.057943998231959,32.2,0.4,0.2650631869722763,1.7378570632012016,35.8,40.3,53.4,54.5,13.537857063201201
10765,static,4,53.01163198798176,Medium,Application Skills,Application Exercise,Application Exercise,2.8325998057124857,36.8,0.4,0.4169586914008779,2.7310794286757503,64.8,70.8,57.53107942867575,59.7,65.2
10768,static,4,53.804224346050916,Medium,Conceptual Understanding,Concept Review,Advanced Practice,4.385290488735508,57.7,0.4,1.0121250448001555,6.641013382516983,50.6,60.6,54.4,49.9,51.841013382516984
10788,static,4,86.66039438122944,Low,Problem Solving,Practice Questions,Practice Questions,4.0695653159565035,58.3,0.4,0.9490226316810566,6.21609823751092,100.0,79.61609823751093,100.0,100.0,88.9
10801,static,4,76.28233720790158,Low,Conceptual Understanding,Concept Review,Practice Questions,3.800887180197734,46.0,0.4,0.6993632411563832,4.5808292295743085,81.2,81.28082922957431,79.8,84.7,88.3
10803,static,4,99.48594853429978,Low,Conceptual Understanding,Concept Review,Concept Review,5.370773753310041,73.3,0.4,0.0,0.0,100.0,100.0,100.0,100.0,100.0
10811,static,4,73.25270530607341,Low,Advanced Topics,Advanced Practice,Practice Questions,3.8723800708500247,45.3,0.4,0.7016752688380244,4.595973010889059,75.9,71.09597301088907,76.2,72.6,67.4
10812,static,4,68.28042677257109,Low,Advanced Topics,Advanced Practice,Advanced Practice,4.531300173851896,54.2,0.4,0.9823858776910912,6.445197408691547,82.1,73.8,75.3,73.5,64.84519740869155
10817,static,4,88.27462959723341,Low,Application Skills,Concept Review,Concept Review,3.6320838343235726,47.7,0.4,0.0,0.0,100.0,100.0,95.8,100.0,94.1
10821,static,4,79.87121681467748,Low,Critical Thinking,Critical Thinking Activity,Concept Review,4.205571679184782,59.4,0.4,0.9992438309743042,6.527303213653312,76.92730321365332,89.5,81.4,66.8,86.1
10823,static,4,41.79075530072702,Medium,Problem Solving,Guided Review,Practice Questions,2.1349421279257874,20.3,0.4,0.17335730078757394,1.1354903201586093,44.9,29.63549032015861,32.6,35.2,27.8
10824,static,4,40.740125538219495,Medium,Problem Solving,Practice Questions,Practice Questions,1.6408532280664132,16.5,0.4,0.10829631305238328,0.7093408504931105,54.3,42.60934085049311,58.2,51.7,40.8
10827,static,4,81.26923068761344,Low,Advanced Topics,Advanced Practice,Advanced Practice,5.392102996485819,59.9,0.4,1.2919478779580023,8.477623751339049,86.9,93.7,88.6,97.5,76.97762375133904
10830,static,4,81.82543050536182,Low,Advanced Topics,Advanced Practice,Advanced Practice,4.374359296552104,59.6,0.4,1.0428472562980216,6.842989894101018,95.8,96.1,100.0,91.0,86.942989894101
10838,static,4,64.76435606075181,Medium,Conceptual Understanding,Concept Review,Concept Review,3.185684152491665,42.8,0.4,0.545389126906573,3.5653153206033,66.4653153206033,74.3,79.3,75.5,74.8
10846,static,4,66.72032057024398,Medium,Conceptual Understanding,Concept Review,Practice Questions,3.555260669706923,53.0,0.4,0.7537152619778678,4.9368349659550335,75.1,75.73683496595504,94.8,73.4,74.5
10850,static,4,48.81327208005901,Medium,Advanced Topics,Advanced Practice,Concept Review,2.351684849204683,23.9,0.4,0.22482107158396772,1.470969111286098,46.670969111286105,48.6,51.4,83.0,47.7
10860,static,4,98.23811385268056,Low,Conceptual Understanding,Concept Review,Concept Review,6.034688430708864,80.9,0.4,0.0,0.0,100.0,100.0,100.0,100.0,100.0
10866,static,4,104.12216413782772,Low,Conceptual Understanding,Concept Review,Concept Review,6.1325647464936806,83.9,0.4,0.0,0.0,100.0,100.0,100.0,100.0,100.0
10867,static,4,81.50902128180903,Low,Application Skills,Application Exercise,Concept Review,5.30342072465864,72.7,0.4,1.5422347467307325,10.068140162865362,95.86814016286536,96.8,88.2,88.7,92.0
10868,static,4,90.26427355280103,Low,Critical Thinking,Critical Thinking Activity,Application Exercise,5.957077279903812,91.4,0.4,2.1779074535328338,14.26529382064006,100.0,92.9,98.36529382064006,94.3,99.5
10880,static,4,63.606236877171966,Medium,Advanced Topics,Advanced Practice,Advanced Practice,4.236497372053526,51.4,0.4,0.871023859694205,5.714093096336118,77.3,72.3,70.1,70.2,62.314093096336116
10884,static,4,96.75473749265367,Low,Conceptual Understanding,Concept Review,Critical Thinking Activity,5.387538235138944,71.0,0.4,0.0,5.7,100.0,100.0,100.0,100.0,100.0
10885,static,4,56.45366853423474,Medium,Critical Thinking,Critical Thinking Activity,Critical Thinking Activity,3.33941681275853,31.8,0.4,0.42477381858288504,2.7809440416901188,70.5,73.2,62.8,57.88094404169012,61.1
10893,static,4,62.97074522252068,Medium,Problem Solving,Practice Questions,Practice Questions,3.7790393653222303,45.1,0.4,0.6817387015041304,4.465388494852054,65.5,53.76538849485205,75.6,59.0,71.6
10894,static,4,46.45124251661893,Medium,Advanced Topics,Advanced Practice,Advanced Practice,1.9249441424301357,13.6,0.4,0.1047169613481994,0.6861784619447453,54.0,61.0,70.5,46.1,39.88617846194475
10900,static,4,100.5590457396532,Low,Conceptual Understanding,Concept Review,Critical Thinking Activity,6.4980094471004035,87.9,0.4,0.0,10.29999999999999,100.0,100.0,100.0,100.0,100.0
10902,static,4,85.32157662253566,Low,Application Skills,Application Exercise,Critical Thinking Activity,4.957828583155727,61.0,0.4,1.2097101742899976,7.916369309942168,93.2,100.0,85.6,91.41636930994218,98.1
10903,static,4,44.66983056635285,Medium,Advanced Topics,Advanced Practice,Advanced Practice,1.571767549256673,28.4,0.4,0.17855279359555803,1.1705266521073294,61.9,57.2,55.9,59.0,40.77052665210733
10915,static,4,74.22239022253434,Low,Advanced Topics,Advanced Practice,Advanced Practice,3.816839610764272,36.2,0.4,0.5526783756386666,3.624012841758469,83.2,80.8,90.5,93.6,69.22401284175845
10918,static,4,38.20192583639427,High,Application Skills,Application Exercise,Application Exercise,1.8917151855780479,24.4,0.4,0.18463140211241746,1.2093356838363345,53.8,58.4,27.009335683836333,39.0,30.7
10925,static,4,73.96318903975211,Low,Application Skills,Application Exercise,Application Exercise,2.717052478843144,41.6,0.4,0.45211753247949926,2.96136983774072,81.1,94.4,82.76136983774072,91.4,95.3
10937,static,4,74.27314458613972,Low,Application Skills,Application Exercise,Application Exercise,4.930273991975931,64.4,0.4,1.2700385803329999,8.31875270118115,73.1,75.2,74.31875270118115,83.1,74.2
10939,static,4,101.57599107909621,Low,Conceptual Understanding,Concept Review,Concept Review,5.80795881648581,76.5,0.4,0.0,0.0,100.0,100.0,100.0,100.0,100.0
10942,static,4,56.00683274545496,Medium,Advanced Topics,Advanced Practice,Advanced Practice,3.5306220118406166,42.5,0.4,0.6002057420129048,3.9364096410785714,77.8,70.9,71.7,78.1,57.03640964107857
10943,static,4,57.66621114175557,Medium,Application Skills,Application Exercise,Application Exercise,2.623517398093341,39.1,0.4,0.41031812106179855,2.6875836929547807,68.8,55.8,54.48758369295478,61.1,63.0
10948,static,4,49.81638527797709,Medium,Advanced Topics,Advanced Practice,Advanced Practice,2.671187595152073,35.2,0.4,0.376103213397412,2.4661026194183986,52.8,52.5,54.6,68.5,31.366102619418395
10949,static,4,92.05120895210861,Low,Conceptual Understanding,Concept Review,Concept Review,4.712820022042393,63.9,0.4,0.0,0.7000000000000028,100.0,100.0,100.0,100.0,100.0
10960,static,4,68.0280535419248,Low,Conceptual Understanding,Concept Review,Concept Review,3.2466775501302747,45.7,0.4,0.5934926561638142,3.8792636570912116,71.47926365709121,80.7,85.7,87.2,95.3
10974,static,4,72.14271978783539,Low,Advanced Topics,Advanced Practice,Advanced Practice,4.331610034310808,51.0,0.4,0.8836484469994048,5.796842679311826,100.0,90.3,79.1,83.9,73.89684267931182
10975,static,4,59.290321789458226,Medium,Application Skills,Application Exercise,Application Exercise,3.7813525242192974,45.6,0.4,0.6897187004176,4.5176574877352795,82.0,66.3,58.917657487735276,64.5,61.4
10978,static,4,65.4419069681042,Medium,Advanced Topics,Advanced Practice,Advanced Practice,3.86454985350593,54.5,0.4,0.842471868064293,5.527305506536743,82.2,69.0,72.5,70.3,61.62730550653674
10979,static,4,44.62671431471391,Medium,Advanced Topics,Advanced Practice,Advanced Practice,2.507558442057439,29.0,0.4,0.2908767792786629,1.9069161700774542,49.6,50.8,40.4,37.0,30.606916170077454
10986,static,4,74.94651146269914,Low,Problem Solving,Practice Questions,Practice Questions,3.4775910617235612,28.3,0.4,0.3936633081871072,2.578494668625552,100.0,77.07849466862555,89.2,77.6,80.0
10987,static,4,93.63384404618961,Low,Critical Thinking,Critical Thinking Activity,Critical Thinking Activity,6.127947147069906,79.6,0.4,1.951138371627058,12.764738696384661,100.0,97.2,100.0,96.36473869638463,97.4
10990,static,4,56.29438203020331,Medium,Advanced Topics,Advanced Practice,Advanced Practice,3.2884613160619076,46.4,0.4,0.61033842026109,4.00333716355251,60.1,49.0,58.1,59.4,50.90333716355251
10996,static,4,78.79564683610545,Low,Conceptual Understanding,Advanced Practice,Concept Review,4.117726119467676,53.8,0.4,0.8861346609094438,5.789926482028025,90.48992648202803,94.2,90.7,92.3,87.4
10999,static,4,89.05004560476058,Low,Critical Thinking,Critical Thinking Activity,Critical Thinking Activity,5.552471613027615,81.0,0.4,1.7990008026209474,11.769177717690356,100.0,100.0,95.3,87.36917771769036,97.6
10011,static,5,53.40249739078642,Medium,Advanced Topics,Advanced Practice,Advanced Practice,2.189077197650148,30.0,0.32,0.2101514109744142,1.9328187802910572,56.2,55.5,63.5,59.4,39.332818780291056
10024,static,5,98.43884815444977,Low,Conceptual Understanding,Concept Review,Application Exercise,6.5539225628509135,86.8,0.32,0.0,11.8,100.0,100.0,100.0,94.6,100.0
10026,static,5,90.41946456178431,Low,Conceptual Understanding,Concept Review,Critical Thinking Activity,5.5365442616985785,76.4,0.32,1.3535743411000685,12.419334903673464,88.2,87.3,100.0,94.11933490367348,100.0
10031,static,5,78.7639597580589,Low,Critical Thinking,Critical Thinking Activity,Critical Thinking Activity,3.2164428903930755,22.4,0.32,0.23055462638337562,2.117389441615768,95.7,100.0,93.6,83.61738944161579,96.2
10040,static,5,82.56791802775915,Low,Critical Thinking,Critical Thinking Activity,Critical Thinking Activity,4.152709538784841,59.2,0.32,0.7866892950274005,7.220216806010216,95.6,100.0,77.4,71.82021680601022,93.8
10045,static,5,90.4686158488687,Low,Conceptual Understanding,Concept Review,Concept Review,5.123803048459486,65.0,0.32,1.065751034079573,9.757615503045676,91.15761550304566,100.0,99.8,100.0,92.2
10055,static,5,64.85127420751408,Medium,Advanced Topics,Advanced Practice,Advanced Practice,4.231270869877361,68.6,0.32,0.9288485813554782,8.554568690377256,72.1,58.6,57.6,57.4,47.254568690377255
10056,static,5,96.49297271055661,Low,Conceptual Understanding,Concept Review,Concept Review,5.767919157307695,71.9,0.32,0.0,0.0,100.0,100.0,96.1,98.2,100.0
10060,static,5,88.7708284368693,Low,Critical Thinking,Critical Thinking Activity,Concept Review,5.167775118853642,69.3,0.32,1.1460058103569837,10.489989640618399,95.8899896406184,85.0,99.7,83.9,85.6
10061,static,5,52.625641115099626,Medium,Advanced Topics,Advanced Practice,Advanced Practice,3.015297992220172,36.9,0.32,0.3560463869213579,3.275454771020657,56.1,42.0,48.8,62.1,36.675454771020654
10064,static,5,93.13984507075496,Low,Critical Thinking,Critical Thinking Activity,Practice Questions,5.577836792307641,75.3,0.32,0.0,7.400000000000006,100.0,100.0,100.0,94.4,100.0
10067,static,5,83.58199367033265,Low,Critical Thinking,Critical Thinking Activity,Practice Questions,5.359086844259635,75.9,0.32,1.30161501273378,11.958587929491603,100.0,95.95858792949161,97.3,88.1,94.9
10068,static,5,56.320802008948824,Medium,Critical Thinking,Critical Thinking Activity,Critical Thinking Activity,3.1673329378545905,45.0,0.32,0.4560959430510611,4.1870793921125165,59.4,53.7,68.2,47.08707939211251,63.9
10071,static,5,84.38391592453625,Low,Conceptual Understanding,Concept Review,Critical Thinking Activity,4.662649919171365,56.0,0.32,0.8355468655155087,7.669060182440923,78.0,92.0,90.1,82.26906018244092,89.8
10073,static,5,79.46666469272652,Low,Advanced Topics,Advanced Practice,Practice Questions,4.057411843560421,57.7,0.32,0.7491605227949962,6.882912303179029,95.0,91.18291230317904,92.1,96.6,85.8
10077,static,5,68.0297402226807,Medium,Advanced Topics,Advanced Practice,Advanced Practice,3.3964289225231665,45.0,0.32,0.48908576484333605,4.5006448181629874,77.4,71.9,67.3,71.5,64.10064481816299
10079,static,5,52.933761452058704,Medium,Critical Thinking,Critical Thinking Activity,Critical Thinking Activity,3.409765409219503,33.4,0.32,0.3644357269373804,3.3462945407913725,65.5,60.3,61.1,50.64629454079137,54.3
10087,static,5,66.50600146450991,Medium,Problem Solving,Practice Questions,Practice Questions,3.66276761403065,48.7,0.32,0.5708057049705366,5.244277414416805,62.0,52.644277414416806,76.5,66.2,56.2
10089,static,5,80.68544481943164,Low,Advanced Topics,Advanced Practice,Advanced Practice,3.3683751361296115,36.0,0.32,0.3880368156821312,3.5696373970478765,84.1,98.0,94.7,92.9,80.86963739704788
10097,static,5,80.9151386141623,Low,Application Skills,Application Exercise,Concept Review,5.826212970052153,77.2,0.32,1.439307652121684,13.169180718099202,91.5691807180992,92.2,80.2,87.7,83.5
10102,static,5,55.54481338487658,Medium,Advanced Topics,Advanced Practice,Advanced Practice,4.088262066456826,53.9,0.32,0.7051434412224734,6.490889757907212,63.5,55.6,61.4,60.0,47.39088975790721
10108,static,5,80.31158686707192,Low,Critical Thinking,Critical Thinking Activity,Critical Thinking Activity,4.58481841098801,58.0,0.32,0.8509422970793746,7.810093521129334,88.3,92.9,87.7,90.61009352112933,93.4
10111,static,5,67.84864625053541,Low,Advanced Topics,Advanced Practice,Critical Thinking Activity,3.0419435648578093,31.4,0.32,0.3056544893969127,2.8066561671650416,92.2,82.6,83.5,66.50665616716506,66.1
10121,static,5,100.72704168122517,Low,Conceptual Understanding,Concept Review,Concept Review,6.563404781438525,88.9,0.32,0.0,0.0,100.0,100.0,100.0,100.0,100.0
10137,static,5,60.043122878584356,Medium,Advanced Topics,Advanced Practice,Advanced Practice,2.7366954856617163,31.9,0.32,0.279361875176348,2.5695389442729417,74.3,65.1,84.3,62.8,54.96953894427294
10138,static,5,58.861167470393276,Medium,Advanced Topics,Advanced Practice,Advanced Practice,3.4203296154634115,35.3,0.32,0.38636043336274695,3.5541278065063135,75.4,49.5,56.3,48.6,47.35412780650631
10140,static,5,62.2253631263272,Medium,Advanced Topics,Advanced Practice,Advanced Practice,3.660347070236486,41.0,0.32,0.48023753561502697,4.418595426071956,70.5,70.0,81.7,67.3,60.018595426071954
10159,static,5,56.58788762242051,Medium,Advanced Topics,Advanced Practice,Advanced Practice,2.904372427075792,43.0,0.32,0.39964164596562896,3.6773051127167977,63.9,58.2,63.6,65.4,55.5773051127168
10169,static,5,76.26610891538743,Low,Critical Thinking,Critical Thinking Activity,Critical Thinking Activity,3.1975837160850027,46.5,0.32,0.4758004569534484,4.367857216270663,83.5,87.0,90.0,85.66785721627066,93.1
10175,static,5,72.75567619454523,Low,Application Skills,Application Exercise,Advanced Practice,4.327264449284502,42.6,0.32,0.5898926897264632,5.427824321170052,100.0,90.7,67.6,77.0,68.92782432117008
10185,static,5,86.09977881868664,Low,Problem Solving,Practice Questions,Advanced Practice,4.392138875335624,57.3,0.32,0.8053425841815398,7.414123053837658,100.0,92.0,96.2,100.0,97.21412305383767
10199,static,5,70.73017297969655,Low,Conceptual Understanding,Concept Review,Advanced Practice,3.573156987499542,48.7,0.32,0.5568407849319287,5.124809473154048,64.6,80.2,77.4,81.0,68.42480947315404
10200,static,5,57.17157749925531,Medium,Advanced Topics,Advanced Practice,Advanced Practice,3.18602761822991,47.6,0.32,0.48529572680877997,4.466179943733644,64.5,63.0,90.8,69.1,46.96617994373365
10209,static,5,59.496115972042496,Medium,Problem Solving,Practice Questions,Practice Questions,3.53061817731258,50.1,0.32,0.5660287061867528,5.200388738090791,72.8,55.4003887380908,64.9,56.9,65.5
10210,static,5,41.69642125011457,Medium,Problem Solving,Practice Questions,Practice Questions,2.7927041323359623,39.1,0.32,0.3494231410378756,3.210325108285482,61.6,27.810325108285483,48.6,58.3,33.6
10211,static,5,66.74376894260544,Medium,Advanced Topics,Advanced Practice,Advanced Practice,3.6540844178952767,61.4,0.32,0.717954506428064,6.610574485289112,82.9,72.0,74.5,67.5,61.41057448528911
10214,static,5,67.37796057307304,Low,Advanced Topics,Advanced Practice,Critical Thinking Activity,4.506715618585137,66.2,0.32,0.9547026366410754,8.761165708816755,73.8,73.1,84.2,76.06116570881674,71.0
10216,static,5,62.212670233279056,Medium,Conceptual Understanding,Concept Review,Critical Thinking Activity,3.5990880430946786,58.9,0.32,0.678356114362485,6.225969992744729,75.0,73.8,79.9,81.52596999274473,79.3
10219,static,5,87.3929890848154,Low,Conceptual Understanding,Concept Review,Application Exercise,3.0746388483289873,44.1,0.32,0.4338930342761867,3.986392252412465,88.5,93.1,87.18639225241247,100.0,99.1
10222,static,5,69.65955120115572,Low,Problem Solving,Practice Questions,Critical Thinking Activity,4.494490221699317,59.4,0.32,0.8543127013406061,7.840835464199597,83.3,67.4,77.5,71.5408354641996,72.2
10236,static,5,50.74473620478838,Medium,Application Skills,Application Exercise,Practice Questions,2.703005033342923,32.4,0.32,0.2802475618569943,2.574774474561135,79.4,47.874774474561136,45.2,59.7,48.4
10238,static,5,58.40028683342177,Medium,Critical Thinking,Critical Thinking Activity,Critical Thinking Activity,2.472573277125359,21.8,0.32,0.17248671181226502,1.5841164717893441,51.7,60.5,67.2,54.784116471789346,72.0
10245,static,5,66.05823270434675,Medium,Critical Thinking,Critical Thinking Activity,Critical Thinking Activity,3.255263099344314,38.6,0.32,0.4020900980310097,3.6917054514733008,93.4,69.4,69.4,65.8917054514733,88.1
10248,static,5,50.20327863950229,Medium,Problem Solving,Practice Questions,Practice Questions,1.0213799780987074,10.6,0.32,0.03464520885710815,0.31830285637468114,85.5,45.41830285637468,71.2,61.4,59.9
10255,static,5,57.90972366625417,Medium,Application Skills,Application Exercise,Application Exercise,1.6573524916554168,29.0,0.32,0.15380231122562266,1.4130587343854082,88.7,100.0,62.01305873438541,80.3,71.7
10257,static,5,61.649159186378604,Medium,Advanced Topics,Advanced Practice,Practice Questions,3.928543180956106,40.3,0.32,0.5066249286160994,4.6546165316604124,59.7,66.65461653166042,73.1,63.2,62.4
10260,static,5,67.93141897291387,Medium,Problem Solving,Practice Questions,Advanced Practice,5.12195652268269,69.4,0.32,1.1374841045573718,10.476370716681995,69.2,65.2,79.7,72.7,72.07637071668198
10261,static,5,52.53037702874222,Medium,Problem Solving,Practice Questions,Advanced Practice,2.499387260701385,34.3,0.32,0.274332745734584,2.523496200657117,58.4,50.2,65.5,59.8,49.92349620065711
10262,static,5,74.91653607440476,Low,Critical Thinking,Critical Thinking Activity,Advanced Practice,5.111395277878472,61.7,0.32,1.0091938836643255,9.29226331967501,93.8,82.0,77.2,72.6,78.19226331967502
10266,static,5,73.33474330713914,Low,Advanced Topics,Advanced Practice,Advanced Practice,4.308213445277997,58.4,0.32,0.8051189286535521,7.4123532004576,90.8,81.3,88.4,88.4,69.2123532004576
10276,static,5,86.0856025122177,Low,Advanced Topics,Advanced Practice,Application Exercise,5.926190670049348,78.7,0.32,1.4924518583452278,13.71190144854678,100.0,100.0,86.7119014485468,92.0,82.4
10278,static,5,52.76878338491794,Medium,Advanced Topics,Advanced Practice,Advanced Practice,2.86487062539641,32.3,0.32,0.29611302784097293,2.723652760130813,63.4,66.3,47.3,45.6,29.723652760130815
10281,static,5,57.55631560665235,Medium,Conceptual Understanding,Concept Review,Advanced Practice,3.519221403755028,44.8,0.32,0.5045155804423208,4.642599512740605,54.5,58.3,67.8,61.4,54.342599512740605
10282,static,5,61.01460029608278,Medium,Problem Solving,Practice Questions,Practice Questions,3.92019239028455,48.4,0.32,0.6071593974072711,5.578276963679303,69.2,52.978276963679306,78.0,63.3,62.4
10290,static,5,64.13667563063672,Medium,Advanced Topics,Advanced Practice,Advanced Practice,3.220781674561379,35.7,0.32,0.36794209850189197,3.3847456141172962,77.2,64.7,90.0,75.1,59.3847456141173
10293,static,5,69.32046858409066,Low,Advanced Topics,Advanced Practice,Advanced Practice,3.7542759654510394,60.9,0.32,0.7316333001470986,6.736402673203556,79.0,80.4,85.2,66.1,61.23640267320355
10295,static,5,79.12551751754255,Low,Advanced Topics,Advanced Practice,Critical Thinking Activity,4.091056028336,53.5,0.32,0.7003887920511233,6.428794307775763,100.0,92.6,85.4,88.22879430777577,83.7
10297,static,5,72.57844748049611,Low,Advanced Topics,Advanced Practice,Advanced Practice,4.440510798263841,63.2,0.32,0.8980489038408793,8.269323684123512,100.0,80.1,81.0,76.3,59.86932368412351
10299,static,5,66.73786341195365,Medium,Application Skills,Application Exercise,Advanced Practice,3.0372340605348596,40.7,0.32,0.3955693640440602,3.639537242246672,76.6,80.7,71.1,92.0,73.73953724224667
10300,static,5,108.11705308273854,Low,Conceptual Understanding,Concept Review,Critical Thinking Activity,6.787994019072787,99.0,0.32,0.0,10.700000000000008,100.0,100.0,100.0,100.0,100.0
10308,static,5,63.74641646217461,Low,Critical Thinking,Critical Thinking Activity,Critical Thinking Activity,3.0290142363929307,37.2,0.32,0.3605738547002145,3.3106139930709277,100.0,67.3,73.5,67.01061399307093,78.3
10310,static,5,75.93541702453308,Low,Critical Thinking,Critical Thinking Activity,Concept Review,4.292667545608946,53.4,0.32,0.7335310301936567,6.720096013289691,77.92009601328971,98.5,87.5,73.3,87.8
10311,static,5,72.63860186289965,Low,Application Skills,Application Exercise,Concept Review,3.8413183915987634,46.2,0.32,0.5679005110139612,5.204707337693481,81.20470733769348,89.4,78.5,83.6,81.3
10313,static,5,70.66703571250832,Low,Advanced Topics,Advanced Practice,Concept Review,5.3547103522102,73.8,0.32,1.264568396777961,11.572474936746598,83.5724749367466,80.4,74.9,83.0,73.2
10315,static,5,42.99022656417827,Medium,Advanced Topics,Advanced Practice,Advanced Practice,1.2034403837996686,12.6,0.32,0.04852271627480263,0.4460014038573388,57.4,43.6,49.2,48.3,30.046001403857343
10319,static,5,66.89518565976184,Low,Application Skills,Application Exercise,Application Exercise,2.7404993901023795,44.8,0.32,0.3928779925650771,3.609566556691646,79.6,74.8,74.10956655669166,80.1,82.1
10320,static,5,92.33818009267809,Low,Application Skills,Application Exercise,Concept Review,5.492377237501431,85.6,0.32,0.0,5.799999999999995,100.0,100.0,100.0,100.0,100.0
10322,static,5,85.63229495496412,Low,Problem Solving,Practice Questions,Practice Questions,4.777003523377642,62.0,0.32,0.9477574990381242,8.707522022412766,97.4,90.00752202241276,90.1,96.3,93.1
10328,static,5,60.7265134385794,Medium,Advanced Topics,Advanced Practice,Advanced Practice,2.5356182870227286,25.7,0.32,0.2085292479247492,1.9176071200180331,78.5,82.9,59.7,62.6,59.71760712001803
10329,static,5,70.28557033869936,Low,Application Skills,Application Exercise,Application Exercise,3.647671759154533,46.2,0.32,0.5392717928734062,4.954559597024419,88.6,66.8,56.75455959702441,86.8,73.6
10333,static,5,75.66239826052237,Low,Advanced Topics,Advanced Practice,Critical Thinking Activity,4.5268681294939315,56.0,0.32,0.8112147688053126,7.445728228559033,96.2,78.3,89.0,80.04572822855903,73.9
10347,static,5,70.70114141229546,Low,Advanced Topics,Advanced Practice,Advanced Practice,4.069874505185075,53.3,0.32,0.6941577956043662,6.389630250896439,83.8,80.5,90.4,76.5,76.78963025089645
10352,static,5,30.33820391582271,High,Advanced Topics,Guided Review,Advanced Practice,1.5534969859096273,17.1,0.32,0.08500735506897482,0.7814781609842828,26.4,36.9,32.6,31.6,28.381478160984283
10356,static,5,75.30362428913246,Low,Advanced Topics,Advanced Practice,Concept Review,4.145871787606774,47.7,0.32,0.6328258696602981,5.799271872479743,83.09927187247973,83.5,82.2,81.3,78.1
10362,static,5,68.73594700564338,Low,Problem Solving,Practice Questions,Practice Questions,2.4812221607546485,22.1,0.32,0.17547203120856875,1.6121492867287253,88.1,59.51214928672873,77.9,100.0,70.5
10364,static,5,53.77910579392449,Medium,Advanced Topics,Advanced Practice,Advanced Practice,3.3767059687852794,30.7,0.32,0.33172759437346583,3.0510631631541596,67.1,47.4,61.6,45.3,45.55106316315416
10366,static,5,74.48128144733995,Low,Conceptual Understanding,Concept Review,Concept Review,5.289655294666936,73.0,0.32,1.2356634768341963,11.30843948625938,82.20843948625938,84.4,83.7,82.0,90.8
10371,static,5,74.49731276789615,Low,Advanced Topics,Advanced Practice,Advanced Practice,3.6422367367805313,51.4,0.32,0.5990750984656618,5.514035158249552,89.8,79.0,87.5,72.0,70.61403515824954
10372,static,5,51.669028608312914,Medium,Problem Solving,Practice Questions,Practice Questions,1.9360303243190669,11.9,0.32,0.07372403475007007,0.6773395692662688,47.3,36.67733956926627,57.0,55.6,39.8
10378,static,5,96.6404115668679,Low,Critical Thinking,Critical Thinking Activity,Critical Thinking Activity,4.530549542242277,60.9,0.32,0.8829134947921748,8.10311917449494,100.0,100.0,99.6,90.80311917449494,100.0
10383,static,5,85.28037724838954,Low,Critical Thinking,Critical Thinking Activity,Advanced Practice,5.956873377426388,75.3,0.32,0.21268004052851097,11.99999999999999,98.3,91.7,100.0,88.8,100.0
10409,static,5,71.68359418210576,Low,Critical Thinking,Critical Thinking Activity,Advanced Practice,2.6410785048626857,31.1,0.32,0.2628401328039345,2.4175052898520466,94.6,89.5,100.0,73.5,74.91750528985204
10412,static,5,50.19125022768525,Medium,Problem Solving,Practice Questions,Advanced Practice,2.7327617878583155,35.3,0.32,0.3086927715564753,2.8396633514133445,70.8,56.4,67.3,80.4,57.93966335141335
10426,static,5,51.52776894443494,Medium,Advanced Topics,Advanced Practice,Advanced Practice,2.0981931784353387,25.8,0.32,0.17322682881162155,1.5929764316448098,61.1,80.9,80.4,59.1,50.892976431644804
10430,static,5,63.54668298149295,Medium,Critical Thinking,Critical Thinking Activity,Critical Thinking Activity,3.9628562242517287,54.7,0.32,0.6936583534930226,6.36688254331727,71.3,71.5,67.4,61.56688254331727,67.9
10433,static,5,81.7079855077524,Low,Application Skills,Application Exercise,Critical Thinking Activity,5.79617580036105,83.9,0.32,1.556157278880935,14.276202557757124,83.2,90.6,71.5,77.47620255775713,98.5
10437,static,5,68.22947685653266,Low,Application Skills,Application Exercise,Application Exercise,3.5972101674442074,39.3,0.32,0.4523851506577835,4.156288571668386,92.8,75.8,67.85628857166839,92.0,71.3
10440,static,5,93.36922718392285,Low,Critical Thinking,Critical Thinking Activity,Practice Questions,6.002423289673294,79.5,0.32,0.0,9.7,100.0,100.0,97.6,92.8,97.4
10446,static,5,71.3424947840665,Low,Advanced Topics,Advanced Practice,Practice Questions,4.0271140144101185,44.4,0.32,0.5721723591673896,5.256833549850391,84.9,80.0568335498504,88.1,89.2,75.7
10452,static,5,80.80174419852301,Low,Critical Thinking,Critical Thinking Activity,Concept Review,5.372224848616034,64.1,0.32,1.1019507609481207,10.089531412337937,76.38953141233793,100.0,72.9,70.9,80.0
10463,static,5,61.84807441290778,Medium,Application Skills,Application Exercise,Advanced Practice,4.010716571406611,49.5,0.32,0.6352975049108072,5.847041216685607,64.9,68.9,54.1,69.0,61.74704121668561
10480,static,5,98.80390566931081,Low,Conceptual Understanding,Concept Review,Concept Review,5.805397495363804,87.1,0.32,0.0,0.0,100.0,100.0,98.3,100.0,100.0
10487,static,5,48.98058401294732,Medium,Problem Solving,Practice Questions,Practice Questions,3.06779054374536,42.2,0.32,0.4142744350273735,3.806146371813994,52.8,34.00614637181399,40.6,39.9,45.5
10494,static,5,63.022915332017455,Medium,Advanced Topics,Advanced Practice,Advanced Practice,4.218779659371764,46.9,0.32,0.6331544512785142,5.826780204450264,80.9,62.3,69.7,75.5,64.02678020445028
10495,static,5,29.456897768270906,High,Advanced Topics,Advanced Practice,Advanced Practice,1.3853063940262906,19.1,0.32,0.08466992680288689,0.7784313072971736,40.0,33.5,39.1,17.6,10.178431307297174
10500,static,5,78.43507137779578,Low,Advanced Topics,Advanced Practice,Advanced Practice,4.002155495778529,44.4,0.32,0.5686262528402134,5.232477712207546,97.8,98.0,98.5,84.3,83.93247771220754
10514,static,5,44.28600628372492,Medium,Advanced Topics,Advanced Practice,Application Exercise,2.952505760633601,25.1,0.32,0.2371452626940908,2.178772101001959,56.4,59.1,50.27877210100196,48.6,49.6
10522,static,5,46.06387425247432,Medium,Problem Solving,Practice Questions,Practice Questions,0.7791724716905271,0.0,0.32,0.0,0.0,45.4,44.0,55.0,44.8,45.7
10523,static,5,73.71214665318827,Low,Application Skills,Application Exercise,Application Exercise,3.8990945266919765,42.0,0.32,0.5240383043874016,4.814601921559253,95.0,94.6,78.31460192155924,100.0,87.9
10527,static,5,86.21030715286541,Low,Critical Thinking,Critical Thinking Activity,Concept Review,4.784388387599556,69.3,0.32,1.0609859688340775,9.711758632745507,90.81175863274548,100.0,87.2,82.5,89.0
10528,static,5,64.71725413790445,Medium,Critical Thinking,Critical Thinking Activity,Application Exercise,4.2629859962548755,64.7,0.32,0.8826086206646094,8.1089667023561,68.9,73.2,66.70896670235611,64.8,64.1
10529,static,5,77.32914055174695,Low,Advanced Topics,Advanced Practice,Advanced Practice,4.561443502808681,45.1,0.32,0.6583075263253488,6.057871795890989,75.9,99.5,75.6,72.9,73.75787179589099
10530,static,5,68.48385139166325,Low,Application Skills,Application Exercise,Application Exercise,3.1289109876187076,34.4,0.32,0.3444305215170673,3.164455416438056,100.0,81.9,71.26445541643804,85.2,74.1
10535,static,5,69.70451657763961,Low,Critical Thinking,Critical Thinking Activity,Practice Questions,5.05928472893088,71.8,0.32,1.162421259319159,10.679745319994773,79.6,83.47974531999478,79.9,74.2,81.9
10543,static,5,78.85126184562523,Low,Advanced Topics,Advanced Practice,Advanced Practice,5.0740219972899965,70.7,0.32,1.147946736666889,10.573220498609196,100.0,100.0,100.0,87.0,77.5732204986092
10544,static,5,68.95775970337054,Low,Application Skills,Application Exercise,Application Exercise,2.8471969117804394,34.1,0.32,0.3106861270134816,2.854428791936362,83.3,88.2,78.15442879193635,89.4,81.5
10549,static,5,67.24764480291873,Medium,Advanced Topics,Advanced Practice,Advanced Practice,3.2097824024037616,31.7,0.32,0.3256003268998376,2.9948137700705715,69.5,71.8,66.4,63.4,60.99481377007057
10550,static,5,55.53554253809256,Medium,Advanced Topics,Advanced Practice,Advanced Practice,2.230886331254061,27.5,0.32,0.19631799715035742,1.8054292296350802,65.0,55.7,74.9,63.6,57.40542922963508
10555,static,5,85.7834024481875,Low,Critical Thinking,Critical Thinking Activity,Application Exercise,4.388549457616028,44.8,0.32,0.6291424502438338,5.780246261615223,97.1,97.5,81.28024626161522,78.8,83.4
10560,static,5,43.772447378818924,Medium,Advanced Topics,Advanced Practice,Advanced Practice,1.946841092295691,21.7,0.32,0.13518864544901277,1.2430005687694639,62.5,55.4,61.7,44.3,43.84300056876947
10571,static,5,60.76515806686186,Medium,Advanced Topics,Advanced Practice,Critical Thinking Activity,3.086504053069696,37.1,0.32,0.3664297611804343,3.364385974571412,66.1,59.0,71.8,57.364385974571405,57.6
10579,static,5,61.21574875832084,Medium,Advanced Topics,Advanced Practice,Application Exercise,3.1001019298948425,35.3,0.32,0.35018751400092135,3.217347784883465,76.8,99.1,58.617347784883464,68.3,55.7
10584,static,5,71.73250155523803,Low,Advanced Topics,Advanced Practice,Practice Questions,3.652329367204233,39.2,0.32,0.458148195822099,4.209236549115534,72.8,73.40923654911553,100.0,92.4,72.3
10585,static,5,81.23507976905184,Low,Critical Thinking,Critical Thinking Activity,Advanced Practice,4.757276789434438,57.8,0.32,0.8799059149737936,8.100709608910114,96.8,84.2,91.9,76.5,76.4007096089101
10590,static,5,86.0587547693764,Low,Problem Solving,Practice Questions,Practice Questions,3.9192834397090635,56.6,0.32,0.7098606166001057,6.5218444150134705,100.0,90.22184441501348,100.0,90.2,100.0
10591,static,5,69.18262547375247,Medium,Application Skills,Application Exercise,Advanced Practice,5.829689077710125,83.4,0.32,1.5558274210592782,14.33648521237886,58.5,72.9,55.1,59.1,61.63648521237885
10596,static,5,77.37813335745437,Low,Advanced Topics,Advanced Practice,Advanced Practice,5.423240318761148,75.7,0.32,1.3137257348167006,12.102283006021477,86.6,79.5,92.5,92.1,67.50228300602147
10600,static,5,36.37748310910102,Medium,Advanced Topics,Advanced Practice,Advanced Practice,1.156296009701319,17.0,0.32,0.06290250292775176,0.5782647648294449,39.8,45.1,36.8,41.9,33.67826476482944
10602,static,5,37.110432076149756,Medium,Advanced Topics,Advanced Practice,Advanced Practice,0.577717899468106,9.2,0.32,0.01700801496034104,0.15631204913508007,53.6,57.2,55.9,57.1,47.256312049135076
10605,static,5,74.69038891873385,Low,Problem Solving,Practice Questions,Application Exercise,3.847363390660415,56.9,0.32,0.7005279261714483,6.436100321700182,100.0,76.1,84.03610032170016,80.7,99.9
10614,static,5,69.00687630622778,Low,Advanced Topics,Advanced Practice,Advanced Practice,2.8939940011896192,35.4,0.32,0.32783164045476004,3.015732404258179,74.2,79.0,78.5,91.0,62.415732404258186
10618,static,5,80.26158173809537,Low,Application Skills,Application Exercise,Application Exercise,2.638783398351885,42.3,0.32,0.35718572080091116,3.281643809858371,79.9,95.1,77.08164380985836,89.0,100.0
10622,static,5,57.438474007180176,Medium,Critical Thinking,Critical Thinking Activity,Critical Thinking Activity,2.692843668942371,39.4,0.32,0.3395137297802541,3.117130045754572,65.7,46.9,62.4,45.217130045754566,62.6
10627,static,5,90.98657816684255,Low,Conceptual Understanding,Concept Review,Concept Review,4.564894095782291,54.3,0.32,0.0,0.0,100.0,100.0,100.0,98.3,100.0
10636,static,5,55.02938677290052,Medium,Advanced Topics,Advanced Practice,Advanced Practice,4.224929021807409,51.0,0.32,0.6895084163589691,6.346315739558751,57.8,66.4,48.6,49.2,50.546315739558764
10637,static,5,46.90649787378329,Medium,Critical Thinking,Critical Thinking Activity,Critical Thinking Activity,2.1199040900847295,23.8,0.32,0.161451895500853,1.4827208637375802,62.0,50.8,63.5,48.38272086373758,47.1
10644,static,5,85.42680841659921,Low,Advanced Topics,Advanced Practice,Advanced Practice,5.558322010131114,71.4,0.32,1.269965412874757,11.69737008317502,99.3,81.1,100.0,76.0,78.09737008317502
10645,static,5,55.51848913387159,Medium,Problem Solving,Practice Questions,Practice Questions,1.2860898281446436,10.5,0.32,0.04321261822566002,0.3970159299482514,85.5,51.19701592994824,68.8,96.7,65.2
10650,static,5,63.42306970596375,Medium,Advanced Topics,Advanced Practice,Advanced Practice,2.232745927086323,24.6,0.32,0.17576175938023536,1.6162186802560714,76.0,71.8,75.8,55.6,54.81621868025607
10651,static,5,77.54920407310736,Low,Problem Solving,Practice Questions,Practice Questions,3.434919804139411,44.5,0.32,0.48913258010945215,4.493905579755591,98.9,92.8939055797556,100.0,97.1,95.1
10653,static,5,85.18684570896909,Low,Problem Solving,Advanced Practice,Application Exercise,5.381195164843867,75.4,0.32,0.0,4.200000000000008,100.0,96.0,100.0,98.7,95.9
10657,static,5,76.92104755440796,Low,Critical Thinking,Critical Thinking Activity,Critical Thinking Activity,4.106775844488374,53.6,0.32,0.704394192846646,6.4655481346959425,86.5,98.4,100.0,88.86554813469596,90.7
10661,static,5,50.065767555530115,Medium,Advanced Topics,Advanced Practice,Practice Questions,2.53074432350459,26.3,0.32,0.2129874422661463,1.9568221258202194,53.8,48.356822125820216,52.6,58.4,44.5
10663,static,5,90.59382460780392,Low,Critical Thinking,Critical Thinking Activity,Critical Thinking Activity,4.528731625875832,68.6,0.32,0.9941471665122624,9.12275904639427,100.0,100.0,100.0,89.02275904639428,100.0
10669,static,5,81.81200629707746,Low,Critical Thinking,Critical Thinking Activity,Advanced Practice,4.613486187664278,58.3,0.32,0.8606919831706477,7.92396020411624,86.1,89.1,97.4,75.5,86.32396020411625
10671,static,5,63.03713256949115,Medium,Conceptual Understanding,Concept Review,Application Exercise,3.246279218207525,49.0,0.32,0.5090165814149399,4.6765898417497604,66.1,68.1,69.37658984174976,76.7,72.7
10678,static,5,70.3648428212567,Low,Problem Solving,Practice Questions,Critical Thinking Activity,2.6906282569714017,41.7,0.32,0.3590374346102639,3.2962475328361336,86.9,80.0,82.0,83.59624753283612,88.4
10679,static,5,45.23097366376548,Medium,Advanced Topics,Advanced Practice,Application Exercise,1.9068501639822413,24.5,0.32,0.1494970528562077,1.3735041731164084,68.4,50.7,44.3735041731164,49.4,41.9
10680,static,5,81.06897708636625,Low,Critical Thinking,Critical Thinking Activity,Concept Review,4.847139254732519,58.8,0.32,0.9120377221704707,8.35303929313186,88.65303929313185,99.1,93.2,89.5,93.5
10688,static,5,86.49054364137172,Low,Critical Thinking,Critical Thinking Activity,Critical Thinking Activity,5.206165570234852,70.0,0.32,1.1661810877326066,10.701160436888179,98.8,92.1,92.2,85.80116043688817,100.0
10690,static,5,83.75945413165483,Low,Advanced Topics,Advanced Practice,Advanced Practice,4.800550255135933,65.6,0.32,1.007731509558135,9.280082028237853,100.0,95.6,89.7,100.0,90.98008202823787
10693,static,5,71.28331212032437,Low,Application Skills,Application Exercise,Critical Thinking Activity,4.794370841353546,65.6,0.32,1.0064343270169362,9.235996841597567,72.9,77.2,65.8,71.63599684159756,89.7
10698,static,5,74.81811585511514,Low,Critical Thinking,Critical Thinking Activity,Concept Review,3.5362364796777404,49.8,0.32,0.5635346454014447,5.163701578379754,91.36370157837976,99.7,89.7,86.4,91.2
10714,static,5,58.192820811636025,Medium,Conceptual Understanding,Concept Review,Concept Review,2.142001848731357,22.3,0.32,0.1528532519254696,1.4026641373896651,55.80266413738967,66.9,54.2,76.0,61.2
10715,static,5,51.32800285988373,Medium,Application Skills,Application Exercise,Concept Review,3.0058964452440953,39.2,0.32,0.37705965009141934,3.456977815167209,53.256977815167204,64.1,53.5,69.9,51.7
10717,static,5,100.66062487003987,Low,Conceptual Understanding,Concept Review,Concept Review,6.511328880250151,100.0,0.32,0.0,0.0,100.0,100.0,100.0,100.0,100.0
10722,static,5,67.11150475386255,Medium,Problem Solving,Practice Questions,Advanced Practice,4.632804954536533,70.6,0.32,1.0466432953288933,9.640125913563775,67.5,58.8,64.5,65.9,69.84012591356377
10738,static,5,85.0831617792501,Low,Advanced Topics,Advanced Practice,Critical Thinking Activity,5.003220173045603,68.1,0.32,0.0,8.4,100.0,96.5,100.0,100.0,97.1
10741,static,5,35.528779284291204,High,Advanced Topics,Advanced Practice,Advanced Practice,1.6514101377951036,9.3,0.32,0.049145965700782286,0.45167727264718754,58.6,37.4,42.7,56.4,29.151677272647184
10742,static,5,68.18951269043595,Low,Critical Thinking,Critical Thinking Activity,Advanced Practice,4.569984441659264,64.1,0.32,0.937395208673148,8.63190393230671,73.7,83.2,68.9,61.1,65.63190393230671
10750,static,5,95.29874627909558,Low,Conceptual Understanding,Concept Review,Concept Review,5.382268563969849,60.3,0.32,0.0,0.0,100.0,100.0,100.0,100.0,100.0
10754,static,5,63.30956395768337,Medium,Application Skills,Application Exercise,Application Exercise,2.6259900764483315,38.5,0.32,0.32352197741843447,2.972358167531867,77.6,96.6,62.072358167531874,80.4,77.8
10762,static,5,36.561146918003644,Medium,Advanced Topics,Advanced Practice,Advanced Practice,2.057316448490526,32.2,0.32,0.2119858868524638,1.9498429500536654,35.8,40.3,53.4,54.5,13.749842950053665
10765,static,5,53.02256529301157,Medium,Application Skills,Application Exercise,Application Exercise,2.8325998057124857,36.8,0.32,0.3335669531207023,3.0646463817964524,64.8,70.8,57.864646381796454,59.7,65.2
10768,static,5,53.820745160133555,Medium,Conceptual Understanding,Concept Review,Advanced Practice,4.382894234403032,57.7,0.32,0.8092575914401761,7.450270973957158,50.6,60.6,54.4,49.9,52.65027097395716
10788,static,5,86.69436947609114,Low,Problem Solving,Practice Questions,Practice Questions,4.0695653159565035,58.3,0.32,0.7592181053448452,6.975316342855765,100.0,80.37531634285577,100.0,100.0,88.9
10801,static,5,76.30737447431426,Low,Conceptual Understanding,Concept Review,Practice Questions,3.800887180197734,46.0,0.32,0.5594905929251065,5.140319822499415,81.2,81.84031982249941,79.8,84.7,88.3
10803,static,5,99.48594853429978,Low,Conceptual Understanding,Concept Review,Concept Review,5.370773753310041,73.3,0.32,0.0,0.0,100.0,100.0,100.0,100.0,100.0
10811,static,5,73.27782534328333,Low,Advanced Topics,Advanced Practice,Practice Questions,3.8723800708500247,45.3,0.32,0.5613402150704195,5.157313225959479,75.9,71.65731322595948,76.2,72.6,67.4
10812,static,5,68.29646215725613,Low,Advanced Topics,Advanced Practice,Advanced Practice,4.528974328416419,54.2,0.32,0.7855053075205438,7.2307027162120905,82.1,73.8,75.3,73.5,65.63070271621208
10817,static,5,88.27462959723341,Low,Application Skills,Concept Review,Concept Review,3.6320838343235726,47.7,0.32,0.0,0.0,100.0,100.0,95.8,100.0,94.1
10821,static,5,79.88296761090874,Low,Critical Thinking,Critical Thinking Activity,Concept Review,4.209149889389648,59.4,0.32,0.8000752109751844,7.327378424628496,77.7273784246285,89.5,81.4,66.8,86.1
10823,static,5,41.79696150755772,Medium,Advanced Topics,Guided Review,Advanced Practice,2.1349421279257874,20.3,0.32,0.13868584063005915,1.2741761607886684,44.9,29.63549032015861,32.6,35.2,27.93868584063006
10824,static,5,40.7440025558862,Medium,Problem Solving,Practice Questions,Practice Questions,1.6408532280664132,16.5,0.32,0.08663705044190662,0.7959779009350171,54.3,42.69597790093502,58.2,51.7,40.8
10827,static,5,81.29031902131871,Low,Advanced Topics,Advanced Practice,Advanced Practice,5.389044248245376,59.9,0.32,1.0329720015036739,9.510595752842724,86.9,93.7,88.6,97.5,78.01059575284272
10830,static,5,81.84245279497554,Low,Advanced Topics,Advanced Practice,Advanced Practice,4.3718903059181375,59.6,0.32,0.8338069191447072,7.676796813245725,95.8,96.1,100.0,91.0,87.77679681324571
10838,static,5,64.77076966701922,Medium,Conceptual Understanding,Concept Review,Concept Review,3.1876371462245534,42.8,0.32,0.4365787835469148,4.001894104150215,66.90189410415022,74.3,79.3,75.5,74.8
10846,static,5,66.74730364384997,Medium,Conceptual Understanding,Concept Review,Practice Questions,3.555260669706923,53.0,0.32,0.6029722095822941,5.5398071755373275,75.1,76.33980717553733,94.8,73.4,74.5
10850,static,5,48.81591590583885,Medium,Advanced Topics,Advanced Practice,Concept Review,2.352489915023129,23.9,0.32,0.17991842870096889,1.650887539987067,46.85088753998708,48.6,51.4,83.0,47.7
10860,static,5,98.23811385268056,Low,Conceptual Understanding,Concept Review,Concept Review,6.034688430708864,80.9,0.32,0.0,0.0,100.0,100.0,100.0,100.0,100.0
10866,static,5,104.12216413782772,Low,Conceptual Understanding,Concept Review,Concept Review,6.1325647464936806,83.9,0.32,0.0,0.0,100.0,100.0,100.0,100.0,100.0
10867,static,5,81.52715748209151,Low,Application Skills,Application Exercise,Concept Review,5.308943340798956,72.7,0.32,1.235072578803469,11.303212741668831,97.10321274166883,96.8,88.2,88.7,92.0
10868,static,5,90.32138167168009,Low,Critical Thinking,Critical Thinking Activity,Application Exercise,5.957077279903812,91.4,0.32,1.634706179359938,15.899999999999999,100.0,92.9,100.0,94.3,99.5
10880,static,5,63.62045451097273,Medium,Advanced Topics,Advanced Practice,Advanced Practice,4.234435181508784,51.4,0.32,0.6964798986545648,6.410572994990683,77.3,72.3,70.1,70.2,63.01057299499068
10884,static,5,96.75473749265367,Low,Conceptual Understanding,Concept Review,Critical Thinking Activity,5.387538235138944,71.0,0.32,0.0,5.7,100.0,100.0,100.0,100.0,100.0
10885,static,5,56.44276464013387,Medium,Critical Thinking,Critical Thinking Activity,Critical Thinking Activity,3.3399146011769263,31.8,0.32,0.3398697098157641,3.120813751505883,70.5,73.2,62.8,58.22081375150589,61.1
10893,static,5,62.9951515288418,Medium,Problem Solving,Practice Questions,Practice Questions,3.7790393653222303,45.1,0.32,0.5453909612033043,5.010779456055358,65.5,54.31077945605535,75.6,59.0,71.6
10894,static,5,46.45295180091994,Medium,Advanced Topics,Advanced Practice,Advanced Practice,1.9246962200280535,13.6,0.32,0.0837627794956209,0.7699412414403662,54.0,61.0,70.5,46.1,39.969941241440374
10900,static,5,100.5590457396532,Low,Conceptual Understanding,Concept Review,Critical Thinking Activity,6.4980094471004035,87.9,0.32,0.0,10.29999999999999,100.0,100.0,100.0,100.0,100.0
10902,static,5,85.29052350424979,Low,Application Skills,Application Exercise,Critical Thinking Activity,4.959246231061586,61.0,0.32,0.9680448643032216,8.88441417424539,93.2,100.0,85.6,92.3844141742454,98.1
10903,static,5,44.67274506542792,Medium,Advanced Topics,Advanced Practice,Advanced Practice,1.5713448169990065,28.4,0.32,0.1428038169688697,1.313330469076199,61.9,57.2,55.9,59.0,40.9133304690762
10915,static,5,74.23141153540307,Low,Advanced Topics,Advanced Practice,Advanced Practice,3.815531118341429,36.2,0.32,0.4419911247486712,4.06600396650714,83.2,80.8,90.5,93.6,69.66600396650712
10918,static,5,38.20676715875787,High,Application Skills,Application Exercise,Application Exercise,1.8917151855780479,24.4,0.32,0.14770512168993397,1.3570408055262684,53.8,58.4,27.157040805526268,39.0,30.7
10925,static,5,73.97504426424766,Low,Application Skills,Application Exercise,Application Exercise,2.717052478843144,41.6,0.32,0.3616940259835994,3.323063863724319,81.1,94.4,83.12306386372431,91.4,95.3
10937,static,5,74.30644697192704,Low,Advanced Topics,Advanced Practice,Application Exercise,4.930273991975931,64.4,0.32,1.0160308642664,9.33478356544755,73.1,75.2,75.33478356544755,83.1,74.2
10939,static,5,101.57599107909621,Low,Conceptual Understanding,Concept Review,Concept Review,5.80795881648581,76.5,0.32,0.0,0.0,100.0,100.0,100.0,100.0,100.0
10942,static,5,56.01662984268722,Medium,Advanced Topics,Advanced Practice,Advanced Practice,3.5292009961103323,42.5,0.32,0.4799713354710052,4.4163809765495765,77.8,70.9,71.7,78.1,57.51638097654958
10943,static,5,57.67697032070866,Medium,Application Skills,Application Exercise,Application Exercise,2.623517398093341,39.1,0.32,0.32825449684943886,3.0158381898042195,68.8,55.8,54.81583818980422,61.1,63.0
10948,static,5,49.82252437244604,Medium,Advanced Topics,Advanced Practice,Advanced Practice,2.6702971528503125,35.2,0.32,0.30078227129705926,2.766884890715458,52.8,52.5,54.6,68.5,31.666884890715455
10949,static,5,92.05120895210861,Low,Conceptual Understanding,Concept Review,Concept Review,4.712820022042393,63.9,0.32,0.0,0.7000000000000028,100.0,100.0,100.0,100.0,100.0
10960,static,5,68.03503283071413,Low,Conceptual Understanding,Concept Review,Concept Review,3.2488027986561807,45.7,0.32,0.47510492127547993,4.3543685783666914,71.95436857836668,80.7,85.7,87.2,95.3
10974,static,5,72.15714349148968,Low,Advanced Topics,Advanced Practice,Advanced Practice,4.329517954453298,51.0,0.32,0.7065773301667783,6.503420009478605,100.0,90.3,79.1,83.9,74.6034200094786
10975,static,5,59.30840728591615,Medium,Application Skills,Application Exercise,Application Exercise,3.7813525242192974,45.6,0.32,0.5517749603340799,5.069432448069359,82.0,66.3,59.469432448069355,64.5,61.4
10978,static,5,65.45565855065188,Medium,Advanced Topics,Advanced Practice,Advanced Practice,3.8625552611636005,54.5,0.32,0.673629637546932,6.200935144083675,82.2,69.0,72.5,70.3,62.300935144083674
10979,static,5,44.631462266773894,Medium,Advanced Topics,Advanced Practice,Advanced Practice,2.5068697774046433,29.0,0.32,0.23263751534315089,2.139553685420605,49.6,50.8,40.4,37.0,30.839553685420604
10986,static,5,74.9606046442448,Low,Problem Solving,Practice Questions,Practice Questions,3.4775910617235612,28.3,0.32,0.3149306465496857,2.8934253151752376,100.0,77.39342531517524,89.2,77.6,80.0
10987,static,5,93.58375855304095,Low,Critical Thinking,Critical Thinking Activity,Critical Thinking Activity,6.1302336676641485,79.6,0.32,1.5614931198274118,14.326231816212074,100.0,97.2,100.0,97.92623181621205,97.4
10990,static,5,56.30434452211122,Medium,Advanced Topics,Advanced Practice,Advanced Practice,3.2870163107324366,46.4,0.32,0.48805618181755217,4.491393345370063,60.1,49.0,58.1,59.4,51.39139334537006
10996,static,5,78.80606750372533,Low,Advanced Topics,Advanced Practice,Concept Review,4.120899295011287,53.8,0.32,0.7094540226291431,6.499380504657168,91.19938050465717,94.2,90.7,92.3,87.4
10999,static,5,89.00386546516395,Low,Critical Thinking,Critical Thinking Activity,Critical Thinking Activity,5.554579845044405,81.0,0.32,1.4397470958355099,13.208924813525865,100.0,100.0,95.3,88.80892481352588,97.6
10011,static,6,53.405927670876565,Medium,Advanced Topics,Advanced Practice,Advanced Practice,2.1885796541582536,30.0,0.27,0.17727495198681856,2.1100937322778757,56.2,55.5,63.5,59.4,39.51009373227787
10024,static,6,98.43884815444977,Low,Conceptual Understanding,Concept Review,Application Exercise,6.5539225628509135,86.8,0.27,0.0,11.8,100.0,100.0,100.0,94.6,100.0
10026,static,6,90.38471846721039,Low,Conceptual Understanding,Concept Review,Critical Thinking Activity,5.538130502660147,76.4,0.27,1.1424055600887353,13.561740463762199,88.2,87.3,100.0,95.26174046376221,100.0
10031,static,6,78.75804144784163,Low,Critical Thinking,Critical Thinking Activity,Critical Thinking Activity,3.216713075178014,22.4,0.27,0.19454680678676628,2.3119362484025343,95.7,100.0,93.6,83.81193624840255,96.2
10040,static,6,82.54772380582739,Low,Critical Thinking,Critical Thinking Activity,Critical Thinking Activity,4.153631452525306,59.2,0.27,0.663916451371645,7.884133257381861,95.6,100.0,77.4,72.48413325738187,93.8
10045,static,6,90.48114874909436,Low,Conceptual Understanding,Concept Review,Concept Review,5.127619415504026,65.0,0.27,0.8998972074209566,10.657512710466632,92.05751271046663,100.0,99.8,100.0,92.2
10055,static,6,64.86643570836057,Medium,Advanced Topics,Advanced Practice,Advanced Practice,4.229071776545245,68.6,0.27,0.7833086744517104,9.337877364828966,72.1,58.6,57.6,57.4,48.037877364828965
10056,static,6,96.49297271055661,Low,Conceptual Understanding,Concept Review,Concept Review,5.767919157307695,71.9,0.27,0.0,0.0,100.0,100.0,96.1,98.2,100.0
10060,static,6,88.78430510826811,Low,Critical Thinking,Critical Thinking Activity,Concept Review,5.171878871669867,69.3,0.27,0.967710255678149,11.457699896296548,96.85769989629654,85.0,99.7,83.9,85.6
10061,static,6,52.631452824031584,Medium,Advanced Topics,Advanced Practice,Advanced Practice,3.014455035412013,36.9,0.27,0.3003301551780989,3.575784926198756,56.1,42.0,48.8,62.1,36.975784926198756
10064,static,6,93.13984507075496,Low,Critical Thinking,Critical Thinking Activity,Practice Questions,5.577836792307641,75.3,0.27,0.0,7.400000000000006,100.0,100.0,100.0,94.4,100.0
10067,static,6,83.62859160388531,Low,Critical Thinking,Critical Thinking Activity,Practice Questions,5.359086844259635,75.9,0.27,1.098237666994127,13.05682559648573,100.0,97.05682559648574,97.3,88.1,94.9
10068,static,6,56.309094079586664,Medium,Critical Thinking,Critical Thinking Activity,Critical Thinking Activity,3.167867432374252,45.0,0.27,0.3848958930334717,4.571975285145988,59.4,53.7,68.2,47.47197528514598,63.9
10071,static,6,84.36246753450062,Low,Conceptual Understanding,Concept Review,Critical Thinking Activity,4.663629088636349,56.0,0.27,0.7051407182018161,8.37420090064274,78.0,92.0,90.1,82.97420090064274,89.8
10073,static,6,79.49348470626353,Low,Advanced Topics,Advanced Practice,Practice Questions,4.057411843560421,57.7,0.27,0.6321041911082781,7.515016494287307,95.0,91.81501649428732,92.1,96.6,85.8
10077,static,6,68.03772351983646,Medium,Advanced Topics,Advanced Practice,Advanced Practice,3.395270988640412,45.0,0.27,0.4125254251198101,4.9131702432827975,77.4,71.9,67.3,71.5,64.5131702432828
10079,static,6,52.92440642969326,Medium,Critical Thinking,Critical Thinking Activity,Critical Thinking Activity,3.410192487999274,33.4,0.27,0.3075311585677745,3.653825699359147,65.5,60.3,61.1,50.95382569935914,54.3
10087,static,6,66.52643635966054,Medium,Problem Solving,Practice Questions,Practice Questions,3.66276761403065,48.7,0.27,0.48161731356889026,5.725894727985695,62.0,53.125894727985695,76.5,66.2,56.2
10089,static,6,80.69177870487596,Low,Advanced Topics,Advanced Practice,Advanced Practice,3.367456440455084,36.0,0.27,0.3273167660122342,3.8969541630601108,84.1,98.0,94.7,92.9,81.19695416306011
10097,static,6,80.9320644238695,Low,Application Skills,Application Exercise,Concept Review,5.8313670127083315,77.2,0.27,1.2154901401289246,14.384670858228127,92.78467085822813,92.2,80.2,87.7,83.5
10102,static,6,55.55632336949151,Medium,Advanced Topics,Advanced Practice,Advanced Practice,4.086592605717041,53.9,0.27,0.5947218219100011,7.085611579817213,63.5,55.6,61.4,60.0,47.98561157981721
10108,static,6,80.28974327811379,Low,Conceptual Understanding,Concept Review,Critical Thinking Activity,4.585815622213557,58.0,0.27,0.7181387264386431,8.528232247567976,88.3,92.9,87.7,91.32823224756797,93.4
10111,static,6,67.84080013564312,Low,Advanced Topics,Advanced Practice,Critical Thinking Activity,3.042301758461549,31.4,0.27,0.2579263430823701,3.0645825102474116,92.2,82.6,83.5,66.76458251024744,66.1
10121,static,6,100.72704168122517,Low,Conceptual Understanding,Concept Review,Concept Review,6.563404781438525,88.9,0.27,0.0,0.0,100.0,100.0,100.0,100.0,100.0
10137,static,6,60.047682874036774,Medium,Advanced Topics,Advanced Practice,Advanced Practice,2.7360340830937635,31.9,0.27,0.23565461557686587,2.8051935598498074,74.3,65.1,84.3,62.8,55.2051935598498
10138,static,6,58.86747399241965,Medium,Advanced Topics,Advanced Practice,Advanced Practice,3.419414888704006,35.3,0.27,0.3259044330423788,3.8800322395486924,75.4,49.5,56.3,48.6,47.680032239548694
10140,static,6,62.23320199473794,Medium,Advanced Topics,Advanced Practice,Advanced Practice,3.6592100849585827,41.0,0.27,0.40507455640491513,4.823669982476871,70.5,70.0,81.7,67.3,60.423669982476866
10159,static,6,56.594410932328316,Medium,Advanced Topics,Advanced Practice,Advanced Practice,2.903426256411897,43.0,0.27,0.3370877883694213,4.014392901086219,63.9,58.2,63.6,65.4,55.914392901086224
10169,static,6,76.25389517346456,Low,Critical Thinking,Critical Thinking Activity,Critical Thinking Activity,3.1981413021380445,46.5,0.27,0.4015266404834315,4.769383856754094,83.5,87.0,90.0,86.06938385675409,93.1
10175,static,6,72.7653049528748,Low,Application Skills,Application Exercise,Advanced Practice,4.325867850197546,42.6,0.27,0.49756132012972176,5.925385641299774,100.0,90.7,67.6,77.0,69.4253856412998
10185,static,6,86.11292434371288,Low,Problem Solving,Practice Questions,Advanced Practice,4.39023218834434,57.3,0.27,0.6792128218587529,8.093335875696411,100.0,92.0,96.2,100.0,97.89333587569642
10199,static,6,70.73926223514849,Low,Conceptual Understanding,Concept Review,Advanced Practice,3.5718386403741076,48.7,0.27,0.46966106282279146,5.59447053597684,64.6,80.2,77.4,81.0,68.89447053597684
10200,static,6,57.17949893200603,Medium,Advanced Topics,Advanced Practice,Advanced Practice,3.184878657443027,47.6,0.27,0.4093206050545779,4.875500548788222,64.5,63.0,90.8,69.1,47.375500548788224
10209,static,6,59.51637985021058,Medium,Problem Solving,Practice Questions,Practice Questions,3.53061817731258,50.1,0.27,0.47758672084507275,5.677975458935864,72.8,55.87797545893587,64.9,56.9,65.5
10210,static,6,41.70893062973031,Medium,Problem Solving,Practice Questions,Practice Questions,2.7927041323359623,39.1,0.27,0.2948257752507076,3.5051508835361895,61.6,28.10515088353619,48.6,58.3,33.6
10211,static,6,66.75548804093368,Medium,Advanced Topics,Advanced Practice,Advanced Practice,3.6523846263473967,61.4,0.27,0.6054923233558714,7.2160668086449835,82.9,72.0,74.5,67.5,62.01606680864498
10214,static,6,67.35345346836851,Low,Advanced Topics,Advanced Practice,Critical Thinking Activity,4.507834425570741,66.2,0.27,0.8057303252265143,9.56689603404327,73.8,73.1,84.2,76.86689603404326,71.0
10216,static,6,62.195256911388455,Medium,Conceptual Understanding,Concept Review,Critical Thinking Activity,3.59988300220587,58.9,0.27,0.5724893938407996,6.798459386585529,75.0,73.8,79.9,82.09845938658553,79.3
10219,static,6,87.40436643463899,Low,Conceptual Understanding,Concept Review,Application Exercise,3.0746388483289873,44.1,0.27,0.3660972476705326,4.3524895000829975,88.5,93.1,87.55248950008301,100.0,99.1
10222,static,6,69.63762109431553,Low,Problem Solving,Practice Questions,Critical Thinking Activity,4.495491382669725,59.4,0.27,0.7209869079525705,8.561822372152168,83.3,67.4,77.5,72.26182237215217,72.2
10236,static,6,50.75476909249938,Medium,Application Skills,Application Exercise,Practice Questions,2.703005033342923,32.4,0.27,0.23645888031683893,2.8112333548779738,79.4,48.111233354877974,45.2,59.7,48.4
10238,static,6,58.395859119760686,Medium,Critical Thinking,Critical Thinking Activity,Critical Thinking Activity,2.4727754126707038,21.8,0.27,0.14554756078979764,1.7296640325791417,51.7,60.5,67.2,54.92966403257915,72.0
10245,static,6,66.04791109869186,Medium,Critical Thinking,Critical Thinking Activity,Critical Thinking Activity,3.25573430492525,38.6,0.27,0.3393126292593096,4.03101808073261,93.4,69.4,69.4,66.23101808073261,88.1
10248,static,6,50.20451894106952,Medium,Problem Solving,Practice Questions,Practice Questions,1.0213799780987074,10.6,0.27,0.029231894973185006,0.34753475134786616,85.5,45.44753475134787,71.2,61.4,59.9
10255,static,6,57.91375660193245,Medium,Application Skills,Application Exercise,Application Exercise,1.6573524916554168,29.0,0.27,0.12977070009661912,1.5428294344820273,88.7,100.0,62.14282943448203,80.3,71.7
10257,static,6,61.667296404011175,Medium,Advanced Topics,Advanced Practice,Practice Questions,3.928543180956106,40.3,0.27,0.4274647835198339,5.082081315180246,59.7,67.08208131518026,73.1,63.2,62.4
10260,static,6,67.9499860101687,Medium,Problem Solving,Practice Questions,Advanced Practice,5.119263474795305,69.4,0.27,0.9592475899071445,11.43561830658914,69.2,65.2,79.7,72.7,73.03561830658913
10261,static,6,52.53485493422667,Medium,Problem Solving,Practice Questions,Advanced Practice,2.4987377648373275,34.3,0.27,0.2314081044015849,2.7549043050587017,58.4,50.2,65.5,59.8,50.1549043050587
10262,static,6,74.93300904344254,Low,Critical Thinking,Critical Thinking Activity,Advanced Practice,5.109005963209832,61.7,0.27,0.8511093034111259,10.143372623086137,93.8,82.0,77.2,72.6,79.04337262308614
10266,static,6,73.34788518145893,Low,Advanced Topics,Advanced Practice,Advanced Practice,4.306307287801847,58.4,0.27,0.6790185331405951,8.091371733598196,90.8,81.3,88.4,88.4,69.89137173359819
10276,static,6,86.12473691988475,Low,Advanced Topics,Advanced Practice,Application Exercise,5.926190670049348,78.7,0.27,1.259256255478786,14.971157704025565,100.0,100.0,87.97115770402559,92.0,82.4
10278,static,6,52.77361680773021,Medium,Advanced Topics,Advanced Practice,Advanced Practice,2.8641695636753193,32.3,0.27,0.24978422764812458,2.9734369877789373,63.4,66.3,47.3,45.6,29.97343698777894
10281,static,6,57.56455076311755,Medium,Conceptual Understanding,Concept Review,Advanced Practice,3.51802693904768,44.8,0.27,0.4255405385472073,5.068140051287813,54.5,58.3,67.8,61.4,54.768140051287816
10282,static,6,61.036336656665185,Medium,Problem Solving,Practice Questions,Practice Questions,3.92019239028455,48.4,0.27,0.512290741562385,6.090567705241688,69.2,53.49056770524169,78.0,63.3,62.4
10290,static,6,64.14268151205795,Medium,Advanced Topics,Advanced Practice,Advanced Practice,3.2199105540885027,35.7,0.27,0.31036717830859084,3.695112792425887,77.2,64.7,90.0,75.1,59.69511279242589
10293,static,6,69.33241095997643,Low,Advanced Topics,Advanced Practice,Advanced Practice,3.752543788706409,60.9,0.27,0.6170307751769948,7.353433448380551,79.0,80.4,85.2,66.1,61.85343344838054
10295,static,6,79.10753861939992,Low,Advanced Topics,Advanced Practice,Critical Thinking Activity,4.091876807333681,53.5,0.27,0.5910716048193503,7.0198659125951135,100.0,92.6,85.4,88.81986591259512,83.7
10297,static,6,72.59310624134162,Low,Advanced Topics,Advanced Practice,Advanced Practice,4.438384624637707,63.2,0.27,0.7573659523481784,9.02668963647169,100.0,80.1,81.0,76.3,60.62668963647169
10299,static,6,66.74432025041817,Medium,Application Skills,Application Exercise,Advanced Practice,3.0362975311927047,40.7,0.27,0.3336587357027664,3.9731959779494384,76.6,80.7,71.1,92.0,74.07319597794944
10300,static,6,108.11705308273854,Low,Conceptual Understanding,Concept Review,Critical Thinking Activity,6.787994019072787,99.0,0.27,0.0,10.700000000000008,100.0,100.0,100.0,100.0,100.0
10308,static,6,63.737160573616535,Low,Critical Thinking,Critical Thinking Activity,Critical Thinking Activity,3.029436789481172,37.2,0.27,0.304276631135489,3.6148906242064167,100.0,67.3,73.5,67.31489062420643,78.3
10310,static,6,75.94404312098514,Low,Critical Thinking,Critical Thinking Activity,Concept Review,4.295294260066884,53.4,0.27,0.6192955264164434,7.339391539706134,78.53939153970614,98.5,87.5,73.3,87.8
10311,static,6,72.64528019603286,Low,Application Skills,Application Exercise,Concept Review,3.8433519967518497,46.2,0.27,0.4794197280748258,5.6841270657683065,81.68412706576831,89.4,78.5,83.6,81.3
10313,static,6,70.68190664299637,Low,Advanced Topics,Advanced Practice,Concept Review,5.359238667924385,73.8,0.27,1.067881896970613,12.640356833717211,84.64035683371722,80.4,74.9,83.0,73.2
10315,static,6,42.99101859553692,Medium,Advanced Topics,Advanced Practice,Advanced Practice,1.2033255039538489,12.6,0.27,0.040937133644509946,0.48693853750184873,57.4,43.6,49.2,48.3,30.08693853750185
10319,static,6,66.90548753143594,Low,Application Skills,Application Exercise,Application Exercise,2.7404993901023795,44.8,0.27,0.33149080622678384,3.9410573629184302,79.6,74.8,74.44105736291844,80.1,82.1
10320,static,6,92.33818009267809,Low,Application Skills,Application Exercise,Concept Review,5.492377237501431,85.6,0.27,0.0,5.799999999999995,100.0,100.0,100.0,100.0,100.0
10322,static,6,85.66622475796437,Low,Application Skills,Application Exercise,Practice Questions,4.777003523377642,62.0,0.27,0.7996703898134174,9.507192412226184,97.4,90.80719241222617,90.1,96.3,93.1
10328,static,6,60.729917240267206,Medium,Advanced Topics,Advanced Practice,Advanced Practice,2.5351245840792487,25.7,0.27,0.17591229488925908,2.093519414907292,78.5,82.9,59.7,62.6,59.89351941490729
10329,static,6,70.29971088337933,Low,Application Skills,Application Exercise,Application Exercise,3.647671759154533,46.2,0.27,0.45501057523693644,5.409570172261356,88.6,66.8,57.209570172261344,86.8,73.6
10333,static,6,75.64157447255535,Low,Advanced Topics,Advanced Practice,Critical Thinking Activity,4.527818784405033,56.0,0.27,0.6846062002020412,8.130334428761074,96.2,78.3,89.0,80.73033442876107,73.9
10347,static,6,70.71247207933517,Low,Advanced Topics,Advanced Practice,Advanced Practice,4.068231053485421,53.3,0.27,0.585459130907087,6.975089381803526,83.8,80.5,90.4,76.5,77.37508938180353
10352,static,6,30.339591482226652,High,Advanced Topics,Guided Review,Advanced Practice,1.5532957269407648,17.1,0.27,0.07171566371285512,0.8531938246971379,26.4,36.9,32.6,31.6,28.453193824697138
10356,static,6,75.31106612426193,Low,Advanced Topics,Advanced Practice,Concept Review,4.148137885144263,47.7,0.27,0.5342386782277296,6.333510550707472,83.63351055070746,83.5,82.2,81.3,78.1
10362,static,6,68.74222892001177,Low,Problem Solving,Practice Questions,Practice Questions,2.4812221607546485,22.1,0.27,0.14805452633222987,1.7602038130609552,88.1,59.66020381306096,77.9,100.0,70.5
10364,static,6,53.784520549681076,Medium,Advanced Topics,Advanced Practice,Advanced Practice,3.375920587878737,30.7,0.27,0.27983005752926854,3.330893220683428,67.1,47.4,61.6,45.3,45.83089322068343
10366,static,6,74.49581246497208,Low,Conceptual Understanding,Concept Review,Concept Review,5.294080104233464,73.0,0.27,1.0434631885444157,12.351902674803796,83.2519026748038,84.4,83.7,82.0,90.8
10371,static,6,74.5070914097489,Low,Advanced Topics,Advanced Practice,Advanced Practice,3.640818397902789,51.4,0.27,0.5052727772609491,6.019307935510501,89.8,79.0,87.5,72.0,71.11930793551049
10372,static,6,51.671667935332735,Medium,Problem Solving,Practice Questions,Practice Questions,1.9360303243190669,11.9,0.27,0.06220465432037163,0.7395442235866404,47.3,36.73954422358665,57.0,55.6,39.8
10378,static,6,96.61774728101442,Low,Critical Thinking,Critical Thinking Activity,Critical Thinking Activity,4.531584220211883,60.9,0.27,0.74512839332944,8.84824756782438,100.0,100.0,99.6,91.54824756782438,100.0
10383,static,6,85.2838488030425,Low,Critical Thinking,Critical Thinking Activity,Advanced Practice,5.956369847283382,75.3,0.27,0.0,11.99999999999999,98.3,91.7,100.0,88.8,100.0
10409,static,6,71.68788449483918,Low,Critical Thinking,Critical Thinking Activity,Advanced Practice,2.640456218308059,31.1,0.27,0.22171910865132774,2.6392243985033743,94.6,89.5,100.0,73.5,75.13922439850337
10412,static,6,50.1962889883737,Medium,Problem Solving,Practice Questions,Advanced Practice,2.7320309429937937,35.3,0.27,0.26038986917673845,3.100053220590083,70.8,56.4,67.3,80.4,58.20005322059009
10426,static,6,51.53059650832897,Medium,Advanced Topics,Advanced Practice,Advanced Practice,2.0977830556534025,25.8,0.27,0.14613156765681604,1.7391079993016259,61.1,80.9,80.4,59.1,51.03910799930162
10430,static,6,63.528876852918685,Medium,Critical Thinking,Critical Thinking Activity,Critical Thinking Activity,3.963669115912153,54.7,0.27,0.5853942917290659,6.9522768350463355,71.3,71.5,67.4,62.15227683504634,67.9
10433,static,6,81.66803913292682,Low,Application Skills,Application Exercise,Critical Thinking Activity,5.797999446350378,83.9,0.27,1.3134208145817514,15.589623372338876,83.2,90.6,71.5,78.78962337233888,98.5
10437,static,6,68.24133909839284,Low,Application Skills,Application Exercise,Application Exercise,3.5972101674442074,39.3,0.27,0.38169997086750485,4.537988542535891,92.8,75.8,68.23798854253589,92.0,71.3
10440,static,6,93.36922718392285,Low,Critical Thinking,Critical Thinking Activity,Practice Questions,6.002423289673294,79.5,0.27,0.0,9.7,100.0,100.0,97.6,92.8,97.4
10446,static,6,71.36297860555928,Low,Advanced Topics,Advanced Practice,Practice Questions,4.0271140144101185,44.4,0.27,0.48277042804748505,5.739603977897876,84.9,80.53960397789788,88.1,89.2,75.7
10452,static,6,80.81470279626201,Low,Critical Thinking,Critical Thinking Activity,Concept Review,5.376170843913538,64.1,0.27,0.930453887956116,11.019985300294053,77.31998530029405,100.0,72.9,70.9,80.0
10463,static,6,61.85844430941386,Medium,Application Skills,Application Exercise,Advanced Practice,4.009212474253424,49.5,0.27,0.5358312471839701,6.382872463869577,64.9,68.9,54.1,69.0,62.28287246386958
10480,static,6,98.80390566931081,Low,Conceptual Understanding,Concept Review,Concept Review,5.805397495363804,87.1,0.27,0.0,0.0,100.0,100.0,98.3,100.0,100.0
10487,static,6,48.995415074672266,Medium,Problem Solving,Practice Questions,Practice Questions,3.06779054374536,42.2,0.27,0.3495440545543464,4.1556904263683405,52.8,34.355690426368334,40.6,39.9,45.5
10494,static,6,63.03325024767724,Medium,Problem Solving,Practice Questions,Advanced Practice,4.217280636000297,46.9,0.27,0.5340342469367175,6.3608144513869815,80.9,62.3,69.7,75.5,64.56081445138699
10495,static,6,29.45827982686761,High,Advanced Topics,Advanced Practice,Advanced Practice,1.3851059339349474,19.1,0.27,0.07142991301302523,0.8498612203101988,40.0,33.5,39.1,17.6,10.2498612203102
10500,static,6,78.44435300624075,Low,Advanced Topics,Advanced Practice,Advanced Practice,4.000809245995532,44.4,0.27,0.47961701240994437,5.71209472461749,97.8,98.0,98.5,84.3,84.41209472461749
10514,static,6,44.292224601143126,Medium,Advanced Topics,Advanced Practice,Application Exercise,2.952505760633601,25.1,0.27,0.20009131539813912,2.3788634164000984,56.4,59.1,50.4788634164001,48.6,49.6
10522,static,6,46.06387425247432,Medium,Problem Solving,Practice Questions,Practice Questions,0.7791724716905271,0.0,0.27,0.0,0.0,45.4,44.0,55.0,44.8,45.7
10523,static,6,73.72588775212046,Low,Application Skills,Application Exercise,Application Exercise,3.8990945266919765,42.0,0.27,0.4421573193268702,5.256759240886122,95.0,94.6,78.75675924088611,100.0,87.9
10527,static,6,86.2227840174079,Low,Critical Thinking,Critical Thinking Activity,Concept Review,4.788187691336263,69.3,0.27,0.895917798925928,10.607676431671436,91.7076764316714,100.0,87.2,82.5,89.0
10528,static,6,64.74039750790891,Medium,Critical Thinking,Critical Thinking Activity,Application Exercise,4.2629859962548755,64.7,0.27,0.7447010236857643,8.853667726041863,68.9,73.2,67.45366772604187,64.8,64.1
10529,static,6,77.3398860384904,Low,Critical Thinking,Critical Thinking Activity,Advanced Practice,4.559884928331976,45.1,0.27,0.5552571877229848,6.613128983613974,75.9,99.5,75.6,72.9,74.31312898361398
10530,static,6,68.49288289533732,Low,Application Skills,Application Exercise,Application Exercise,3.1289109876187076,34.4,0.27,0.29061325253002557,3.4550686689680816,100.0,81.9,71.55506866896806,85.2,74.1
10535,static,6,69.74613136240471,Low,Critical Thinking,Critical Thinking Activity,Practice Questions,5.05928472893088,71.8,0.27,0.9807929375505404,11.660538257545312,79.6,84.46053825754532,79.9,74.2,81.9
10543,static,6,78.869999663359,Low,Advanced Topics,Advanced Practice,Advanced Practice,5.071304178621916,70.7,0.27,0.9680612546571377,11.541281753266333,100.0,100.0,100.0,87.0,78.54128175326635
10544,static,6,68.96590637656676,Low,Application Skills,Application Exercise,Application Exercise,2.8471969117804394,34.1,0.27,0.2621414196676251,3.116570211603987,83.3,88.2,78.41657021160398,89.4,81.5
10549,static,6,67.25295954391204,Medium,Advanced Topics,Advanced Practice,Advanced Practice,3.2090115280952975,31.7,0.27,0.27465929668967654,3.269473066760248,69.5,71.8,66.4,63.4,61.26947306676025
10550,static,6,55.538747016776945,Medium,Advanced Topics,Advanced Practice,Advanced Practice,2.2304215390293933,27.5,0.27,0.16560879927293248,1.9710380289080127,65.0,55.7,74.9,63.6,57.57103802890801
10555,static,6,85.79989954120315,Low,Critical Thinking,Critical Thinking Activity,Application Exercise,4.388549457616028,44.8,0.27,0.5308389423932347,6.3110852040084575,97.1,97.5,81.81108520400845,78.8,83.4
10560,static,6,43.77465404931782,Medium,Advanced Topics,Advanced Practice,Advanced Practice,1.9465210267276833,21.7,0.27,0.11404666695597497,1.3570472357254388,62.5,55.4,61.7,44.3,43.95704723572544
10571,static,6,60.75575185787128,Medium,Advanced Topics,Advanced Practice,Critical Thinking Activity,3.0869334686393275,37.1,0.27,0.30921812555360145,3.6736041001250133,66.1,59.0,71.8,57.673604100125004,57.6
10579,static,6,61.224931219286795,Medium,Advanced Topics,Advanced Practice,Application Exercise,3.1001019298948425,35.3,0.27,0.2954707149382774,3.5128184998217424,76.8,99.1,58.91281849982174,68.3,55.7
10584,static,6,71.74890330151271,Low,Advanced Topics,Advanced Practice,Practice Questions,3.652329367204233,39.2,0.27,0.38656254022489606,4.595799089340431,72.8,73.79579908934043,100.0,92.4,72.3
10585,static,6,81.24944238373682,Low,Critical Thinking,Critical Thinking Activity,Advanced Practice,4.755193570200056,57.8,0.27,0.7420955085654207,8.842805117475534,96.8,84.2,91.9,76.5,77.14280511747553
10590,static,6,86.08416784276629,Low,Problem Solving,Practice Questions,Practice Questions,3.9192834397090635,56.6,0.27,0.5989448952563392,7.12078931026981,100.0,90.82078931026982,100.0,90.2,100.0
10591,static,6,69.20802108637963,Medium,Application Skills,Application Exercise,Advanced Practice,5.826005582061586,83.4,0.27,1.311899936968628,15.648385149347488,58.5,72.9,55.1,59.1,62.94838514934748
10596,static,6,77.3995771689004,Low,Advanced Topics,Advanced Practice,Advanced Practice,5.420130010405561,75.7,0.27,1.1078203728267928,13.21010337884827,86.6,79.5,92.5,92.1,68.61010337884827
10600,static,6,36.3785098602535,Medium,Advanced Topics,Advanced Practice,Advanced Practice,1.156147085024533,17.0,0.27,0.05306715120262607,0.631331916032071,39.8,45.1,36.8,41.9,33.73133191603207
10602,static,6,37.110709696246715,Medium,Advanced Topics,Advanced Practice,Advanced Practice,0.5776776321812278,9.2,0.27,0.0143495123833817,0.17066156151846176,53.6,57.2,55.9,57.1,47.27066156151846
10605,static,6,74.70875784989343,Low,Problem Solving,Practice Questions,Application Exercise,3.847363390660415,56.9,0.27,0.5910704377071595,7.027170759407341,100.0,76.1,84.62717075940732,80.7,99.9
10614,static,6,69.01222746872513,Low,Advanced Topics,Advanced Practice,Advanced Practice,2.8932178441398566,35.4,0.27,0.2765337615428875,3.2922661658010663,74.2,79.0,78.5,91.0,62.69226616580107
10618,static,6,80.27094770292197,Low,Application Skills,Application Exercise,Application Exercise,2.638783398351885,42.3,0.27,0.3013754519257688,3.58301926178414,79.9,95.1,77.38301926178413,89.0,100.0
10622,static,6,57.42975872955863,Medium,Critical Thinking,Critical Thinking Activity,Critical Thinking Activity,2.693241541869509,39.4,0.27,0.28650703522407833,3.4036370809786503,65.7,46.9,62.4,45.50363708097864,62.6
10627,static,6,90.98657816684255,Low,Conceptual Understanding,Concept Review,Concept Review,4.564894095782291,54.3,0.27,0.0,0.0,100.0,100.0,100.0,98.3,100.0
10636,static,6,55.04064154859608,Medium,Advanced Topics,Advanced Practice,Advanced Practice,4.223296577734942,51.0,0.27,0.5815479387541016,6.927863678312852,57.8,66.4,48.6,49.2,51.12786367831286
10637,static,6,46.90235342256264,Medium,Critical Thinking,Critical Thinking Activity,Critical Thinking Activity,2.1200932940332606,23.8,0.27,0.13623719507457735,1.6189580588121575,62.0,50.8,63.5,48.51895805881216,47.1
10644,static,6,85.4475379327645,Low,Advanced Topics,Advanced Practice,Advanced Practice,5.555315306425548,71.4,0.27,1.0709536847727175,12.768323767947738,99.3,81.1,100.0,76.0,79.16832376794774
10645,static,6,55.52003614945839,Medium,Problem Solving,Practice Questions,Practice Questions,1.2860898281446436,10.5,0.27,0.03646064662790064,0.4334765765761521,85.5,51.233476576576145,68.8,96.7,65.2
10650,static,6,63.42593864727142,Medium,Advanced Topics,Advanced Practice,Advanced Practice,2.2323298027353227,24.6,0.27,0.14827134549768017,1.7644900257537515,76.0,71.8,75.8,55.6,54.964490025753754
10651,static,6,77.56671506310317,Low,Problem Solving,Practice Questions,Practice Questions,3.434919804139411,44.5,0.27,0.41270561446735027,4.906611194222942,98.9,93.30661119422295,100.0,97.1,95.1
10653,static,6,85.18684570896909,Low,Problem Solving,Advanced Practice,Application Exercise,5.381195164843867,75.4,0.27,0.0,4.200000000000008,100.0,96.0,100.0,98.7,95.9
10657,static,6,76.90296583809672,Low,Critical Thinking,Critical Thinking Activity,Critical Thinking Activity,4.107601317377345,53.6,0.27,0.5944520626508494,7.060000197346792,86.5,98.4,100.0,89.4600001973468,90.7
10661,static,6,50.07339252496054,Medium,Advanced Topics,Advanced Practice,Practice Questions,2.53074432350459,26.3,0.27,0.17970815441206095,2.1365302802322805,53.8,48.53653028023228,52.6,58.4,44.5
10663,static,6,90.56830496664409,Low,Critical Thinking,Critical Thinking Activity,Critical Thinking Activity,4.529896657532731,68.6,0.27,0.8390274589082125,9.961786505302483,100.0,100.0,100.0,89.86178650530249,100.0
10669,static,6,81.8260552847094,Low,Critical Thinking,Critical Thinking Activity,Advanced Practice,4.611448458330145,58.3,0.27,0.725888101825748,8.649848305941987,86.1,89.1,97.4,75.5,87.04984830594199
10671,static,6,63.050479775496484,Medium,Conceptual Understanding,Concept Review,Application Exercise,3.246279218207525,49.0,0.27,0.42948274056885555,5.106072582318616,66.1,68.1,69.80607258231862,76.7,72.7
10678,static,6,70.35562637242212,Low,Problem Solving,Practice Questions,Critical Thinking Activity,2.6910490095434785,41.7,0.27,0.3029852079845003,3.599232740820634,86.9,80.0,82.0,83.89923274082062,88.4
10679,static,6,45.23489370887701,Medium,Advanced Topics,Advanced Practice,Application Exercise,1.9068501639822413,24.5,0.27,0.12613813834742527,1.4996423114638335,68.4,50.7,44.49964231146383,49.4,41.9
10680,static,6,81.07970236591888,Low,Critical Thinking,Critical Thinking Activity,Concept Review,4.850405187014044,58.8,0.27,0.7700503274903496,9.12308962062221,89.4230896206222,99.1,93.2,89.5,93.5
10688,static,6,86.46060790963219,Low,Critical Thinking,Critical Thinking Activity,Critical Thinking Activity,5.2075322068160865,70.0,0.27,0.9842235870882404,11.68538402397642,98.8,92.1,92.2,86.7853840239764,100.0
10690,static,6,83.77590323050893,Low,Advanced Topics,Advanced Practice,Advanced Practice,4.79816440270776,65.6,0.27,0.8498508790075985,10.129932907245452,100.0,95.6,89.7,100.0,91.82993290724548
10693,static,6,71.25747706919556,Low,Application Skills,Application Exercise,Critical Thinking Activity,4.795550272217568,65.6,0.27,0.8493878642151756,10.085384705812743,72.9,77.2,65.8,72.48538470581273,89.7
10698,static,6,74.82474284702852,Low,Critical Thinking,Critical Thinking Activity,Concept Review,3.5382544510241383,49.8,0.27,0.47575369348470564,5.63945527186446,91.83945527186447,99.7,89.7,86.4,91.2
10714,static,6,58.19461831827153,Medium,Conceptual Understanding,Concept Review,Concept Review,2.1425492036901095,22.3,0.27,0.1290028875541815,1.5316670249438467,55.93166702494385,66.9,54.2,76.0,61.2
10715,static,6,51.33243696393112,Medium,Application Skills,Application Exercise,Concept Review,3.007246664926197,39.2,0.27,0.3182869870157887,3.7752648021829978,53.57526480218299,64.1,53.5,69.9,51.7
10717,static,6,100.66062487003987,Low,Conceptual Understanding,Concept Review,Concept Review,6.511328880250151,100.0,0.27,0.0,0.0,100.0,100.0,100.0,100.0,100.0
10722,static,6,67.12858900583497,Medium,Problem Solving,Practice Questions,Advanced Practice,4.630326976599049,70.6,0.27,0.8826329282793107,10.522758841843086,67.5,58.8,64.5,65.9,70.72275884184307
10738,static,6,85.0831617792501,Low,Advanced Topics,Advanced Practice,Critical Thinking Activity,5.003220173045603,68.1,0.27,0.0,8.4,100.0,96.5,100.0,100.0,97.1
10741,static,6,35.5295814888868,High,Advanced Topics,Advanced Practice,Advanced Practice,1.6512937823765323,9.3,0.27,0.041463986875474736,0.4931412595226623,58.6,37.4,42.7,56.4,29.19314125952266
10742,static,6,68.20481369701018,Low,Critical Thinking,Critical Thinking Activity,Advanced Practice,4.56776511377921,64.1,0.27,0.7905431082417678,9.422447040548477,73.7,83.2,68.9,61.1,66.42244704054848
10750,static,6,95.29874627909558,Low,Conceptual Understanding,Concept Review,Concept Review,5.382268563969849,60.3,0.27,0.0,0.0,100.0,100.0,100.0,100.0,100.0
10754,static,6,63.3180472068299,Medium,Application Skills,Application Exercise,Application Exercise,2.6259900764483315,38.5,0.27,0.2729716684468041,3.245329835978671,77.6,96.6,62.34532983597868,80.4,77.8
10762,static,6,36.564607142056815,Medium,Advanced Topics,Advanced Practice,Advanced Practice,2.056814561789467,32.2,0.27,0.1788194580019763,2.1286624080556416,35.8,40.3,53.4,54.5,13.928662408055642
10765,static,6,53.03131193703541,Medium,Application Skills,Application Exercise,Application Exercise,2.8325998057124857,36.8,0.27,0.2814471166955926,3.346093498492045,64.8,70.8,58.14609349849205,59.7,65.2
10768,static,6,53.833954589424756,Medium,Conceptual Understanding,Concept Review,Advanced Practice,4.380978278445277,57.7,0.27,0.6825126059989899,8.132783579956149,50.6,60.6,54.4,49.9,53.33278357995615
10788,static,6,86.7215495519805,Low,Problem Solving,Practice Questions,Practice Questions,4.0695653159565035,58.3,0.27,0.6405902763847132,7.615906619240478,100.0,81.01590661924048,100.0,100.0,88.9
10801,static,6,76.32740428744441,Low,Conceptual Understanding,Concept Review,Practice Questions,3.800887180197734,46.0,0.27,0.4720701877805586,5.612390010279974,81.2,82.31239001027997,79.8,84.7,88.3
10803,static,6,99.48594853429978,Low,Conceptual Understanding,Concept Review,Concept Review,5.370773753310041,73.3,0.27,0.0,0.0,100.0,100.0,100.0,100.0,100.0
10811,static,6,73.29792137305125,Low,Advanced Topics,Advanced Practice,Practice Questions,3.8723800708500247,45.3,0.27,0.47363080646566647,5.630944032425146,75.9,72.13094403242515,76.2,72.6,67.4
10812,static,6,68.30928388043465,Low,Advanced Topics,Advanced Practice,Advanced Practice,4.5271146071240755,54.2,0.27,0.6624979516065372,7.893200667818627,82.1,73.8,75.3,73.5,66.29320066781862
10817,static,6,88.27462959723341,Low,Application Skills,Concept Review,Concept Review,3.6320838343235726,47.7,0.27,0.0,0.0,100.0,100.0,95.8,100.0,94.1
10821,static,6,79.89237624620117,Low,Critical Thinking,Critical Thinking Activity,Concept Review,4.212014893101285,59.4,0.27,0.6755229485555841,8.00290137318408,78.40290137318408,89.5,81.4,66.8,86.1
10823,static,6,41.799225262417565,Medium,Problem Solving,Guided Review,Practice Questions,2.134613782581336,20.3,0.27,0.11699818142328304,1.3911743422119514,44.9,29.752488501581894,32.6,35.2,27.93868584063006
10824,static,6,40.747104170019554,Medium,Problem Solving,Practice Questions,Practice Questions,1.6408532280664132,16.5,0.27,0.07310001131035872,0.8690779122453758,54.3,42.76907791224538,58.2,51.7,40.8
10827,static,6,81.30718011815361,Low,Advanced Topics,Advanced Practice,Advanced Practice,5.386598637748287,59.9,0.27,0.8711745976830305,10.381770350525754,86.9,93.7,88.6,97.5,78.88177035052576
10830,static,6,81.856062940444,Low,Advanced Topics,Advanced Practice,Advanced Practice,4.369916228255783,59.6,0.27,0.7032069194509206,8.380003732696647,95.8,96.1,100.0,91.0,88.48000373269663
10838,static,6,64.77590369753844,Medium,Conceptual Understanding,Concept Review,Concept Review,3.189200499042046,42.8,0.27,0.36854400966929884,4.370438113819514,67.27043811381951,74.3,79.3,75.5,74.8
10846,static,6,66.76889010273477,Medium,Conceptual Understanding,Concept Review,Practice Questions,3.555260669706923,53.0,0.27,0.5087578018350607,6.048564977372388,75.1,76.84856497737239,94.8,73.4,74.5
10850,static,6,48.818031690523604,Medium,Advanced Topics,Advanced Practice,Concept Review,2.3531341881601406,23.9,0.27,0.15184774916197388,1.802735289149041,47.00273528914905,48.6,51.4,83.0,47.7
10860,static,6,98.23811385268056,Low,Conceptual Understanding,Concept Review,Concept Review,6.034688430708864,80.9,0.27,0.0,0.0,100.0,100.0,100.0,100.0,100.0
10866,static,6,104.12216413782772,Low,Conceptual Understanding,Concept Review,Concept Review,6.1325647464936806,83.9,0.27,0.0,0.0,100.0,100.0,100.0,100.0,100.0
10867,static,6,81.54168155094683,Low,Application Skills,Application Exercise,Concept Review,5.3133660344081,72.7,0.27,1.042960618893966,12.346173360562798,98.1461733605628,96.8,88.2,88.7,92.0
10868,static,6,90.36424620877132,Low,Critical Thinking,Critical Thinking Activity,Application Exercise,5.957077279903812,91.4,0.27,0.0,15.899999999999999,100.0,92.9,100.0,94.3,99.5
10880,static,6,63.63182308146417,Medium,Advanced Topics,Advanced Practice,Advanced Practice,4.232786232119371,51.4,0.27,0.5874260732935263,6.9979990682842095,77.3,72.3,70.1,70.2,63.59799906828421
10884,static,6,96.75473749265367,Low,Conceptual Understanding,Concept Review,Critical Thinking Activity,5.387538235138944,71.0,0.27,0.0,5.7,100.0,100.0,100.0,100.0,100.0
10885,static,6,56.43404022454657,Medium,Critical Thinking,Critical Thinking Activity,Critical Thinking Activity,3.3403128912736992,31.8,0.27,0.28679926484475987,3.4076130163506426,70.5,73.2,62.8,58.507613016350646,61.1
10893,static,6,63.01467657389871,Medium,Problem Solving,Practice Questions,Practice Questions,3.7790393653222303,45.1,0.27,0.460173623515288,5.470953079570647,65.5,54.77095307957064,75.6,59.0,71.6
10894,static,6,46.454319052243484,Medium,Advanced Topics,Advanced Practice,Advanced Practice,1.9244979076512403,13.6,0.27,0.07066756316895356,0.8406088046093199,54.0,61.0,70.5,46.1,40.04060880460933
10900,static,6,100.5590457396532,Low,Conceptual Understanding,Concept Review,Critical Thinking Activity,6.4980094471004035,87.9,0.27,0.0,10.29999999999999,100.0,100.0,100.0,100.0,100.0
10902,static,6,85.2656739061261,Low,Application Skills,Application Exercise,Critical Thinking Activity,4.960380673677532,61.0,0.27,0.8169746969546896,9.701388871200079,93.2,100.0,85.6,93.2013888712001,98.1
10903,static,6,44.675076037596384,Medium,Advanced Topics,Advanced Practice,Advanced Practice,1.5710067221491029,28.4,0.27,0.1204647954543932,1.4337952645305923,61.9,57.2,55.9,59.0,41.033795264530596
10915,static,6,74.23862611154232,Low,Advanced Topics,Advanced Practice,Advanced Practice,3.8144846832660044,36.2,0.27,0.37282773294241933,4.43883169944956,83.2,80.8,90.5,93.6,70.03883169944955
10918,static,6,38.210640216648756,High,Application Skills,Application Exercise,Application Exercise,1.8917151855780479,24.4,0.27,0.1246261964258818,1.4816670019521503,53.8,58.4,27.28166700195215,39.0,30.7
10925,static,6,73.98452844384408,Low,Application Skills,Application Exercise,Application Exercise,2.717052478843144,41.6,0.27,0.305179334423662,3.628243198147981,81.1,94.4,83.42824319814797,91.4,95.3
10937,static,6,74.33308888055691,Low,Advanced Topics,Advanced Practice,Application Exercise,4.930273991975931,64.4,0.27,0.857276041724775,10.192059607172325,73.1,75.2,76.19205960717233,83.1,74.2
10939,static,6,101.57599107909621,Low,Conceptual Understanding,Concept Review,Concept Review,5.80795881648581,76.5,0.27,0.0,0.0,100.0,100.0,100.0,100.0,100.0
10942,static,6,56.024464365940105,Medium,Advanced Topics,Advanced Practice,Advanced Practice,3.5280646410739704,42.5,0.27,0.4048454175632381,4.821226394112815,77.8,70.9,71.7,78.1,57.921226394112814
10943,static,6,57.68557766387113,Medium,Application Skills,Application Exercise,Application Exercise,2.623517398093341,39.1,0.27,0.27696473171671404,3.2928029215209333,68.8,55.8,55.092802921520935,61.1,63.0
10948,static,6,49.82743401084396,Medium,Advanced Topics,Advanced Practice,Advanced Practice,2.6695850364725677,35.2,0.27,0.25371736186635285,3.020602252581811,52.8,52.5,54.6,68.5,31.92060225258181
10949,static,6,92.05120895210861,Low,Conceptual Understanding,Concept Review,Concept Review,4.712820022042393,63.9,0.27,0.0,0.7000000000000028,100.0,100.0,100.0,100.0,100.0
10960,static,6,68.0406199166138,Low,Conceptual Understanding,Concept Review,Concept Review,3.2505041104131243,45.7,0.27,0.4010797021838754,4.755448280550567,72.35544828055056,80.7,85.7,87.2,95.3
10974,static,6,72.16867688132788,Low,Advanced Topics,Advanced Practice,Advanced Practice,4.327845098913026,51.0,0.27,0.5959442701203238,7.0993642795989285,100.0,90.3,79.1,83.9,75.19936427959892
10975,static,6,59.322875683082486,Medium,Application Skills,Application Exercise,Application Exercise,3.7813525242192974,45.6,0.27,0.46556012278187997,5.534992570851239,82.0,66.3,59.934992570851236,64.5,61.4
10978,static,6,65.46665413865718,Medium,Advanced Topics,Advanced Practice,Advanced Practice,3.8609604108575546,54.5,0.27,0.5681403244576892,6.769075468541365,82.2,69.0,72.5,70.3,62.86907546854136
10979,static,6,44.6352595852568,Medium,Advanced Topics,Advanced Practice,Advanced Practice,2.506318996987835,29.0,0.27,0.19624477746414745,2.3357984628847523,49.6,50.8,40.4,37.0,31.035798462884753
10986,static,6,74.97187918948133,Low,Problem Solving,Practice Questions,Practice Questions,3.4775910617235612,28.3,0.27,0.26572273302629734,3.159148048201535,100.0,77.65914804820153,89.2,77.6,80.0
10987,static,6,93.54367520780411,Low,Problem Solving,Practice Questions,Critical Thinking Activity,6.132063566674988,79.6,0.27,1.3179031017497884,15.644134917961862,100.0,97.2,100.0,99.24413491796184,97.4
10990,static,6,56.31231101348807,Medium,Problem Solving,Practice Questions,Advanced Practice,3.2858608144366177,46.4,0.27,0.41165264283261943,4.903045988202682,60.1,49.0,58.1,59.4,51.80304598820268
10996,static,6,78.81441046206737,Low,Advanced Topics,Advanced Practice,Concept Review,4.123439791679832,53.8,0.27,0.5989708641394125,7.09835136879658,91.79835136879659,94.2,90.7,92.3,87.4
10999,static,6,88.96690732608329,Low,Critical Thinking,Critical Thinking Activity,Critical Thinking Activity,5.556267071041802,81.0,0.27,1.2151556084368422,14.424080421962707,100.0,100.0,95.3,90.02408042196272,97.6
10011,static,7,53.408821311873126,Medium,Advanced Topics,Advanced Practice,Advanced Practice,2.1881599472515623,30.0,0.23,0.15098303636035781,2.2610767686382336,56.2,55.5,63.5,59.4,39.66107676863823
10024,static,7,98.43884815444977,Low,Conceptual Understanding,Concept Review,Application Exercise,6.5539225628509135,86.8,0.23,0.0,11.8,100.0,100.0,100.0,94.6,100.0
10026,static,7,90.35539305047683,Low,Conceptual Understanding,Concept Review,Critical Thinking Activity,5.539469276925521,76.4,0.23,0.9733955413413526,14.535136005103551,88.2,87.3,100.0,96.23513600510356,100.0
10031,static,7,78.75304745413001,Low,Critical Thinking,Critical Thinking Activity,Critical Thinking Activity,3.2169410627399064,22.4,0.23,0.16573680355235995,2.4776730519548944,95.7,100.0,93.6,83.97767305195491,96.2
10040,static,7,82.53068114839212,Low,Critical Thinking,Critical Thinking Activity,Critical Thinking Activity,4.154409489932079,59.2,0.23,0.565664396149152,8.449797653531013,95.6,100.0,77.4,73.04979765353102,93.8
10045,static,7,90.49173125997478,Low,Conceptual Understanding,Concept Review,Concept Review,5.130841873597948,65.0,0.23,0.7670608601028932,11.424573570569525,92.82457357056951,100.0,99.8,100.0,92.2
10055,static,7,64.8792215761211,Medium,Advanced Topics,Advanced Practice,Advanced Practice,4.227217255886495,68.6,0.23,0.6669703386337711,10.004847703462737,72.1,58.6,57.6,57.4,48.70484770346274
10056,static,7,96.49297271055661,Low,Conceptual Understanding,Concept Review,Concept Review,5.767919157307695,71.9,0.23,0.0,0.0,100.0,100.0,96.1,98.2,100.0
10060,static,7,88.79568507947522,Low,Critical Thinking,Critical Thinking Activity,Concept Review,5.175344162727852,69.3,0.23,0.8248981060971923,12.28259800239374,97.68259800239373,85.0,99.7,83.9,85.6
10061,static,7,52.63635508258412,Medium,Advanced Topics,Advanced Practice,Advanced Practice,3.013743989440751,36.9,0.23,0.25577645238383656,3.8315613785825926,56.1,42.0,48.8,62.1,37.23156137858259
10064,static,7,93.13984507075496,Low,Critical Thinking,Critical Thinking Activity,Practice Questions,5.577836792307641,75.3,0.23,0.0,7.400000000000006,100.0,100.0,100.0,94.4,100.0
10067,static,7,83.66790861032035,Low,Critical Thinking,Critical Thinking Activity,Practice Questions,5.359086844259635,75.9,0.23,0.9355357904024044,13.992361386888135,100.0,97.99236138688813,97.3,88.1,94.9
10068,static,7,56.29921384715733,Medium,Critical Thinking,Critical Thinking Activity,Critical Thinking Activity,3.1683184882290587,45.0,0.23,0.3279209635317076,4.899896248677695,59.4,53.7,68.2,47.79989624867769,63.9
10071,static,7,84.34436665497107,Low,Conceptual Understanding,Concept Review,Critical Thinking Activity,4.664455436371319,56.0,0.23,0.600781860204626,8.974982760847364,78.0,92.0,90.1,83.57498276084736,89.8
10073,static,7,79.51611409268537,Low,Advanced Topics,Advanced Practice,Practice Questions,4.057411843560421,57.7,0.23,0.5384591257589035,8.05347562004621,95.0,92.35347562004623,92.1,96.6,85.8
10077,static,7,68.04445713035997,Medium,Advanced Topics,Advanced Practice,Advanced Practice,3.3942943150146796,45.0,0.23,0.3513094616040194,5.264479704886817,77.4,71.9,67.3,71.5,64.86447970488682
10079,static,7,52.91651214092347,Medium,Critical Thinking,Critical Thinking Activity,Critical Thinking Activity,3.410552880853857,33.4,0.23,0.26199867230719326,3.91582437166634,65.5,60.3,61.1,51.215824371666336,54.3
10087,static,7,66.54367830244388,Medium,Problem Solving,Practice Questions,Practice Questions,3.66276761403065,48.7,0.23,0.4102666004475732,6.136161328433269,62.0,53.536161328433266,76.5,66.2,56.2
10089,static,7,80.69712146313019,Low,Advanced Topics,Advanced Practice,Advanced Practice,3.3666815023951298,36.0,0.23,0.27876122839831674,4.175715391458428,84.1,98.0,94.7,92.9,81.47571539145844
10097,static,7,80.94635820934509,Low,Application Skills,Application Exercise,Concept Review,5.8357195832106505,77.2,0.23,1.036190369194883,15.42086122742301,93.82086122742301,92.2,80.2,87.7,83.5
10102,static,7,55.56603095325414,Medium,Advanced Topics,Advanced Practice,Advanced Practice,4.085184573429241,53.9,0.23,0.506440331568023,7.592051911385236,63.5,55.6,61.4,60.0,48.49205191138523
10108,static,7,80.27130874123733,Low,Conceptual Understanding,Concept Review,Critical Thinking Activity,4.586657202191382,58.0,0.23,0.6118600707723303,9.140092318340306,88.3,92.9,87.7,91.9400923183403,93.4
10111,static,7,67.83417919666864,Low,Advanced Topics,Advanced Practice,Critical Thinking Activity,3.042604019902271,31.4,0.23,0.21973686231734202,3.2843193725647537,92.2,82.6,83.5,66.98431937256478,66.1
10121,static,7,100.72704168122517,Low,Conceptual Understanding,Concept Review,Concept Review,6.563404781438525,88.9,0.23,0.0,0.0,100.0,100.0,100.0,100.0,100.0
10137,static,7,60.051529440339685,Medium,Advanced Topics,Advanced Practice,Advanced Practice,2.7354761595482047,31.9,0.23,0.2007018858260518,3.005895445675859,74.3,65.1,84.3,62.8,55.40589544567585
10138,static,7,58.87279369730657,Medium,Advanced Topics,Advanced Practice,Advanced Practice,3.418643294409741,35.3,0.23,0.27755964907312686,4.157591888621819,75.4,49.5,56.3,48.6,47.95759188862182
10140,static,7,62.239813985489825,Medium,Advanced Topics,Advanced Practice,Advanced Practice,3.6582510516200166,41.0,0.23,0.34497307416776757,5.168643056644639,70.5,70.0,81.7,67.3,60.768643056644635
10159,static,7,56.59991318198589,Medium,Advanced Topics,Advanced Practice,Advanced Practice,2.9026281849903324,43.0,0.23,0.2870699274955439,4.301462828581763,63.9,58.2,63.6,65.4,56.20146282858177
10169,static,7,76.24358803169882,Low,Conceptual Understanding,Concept Review,Critical Thinking Activity,3.1986118474084124,46.5,0.23,0.34209153708032974,5.111475393834423,83.5,87.0,90.0,86.41147539383442,93.1
10175,static,7,72.77342659565679,Low,Application Skills,Application Exercise,Advanced Practice,4.324689850033279,42.6,0.23,0.4237331115062607,6.349118752806034,100.0,90.7,67.6,77.0,69.84911875280606
10185,static,7,86.12401106546739,Low,Problem Solving,Practice Questions,Advanced Practice,4.38862411958306,57.3,0.23,0.5783767727198514,8.671712648416262,100.0,92.0,96.2,100.0,98.47171264841627
10199,static,7,70.74692846487041,Low,Conceptual Understanding,Concept Review,Advanced Practice,3.5707266954001478,48.7,0.23,0.39995709715177064,5.994427633128611,64.6,80.2,77.4,81.0,69.2944276331286
10200,static,7,57.18618023057782,Medium,Advanced Topics,Advanced Practice,Advanced Practice,3.183909571381702,47.6,0.23,0.34857441987486876,5.22407496866309,64.5,63.0,90.8,69.1,47.724074968663096
10209,static,7,59.5334774974149,Medium,Problem Solving,Practice Questions,Practice Questions,3.53061817731258,50.1,0.23,0.4068331325717286,6.084808591507593,72.8,56.2848085915076,64.9,56.9,65.5
10210,static,7,41.719485418781105,Medium,Problem Solving,Practice Questions,Practice Questions,2.7927041323359623,39.1,0.23,0.2511478826209731,3.7562987661571627,61.6,28.356298766157163,48.6,58.3,33.6
10211,static,7,66.7653714304951,Medium,Advanced Topics,Advanced Practice,Advanced Practice,3.6509510943835584,61.4,0.23,0.5155873135488461,7.73165412219383,82.9,72.0,74.5,67.5,62.53165412219383
10214,static,7,67.33277046542489,Low,Advanced Topics,Advanced Practice,Critical Thinking Activity,4.5087786533143115,66.2,0.23,0.6865066377536371,10.253402671796906,73.8,73.1,84.2,77.5534026717969,71.0
10216,static,7,62.18056117579643,Medium,Conceptual Understanding,Concept Review,Critical Thinking Activity,3.60055389710909,58.9,0.23,0.48776703644136843,7.286226423026898,75.0,73.8,79.9,82.5862264230269,79.3
10219,static,7,87.41396607355264,Low,Conceptual Understanding,Concept Review,Application Exercise,3.0746388483289873,44.1,0.23,0.3118606183860092,4.664350118469007,88.5,93.1,87.86435011846902,100.0,99.1
10222,static,7,69.61911344495368,Low,Problem Solving,Practice Questions,Critical Thinking Activity,4.496336300404511,59.4,0.23,0.6142894653612644,9.176111837513432,83.3,67.4,77.5,72.87611183751343,72.2
10236,static,7,50.76323434150554,Medium,Application Skills,Application Exercise,Practice Questions,2.703005033342923,32.4,0.23,0.20142793508471465,3.0126612899626886,79.4,48.31266128996269,45.2,59.7,48.4
10238,static,7,58.39212293094664,Medium,Critical Thinking,Critical Thinking Activity,Critical Thinking Activity,2.4729459784798884,21.8,0.23,0.1239935113609816,1.8536575439401233,51.7,60.5,67.2,55.053657543940126,72.0
10245,static,7,66.03920098329709,Medium,Critical Thinking,Critical Thinking Activity,Critical Thinking Activity,3.25613194218459,38.6,0.23,0.2890793938271479,4.320097474559758,93.4,69.4,69.4,66.52009747455976,88.1
10248,static,7,50.20556544551689,Medium,Problem Solving,Practice Questions,Practice Questions,1.0213799780987074,10.6,0.23,0.024901243866046485,0.37243599521391263,85.5,45.472435995213914,71.2,61.4,59.9
10255,static,7,57.917159391411005,Medium,Application Skills,Application Exercise,Application Exercise,1.6573524916554168,29.0,0.23,0.1105454111934163,1.6533748456754436,88.7,100.0,62.253374845675445,80.3,71.7
10257,static,7,61.68259968138865,Medium,Advanced Topics,Advanced Practice,Practice Questions,3.928543180956106,40.3,0.23,0.36413666744282147,5.446217982623067,59.7,67.44621798262308,73.1,63.2,62.4
10260,static,7,67.96564371093748,Medium,Problem Solving,Practice Questions,Advanced Practice,5.116992410360094,69.4,0.23,0.8167743285416783,12.252392635130818,69.2,65.2,79.7,72.7,73.85239263513081
10261,static,7,52.53863218515992,Medium,Problem Solving,Practice Questions,Advanced Practice,2.4981898951095785,34.3,0.23,0.19708220082519462,2.9519865058838963,58.4,50.2,65.5,59.8,50.35198650588389
10262,static,7,74.94690161396818,Low,Critical Thinking,Critical Thinking Activity,Advanced Practice,5.106990921327222,61.7,0.23,0.7247330816455461,10.868105704731683,93.8,82.0,77.2,72.6,79.7681057047317
10266,static,7,73.35896873185848,Low,Advanced Topics,Advanced Practice,Advanced Practice,4.304699679028376,58.4,0.23,0.5782072608870914,8.669578994485288,90.8,81.3,88.4,88.4,70.46957899448529
10276,static,7,86.15775657635382,Low,Advanced Topics,Advanced Practice,Application Exercise,5.926190670049348,78.7,0.23,1.0726997731856325,16.043857477211198,100.0,100.0,89.04385747721122,92.0,82.4
10278,static,7,52.77769401025271,Medium,Advanced Topics,Advanced Practice,Advanced Practice,2.863578187599052,32.3,0.23,0.21273522355673355,3.1861722113356707,63.4,66.3,47.3,45.6,30.186172211335673
10281,static,7,57.57149681801273,Medium,Conceptual Understanding,Concept Review,Advanced Practice,3.5170194515199515,44.8,0.23,0.36239368428461577,5.430533735572428,54.5,58.3,67.8,61.4,55.130533735572435
10282,static,7,61.05467671090659,Medium,Problem Solving,Practice Questions,Practice Questions,3.92019239028455,48.4,0.23,0.4363958168864761,6.526963522128164,69.2,53.92696352212816,78.0,63.3,62.4
10290,static,7,64.14774760391738,Medium,Advanced Topics,Advanced Practice,Advanced Practice,3.2191757449861087,35.7,0.23,0.26432652042080945,3.9594393128466967,77.2,64.7,90.0,75.1,59.9594393128467
10293,static,7,69.34248269051243,Low,Advanced Topics,Advanced Practice,Advanced Practice,3.751082938907379,60.9,0.23,0.5254141872527566,7.878847635633308,79.0,80.4,85.2,66.1,62.3788476356333
10295,static,7,79.0923658806316,Low,Advanced Topics,Advanced Practice,Critical Thinking Activity,4.092569478554105,53.5,0.23,0.5035906743360827,7.5234565869311965,100.0,92.6,85.4,89.3234565869312,83.7
10297,static,7,72.60546864868995,Low,Advanced Topics,Advanced Practice,Advanced Practice,4.436591524611274,63.2,0.23,0.6449029440174949,9.671592580489186,100.0,80.1,81.0,76.3,61.271592580489184
10299,static,7,66.7497665279981,Medium,Application Skills,Application Exercise,Advanced Practice,3.0355075782169294,40.7,0.23,0.2841538643968868,4.257349842346325,76.6,80.7,71.1,92.0,74.35734984234632
10300,static,7,108.11705308273854,Low,Conceptual Understanding,Concept Review,Critical Thinking Activity,6.787994019072787,99.0,0.23,0.0,10.700000000000008,100.0,100.0,100.0,100.0,100.0
10308,static,7,63.7293498281842,Low,Critical Thinking,Critical Thinking Activity,Critical Thinking Activity,3.029793368385854,37.2,0.23,0.2592291205990937,3.8741197448055105,100.0,67.3,73.5,67.57411974480551,78.3
10310,static,7,75.95132584349217,Low,Critical Thinking,Critical Thinking Activity,Concept Review,4.29751190655492,53.4,0.23,0.5278204123630753,7.867211952069209,79.06721195206921,98.5,87.5,73.3,87.8
10311,static,7,72.65091802271662,Low,Application Skills,Application Exercise,Concept Review,3.8450687594780595,46.2,0.23,0.4085770063821386,6.092704072150445,82.09270407215045,89.4,78.5,83.6,81.3
10313,static,7,70.69446460150597,Low,Advanced Topics,Advanced Practice,Concept Review,5.363062665414173,73.8,0.23,0.9103262568274018,13.550683090544613,85.55068309054462,80.4,74.9,83.0,73.2
10315,static,7,42.99168680820243,Medium,Advanced Topics,Advanced Practice,Advanced Practice,1.2032285833368177,12.6,0.23,0.03486956434510098,0.5218081018469497,57.4,43.6,49.2,48.3,30.121808101846952
10319,static,7,66.91417973566097,Low,Application Skills,Application Exercise,Application Exercise,2.7404993901023795,44.8,0.23,0.2823810571561492,4.223438420074579,79.6,74.8,74.72343842007459,80.1,82.1
10320,static,7,92.33818009267809,Low,Application Skills,Application Exercise,Concept Review,5.492377237501431,85.6,0.23,0.0,5.799999999999995,100.0,100.0,100.0,100.0,100.0
10322,static,7,85.69485302924582,Low,Application Skills,Application Exercise,Practice Questions,4.777003523377642,62.0,0.23,0.6812007024336518,10.188393114659835,97.4,91.48839311465983,90.1,96.3,93.1
10328,static,7,60.73278863875067,Medium,Advanced Topics,Advanced Practice,Advanced Practice,2.534708103328249,25.7,0.23,0.1498265959877328,2.243346010895025,78.5,82.9,59.7,62.6,60.04334601089502
10329,static,7,70.31164196795307,Low,Application Skills,Application Exercise,Application Exercise,3.647671759154533,46.2,0.23,0.3876016011277607,5.797171773389117,88.6,66.8,57.59717177338911,86.8,73.6
10333,static,7,75.62400071169432,Low,Advanced Topics,Advanced Practice,Critical Thinking Activity,4.528621067932676,56.0,0.23,0.5832863935497288,8.713620822310803,96.2,78.3,89.0,81.3136208223108,73.9
10347,static,7,70.72202846913541,Low,Advanced Topics,Advanced Practice,Advanced Practice,4.066844951060498,53.3,0.23,0.4985545225505063,7.473643904354033,83.8,80.5,90.4,76.5,77.87364390435404
10352,static,7,30.340762089705535,High,Advanced Topics,Guided Review,Advanced Practice,1.55312593668534,17.1,0.23,0.061084443089834434,0.9142782677869723,26.4,36.9,32.6,31.6,28.514278267786974
10356,static,7,75.31734860472577,Low,Advanced Topics,Advanced Practice,Concept Review,4.150050950034947,47.7,0.23,0.4553020897283341,6.788812640435806,84.08881264043579,83.5,82.2,81.3,78.1
10362,static,7,68.7475292852601,Low,Problem Solving,Practice Questions,Practice Questions,2.4812221607546485,22.1,0.23,0.1261205224311588,1.886324335492114,88.1,59.78632433549212,77.9,100.0,70.5
10364,static,7,53.78908818722638,Medium,Advanced Topics,Advanced Practice,Advanced Practice,3.375258076866727,30.7,0.23,0.23832697280755957,3.5692201934909877,67.1,47.4,61.6,45.3,46.069220193490985
10366,static,7,74.50808326707595,Low,Conceptual Understanding,Concept Review,Concept Review,5.297816660331099,73.0,0.23,0.8895034172695916,13.241406092073387,84.1414060920734,84.4,83.7,82.0,90.8
10371,static,7,74.51533892586069,Low,Advanced Topics,Advanced Practice,Advanced Practice,3.6396221404958466,51.4,0.23,0.430276129449419,6.44958406495992,89.8,79.0,87.5,72.0,71.54958406495992
10372,static,7,51.673894867505716,Medium,Problem Solving,Practice Questions,Practice Questions,1.9360303243190669,11.9,0.23,0.052989149976612866,0.7925333735632533,47.3,36.79253337356326,57.0,55.6,39.8
10378,static,7,96.59861992255452,Low,Critical Thinking,Critical Thinking Activity,Critical Thinking Activity,4.532457429124935,60.9,0.23,0.6348613120975296,9.48310887992191,100.0,100.0,99.6,92.1831088799219,100.0
10383,static,7,85.2838488030425,Low,Critical Thinking,Critical Thinking Activity,Advanced Practice,5.956369847283382,75.3,0.23,0.0,11.99999999999999,98.3,91.7,100.0,88.8,100.0
10409,static,7,71.69150359328103,Low,Critical Thinking,Critical Thinking Activity,Advanced Practice,2.639931287740015,31.1,0.23,0.1888342850120433,2.8280586835154176,94.6,89.5,100.0,73.5,75.32805868351542
10412,static,7,50.20053930570334,Medium,Problem Solving,Practice Questions,Advanced Practice,2.7314144575552075,35.3,0.23,0.22176353980890728,3.32181676039899,70.8,56.4,67.3,80.4,58.421816760399
10426,static,7,51.53298179903318,Medium,Advanced Topics,Advanced Practice,Advanced Practice,2.0974370821949764,25.8,0.23,0.12446191645744992,1.8635699157590757,61.1,80.9,80.4,59.1,51.16356991575907
10430,static,7,63.5138498501115,Medium,Critical Thinking,Critical Thinking Activity,Critical Thinking Activity,3.9643551339430907,54.7,0.23,0.4987555194013803,7.451032354447716,71.3,71.5,67.4,62.651032354447715,67.9
10433,static,7,81.63432377466899,Low,Application Skills,Application Exercise,Critical Thinking Activity,5.799538631774189,83.9,0.23,1.1191369697734652,16.708760342112342,83.2,90.6,71.5,79.90876034211234,98.5
10437,static,7,68.25134786496236,Low,Application Skills,Application Exercise,Application Exercise,3.5972101674442074,39.3,0.23,0.3251518270352819,4.863140369571173,92.8,75.8,68.56314036957117,92.0,71.3
10440,static,7,93.36922718392285,Low,Critical Thinking,Critical Thinking Activity,Practice Questions,6.002423289673294,79.5,0.23,0.0,9.7,100.0,100.0,97.6,92.8,97.4
10446,static,7,71.3802618299438,Low,Advanced Topics,Advanced Practice,Practice Questions,4.0271140144101185,44.4,0.23,0.41124888315156133,6.1508528610494375,84.9,80.95085286104944,88.1,89.2,75.7
10452,static,7,80.82564464418844,Low,Critical Thinking,Critical Thinking Activity,Concept Review,5.379502722974324,64.1,0.23,0.7931000864481046,11.813085386742157,78.11308538674216,100.0,72.9,70.9,80.0
10463,static,7,61.86719062831969,Medium,Application Skills,Application Exercise,Advanced Practice,4.007943868210981,49.5,0.23,0.45630440939582023,6.839176873265398,64.9,68.9,54.1,69.0,62.7391768732654
10480,static,7,98.80390566931081,Low,Conceptual Understanding,Concept Review,Concept Review,5.805397495363804,87.1,0.23,0.0,0.0,100.0,100.0,98.3,100.0,100.0
10487,static,7,49.00792878300269,Medium,Problem Solving,Practice Questions,Practice Questions,3.06779054374536,42.2,0.23,0.2977597501759247,4.453450176544266,52.8,34.65345017654426,40.6,39.9,45.5
10494,static,7,63.04196723433094,Medium,Problem Solving,Practice Questions,Advanced Practice,4.216016284441675,46.9,0.23,0.4547816766027235,6.815596127989705,80.9,62.3,69.7,75.5,65.01559612798971
10495,static,7,29.459445770066907,High,Advanced Topics,Advanced Practice,Advanced Practice,1.3849368202079377,19.1,0.23,0.06084027451173471,0.9107014948219335,40.0,33.5,39.1,17.6,10.310701494821934
10500,static,7,78.45218174591437,Low,Advanced Topics,Advanced Practice,Advanced Practice,3.999673729835922,44.4,0.23,0.4084466812908443,6.120541405908335,97.8,98.0,98.5,84.3,84.82054140590833
10514,static,7,44.297471306464736,Medium,Advanced Topics,Advanced Practice,Application Exercise,2.952505760633601,25.1,0.23,0.17044815756137777,2.549311573961476,56.4,59.1,50.649311573961484,48.6,49.6
10522,static,7,46.06387425247432,Medium,Problem Solving,Practice Questions,Practice Questions,0.7791724716905271,0.0,0.23,0.0,0.0,45.4,44.0,55.0,44.8,45.7
10523,static,7,73.73748180434448,Low,Application Skills,Application Exercise,Application Exercise,3.8990945266919765,42.0,0.23,0.37665253127844495,5.633411772164568,95.0,94.6,79.13341177216455,100.0,87.9
10527,static,7,86.23331973168384,Low,Critical Thinking,Critical Thinking Activity,Concept Review,4.791395899494738,69.3,0.23,0.7637005924204662,11.371377024091903,92.47137702409186,100.0,87.2,82.5,89.0
10528,static,7,64.75992472635018,Medium,Critical Thinking,Critical Thinking Activity,Application Exercise,4.2629859962548755,64.7,0.23,0.6343749461026881,9.488042672144552,68.9,73.2,68.08804267214455,64.8,64.1
10529,static,7,77.3489494450463,Low,Critical Thinking,Critical Thinking Activity,Advanced Practice,4.558570330448488,45.1,0.23,0.47286050037742167,7.085989483991396,75.9,99.5,75.6,72.9,74.7859894839914
10530,static,7,68.50050322656232,Low,Application Skills,Application Exercise,Application Exercise,3.1289109876187076,34.4,0.23,0.24755943734039212,3.702628106308474,100.0,81.9,71.80262810630845,85.2,74.1
10535,static,7,69.78124383705028,Low,Critical Thinking,Critical Thinking Activity,Practice Questions,5.05928472893088,71.8,0.23,0.8354902801356455,12.496028537680958,79.6,85.29602853768097,79.9,74.2,81.9
10543,static,7,78.88580122868035,Low,Advanced Topics,Advanced Practice,Advanced Practice,5.069012247414905,70.7,0.23,0.8242720815521378,12.36555383481847,100.0,100.0,100.0,87.0,79.36555383481848
10544,static,7,68.97278013207608,Low,Application Skills,Application Exercise,Application Exercise,2.8471969117804394,34.1,0.23,0.2233056537909399,3.339875865394927,83.3,88.2,78.63987586539493,89.4,81.5
10549,static,7,67.2574427796545,Medium,Advanced Topics,Advanced Practice,Advanced Practice,3.2083612591062742,31.7,0.23,0.23392161940143846,3.5033946861616867,69.5,71.8,66.4,63.4,61.503394686161684
10550,static,7,55.54145023235025,Medium,Problem Solving,Advanced Practice,Advanced Practice,2.2300294522958493,27.5,0.23,0.14104936285771247,2.112087391765725,65.0,55.7,74.9,63.6,57.71208739176573
10555,static,7,85.8138189634351,Low,Critical Thinking,Critical Thinking Activity,Application Exercise,4.388549457616028,44.8,0.23,0.4521961361127555,6.763281340121213,97.1,97.5,82.26328134012121,78.8,83.4
10560,static,7,43.77651562145379,Medium,Advanced Topics,Advanced Practice,Advanced Practice,1.9462510158024506,21.7,0.23,0.09713738819870033,1.4541846239241392,62.5,55.4,61.7,44.3,44.054184623924144
10571,static,7,60.74781426485683,Medium,Advanced Topics,Advanced Practice,Critical Thinking Activity,3.0872958384345575,37.1,0.23,0.2634389538936208,3.937043054018634,66.1,59.0,71.8,57.93704305401862,57.6
10579,static,7,61.23267892072682,Medium,Advanced Topics,Advanced Practice,Application Exercise,3.1001019298948425,35.3,0.23,0.25169727568816225,3.7645157755099046,76.8,99.1,59.164515775509905,68.3,55.7
10584,static,7,71.76274227493198,Low,Advanced Topics,Advanced Practice,Practice Questions,3.652329367204233,39.2,0.23,0.3292940157471337,4.925093105087564,72.8,74.12509310508757,100.0,92.4,72.3
10585,static,7,81.26155553318566,Low,Critical Thinking,Critical Thinking Activity,Advanced Practice,4.753436623677838,57.8,0.23,0.6319218647517317,9.474726982227265,96.8,84.2,91.9,76.5,77.77472698222726
10590,static,7,86.105610123439,Low,Problem Solving,Practice Questions,Practice Questions,3.9192834397090635,56.6,0.23,0.510212318181326,7.631001628451136,100.0,91.33100162845115,100.0,90.2,100.0
10591,static,7,69.22943509551321,Medium,Application Skills,Application Exercise,Advanced Practice,5.822899596369514,83.4,0.23,1.1169486005756004,16.765333749923087,58.5,72.9,55.1,59.1,64.06533374992308
10596,static,7,77.41766000808163,Low,Advanced Topics,Advanced Practice,Advanced Practice,5.417507192818318,75.7,0.23,0.9432421773415974,14.153345556189867,86.6,79.5,92.5,92.1,69.55334555618987
10600,static,7,36.379376069960905,Medium,Advanced Topics,Advanced Practice,Advanced Practice,1.156021446012205,17.0,0.23,0.045200438539077216,0.6765323545711481,39.8,45.1,36.8,41.9,33.776532354571145
10602,static,7,37.110943921876725,Medium,Advanced Topics,Advanced Practice,Advanced Practice,0.5776436590260388,9.2,0.23,0.01222293982499098,0.18288450134345274,53.6,57.2,55.9,57.1,47.28288450134345
10605,static,7,74.72425663555934,Low,Problem Solving,Practice Questions,Application Exercise,3.847363390660415,56.9,0.23,0.5035044469357285,7.53067520634307,100.0,76.1,85.13067520634304,80.7,99.9
10614,static,7,69.01674130116658,Low,Advanced Topics,Advanced Practice,Advanced Practice,2.892563137265862,35.4,0.23,0.23551249063618646,3.5277786564372526,74.2,79.0,78.5,91.0,62.92777865643726
10618,static,7,80.27885023574443,Low,Application Skills,Application Exercise,Application Exercise,2.638783398351885,42.3,0.23,0.2567272368256549,3.8397464986097947,79.9,95.1,77.63974649860978,89.0,100.0
10622,static,7,57.42240412756913,Medium,Critical Thinking,Critical Thinking Activity,Critical Thinking Activity,2.6935772967528946,39.4,0.23,0.24409197463174728,3.6477290556103976,65.7,46.9,62.4,45.74772905561039,62.6
10627,static,7,90.98657816684255,Low,Conceptual Understanding,Concept Review,Concept Review,4.564894095782291,54.3,0.23,0.0,0.0,100.0,100.0,100.0,98.3,100.0
10636,static,7,55.050134096404925,Medium,Application Skills,Application Exercise,Advanced Practice,4.221919735244045,51.0,0.23,0.4952311849441265,7.423094863256979,57.8,66.4,48.6,49.2,51.62309486325699
10637,static,7,46.898856229744474,Medium,Critical Thinking,Critical Thinking Activity,Critical Thinking Activity,2.1202529491129667,23.8,0.23,0.11606264643444382,1.7350207052466013,62.0,50.8,63.5,48.6350207052466,47.1
10644,static,7,85.46501900074927,Low,Advanced Topics,Advanced Practice,Advanced Practice,5.552779772481198,71.4,0.23,0.9118774942368625,13.6802012621846,99.3,81.1,100.0,76.0,80.0802012621846
10645,static,7,55.521341443859754,Medium,Problem Solving,Practice Questions,Practice Questions,1.2860898281446436,10.5,0.23,0.03105906934969314,0.46453564592584523,85.5,51.26453564592584,68.8,96.7,65.2
10650,static,7,63.42835886535153,Medium,Advanced Topics,Critical Thinking Activity,Advanced Practice,2.2319787632507686,24.6,0.23,0.1262853584247285,1.89077538417848,76.0,71.8,75.8,55.6,55.090775384178485
10651,static,7,77.58148996091214,Low,Problem Solving,Practice Questions,Practice Questions,3.434919804139411,44.5,0.23,0.35156404195366875,5.25817523617661,98.9,93.65817523617662,100.0,97.1,95.1
10653,static,7,85.18684570896909,Low,Problem Solving,Advanced Practice,Application Exercise,5.381195164843867,75.4,0.23,0.0,4.200000000000008,100.0,96.0,100.0,98.7,95.9
10657,static,7,76.88770632337236,Low,Conceptual Understanding,Concept Review,Critical Thinking Activity,4.108297950124312,53.6,0.23,0.5064709712913252,7.566471168638117,86.5,98.4,100.0,89.96647116863812,90.7
10661,static,7,50.07982609291745,Medium,Advanced Topics,Advanced Practice,Practice Questions,2.53074432350459,26.3,0.23,0.15308472412879265,2.2896150043610732,53.8,48.68961500436107,52.6,58.4,44.5
10663,static,7,90.54676723018432,Low,Critical Thinking,Critical Thinking Activity,Critical Thinking Activity,4.530879905872175,68.6,0.23,0.7148822315485117,10.676668736850994,100.0,100.0,100.0,90.576668736851,100.0
10669,static,7,81.83790388230776,Low,Critical Thinking,Critical Thinking Activity,Advanced Practice,4.609729883616645,58.3,0.23,0.6181186800941559,9.267966986036143,86.1,89.1,97.4,75.5,87.66796698603615
10671,static,7,63.061741480563484,Medium,Conceptual Understanding,Concept Review,Application Exercise,3.246279218207525,49.0,0.23,0.3658556678919881,5.4719282502106035,66.1,68.1,70.17192825021061,76.7,72.7
10678,static,7,70.3478487776706,Low,Problem Solving,Practice Questions,Critical Thinking Activity,2.6914040750415906,41.7,0.23,0.258132564837239,3.857365305657873,86.9,80.0,82.0,84.15736530565786,88.4
10679,static,7,45.23820124693986,Medium,Advanced Topics,Advanced Practice,Application Exercise,1.9068501639822413,24.5,0.23,0.1074510067403993,1.6070933182042328,68.4,50.7,44.60709331820423,49.4,41.9
10680,static,7,81.08875791793298,Low,Critical Thinking,Critical Thinking Activity,Concept Review,4.853162674080439,58.8,0.23,0.6563417200426385,9.779431340664848,90.07943134066484,99.1,93.2,89.5,93.5
10688,static,7,86.43534300559224,Low,Critical Thinking,Critical Thinking Activity,Critical Thinking Activity,5.208685609124165,70.0,0.23,0.8385983830689906,12.52398240704541,98.8,92.1,92.2,87.62398240704539,100.0
10690,static,7,83.78977525990113,Low,Advanced Topics,Advanced Practice,Advanced Practice,4.796152340204967,65.6,0.23,0.7236434650901252,10.853576372335578,100.0,95.6,89.7,100.0,92.5535763723356
10693,static,7,71.23567338234673,Low,Application Skills,Application Exercise,Critical Thinking Activity,4.796545661817952,65.6,0.23,0.7237028094550925,10.809087515267835,72.9,77.2,65.8,73.20908751526783,89.7
10698,static,7,74.83033756228731,Low,Critical Thinking,Critical Thinking Activity,Concept Review,3.5399580859811537,49.8,0.23,0.4054667991682814,6.044922071032741,92.24492207103275,99.7,89.7,86.4,91.2
10714,static,7,58.196135352050376,Medium,Conceptual Understanding,Concept Review,Concept Review,2.143011152450157,22.3,0.23,0.10991504200916856,1.6415820669530152,56.04158206695302,66.9,54.2,76.0,61.2
10715,static,7,51.33617991976587,Medium,Application Skills,Application Exercise,Concept Review,3.0083864245221164,39.2,0.23,0.27123612003491404,4.046500922217912,53.846500922217906,64.1,53.5,69.9,51.7
10717,static,7,100.66062487003987,Low,Conceptual Understanding,Concept Review,Concept Review,6.511328880250151,100.0,0.23,0.0,0.0,100.0,100.0,100.0,100.0,100.0
10722,static,7,67.14299613328056,Medium,Problem Solving,Practice Questions,Advanced Practice,4.62823730103056,70.6,0.23,0.7515331729413424,11.274292014784429,67.5,58.8,64.5,65.9,71.47429201478441
10738,static,7,85.0831617792501,Low,Advanced Topics,Advanced Practice,Critical Thinking Activity,5.003220173045603,68.1,0.23,0.0,8.4,100.0,96.5,100.0,100.0,97.1
10741,static,7,35.53025830132397,High,Advanced Topics,Advanced Practice,Advanced Practice,1.6511956144093403,9.3,0.23,0.0353190741922158,0.5284603337148781,58.6,37.4,42.7,56.4,29.228460333714875
10742,static,7,68.21771765169707,Low,Critical Thinking,Critical Thinking Activity,Advanced Practice,4.565893465253303,64.1,0.23,0.6731496735822944,10.095596714130771,73.7,83.2,68.9,61.1,67.09559671413078
10750,static,7,95.29874627909558,Low,Conceptual Understanding,Concept Review,Concept Review,5.382268563969849,60.3,0.23,0.0,0.0,100.0,100.0,100.0,100.0,100.0
10754,static,7,63.325204948297284,Medium,Application Skills,Application Exercise,Application Exercise,2.6259900764483315,38.5,0.23,0.2325314212694998,3.477861257248171,77.6,96.6,62.57786125724818,80.4,77.8
10762,static,7,36.56752599386785,Medium,Advanced Topics,Advanced Practice,Advanced Practice,2.056391198191096,32.2,0.23,0.1522963321380326,2.280958740193674,35.8,40.3,53.4,54.5,14.080958740193674
10765,static,7,53.038691917930535,Medium,Application Skills,Application Exercise,Application Exercise,2.8325998057124857,36.8,0.23,0.23975124755550478,3.5858447460475498,64.8,70.8,58.38584474604755,59.7,65.2
10768,static,7,53.8450951732199,Medium,Conceptual Understanding,Concept Review,Advanced Practice,4.379362397287611,57.7,0.23,0.5811851837440389,8.713968763700187,50.6,60.6,54.4,49.9,53.91396876370019
10788,static,7,86.74448274101215,Low,Problem Solving,Practice Questions,Practice Questions,4.0695653159565035,58.3,0.23,0.5456880132166075,8.161594632457085,100.0,81.56159463245709,100.0,100.0,88.9
10801,static,7,76.34430444227299,Low,Conceptual Understanding,Concept Review,Practice Questions,3.800887180197734,46.0,0.23,0.40213386366492027,6.014523873944894,81.2,82.71452387394488,79.8,84.7,88.3
10803,static,7,99.48594853429978,Low,Conceptual Understanding,Concept Review,Concept Review,5.370773753310041,73.3,0.23,0.0,0.0,100.0,100.0,100.0,100.0,100.0
10811,static,7,73.31487739816795,Low,Advanced Topics,Advanced Practice,Practice Questions,3.8723800708500247,45.3,0.23,0.403463279581864,6.034407312007009,75.9,72.53440731200702,76.2,72.6,67.4
10812,static,7,68.32009776706343,Low,Advanced Topics,Advanced Practice,Advanced Practice,4.525546111615591,54.2,0.23,0.5641545782739996,8.457355246092627,82.1,73.8,75.3,73.5,66.85735524609262
10817,static,7,88.27462959723341,Low,Application Skills,Concept Review,Concept Review,3.6320838343235726,47.7,0.23,0.0,0.0,100.0,100.0,95.8,100.0,94.1
10821,static,7,79.90032018568016,Low,Critical Thinking,Critical Thinking Activity,Concept Review,4.214433885376461,59.4,0.23,0.5757759574201321,8.578677330604213,78.97867733060421,89.5,81.4,66.8,86.1
10823,static,7,41.80341380774811,Medium,Advanced Topics,Guided Review,Advanced Practice,2.134613782581336,20.3,0.23,0.09966511750872259,1.490839459720674,44.9,29.752488501581894,32.6,35.2,28.038350958138782
10824,static,7,40.74972115694458,Medium,Problem Solving,Practice Questions,Practice Questions,1.6408532280664132,16.5,0.23,0.06227038000512038,0.9313482922504962,54.3,42.831348292250496,58.2,51.7,40.8
10827,static,7,81.32140021243522,Low,Advanced Topics,Advanced Practice,Advanced Practice,5.384536090324167,59.9,0.23,0.7418275371639604,11.123597887689714,86.9,93.7,88.6,97.5,79.62359788768971
10830,static,7,81.86754131541116,Low,Advanced Topics,Advanced Practice,Advanced Practice,4.368251352323686,59.6,0.23,0.5987998953765308,8.978803628073177,95.8,96.1,100.0,91.0,89.07880362807316
10838,static,7,64.78023766030671,Medium,Conceptual Understanding,Concept Review,Concept Review,3.1905202249142137,42.8,0.23,0.3140748109405552,4.684512924760069,67.58451292476006,74.3,79.3,75.5,74.8
10846,static,7,66.78710367741883,Medium,Conceptual Understanding,Concept Review,Practice Questions,3.555260669706923,53.0,0.23,0.43338627563727394,6.481951253009662,75.1,77.28195125300967,94.8,73.4,74.5
10850,static,7,48.81981737275978,Medium,Advanced Topics,Advanced Practice,Concept Review,2.3536779424959646,23.9,0.23,0.12938167649900317,1.9321169656480441,47.13211696564805,48.6,51.4,83.0,47.7
10860,static,7,98.23811385268056,Low,Conceptual Understanding,Concept Review,Concept Review,6.034688430708864,80.9,0.23,0.0,0.0,100.0,100.0,100.0,100.0,100.0
10866,static,7,104.12216413782772,Low,Conceptual Understanding,Concept Review,Concept Review,6.1325647464936806,83.9,0.23,0.0,0.0,100.0,100.0,100.0,100.0,100.0
10867,static,7,81.55394644298815,Low,Application Skills,Application Exercise,Concept Review,5.317100790845036,72.7,0.23,0.8890724232371984,13.235245783799996,99.0352457838,96.8,88.2,88.7,92.0
10868,static,7,90.36424620877132,Low,Critical Thinking,Critical Thinking Activity,Application Exercise,5.957077279903812,91.4,0.23,0.0,15.899999999999999,100.0,92.9,100.0,94.3,99.5
10880,static,7,63.64141157746477,Medium,Advanced Topics,Advanced Practice,Advanced Practice,4.231395472864504,51.4,0.23,0.5002355728020418,7.498234641086251,77.3,72.3,70.1,70.2,64.09823464108625
10884,static,7,96.75473749265367,Low,Conceptual Understanding,Concept Review,Critical Thinking Activity,5.387538235138944,71.0,0.23,0.0,5.7,100.0,100.0,100.0,100.0,100.0
10885,static,7,56.42667812105698,Medium,Advanced Topics,Critical Thinking Activity,Critical Thinking Activity,3.3406489886182125,31.8,0.23,0.24433506702753607,3.6519480833781786,70.5,73.2,62.8,58.75194808337818,61.1
10893,static,7,63.031150830665474,Medium,Problem Solving,Practice Questions,Practice Questions,3.7790393653222303,45.1,0.23,0.39199975336487497,5.862952832935521,65.5,55.16295283293552,75.6,59.0,71.6
10894,static,7,46.455472551683876,Medium,Advanced Topics,Advanced Practice,Advanced Practice,1.9243305988238586,13.6,0.23,0.060193061131210306,0.9008018657405301,54.0,61.0,70.5,46.1,40.100801865740536
10900,static,7,100.5590457396532,Low,Conceptual Understanding,Concept Review,Critical Thinking Activity,6.4980094471004035,87.9,0.23,0.0,10.29999999999999,100.0,100.0,100.0,100.0,100.0
10902,static,7,85.24470226147906,Low,Application Skills,Application Exercise,Critical Thinking Activity,4.961338078593926,61.0,0.23,0.6960757324267278,10.397464603626807,93.2,100.0,85.6,93.89746460362683,98.1
10903,static,7,44.67704237219054,Medium,Advanced Topics,Advanced Practice,Advanced Practice,1.5707215159984385,28.4,0.23,0.10259952942501799,1.5363947939556102,61.9,57.2,55.9,59.0,41.13639479395562
10915,static,7,74.24471174067722,Low,Advanced Topics,Advanced Practice,Advanced Practice,3.813601995820495,36.2,0.23,0.3175205021720145,4.756352201621574,83.2,80.8,90.5,93.6,70.35635220162156
10918,static,7,38.21390810924418,High,Application Skills,Application Exercise,Application Exercise,1.8917151855780479,24.4,0.23,0.10616305621464005,1.5878300581667903,53.8,58.4,27.38783005816679,39.0,30.7
10925,static,7,73.99253072037857,Low,Application Skills,Application Exercise,Application Exercise,2.717052478843144,41.6,0.23,0.25996758117571206,3.888210779323693,81.1,94.4,83.68821077932368,91.4,95.3
10937,static,7,74.35556799096335,Low,Advanced Topics,Advanced Practice,Application Exercise,4.930273991975931,64.4,0.23,0.730272183691475,10.922331790863801,73.1,75.2,76.9223317908638,83.1,74.2
10939,static,7,101.57599107909621,Low,Conceptual Understanding,Concept Review,Concept Review,5.80795881648581,76.5,0.23,0.0,0.0,100.0,100.0,100.0,100.0,100.0
10942,static,7,56.03107261648201,Medium,Advanced Topics,Advanced Practice,Advanced Practice,3.5271061502325445,42.5,0.23,0.3447746261852312,5.1660010202980455,77.8,70.9,71.7,78.1,58.26600102029805
10943,static,7,57.692840109664466,Medium,Application Skills,Application Exercise,Application Exercise,2.623517398093341,39.1,0.23,0.23593291961053417,3.5287358411314673,68.8,55.8,55.32873584113147,61.1,63.0
10948,static,7,49.831575413515964,Medium,Advanced Topics,Advanced Practice,Advanced Practice,2.668984348513387,35.2,0.23,0.21608097285564384,3.2366832254374547,52.8,52.5,54.6,68.5,32.13668322543745
10949,static,7,92.05120895210861,Low,Conceptual Understanding,Concept Review,Concept Review,4.712820022042393,63.9,0.23,0.0,0.7000000000000028,100.0,100.0,100.0,100.0,100.0
10960,static,7,68.0453364889926,Low,Conceptual Understanding,Concept Review,Concept Review,3.251940343931744,45.7,0.23,0.3418114495506656,5.097259730101233,72.69725973010122,80.7,85.7,87.2,95.3
10974,static,7,72.17840441898824,Low,Advanced Topics,Advanced Practice,Advanced Practice,4.326434172420765,51.0,0.23,0.5074907284249558,7.606855008023884,100.0,90.3,79.1,83.9,75.70685500802388
10975,static,7,59.33508339319159,Medium,Advanced Topics,Advanced Practice,Application Exercise,3.7813525242192974,45.6,0.23,0.39658825274011994,5.931580823591359,82.0,66.3,60.33158082359136,64.5,61.4
10978,static,7,65.47592783534262,Medium,Advanced Topics,Advanced Practice,Advanced Practice,3.859615311533187,54.5,0.23,0.48380277930068505,7.25287824784205,82.2,69.0,72.5,70.3,63.35287824784204
10979,static,7,44.638462868783705,Medium,Advanced Topics,Advanced Practice,Advanced Practice,2.5058543781142673,29.0,0.23,0.16714048702022163,2.502938949904974,49.6,50.8,40.4,37.0,31.202938949904976
10986,static,7,74.98139208702466,Low,Problem Solving,Practice Questions,Practice Questions,3.4775910617235612,28.3,0.23,0.22635640220758663,3.3855044504091216,100.0,77.88550445040912,89.2,77.6,80.0
10987,static,7,93.50984478976042,Low,Problem Solving,Practice Questions,Critical Thinking Activity,6.133608004848716,79.6,0.23,0.7558650820381558,16.40000000000002,100.0,97.2,100.0,100.0,97.4
10990,static,7,56.31903037767513,Medium,Problem Solving,Practice Questions,Advanced Practice,3.2848862071645906,46.4,0.23,0.3505630560286051,5.253609044231287,60.1,49.0,58.1,59.4,52.15360904423129
10996,static,7,78.82145417287627,Low,Advanced Topics,Advanced Practice,Concept Review,4.125584657219199,53.8,0.23,0.5104998454843036,7.608851214280883,92.30885121428089,94.2,90.7,92.3,87.4
10999,static,7,88.93571442414157,Low,Critical Thinking,Critical Thinking Activity,Critical Thinking Activity,5.557691100400407,81.0,0.23,1.035397852004596,15.459478273967303,100.0,100.0,95.3,91.05947827396731,97.6
10011,static,8,53.41128579260716,Medium,Advanced Topics,Advanced Practice,Advanced Practice,2.187802487709515,30.0,0.2,0.13126814926257088,2.3923449179008043,56.2,55.5,63.5,59.4,39.792344917900806
10024,static,8,98.43884815444977,Low,Conceptual Understanding,Concept Review,Application Exercise,6.5539225628509135,86.8,0.2,0.0,11.8,100.0,100.0,100.0,94.6,100.0
10026,static,8,90.33040610110116,Low,Conceptual Understanding,Concept Review,Critical Thinking Activity,5.540609989949255,76.4,0.2,0.8466052064642462,15.381741211567798,88.2,87.3,100.0,97.0817412115678,100.0
10031,static,8,78.74879300982226,Low,Critical Thinking,Critical Thinking Activity,Critical Thinking Activity,3.2171352881316353,22.4,0.2,0.14412766090829726,2.6218007128631915,95.7,100.0,93.6,84.1218007128632,96.2
10040,static,8,82.51616060969033,Low,Critical Thinking,Critical Thinking Activity,Critical Thinking Activity,4.155072386685089,59.2,0.2,0.4919605705835146,8.941758224114528,95.6,100.0,77.4,73.54175822411453,93.8
10045,static,8,90.50075165678349,Low,Conceptual Understanding,Concept Review,Concept Review,5.133588655626812,65.0,0.2,0.6673665252314857,12.09194009580101,93.491940095801,100.0,99.8,100.0,92.2
10055,static,8,64.89010846506808,Medium,Advanced Topics,Advanced Practice,Advanced Practice,4.2256381717883436,68.6,0.2,0.5797575571693607,10.584605260632097,72.1,58.6,57.6,57.4,49.2846052606321
10056,static,8,96.49297271055661,Low,Conceptual Understanding,Concept Review,Concept Review,5.767919157307695,71.9,0.2,0.0,0.0,100.0,100.0,96.1,98.2,100.0
10060,static,8,88.80538562428303,Low,Critical Thinking,Critical Thinking Activity,Concept Review,5.17829805519105,69.3,0.2,0.7177121104494795,13.00031011284322,98.40031011284321,85.0,99.7,83.9,85.6
10061,static,8,52.640530095581035,Medium,Advanced Topics,Advanced Practice,Advanced Practice,3.01313842648653,36.9,0.2,0.22236961587470594,4.053930994457298,56.1,42.0,48.8,62.1,37.453930994457295
10064,static,8,93.13984507075496,Low,Critical Thinking,Critical Thinking Activity,Practice Questions,5.577836792307641,75.3,0.2,0.0,7.400000000000006,100.0,100.0,100.0,94.4,100.0
10067,static,8,83.70140087506132,Low,Critical Thinking,Critical Thinking Activity,Practice Questions,5.359086844259635,75.9,0.2,0.8135093829586126,14.805870769846747,100.0,98.80587076984675,97.3,88.1,94.9
10068,static,8,56.29079615448566,Medium,Critical Thinking,Critical Thinking Activity,Critical Thinking Activity,3.1687027757031316,45.0,0.2,0.28518324981328186,5.185079498490977,59.4,53.7,68.2,48.08507949849097,63.9
10071,static,8,84.32894465508593,Low,Conceptual Understanding,Concept Review,Critical Thinking Activity,4.665159486948141,56.0,0.2,0.5224978625381919,9.497480623385556,78.0,92.0,90.1,84.09748062338555,89.8
10073,static,8,79.53539097741508,Low,Advanced Topics,Advanced Practice,Practice Questions,4.057411843560421,57.7,0.2,0.46822532674687267,8.521700946793084,95.0,92.8217009467931,92.1,96.6,85.8
10077,static,8,68.05019151894214,Medium,Advanced Topics,Advanced Practice,Advanced Practice,3.3934625731032098,45.0,0.2,0.3054116315792889,5.569891336466106,77.4,71.9,67.3,71.5,65.16989133646611
10079,static,8,52.90978666573544,Medium,Critical Thinking,Critical Thinking Activity,Critical Thinking Activity,3.410859914618661,33.4,0.2,0.22784544229652656,4.143669813962867,65.5,60.3,61.1,51.44366981396286,54.3
10087,static,8,66.5583658833334,Medium,Problem Solving,Practice Questions,Practice Questions,3.66276761403065,48.7,0.2,0.3567535656065854,6.492914894039854,62.0,53.892914894039855,76.5,66.2,56.2
10089,static,8,80.70167165428639,Low,Conceptual Understanding,Concept Review,Advanced Practice,3.366021521887081,36.0,0.2,0.24235354957586985,4.4180689410342975,84.1,98.0,94.7,92.9,81.7180689410343
10097,static,8,80.95854348535859,Low,Application Skills,Application Exercise,Concept Review,5.839430095938683,77.2,0.2,0.9016080068129327,16.322469234235943,94.72246923423594,92.2,80.2,87.7,83.5
10102,static,8,55.574297527236055,Medium,Advanced Topics,Advanced Practice,Advanced Practice,4.0839855517817725,53.9,0.2,0.4402536424820751,8.032305553867312,63.5,55.6,61.4,60.0,48.93230555386731
10108,static,8,80.2556023649863,Low,Conceptual Understanding,Concept Review,Critical Thinking Activity,4.587374235218336,58.0,0.2,0.5321354112853269,9.672227729625632,88.3,92.9,87.7,92.47222772962563,93.4
10111,static,8,67.82853857718612,Low,Advanced Topics,Advanced Practice,Critical Thinking Activity,3.0428615274518678,31.4,0.2,0.1910917039239773,3.475411076488731,92.2,82.6,83.5,67.17541107648876,66.1
10121,static,8,100.72704168122517,Low,Conceptual Understanding,Concept Review,Concept Review,6.563404781438525,88.9,0.2,0.0,0.0,100.0,100.0,100.0,100.0,100.0
10137,static,8,60.054805476792694,Medium,Advanced Topics,Advanced Practice,Advanced Practice,2.73500098825794,31.9,0.2,0.17449306305085657,3.1803885087267156,74.3,65.1,84.3,62.8,55.580388508726706
10138,static,8,58.87732427520575,Medium,Advanced Topics,Advanced Practice,Advanced Practice,3.4179861586980724,35.3,0.2,0.2413098228040839,4.398901711425903,75.4,49.5,56.3,48.6,48.198901711425904
10140,static,8,62.245444945864854,Medium,Advanced Topics,Advanced Practice,Advanced Practice,3.657434311408114,41.0,0.2,0.2999096135354653,5.468552670180104,70.5,70.0,81.7,67.3,61.0685526701801
10159,static,8,56.604598995191715,Medium,Advanced Topics,Advanced Practice,Advanced Practice,2.9019485332407595,43.0,0.2,0.24956757385870532,4.551030402440468,63.9,58.2,63.6,65.4,56.45103040244047
10169,static,8,76.23480658206624,Low,Conceptual Understanding,Concept Review,Critical Thinking Activity,3.1990127412435316,46.5,0.2,0.29750818493564846,5.408983578770072,83.5,87.0,90.0,86.70898357877007,93.1
10175,static,8,72.78034314810435,Low,Application Skills,Application Exercise,Advanced Practice,4.323686641675303,42.6,0.2,0.3683781018707358,6.71749685467677,100.0,90.7,67.6,77.0,70.2174968546768
10185,static,8,86.13345185065585,Low,Problem Solving,Practice Questions,Advanced Practice,4.387254784979047,57.3,0.2,0.5027793983585988,9.17449204677486,100.0,92.0,96.2,100.0,98.97449204677487
10199,static,8,70.75345692385581,Low,Conceptual Understanding,Concept Review,Advanced Practice,3.5697797778905196,48.7,0.2,0.3476965503665367,6.342124183495147,64.6,80.2,77.4,81.0,69.64212418349514
10200,static,8,57.19186997535225,Medium,Advanced Topics,Advanced Practice,Advanced Practice,3.1830843048120157,47.6,0.2,0.30302962581810394,5.527104594481194,64.5,63.0,90.8,69.1,48.0271045944812
10209,static,8,59.54804215984821,Medium,Critical Thinking,Critical Thinking Activity,Practice Questions,3.53061817731258,50.1,0.2,0.3537679413667205,6.438576532874313,72.8,56.63857653287432,64.9,56.9,65.5
10210,static,8,41.72847653537992,Medium,Problem Solving,Practice Questions,Practice Questions,2.7927041323359623,39.1,0.2,0.21838946314867225,3.974688229305835,61.6,28.574688229305835,48.6,58.3,33.6
10211,static,8,66.77378730973281,Medium,Advanced Topics,Advanced Practice,Advanced Practice,3.6497304168198434,61.4,0.2,0.44818689518547683,8.179841017379307,82.9,72.0,74.5,67.5,62.97984101737931
10214,static,8,67.31514792055482,Low,Advanced Topics,Advanced Practice,Critical Thinking Activity,4.509583163946737,66.2,0.2,0.5970688109065481,10.850471482703453,73.8,73.1,84.2,78.15047148270345,71.0
10216,static,8,62.16804025318167,Medium,Conceptual Understanding,Concept Review,Critical Thinking Activity,3.601125506683395,58.9,0.2,0.42421258468730394,7.710439007714202,75.0,73.8,79.9,83.01043900771421,79.3
10219,static,8,87.42214354373834,Low,Conceptual Understanding,Concept Review,Application Exercise,3.0746388483289873,44.1,0.2,0.2711831464226167,4.935533264891624,88.5,93.1,88.13553326489163,100.0,99.1
10222,static,8,69.6033447064285,Low,Problem Solving,Practice Questions,Critical Thinking Activity,4.4970561804159965,59.4,0.2,0.5342502742334204,9.710362111746852,83.3,67.4,77.5,73.41036211174685,72.2
10236,static,8,50.77044547954782,Medium,Application Skills,Application Exercise,Practice Questions,2.703005033342923,32.4,0.2,0.17515472616062144,3.18781601612331,79.4,48.48781601612331,45.2,59.7,48.4
10238,static,8,58.38894003205333,Medium,Critical Thinking,Critical Thinking Activity,Critical Thinking Activity,2.4730912853025115,21.8,0.2,0.10782678003918951,1.9614843239793127,51.7,60.5,67.2,55.161484323979316,72.0
10245,static,8,66.03178034916397,Medium,Critical Thinking,Critical Thinking Activity,Critical Thinking Activity,3.256470711590681,38.6,0.2,0.2513995389348006,4.571497013494559,93.4,69.4,69.4,66.77149701349457,88.1
10248,static,8,50.206456912268344,Medium,Problem Solving,Practice Questions,Practice Questions,1.0213799780987074,10.6,0.2,0.021653255535692598,0.3940892507496052,85.5,45.4940892507496,71.2,61.4,59.9
10255,static,8,57.920058063929766,Medium,Application Skills,Application Exercise,Application Exercise,1.6573524916554168,29.0,0.2,0.09612644451601417,1.7495012901914577,88.7,100.0,62.34950129019146,80.3,71.7
10257,static,8,61.695635806562066,Medium,Advanced Topics,Advanced Practice,Practice Questions,3.928543180956106,40.3,0.2,0.31664058038506215,5.7628585630081295,59.7,67.76285856300814,73.1,63.2,62.4
10260,static,8,67.97897583516327,Medium,Problem Solving,Practice Questions,Advanced Practice,5.115058658168625,69.4,0.2,0.7099701417538052,12.962362776884623,69.2,65.2,79.7,72.7,74.56236277688461
10261,static,8,52.5418491378631,Medium,Problem Solving,Practice Questions,Advanced Practice,2.49772329359625,34.3,0.2,0.17134381794070275,3.1233303238245993,58.4,50.2,65.5,59.8,50.523330323824595
10262,static,8,74.95873135828971,Low,Critical Thinking,Critical Thinking Activity,Advanced Practice,5.105275081179107,61.7,0.2,0.6299909450175019,11.498096649749185,93.8,82.0,77.2,72.6,80.39809664974919
10266,static,8,73.36840675012255,Low,Advanced Topics,Advanced Practice,Advanced Practice,4.3033307457517145,58.4,0.2,0.5026290311038002,9.17220802558909,90.8,81.3,88.4,88.4,70.97220802558908
10276,static,8,86.18588443186451,Low,Advanced Topics,Advanced Practice,Application Exercise,5.926190670049348,78.7,0.2,0.9327824114657673,16.976639888676964,100.0,100.0,89.97663988867698,92.0,82.4
10278,static,8,52.78116646565263,Medium,Advanced Topics,Advanced Practice,Advanced Practice,2.863074526807594,32.3,0.2,0.18495461443177055,3.3711268257674414,63.4,66.3,47.3,45.6,30.371126825767444
10281,static,8,57.57741213323346,Medium,Conceptual Understanding,Concept Review,Advanced Practice,3.516161467182452,44.8,0.2,0.3150480674595477,5.7455818030319765,54.5,58.3,67.8,61.4,55.445581803031985
10282,static,8,61.0702997200752,Medium,Problem Solving,Practice Questions,Practice Questions,3.92019239028455,48.4,0.2,0.37947462337954446,6.906438145507709,69.2,54.306438145507705,78.0,63.3,62.4
10290,static,8,64.15206217880456,Medium,Advanced Topics,Advanced Practice,Advanced Practice,3.218549939337883,35.7,0.2,0.22980446566872487,4.189243778515421,77.2,64.7,90.0,75.1,60.189243778515426
10293,static,8,69.35105897280934,Low,Advanced Topics,Advanced Practice,Advanced Practice,3.7498389957513263,60.9,0.2,0.45673038968251156,8.33557802531582,79.0,80.4,85.2,66.1,62.83557802531581
10295,static,8,79.07943876708806,Low,Advanced Topics,Advanced Practice,Critical Thinking Activity,4.093159631699921,53.5,0.2,0.4379680805918915,7.961424667523088,100.0,92.6,85.4,89.76142466752309,83.7
10297,static,8,72.61599533380084,Low,Advanced Topics,Advanced Practice,Advanced Practice,4.435064686122722,63.2,0.2,0.5605921763259121,10.232184756815098,100.0,80.1,81.0,76.3,61.832184756815096
10299,static,8,66.7544047426028,Medium,Application Skills,Application Exercise,Advanced Practice,3.0348348303858694,40.7,0.2,0.2470355551934098,4.5043853975397345,76.6,80.7,71.1,92.0,74.60438539753973
10300,static,8,108.11705308273854,Low,Conceptual Understanding,Concept Review,Critical Thinking Activity,6.787994019072787,99.0,0.2,0.0,10.700000000000008,100.0,100.0,100.0,100.0,100.0
10308,static,8,63.72269544706367,Low,Critical Thinking,Critical Thinking Activity,Critical Thinking Activity,3.0300971565392194,37.2,0.2,0.22543922844651798,4.099558973252028,100.0,67.3,73.5,67.79955897325203,78.3
10310,static,8,75.95753284714846,Low,Critical Thinking,Critical Thinking Activity,Concept Review,4.299401988161941,53.4,0.2,0.4591761323356954,8.326388084404904,79.52638808440491,98.5,87.5,73.3,87.8
10311,static,8,72.6557227610577,Low,Application Skills,Application Exercise,Concept Review,3.8465318402281152,46.2,0.2,0.3554195420370779,6.448123614187523,82.44812361418754,89.4,78.5,83.6,81.3
10313,static,8,70.70516975475921,Low,Advanced Topics,Advanced Practice,Concept Review,5.366322469078671,73.8,0.2,0.7920691964360119,14.342752286980625,86.34275228698064,80.4,74.9,83.0,73.2
10315,static,8,42.99225598055189,Medium,Advanced Topics,Advanced Practice,Advanced Practice,1.2031460279795887,12.6,0.2,0.030319279905085636,0.5521273817520354,57.4,43.6,49.2,48.3,30.152127381752038
10319,static,8,66.92158420592673,Low,Application Skills,Application Exercise,Application Exercise,2.7404993901023795,44.8,0.2,0.2455487453531732,4.468987165427753,79.6,74.8,74.96898716542776,80.1,82.1
10320,static,8,92.33818009267809,Low,Application Skills,Application Exercise,Concept Review,5.492377237501431,85.6,0.2,0.0,5.799999999999995,100.0,100.0,100.0,100.0,100.0
10322,static,8,85.71924007515224,Low,Application Skills,Application Exercise,Practice Questions,4.777003523377642,62.0,0.2,0.5923484368988277,10.780741551558663,97.4,92.08074155155866,90.1,96.3,93.1
10328,static,8,60.73523424302621,Medium,Advanced Topics,Advanced Practice,Advanced Practice,2.5343533817139576,25.7,0.2,0.13026576382009744,2.3736117747151226,78.5,82.9,59.7,62.6,60.17361177471512
10329,static,8,70.3218054844418,Low,Application Skills,Application Exercise,Application Exercise,3.647671759154533,46.2,0.2,0.33704487054587884,6.134216643934995,88.6,66.8,57.93421664393499,86.8,73.6
10333,static,8,75.60902781838617,Low,Advanced Topics,Advanced Practice,Critical Thinking Activity,4.529304615737684,56.0,0.2,0.5072821169626207,9.220902939273424,96.2,78.3,89.0,81.82090293927341,73.9
10347,static,8,70.73016632385942,Low,Advanced Topics,Advanced Practice,Advanced Practice,4.065664599442113,53.3,0.2,0.43339984630052913,7.907043750654561,83.8,80.5,90.4,76.5,78.30704375065457
10352,static,8,30.34175916485234,High,Advanced Topics,Guided Review,Advanced Practice,1.5529813163519606,17.1,0.2,0.053111961019237056,0.9673902288062094,26.4,36.9,32.6,31.6,28.56739022880621
10356,static,8,75.32270281549417,Low,Advanced Topics,Advanced Practice,Concept Review,4.1516813494762665,47.7,0.2,0.3960704007400359,7.1848830411758415,84.48488304117582,83.5,82.2,81.3,78.1
10362,static,8,68.75204441121238,Low,Problem Solving,Practice Questions,Practice Questions,2.4812221607546485,22.1,0.2,0.10967001950535547,1.9959943549974695,88.1,59.89599435499748,77.9,100.0,70.5
10364,static,8,53.792978374144354,Medium,Advanced Topics,Advanced Practice,Advanced Practice,3.374693826387925,30.7,0.2,0.2072062009402186,3.776426394431206,67.1,47.4,61.6,45.3,46.276426394431205
10366,static,8,74.51854355022141,Low,Application Skills,Application Exercise,Concept Review,5.301001899114945,73.0,0.2,0.7739462772707819,14.015352369344168,84.91535236934418,84.4,83.7,82.0,90.8
10371,static,8,74.52236227932413,Low,Advanced Topics,Advanced Practice,Advanced Practice,3.63860344123072,51.4,0.2,0.3740484337585181,6.823632498718438,89.8,79.0,87.5,72.0,71.92363249871843
10372,static,8,51.67579188380121,Medium,Problem Solving,Practice Questions,Practice Questions,1.9360303243190669,11.9,0.2,0.0460775217187938,0.838610895282047,47.3,36.83861089528205,57.0,55.6,39.8
10378,static,8,96.58232310713652,Low,Critical Thinking,Critical Thinking Activity,Critical Thinking Activity,4.533201417088939,60.9,0.2,0.5521439326014329,10.035252812523343,100.0,100.0,99.6,92.73525281252334,100.0
10383,static,8,85.2838488030425,Low,Critical Thinking,Critical Thinking Activity,Advanced Practice,5.956369847283382,75.3,0.2,0.0,11.99999999999999,98.3,91.7,100.0,88.8,100.0
10409,static,8,71.69458591609394,Low,Critical Thinking,Critical Thinking Activity,Advanced Practice,2.639484213560886,31.1,0.2,0.1641759180834871,2.9922346015989048,94.6,89.5,100.0,73.5,75.49223460159891
10412,static,8,50.204159129390455,Medium,Problem Solving,Practice Questions,Advanced Practice,2.730889421794278,35.3,0.2,0.19280079317867604,3.5146175535776663,70.8,56.4,67.3,80.4,58.61461755357767
10426,static,8,51.53501337822661,Medium,Advanced Topics,Advanced Practice,Advanced Practice,2.0971424126696325,25.8,0.2,0.10821254849375304,1.9717824642528288,61.1,80.9,80.4,59.1,51.27178246425282
10430,static,8,63.50104685442801,Medium,Critical Thinking,Critical Thinking Activity,Critical Thinking Activity,3.964939620816593,54.7,0.2,0.4337643945173353,7.8847967489650514,71.3,71.5,67.4,63.08479674896505,67.9
10433,static,8,81.60559565991962,Low,Application Skills,Application Exercise,Critical Thinking Activity,5.800850137798761,83.9,0.2,0.9733826531226323,17.682142995234972,83.2,90.6,71.5,80.88214299523497,98.5
10437,static,8,68.25987385129936,Low,Application Skills,Application Exercise,Application Exercise,3.5972101674442074,39.3,0.2,0.2827407191611147,5.145881088732288,92.8,75.8,68.84588108873228,92.0,71.3
10440,static,8,93.36922718392285,Low,Critical Thinking,Critical Thinking Activity,Practice Questions,6.002423289673294,79.5,0.2,0.0,9.7,100.0,100.0,97.6,92.8,97.4
10446,static,8,71.39498457664173,Low,Advanced Topics,Advanced Practice,Practice Questions,4.0271140144101185,44.4,0.2,0.3576077244796185,6.508460585529056,84.9,81.30846058552906,88.1,89.2,75.7
10452,static,8,80.83497125418889,Low,Critical Thinking,Critical Thinking Activity,Concept Review,5.3823427493371,64.1,0.2,0.6900163404650161,12.503101727207174,78.80310172720718,100.0,72.9,70.9,80.0
10463,static,8,61.87463883874729,Medium,Application Skills,Application Exercise,Advanced Practice,4.006863545751261,49.5,0.2,0.3966794910293749,7.235856364294773,64.9,68.9,54.1,69.0,63.135856364294774
10480,static,8,98.80390566931081,Low,Conceptual Understanding,Concept Review,Concept Review,5.805397495363804,87.1,0.2,0.0,0.0,100.0,100.0,98.3,100.0,100.0
10487,static,8,49.01858860861749,Medium,Problem Solving,Practice Questions,Practice Questions,3.06779054374536,42.2,0.2,0.25892152189210843,4.712371698436374,52.8,34.91237169843637,40.6,39.9,45.5
10494,static,8,63.04939058934616,Medium,Problem Solving,Practice Questions,Advanced Practice,4.2149395671244925,46.9,0.2,0.3953613313962774,7.210957459385982,80.9,62.3,69.7,75.5,65.41095745938598
10495,static,8,29.460438859674866,High,Advanced Topics,Advanced Practice,Advanced Practice,1.3847927779553162,19.1,0.2,0.05289908411789308,0.9636005789398266,40.0,33.5,39.1,17.6,10.363600578939828
10500,static,8,78.45884877951752,Low,Advanced Topics,Advanced Practice,Advanced Practice,3.9987067128308027,44.4,0.2,0.3550851560993753,6.47562656200771,97.8,98.0,98.5,84.3,85.17562656200771
10514,static,8,44.30194072210907,Medium,Advanced Topics,Advanced Practice,Application Exercise,2.952505760633601,25.1,0.2,0.14821578918380676,2.6975273631452827,56.4,59.1,50.79752736314529,48.6,49.6
10522,static,8,46.06387425247432,Medium,Problem Solving,Practice Questions,Practice Questions,0.7791724716905271,0.0,0.2,0.0,0.0,45.4,44.0,55.0,44.8,45.7
10523,static,8,73.74735821920198,Low,Application Skills,Application Exercise,Application Exercise,3.8990945266919765,42.0,0.2,0.32752394024212605,5.960935712406694,95.0,94.6,79.46093571240668,100.0,87.9
10527,static,8,86.24230061279118,Low,Critical Thinking,Critical Thinking Activity,Concept Review,4.7941306486806265,69.3,0.2,0.6644665079071348,12.035843531999037,93.135843531999,100.0,87.2,82.5,89.0
10528,static,8,64.77655902354088,Medium,Critical Thinking,Critical Thinking Activity,Application Exercise,4.2629859962548755,64.7,0.2,0.5516303879153809,10.039673060059933,68.9,73.2,68.63967306005993,64.8,64.1
10529,static,8,77.35666789886176,Low,Critical Thinking,Critical Thinking Activity,Advanced Practice,4.557450810653471,45.1,0.2,0.4110820631209431,7.4970715471123395,75.9,99.5,75.6,72.9,75.19707154711234
10530,static,8,68.50699461982806,Low,Application Skills,Application Exercise,Application Exercise,3.1289109876187076,34.4,0.2,0.21526907594816708,3.917897182256641,100.0,81.9,72.01789718225662,85.2,74.1
10535,static,8,69.8111544636002,Low,Critical Thinking,Critical Thinking Activity,Practice Questions,5.05928472893088,71.8,0.2,0.7265132870744744,13.222541824755433,79.6,86.02254182475544,79.9,74.2,81.9
10543,static,8,78.89925573796535,Low,Advanced Topics,Advanced Practice,Advanced Practice,5.067060743935462,70.7,0.2,0.7164823891924744,13.082036224010945,100.0,100.0,100.0,87.0,80.08203622401096
10544,static,8,68.97863555343588,Low,Application Skills,Application Exercise,Application Exercise,2.8471969117804394,34.1,0.2,0.194178829383426,3.534054694778353,83.3,88.2,78.83405469477836,89.4,81.5
10549,static,8,67.26126105843724,Medium,Advanced Topics,Advanced Practice,Advanced Practice,3.2078074385118422,31.7,0.2,0.20337499160165085,3.7067696777633374,69.5,71.8,66.4,63.4,61.70676967776333
10550,static,8,55.543752566742846,Medium,Problem Solving,Practice Questions,Advanced Practice,2.229695511199759,27.5,0.2,0.12263325311598677,2.234720644881712,65.0,55.7,74.9,63.6,57.83472064488171
10555,static,8,85.82567624904009,Low,Critical Thinking,Critical Thinking Activity,Application Exercise,4.388549457616028,44.8,0.2,0.3932140314023961,7.156495371523609,97.1,97.5,82.6564953715236,78.8,83.4
10560,static,8,43.7781011851538,Medium,Advanced Topics,Advanced Practice,Advanced Practice,1.9460210384014245,21.7,0.2,0.08445731306662183,1.538641936990761,62.5,55.4,61.7,44.3,44.138641936990766
10571,static,8,60.74105181780941,Medium,Advanced Topics,Advanced Practice,Critical Thinking Activity,3.087604560051723,37.1,0.2,0.22910025835583783,4.166143312374472,66.1,59.0,71.8,58.16614331237446,57.6
10579,static,8,61.2392788145461,Medium,Advanced Topics,Advanced Practice,Application Exercise,3.1001019298948425,35.3,0.2,0.21886719625057585,3.9833829717604803,76.8,99.1,59.38338297176048,68.3,55.7
10584,static,8,71.77453103006692,Low,Advanced Topics,Advanced Practice,Practice Questions,3.652329367204233,39.2,0.2,0.28634262238881186,5.211435727476376,72.8,74.41143572747639,100.0,92.4,72.3
10585,static,8,81.27187032946102,Low,Critical Thinking,Critical Thinking Activity,Advanced Practice,4.751940518513781,57.8,0.2,0.549324323940193,10.024051306167458,96.8,84.2,91.9,76.5,78.32405130616746
10590,static,8,86.12387576993798,Low,Problem Solving,Practice Questions,Practice Questions,3.9192834397090635,56.6,0.2,0.44366288537506604,8.074664513826201,100.0,91.77466451382621,100.0,90.2,100.0
10591,static,8,69.24766693382684,Medium,Application Skills,Application Exercise,Advanced Practice,5.820255167267564,83.4,0.2,0.9708185619002297,17.736152311823318,58.5,72.9,55.1,59.1,65.03615231182332
10596,static,8,77.43305645413028,Low,Advanced Topics,Advanced Practice,Advanced Practice,5.415274021960981,75.7,0.2,0.8198724869248926,14.973218043114759,86.6,79.5,92.5,92.1,70.37321804311476
10600,static,8,36.38011387211825,Medium,Advanced Topics,Advanced Practice,Advanced Practice,1.1559144318174317,17.0,0.2,0.03930109068179269,0.7158334452529408,39.8,45.1,36.8,41.9,33.815833445252935
10602,static,8,37.11114343567932,Medium,Advanced Topics,Advanced Practice,Advanced Practice,0.5776147206328415,9.2,0.2,0.010628110859644282,0.193512612203097,53.6,57.2,55.9,57.1,47.293512612203095
10605,static,8,74.7374593048303,Low,Problem Solving,Practice Questions,Application Exercise,3.847363390660415,56.9,0.2,0.43782995385715523,7.968505160200225,100.0,76.1,85.5685051602002,80.7,99.9
10614,static,8,69.02058554757855,Low,Advanced Topics,Advanced Practice,Advanced Practice,2.8920055502078807,35.4,0.2,0.20475399295471797,3.7325326493919704,74.2,79.0,78.5,91.0,63.13253264939198
10618,static,8,80.28558202296355,Low,Application Skills,Application Exercise,Application Exercise,2.638783398351885,42.3,0.2,0.22324107550056949,4.062987574110364,79.9,95.1,77.86298757411035,89.0,100.0
10622,static,8,57.416138315210134,Medium,Critical Thinking,Critical Thinking Activity,Critical Thinking Activity,2.6938633458281425,39.4,0.2,0.21227643165125765,3.860005487261655,65.7,46.9,62.4,45.96000548726165,62.6
10627,static,8,90.98657816684255,Low,Conceptual Understanding,Concept Review,Concept Review,4.564894095782291,54.3,0.2,0.0,0.0,100.0,100.0,100.0,98.3,100.0
10636,static,8,55.05821770462747,Medium,Application Skills,Application Exercise,Advanced Practice,4.220747251786002,51.0,0.2,0.4305162196821723,7.853611082939151,57.8,66.4,48.6,49.2,52.05361108293916
10637,static,8,46.89587691522361,Medium,Critical Thinking,Critical Thinking Activity,Critical Thinking Activity,2.1203889618300313,23.8,0.2,0.10093051458310952,1.8359512198297108,62.0,50.8,63.5,48.735951219829715,47.1
10644,static,8,85.4799034842682,Low,Critical Thinking,Critical Thinking Activity,Advanced Practice,5.550620859007534,71.4,0.2,0.792628658666276,14.472829920850875,99.3,81.1,100.0,76.0,80.87282992085088
10645,static,8,55.52245336131277,Medium,Problem Solving,Practice Questions,Practice Questions,1.2860898281446436,10.5,0.2,0.027007886391037513,0.49154353231688275,85.5,51.29154353231688,68.8,96.7,65.2
10650,static,8,63.43042020840257,Medium,Advanced Topics,Critical Thinking Activity,Advanced Practice,2.23167977663957,24.6,0.2,0.10979864501066688,2.000574029189147,76.0,71.8,75.8,55.6,55.200574029189156
10651,static,8,77.59407598497162,Low,Problem Solving,Practice Questions,Practice Questions,3.434919804139411,44.5,0.2,0.3057078625684076,5.563883098745018,98.9,93.96388309874503,100.0,97.1,95.1
10653,static,8,85.18684570896909,Low,Problem Solving,Advanced Practice,Application Exercise,5.381195164843867,75.4,0.2,0.0,4.200000000000008,100.0,96.0,100.0,98.7,95.9
10657,static,8,76.87470527294381,Low,Conceptual Understanding,Concept Review,Critical Thinking Activity,4.1088914786628745,53.6,0.2,0.4404731665126602,8.006944335150777,86.5,98.4,100.0,90.40694433515078,90.7
10661,static,8,50.085306539695566,Medium,Advanced Topics,Advanced Practice,Practice Questions,2.53074432350459,26.3,0.2,0.13311715141634145,2.422732155777415,53.8,48.822732155777416,52.6,58.4,44.5
10663,static,8,90.52841628714974,Low,Critical Thinking,Critical Thinking Activity,Critical Thinking Activity,4.531717669594453,68.6,0.2,0.621751664268359,11.298420401119353,100.0,100.0,100.0,91.19842040111936,100.0
10669,static,8,81.84799337060498,Low,Critical Thinking,Critical Thinking Activity,Advanced Practice,4.60826645815082,58.3,0.2,0.5373238690203855,9.805290855056528,86.1,89.1,97.4,75.5,88.20529085505653
10671,static,8,63.071334784879824,Medium,Conceptual Understanding,Concept Review,Application Exercise,3.246279218207525,49.0,0.2,0.31813536338433746,5.790063613594941,66.1,68.1,70.49006361359496,76.7,72.7
10678,static,8,70.34122254500787,Low,Problem Solving,Practice Questions,Critical Thinking Activity,2.6917065781516354,41.7,0.2,0.22448832861784643,4.08185363427572,86.9,80.0,82.0,84.38185363427571,88.4
10679,static,8,45.24101877936377,Medium,Advanced Topics,Advanced Practice,Application Exercise,1.9068501639822413,24.5,0.2,0.09343565803512982,1.7005289762393627,68.4,50.7,44.700528976239355,49.4,41.9
10680,static,8,81.09647629213876,Low,Critical Thinking,Critical Thinking Activity,Concept Review,4.855512979949474,58.8,0.2,0.5710083264420581,10.350439667106906,90.6504396671069,99.1,93.2,89.5,93.5
10688,static,8,86.41381628345891,Low,Critical Thinking,Critical Thinking Activity,Critical Thinking Activity,5.209668354633694,70.0,0.2,0.7293535696487171,13.253335976694128,98.8,92.1,92.2,88.35333597669411,100.0
10690,static,8,83.80158721852254,Low,Application Skills,Advanced Practice,Advanced Practice,4.794439079776032,65.6,0.2,0.6290304072666153,11.482606779602193,100.0,95.6,89.7,100.0,93.18260677960221
10693,static,8,71.21709601611187,Low,Application Skills,Application Exercise,Critical Thinking Activity,4.79739376229201,65.6,0.2,0.6294180616127117,11.438505576880548,72.9,77.2,65.8,73.83850557688054,89.7
10698,static,8,74.83510572556025,Low,Critical Thinking,Critical Thinking Activity,Concept Review,3.541410029334263,49.8,0.2,0.3527244389216926,6.397646509954434,92.59764650995444,99.7,89.7,86.4,91.2
10714,static,8,58.19742791871065,Medium,Conceptual Understanding,Concept Review,Concept Review,2.1434047492008137,22.3,0.2,0.0955958518143563,1.7371779187673715,56.13717791876738,66.9,54.2,76.0,61.2
10715,static,8,51.339369572059226,Medium,Application Skills,Application Exercise,Concept Review,3.0093576988222948,39.2,0.2,0.2359336435876679,4.28243456580558,54.08243456580558,64.1,53.5,69.9,51.7
10717,static,8,100.66062487003987,Low,Conceptual Understanding,Concept Review,Concept Review,6.511328880250151,100.0,0.2,0.0,0.0,100.0,100.0,100.0,100.0,100.0
10722,static,8,67.15526333276435,Medium,Problem Solving,Practice Questions,Advanced Practice,4.626458010387657,70.6,0.2,0.6532558710667372,11.927547885851165,67.5,58.8,64.5,65.9,72.12754788585114
10738,static,8,85.0831617792501,Low,Advanced Topics,Advanced Practice,Critical Thinking Activity,5.003220173045603,68.1,0.2,0.0,8.4,100.0,96.5,100.0,100.0,97.1
10741,static,8,35.5308348109769,High,Advanced Topics,Advanced Practice,Advanced Practice,1.6511119948161022,9.3,0.2,0.03071068310357951,0.5591710168184576,58.6,37.4,42.7,56.4,29.259171016818453
10742,static,8,68.22870540529944,Low,Critical Thinking,Critical Thinking Activity,Advanced Practice,4.564299751284842,64.1,0.2,0.5851432281147168,10.680739942245488,73.7,83.2,68.9,61.1,67.6807399422455
10750,static,8,95.29874627909558,Low,Conceptual Understanding,Concept Review,Concept Review,5.382268563969849,60.3,0.2,0.0,0.0,100.0,100.0,100.0,100.0,100.0
10754,static,8,63.331302283621355,Medium,Application Skills,Application Exercise,Application Exercise,2.6259900764483315,38.5,0.2,0.20220123588652156,3.6800624931346926,77.6,96.6,62.7800624931347,80.4,77.8
10762,static,8,36.570011911395184,Medium,Advanced Topics,Advanced Practice,Advanced Practice,2.056030629358637,32.2,0.2,0.13240837253069623,2.4133671127243703,35.8,40.3,53.4,54.5,14.21336711272437
10765,static,8,53.04497856832268,Medium,Application Skills,Application Exercise,Application Exercise,2.8325998057124857,36.8,0.2,0.20847934570043894,3.794324091747989,64.8,70.8,58.59432409174799,59.7,65.2
10768,static,8,53.85458179981565,Medium,Conceptual Understanding,Concept Review,Advanced Practice,4.377986413636507,57.7,0.2,0.5052196321336531,9.21918839583384,50.6,60.6,54.4,49.9,54.41918839583384
10788,static,8,86.76401842055762,Low,Problem Solving,Practice Questions,Practice Questions,4.0695653159565035,58.3,0.2,0.4745113158405283,8.636105948297613,100.0,82.03610594829762,100.0,100.0,88.9
10801,static,8,76.35870087046028,Low,Conceptual Understanding,Concept Review,Practice Questions,3.800887180197734,46.0,0.2,0.3496816205781916,6.364205494523086,81.2,83.06420549452308,79.8,84.7,88.3
10803,static,8,99.48594853429978,Low,Conceptual Understanding,Concept Review,Concept Review,5.370773753310041,73.3,0.2,0.0,0.0,100.0,100.0,100.0,100.0,100.0
10811,static,8,73.32932141956366,Low,Advanced Topics,Advanced Practice,Practice Questions,3.8723800708500247,45.3,0.2,0.3508376344190122,6.385244946426021,75.9,72.88524494642603,76.2,72.6,67.4
10812,static,8,68.32930640481962,Low,Advanced Topics,Advanced Practice,Advanced Practice,4.524210448735475,54.2,0.2,0.4904244126429255,8.947779658735552,82.1,73.8,75.3,73.5,67.34777965873555
10817,static,8,88.27462959723341,Low,Application Skills,Concept Review,Concept Review,3.6320838343235726,47.7,0.2,0.0,0.0,100.0,100.0,95.8,100.0,94.1
10821,static,8,79.90709113161024,Low,Critical Thinking,Critical Thinking Activity,Concept Review,4.216495691857215,59.4,0.2,0.5009196881926371,9.07959701879685,79.47959701879685,89.5,81.4,66.8,86.1
10823,static,8,41.805040631316345,Medium,Problem Solving,Guided Review,Practice Questions,2.1343778206605695,20.3,0.2,0.08665573951881914,1.5774951992394932,44.9,29.839144241100712,32.6,35.2,28.038350958138782
10824,static,8,40.75195044210294,Medium,Problem Solving,Practice Questions,Practice Questions,1.6408532280664132,16.5,0.2,0.05414815652619164,0.9854964487766879,54.3,42.885496448776685,58.2,51.7,40.8
10827,static,8,81.33350898781416,Low,Advanced Topics,Advanced Practice,Advanced Practice,5.382779778237026,59.9,0.2,0.6448570174327957,11.76845490512251,86.9,93.7,88.6,97.5,80.26845490512251
10830,static,8,81.8773154651519,Low,Advanced Topics,Advanced Practice,Advanced Practice,4.366833665002386,59.6,0.2,0.5205265728682845,9.499330200941461,95.8,96.1,100.0,91.0,89.59933020094144
10838,static,8,64.78393108226273,Medium,Conceptual Understanding,Concept Review,Concept Review,3.191644901053073,42.8,0.2,0.27320480353014304,4.957717728290212,67.85771772829021,74.3,79.3,75.5,74.8
10846,static,8,66.80261894474228,Medium,Conceptual Understanding,Concept Review,Practice Questions,3.555260669706923,53.0,0.2,0.3768576309889339,6.858808883998596,75.1,77.6588088839986,94.8,73.4,74.5
10850,static,8,48.82133886097864,Medium,Advanced Topics,Advanced Practice,Concept Review,2.3541412476681565,23.9,0.2,0.11252795163853789,2.044644917286582,47.24464491728659,48.6,51.4,83.0,47.7
10860,static,8,98.23811385268056,Low,Conceptual Understanding,Concept Review,Concept Review,6.034688430708864,80.9,0.2,0.0,0.0,100.0,100.0,100.0,100.0,100.0
10866,static,8,104.12216413782772,Low,Conceptual Understanding,Concept Review,Concept Review,6.1325647464936806,83.9,0.2,0.0,0.0,100.0,100.0,100.0,100.0,100.0
10867,static,8,81.56440165777802,Low,Application Skills,Application Exercise,Concept Review,5.320284486274599,72.7,0.2,0.7735693643043268,14.008815148104324,99.80881514810432,96.8,88.2,88.7,92.0
10868,static,8,90.36424620877132,Low,Critical Thinking,Critical Thinking Activity,Application Exercise,5.957077279903812,91.4,0.2,0.0,15.899999999999999,100.0,92.9,100.0,94.3,99.5
10880,static,8,63.649576871800924,Medium,Advanced Topics,Advanced Practice,Advanced Practice,4.230211141279445,51.4,0.2,0.434865705323527,7.933100346409778,77.3,72.3,70.1,70.2,64.53310034640978
10884,static,8,96.75473749265367,Low,Conceptual Understanding,Concept Review,Critical Thinking Activity,5.387538235138944,71.0,0.2,0.0,5.7,100.0,100.0,100.0,100.0,100.0
10885,static,8,56.4204060685447,Medium,Advanced Topics,Advanced Practice,Critical Thinking Activity,3.3409353225711387,31.8,0.2,0.21248348651552443,3.864431569893703,70.5,73.2,62.8,58.964431569893705,61.1
10893,static,8,63.04518445680013,Medium,Problem Solving,Practice Questions,Practice Questions,3.7790393653222303,45.1,0.2,0.3408693507520652,6.203822183687587,65.5,55.50382218368758,75.6,59.0,71.6
10894,static,8,46.456455076893704,Medium,Advanced Topics,Advanced Practice,Advanced Practice,1.9241880888797942,13.6,0.2,0.052337916017530406,0.9531397817580605,54.0,61.0,70.5,46.1,40.153139781758064
10900,static,8,100.5590457396532,Low,Conceptual Understanding,Concept Review,Critical Thinking Activity,6.4980094471004035,87.9,0.2,0.0,10.29999999999999,100.0,100.0,100.0,100.0,100.0
10902,static,8,85.22683407907111,Low,Application Skills,Application Exercise,Critical Thinking Activity,4.962153803157848,61.0,0.2,0.6053827639852574,11.002847367612064,93.2,100.0,85.6,94.50284736761209,98.1
10903,static,8,44.6787170938658,Medium,Advanced Topics,Advanced Practice,Advanced Practice,1.5704786067174576,28.4,0.2,0.0892031848615516,1.6255979788171617,61.9,57.2,55.9,59.0,41.22559797881717
10915,static,8,74.24989459551394,Low,Advanced Topics,Advanced Practice,Advanced Practice,3.8128502508825663,36.2,0.2,0.27605035816389784,5.0324025597854725,83.2,80.8,90.5,93.6,70.63240255978546
10918,static,8,38.21669186960325,High,Application Skills,Application Exercise,Application Exercise,1.8917151855780479,24.4,0.2,0.09231570105620873,1.6801457592229991,53.8,58.4,27.480145759223,39.0,30.7
10925,static,8,73.9993474744635,Low,Application Skills,Application Exercise,Application Exercise,2.717052478843144,41.6,0.2,0.22605876623974963,4.114269545563443,81.1,94.4,83.91426954556343,91.4,95.3
10937,static,8,74.37471686279108,Low,Advanced Topics,Advanced Practice,Application Exercise,4.930273991975931,64.4,0.2,0.6350192901664999,11.557351081030301,73.1,75.2,77.55735108103029,83.1,74.2
10939,static,8,101.57599107909621,Low,Conceptual Understanding,Concept Review,Concept Review,5.80795881648581,76.5,0.2,0.0,0.0,100.0,100.0,100.0,100.0,100.0
10942,static,8,56.03670033761081,Medium,Advanced Topics,Advanced Practice,Advanced Practice,3.5262898798557085,42.5,0.2,0.29973463978773524,5.465735660085781,77.8,70.9,71.7,78.1,58.565735660085785
10943,static,8,57.6990266375625,Medium,Application Skills,Application Exercise,Application Exercise,2.623517398093341,39.1,0.2,0.20515906053089927,3.7338949016623664,68.8,55.8,55.533894901662364,61.1,63.0
10948,static,8,49.83510248124112,Medium,Advanced Topics,Advanced Practice,Advanced Practice,2.6684727665008374,35.2,0.2,0.18786048276165898,3.4245437081991135,52.8,52.5,54.6,68.5,32.32454370819911
10949,static,8,92.05120895210861,Low,Conceptual Understanding,Concept Review,Concept Review,4.712820022042393,63.9,0.2,0.0,0.7000000000000028,100.0,100.0,100.0,100.0,100.0
10960,static,8,68.04935608517992,Low,Conceptual Understanding,Concept Review,Concept Review,3.2531643426986214,45.7,0.2,0.297339220922654,5.394598951023887,72.99459895102387,80.7,85.7,87.2,95.3
10974,static,8,72.18668813849112,Low,Advanced Topics,Advanced Practice,Advanced Practice,4.325232663908622,51.0,0.2,0.44117373171867946,8.048028739742563,100.0,90.3,79.1,83.9,76.14802873974256
10975,static,8,59.3454825536549,Medium,Advanced Topics,Advanced Practice,Application Exercise,3.7813525242192974,45.6,0.2,0.3448593502088,6.276440173800159,82.0,66.3,60.67644017380016,64.5,61.4
10978,static,8,65.48382489886313,Medium,Advanced Topics,Advanced Practice,Advanced Practice,3.8584698853707584,54.5,0.2,0.4205732175054127,7.673451465347463,82.2,69.0,72.5,70.3,63.773451465347456
10979,static,8,44.64119108594019,Medium,Advanced Topics,Advanced Practice,Advanced Practice,2.505458665036904,29.0,0.2,0.14531660257214044,2.6482555524771145,49.6,50.8,40.4,37.0,31.348255552477116
10986,static,8,74.9894956664134,Low,Problem Solving,Practice Questions,Practice Questions,3.4775910617235612,28.3,0.2,0.1968316540935536,3.582336104502675,100.0,78.08233610450267,89.2,77.6,80.0
10987,static,8,93.49044182176068,Low,Problem Solving,Practice Questions,Critical Thinking Activity,6.134493795985665,79.6,0.2,0.0,16.40000000000002,100.0,97.2,100.0,100.0,97.4
10990,static,8,56.324752582755075,Medium,Problem Solving,Practice Questions,Advanced Practice,3.284056232403932,46.4,0.2,0.3047604183670849,5.558369462598372,60.1,49.0,58.1,59.4,52.45836946259837
10996,static,8,78.82745749206066,Low,Advanced Topics,Advanced Practice,Concept Review,4.127412715296789,53.8,0.2,0.44410960816593453,8.052960822446817,92.75296082244682,94.2,90.7,92.3,87.4
10999,static,8,88.90913588272348,Low,Critical Thinking,Critical Thinking Activity,Critical Thinking Activity,5.558904473345284,81.0,0.2,0.9005425246819361,16.360020798649238,100.0,100.0,95.3,91.96002079864925,97.6
10011,static,9,53.41342846924586,Medium,Advanced Topics,Advanced Practice,Advanced Practice,2.187491704103277,30.0,0.18,0.11812455202157696,2.510469469922381,56.2,55.5,63.5,59.4,39.91046946992238
10024,static,9,98.43884815444977,Low,Conceptual Understanding,Concept Review,Application Exercise,6.5539225628509135,86.8,0.18,0.0,11.8,100.0,100.0,100.0,94.6,100.0
10026,static,9,90.30867384475042,Low,Conceptual Understanding,Concept Review,Critical Thinking Activity,5.541602118579352,76.4,0.18,0.7620811233470324,16.14382233491483,88.2,87.3,100.0,97.84382233491483,100.0
10031,static,9,78.74509326967163,Low,Critical Thinking,Critical Thinking Activity,Critical Thinking Activity,3.217304189973585,22.4,0.18,0.12972170493973492,2.7515224178029265,95.7,100.0,93.6,84.25152241780295,96.2
10040,static,9,82.50353203954602,Low,Critical Thinking,Critical Thinking Activity,Critical Thinking Activity,4.155648910622372,59.2,0.18,0.44282594791592006,9.384584172030449,95.6,100.0,77.4,73.98458417203045,93.8
10045,static,9,90.50859967926456,Low,Conceptual Understanding,Concept Review,Concept Review,5.13597844041902,65.0,0.18,0.6009094775290253,12.692849573330037,94.09284957333003,100.0,99.8,100.0,92.2
10055,static,9,64.89957178866057,Medium,Advanced Topics,Advanced Practice,Advanced Practice,4.224265568111268,68.6,0.18,0.5216123123503793,11.106217572982477,72.1,58.6,57.6,57.4,49.806217572982476
10056,static,9,96.49297271055661,Low,Conceptual Understanding,Concept Review,Concept Review,5.767919157307695,71.9,0.18,0.0,0.0,100.0,100.0,96.1,98.2,100.0
10060,static,9,88.8138256951658,Low,Critical Thinking,Critical Thinking Activity,Concept Review,5.180868123394785,69.3,0.18,0.6462614897122654,13.646571602555486,99.04657160255547,85.0,99.7,83.9,85.6
10061,static,9,52.64415981218608,Medium,Advanced Topics,Advanced Practice,Advanced Practice,3.0126119558115985,36.9,0.18,0.20009768610500636,4.254028680562304,56.1,42.0,48.8,62.1,37.6540286805623
10064,static,9,93.13984507075496,Low,Critical Thinking,Critical Thinking Activity,Practice Questions,5.577836792307641,75.3,0.18,0.0,7.400000000000006,100.0,100.0,100.0,94.4,100.0
10067,static,9,83.73052458353175,Low,Critical Thinking,Critical Thinking Activity,Practice Questions,5.359086844259635,75.9,0.18,0.7321584446627513,15.538029214509498,100.0,99.5380292145095,97.3,88.1,94.9
10068,static,9,56.28347553391239,Medium,Critical Thinking,Critical Thinking Activity,Critical Thinking Activity,3.1690369792549213,45.0,0.18,0.25669199531964865,5.441771493810626,59.4,53.7,68.2,48.34177149381062,63.9
10071,static,9,84.31553219623889,Low,Conceptual Understanding,Concept Review,Critical Thinking Activity,4.665771797248894,56.0,0.18,0.4703097971626885,9.967790420548244,78.0,92.0,90.1,84.56779042054823,89.8
10073,static,9,79.55215348587569,Low,Advanced Topics,Advanced Practice,Practice Questions,4.057411843560421,57.7,0.18,0.4214027940721854,8.943103740865268,95.0,93.24310374086528,92.1,96.6,85.8
10077,static,9,68.05517672191672,Medium,Advanced Topics,Advanced Practice,Advanced Practice,3.392739496494128,45.0,0.18,0.2748118992160244,5.84470323568213,77.4,71.9,67.3,71.5,65.44470323568213
10079,static,9,52.90393789995591,Medium,Critical Thinking,Critical Thinking Activity,Critical Thinking Activity,3.411126924536405,33.4,0.18,0.20507695070312867,4.348746764665996,65.5,60.3,61.1,51.648746764665994,54.3
10087,static,9,66.57113769280254,Medium,Problem Solving,Practice Questions,Practice Questions,3.66276761403065,48.7,0.18,0.3210782090459268,6.813993103085781,62.0,54.213993103085784,76.5,66.2,56.2
10089,static,9,80.70562756660709,Low,Conceptual Understanding,Concept Review,Advanced Practice,3.3654477382956705,36.0,0.18,0.21808101344155942,4.636149954475857,84.1,98.0,94.7,92.9,81.93614995447587
10097,static,9,80.96914611470702,Low,Application Skills,Application Exercise,Concept Review,5.842658680264915,77.2,0.18,0.8118958502096124,17.134365084445555,95.53436508444555,92.2,80.2,87.7,83.5
10102,static,9,55.58148374262912,Medium,Advanced Topics,Advanced Practice,Advanced Practice,4.082943230278509,53.9,0.18,0.396127152201621,8.428432706068932,63.5,55.6,61.4,60.0,49.32843270606893
10108,static,9,80.24194251139332,Low,Conceptual Understanding,Concept Review,Critical Thinking Activity,4.587997839671266,58.0,0.18,0.47898697446168015,10.151214704087312,88.3,92.9,87.7,92.9512147040873,93.4
10111,static,9,67.82363327555973,Low,Advanced Topics,Advanced Practice,Critical Thinking Activity,3.043085466011411,31.4,0.18,0.17199519053896495,3.647406267027696,92.2,82.6,83.5,67.34740626702772,66.1
10121,static,9,100.72704168122517,Low,Conceptual Understanding,Concept Review,Concept Review,6.563404781438525,88.9,0.18,0.0,0.0,100.0,100.0,100.0,100.0,100.0
10137,static,9,60.057653709299316,Medium,Advanced Topics,Advanced Practice,Advanced Practice,2.7345878676060296,31.9,0.18,0.15702003535793824,3.3374085440846537,74.3,65.1,84.3,62.8,55.737408544084644
10138,static,9,58.88126315088059,Medium,Advanced Topics,Advanced Practice,Advanced Practice,3.417414846179591,35.3,0.18,0.21714253932625116,4.616044250752154,75.4,49.5,56.3,48.6,48.41604425075216
10140,static,9,62.25034033995896,Medium,Advanced Topics,Advanced Practice,Advanced Practice,3.6567242610892547,41.0,0.18,0.26986625046838697,5.738418920648491,70.5,70.0,81.7,67.3,61.338418920648486
10159,static,9,56.60867266129647,Medium,Advanced Topics,Advanced Practice,Advanced Practice,2.901357670102675,43.0,0.18,0.22456508366594702,4.775595486106416,63.9,58.2,63.6,65.4,56.67559548610642
10169,static,9,76.22716958185399,Low,Conceptual Understanding,Concept Review,Critical Thinking Activity,3.1993613882701615,46.5,0.18,0.2677865481982125,5.676770126968284,83.5,87.0,90.0,86.97677012696829,93.1
10175,static,9,72.78635614636418,Low,Application Skills,Application Exercise,Advanced Practice,4.322814488943649,42.6,0.18,0.331473415012199,7.048970269688969,100.0,90.7,67.6,77.0,70.548970269689
10185,static,9,86.14165866759762,Low,Problem Solving,Practice Questions,Advanced Practice,4.386064430765616,57.3,0.18,0.45237868538916565,9.626870732164026,100.0,92.0,96.2,100.0,99.42687073216403
10199,static,9,70.7591323392556,Low,Conceptual Understanding,Concept Review,Advanced Practice,3.568956589718778,48.7,0.18,0.31285473465474806,6.6549789181498955,64.6,80.2,77.4,81.0,69.95497891814989
10200,static,9,57.196816297089256,Medium,Advanced Topics,Advanced Practice,Advanced Practice,3.1823668677152206,47.6,0.18,0.2726651932258401,5.799769787707033,64.5,63.0,90.8,69.1,48.29976978770704
10209,static,9,59.560707083703264,Medium,Critical Thinking,Critical Thinking Activity,Practice Questions,3.53061817731258,50.1,0.18,0.31839114723004847,6.756967680104362,72.8,56.95696768010436,64.9,56.9,65.5
10210,static,9,41.736294897639766,Medium,Problem Solving,Practice Questions,Practice Questions,2.7927041323359623,39.1,0.18,0.196550516833805,4.1712387461396405,61.6,28.77123874613964,48.6,58.3,33.6
10211,static,9,66.78110301880224,Medium,Advanced Topics,Advanced Practice,Advanced Practice,3.6486693129623067,61.4,0.18,0.4032509324685941,8.583091949847901,82.9,72.0,74.5,67.5,63.3830919498479
10214,static,9,67.29982123420966,Low,Advanced Topics,Advanced Practice,Critical Thinking Activity,4.510282863236224,66.2,0.18,0.5374453059832285,11.387916788686681,73.8,73.1,84.2,78.68791678868668,71.0
10216,static,9,62.157150765889085,Medium,Conceptual Understanding,Concept Review,Critical Thinking Activity,3.6016226373971,58.9,0.18,0.3818440320168405,8.092283039731042,75.0,73.8,79.9,83.39228303973105,79.3
10219,static,9,87.42925438737808,Low,Conceptual Understanding,Concept Review,Application Exercise,3.0746388483289873,44.1,0.18,0.244064831780355,5.179598096671978,88.5,93.1,88.37959809667198,100.0,99.1
10222,static,9,69.5896305645517,Low,Problem Solving,Practice Questions,Critical Thinking Activity,4.497682263256802,59.4,0.18,0.48089218758741725,10.191254299334268,83.3,67.4,77.5,73.89125429933426,72.2
10236,static,9,50.77671603436719,Medium,Application Skills,Application Exercise,Practice Questions,2.703005033342923,32.4,0.18,0.15763925354455927,3.345455269667869,79.4,48.64545526966787,45.2,59.7,48.4
10238,static,9,58.386172131256835,Medium,Critical Thinking,Concept Review,Critical Thinking Activity,2.4732176464856828,21.8,0.18,0.09704906044809818,2.058533384427411,51.7,60.5,67.2,55.258533384427416,72.0
10245,static,9,66.02532695248642,Medium,Critical Thinking,Critical Thinking Activity,Critical Thinking Activity,3.2567653243313845,38.6,0.18,0.2262800547345446,4.797777068229104,93.4,69.4,69.4,66.99777706822911,88.1
10248,static,9,50.20723210074787,Medium,Problem Solving,Practice Questions,Practice Questions,1.0213799780987074,10.6,0.18,0.019487929982123335,0.41357718073172856,85.5,45.51357718073173,71.2,61.4,59.9
10255,static,9,57.92257864872869,Medium,Application Skills,Application Exercise,Application Exercise,1.6573524916554168,29.0,0.18,0.08651380006441274,1.8360150902558705,88.7,100.0,62.43601509025587,80.3,71.7
10257,static,9,61.70697156758242,Medium,Advanced Topics,Advanced Practice,Practice Questions,3.928543180956106,40.3,0.18,0.2849765223465559,6.047835085354685,59.7,68.04783508535469,73.1,63.2,62.4
10260,static,9,67.99056460551967,Medium,Problem Solving,Practice Questions,Advanced Practice,5.113377769985048,69.4,0.18,0.6387631510265322,13.601125927911156,69.2,65.2,79.7,72.7,75.20112592791115
10261,static,9,52.54464596556236,Medium,Problem Solving,Practice Questions,Advanced Practice,2.49731762893239,34.3,0.18,0.15418439041028573,3.277514714234885,58.4,50.2,65.5,59.8,50.67751471423488
10262,static,9,74.9690146363588,Low,Critical Thinking,Critical Thinking Activity,Advanced Practice,5.103783547559645,61.7,0.18,0.5668262007919741,12.064922850541159,93.8,82.0,77.2,72.6,80.96492285054117
10266,static,9,73.37661111263493,Low,Advanced Topics,Advanced Practice,Advanced Practice,4.302140747539934,58.4,0.18,0.45224103538139776,9.624449060970488,90.8,81.3,88.4,88.4,71.42444906097047
10276,static,9,86.21034343665642,Low,Advanced Topics,Advanced Practice,Application Exercise,5.926190670049348,78.7,0.18,0.8395041703191906,17.816144058996155,100.0,100.0,90.81614405899617,92.0,82.4
10278,static,9,52.78418546099757,Medium,Advanced Topics,Advanced Practice,Advanced Practice,2.8626366379336643,32.3,0.18,0.1664336941294632,3.5375605198969047,63.4,66.3,47.3,45.6,30.537560519896907
10281,static,9,57.582554630770034,Medium,Conceptual Understanding,Concept Review,Advanced Practice,3.515415575851666,44.8,0.18,0.2834831120366783,6.029064915068655,54.5,58.3,67.8,61.4,55.72906491506866
10282,static,9,61.0838849454392,Medium,Problem Solving,Practice Questions,Practice Questions,3.92019239028455,48.4,0.18,0.34152716104159,7.247965306549299,69.2,54.647965306549295,78.0,63.3,62.4
10290,static,9,64.155813253706,Medium,Advanced Topics,Advanced Practice,Advanced Practice,3.218005866301344,35.7,0.18,0.2067890569685244,4.396032835483946,77.2,64.7,90.0,75.1,60.39603283548395
10293,static,9,69.3585141364698,Low,Advanced Topics,Advanced Practice,Advanced Practice,3.748757664762954,60.9,0.18,0.410938815211315,8.746516840527136,79.0,80.4,85.2,66.1,63.24651684052713
10295,static,9,79.068196177829,Low,Advanced Topics,Advanced Practice,Critical Thinking Activity,4.093672882349109,53.5,0.18,0.39422069857021924,8.355645366093308,100.0,92.6,85.4,90.15564536609331,83.7
10297,static,9,72.62514582283264,Low,Advanced Topics,Advanced Practice,Advanced Practice,4.433737457399182,63.2,0.18,0.504381973153731,10.736566729968828,100.0,80.1,81.0,76.3,62.33656672996883
10299,static,9,66.75843707882461,Medium,Application Skills,Application Exercise,Advanced Practice,3.0342499619227787,40.7,0.18,0.22228915221046278,4.726674549750197,76.6,80.7,71.1,92.0,74.8266745497502
10300,static,9,108.11705308273854,Low,Conceptual Understanding,Concept Review,Critical Thinking Activity,6.787994019072787,99.0,0.18,0.0,10.700000000000008,100.0,100.0,100.0,100.0,100.0
10308,static,9,63.71690844851145,Low,Critical Thinking,Critical Thinking Activity,Critical Thinking Activity,3.030361346637722,37.2,0.18,0.2029129957708619,4.30247196902289,100.0,67.3,73.5,68.00247196902289,78.3
10310,static,9,75.96293261545132,Low,Critical Thinking,Critical Thinking Activity,Concept Review,4.301046260232106,53.4,0.18,0.41341656653351,8.739804650938414,79.93980465093843,98.5,87.5,73.3,87.8
10311,static,9,72.65990238417433,Low,Application Skills,Application Exercise,Concept Review,3.847804568458107,46.2,0.18,0.3199834279129761,6.768107042100499,82.76810704210051,89.4,78.5,83.6,81.3
10313,static,9,70.71448424181419,Low,Advanced Topics,Advanced Practice,Concept Review,5.3691588039088645,73.8,0.18,0.7132390555112534,15.055991342491879,87.0559913424919,80.4,74.9,83.0,73.2
10315,static,9,42.99275087907159,Medium,Advanced Topics,Advanced Practice,Advanced Practice,1.2030742456378682,12.6,0.18,0.02728572389106685,0.5794131056431022,57.4,43.6,49.2,48.3,30.179413105643103
10319,static,9,66.92802287572304,Low,Application Skills,Application Exercise,Application Exercise,2.7404993901023795,44.8,0.18,0.22099387081785588,4.689981036245609,79.6,74.8,75.18998103624561,80.1,82.1
10320,static,9,92.33818009267809,Low,Application Skills,Application Exercise,Concept Review,5.492377237501431,85.6,0.18,0.0,5.799999999999995,100.0,100.0,100.0,100.0,100.0
10322,static,9,85.74044620202739,Low,Application Skills,Application Exercise,Practice Questions,4.777003523377642,62.0,0.18,0.5331135932089449,11.313855144767608,97.4,92.6138551447676,90.1,96.3,93.1
10328,static,9,60.73736055782937,Medium,Advanced Topics,Advanced Practice,Advanced Practice,2.5340449713030795,25.7,0.18,0.11722492037248046,2.4908366950876033,78.5,82.9,59.7,62.6,60.2908366950876
10329,static,9,70.33064332486678,Low,Application Skills,Application Exercise,Application Exercise,3.647671759154533,46.2,0.18,0.30334038349129094,6.437557027426286,88.6,66.8,58.23755702742628,86.8,73.6
10333,static,9,75.59600594594338,Low,Advanced Topics,Advanced Practice,Critical Thinking Activity,4.529899094850181,56.0,0.18,0.4566138287608983,9.677516768034323,96.2,78.3,89.0,82.2775167680343,73.9
10347,static,9,70.73724066543505,Low,Advanced Topics,Advanced Practice,Advanced Practice,4.064638504628308,53.3,0.18,0.38996141813403973,8.297005168788601,83.8,80.5,90.4,76.5,78.6970051687886
10352,static,9,30.342626105985822,High,Advanced Topics,Guided Review,Advanced Practice,1.5528555712502534,17.1,0.18,0.0477968944830828,1.0151871232892922,26.4,36.9,32.6,31.6,28.615187123289292
10356,static,9,75.32736048004816,Low,Advanced Topics,Advanced Practice,Concept Review,4.1530996450972575,47.7,0.18,0.35658513552805055,7.5414681767038925,84.84146817670387,83.5,82.2,81.3,78.1
10362,static,9,68.75597060769263,Low,Problem Solving,Practice Questions,Practice Questions,2.4812221607546485,22.1,0.18,0.09870301755481992,2.0946973725522895,88.1,59.994697372552295,77.9,100.0,70.5
10364,static,9,53.7963605798709,Medium,Advanced Topics,Advanced Practice,Advanced Practice,3.3742032558213038,30.7,0.18,0.18645847191668521,3.9628848663478915,67.1,47.4,61.6,45.3,46.46288486634789
10366,static,9,74.5276449173915,Low,Application Skills,Application Exercise,Concept Review,5.303773337257974,73.0,0.18,0.6969158165156978,14.712268185859866,85.61226818585988,84.4,83.7,82.0,90.8
10371,static,9,74.5284678338342,Low,Critical Thinking,Critical Thinking Activity,Advanced Practice,3.6377178637177887,51.4,0.18,0.3365616567511698,7.160194155469608,89.8,79.0,87.5,72.0,72.2601941554696
10372,static,9,51.6774414631886,Medium,Problem Solving,Practice Questions,Practice Questions,1.9360303243190669,11.9,0.18,0.04146976954691441,0.8800806648289614,47.3,36.88008066482897,57.0,55.6,39.8
10378,static,9,96.56814963714817,Low,Critical Thinking,Critical Thinking Activity,Critical Thinking Activity,4.533848469338661,60.9,0.18,0.497000469208904,10.532253281732247,100.0,100.0,99.6,93.23225328173224,100.0
10383,static,9,85.2838488030425,Low,Critical Thinking,Critical Thinking Activity,Advanced Practice,5.956369847283382,75.3,0.18,0.0,11.99999999999999,98.3,91.7,100.0,88.8,100.0
10409,static,9,71.69726574289345,Low,Critical Thinking,Critical Thinking Activity,Advanced Practice,2.639095519241921,31.1,0.18,0.14773656716716274,3.1399711687660674,94.6,89.5,100.0,73.5,75.63997116876607
10412,static,9,50.20730619711242,Medium,Problem Solving,Practice Questions,Advanced Practice,2.7304329567178205,35.3,0.18,0.17349171006985029,3.6881092636475166,70.8,56.4,67.3,80.4,58.78810926364752
10426,static,9,51.53677972064078,Medium,Advanced Topics,Advanced Practice,Advanced Practice,2.0968862142982077,25.8,0.18,0.09737939579200876,2.0691618600448374,61.1,80.9,80.4,59.1,51.369161860044834
10430,static,9,63.48991217329743,Medium,Critical Thinking,Critical Thinking Activity,Critical Thinking Activity,3.9654479452058498,54.7,0.18,0.390438004684968,8.27523475365002,71.3,71.5,67.4,63.475234753650014,67.9
10433,static,9,81.58060904138301,Low,Application Skills,Application Exercise,Critical Thinking Activity,5.801990835718913,83.9,0.18,0.8762166560102703,18.558359651245244,83.2,90.6,71.5,81.75835965124524,98.5
10437,static,9,68.26728775246197,Low,Application Skills,Application Exercise,Application Exercise,3.5972101674442074,39.3,0.18,0.25446664724500323,5.400347735977292,92.8,75.8,69.1003477359773,92.0,71.3
10440,static,9,93.36922718392285,Low,Critical Thinking,Critical Thinking Activity,Practice Questions,6.002423289673294,79.5,0.18,0.0,9.7,100.0,100.0,97.6,92.8,97.4
10446,static,9,71.4077869650747,Low,Advanced Topics,Advanced Practice,Practice Questions,4.0271140144101185,44.4,0.18,0.32184695203165664,6.830307537560713,84.9,81.63030753756072,88.1,89.2,75.7
10452,static,9,80.84308563144266,Low,Critical Thinking,Critical Thinking Activity,Concept Review,5.384813641260015,64.1,0.18,0.6212997979285805,13.124401525135754,79.42440152513576,100.0,72.9,70.9,80.0
10463,static,9,61.88111379770158,Medium,Application Skills,Application Exercise,Advanced Practice,4.005924388130504,49.5,0.18,0.3569278629824279,7.592784227277201,64.9,68.9,54.1,69.0,63.492784227277205
10480,static,9,98.80390566931081,Low,Conceptual Understanding,Concept Review,Concept Review,5.805397495363804,87.1,0.18,0.0,0.0,100.0,100.0,98.3,100.0,100.0
10487,static,9,49.02785802219558,Medium,Problem Solving,Practice Questions,Practice Questions,3.06779054374536,42.2,0.18,0.23302936970289756,4.9454010681392715,52.8,35.145401068139265,40.6,39.9,45.5
10494,static,9,63.05584403211493,Medium,Problem Solving,Practice Questions,Advanced Practice,4.214003530309557,46.9,0.18,0.35574617802873276,7.566703637414715,80.9,62.3,69.7,75.5,65.76670363741472
10495,static,9,29.461302326040354,High,Advanced Topics,Advanced Practice,Advanced Practice,1.3846675368498294,19.1,0.18,0.04760486991689713,1.0112054488567237,40.0,33.5,39.1,17.6,10.411205448856725
10500,static,9,78.46464479837661,Low,Advanced Topics,Advanced Practice,Advanced Practice,3.9978660317824755,44.4,0.18,0.3195094532600554,6.795136015267765,97.8,98.0,98.5,84.3,85.49513601526776
10514,static,9,44.30582717049545,Medium,Advanced Topics,Advanced Practice,Application Exercise,2.952505760633601,25.1,0.18,0.13339421026542608,2.8309215734107087,56.4,59.1,50.93092157341072,48.6,49.6
10522,static,9,46.06387425247432,Medium,Problem Solving,Practice Questions,Practice Questions,0.7791724716905271,0.0,0.18,0.0,0.0,45.4,44.0,55.0,44.8,45.7
10523,static,9,73.7559464060346,Low,Application Skills,Application Exercise,Application Exercise,3.8990945266919765,42.0,0.18,0.2947715462179134,6.255707258624607,95.0,94.6,79.7557072586246,100.0,87.9
10527,static,9,86.25011453197175,Low,Critical Thinking,Critical Thinking Activity,Concept Review,4.796510048748644,69.3,0.18,0.5983166634809057,12.634160195479943,93.7341601954799,100.0,87.2,82.5,89.0
10528,static,9,64.79102362979367,Medium,Critical Thinking,Critical Thinking Activity,Application Exercise,4.2629859962548755,64.7,0.18,0.49646734912384277,10.536140409183776,68.9,73.2,69.13614040918378,64.8,64.1
10529,static,9,77.36337794953427,Low,Critical Thinking,Critical Thinking Activity,Advanced Practice,4.556477554256134,45.1,0.18,0.369894847854513,7.866966394966853,75.9,99.5,75.6,72.9,75.56696639496685
10530,static,9,68.51263930962435,Low,Application Skills,Application Exercise,Application Exercise,3.1289109876187076,34.4,0.18,0.19374216835335034,4.111639350609991,100.0,81.9,72.21163935060997,85.2,74.1
10535,static,9,69.83716370407839,Low,Critical Thinking,Critical Thinking Activity,Practice Questions,5.05928472893088,71.8,0.18,0.6538619583670269,13.876403783122461,79.6,86.67640378312247,79.9,74.2,81.9
10543,static,9,78.91095080707379,Low,Advanced Topics,Advanced Practice,Advanced Practice,5.065364437695373,70.7,0.18,0.6446182783411132,13.726654502352059,100.0,100.0,100.0,87.0,80.72665450235208
10544,static,9,68.98372722418351,Low,Application Skills,Application Exercise,Application Exercise,2.8471969117804394,34.1,0.18,0.1747609464450834,3.708815641223436,83.3,88.2,79.00881564122345,89.4,81.5
10549,static,9,67.26458072772373,Medium,Advanced Topics,Advanced Practice,Advanced Practice,3.207325938516119,31.7,0.18,0.18301001805172976,3.889779695815067,69.5,71.8,66.4,63.4,61.889779695815065
10550,static,9,55.54575429685069,Medium,Problem Solving,Practice Questions,Advanced Practice,2.2294051711221226,27.5,0.18,0.11035555597054507,2.3450762008522568,65.0,55.7,74.9,63.6,57.945076200852256
10555,static,9,85.83598693217486,Low,Critical Thinking,Critical Thinking Activity,Application Exercise,4.388549457616028,44.8,0.18,0.35389262826215645,7.510387999785765,97.1,97.5,83.01038799978576,78.8,83.4
10560,static,9,43.779479773278126,Medium,Advanced Topics,Advanced Practice,Advanced Practice,1.9458210816832453,21.7,0.18,0.07600377145054756,1.6146457084413084,62.5,55.4,61.7,44.3,44.21464570844131
10571,static,9,60.73517084104881,Medium,Advanced Topics,Advanced Practice,Critical Thinking Activity,3.087873040476533,37.1,0.18,0.20620816164302286,4.372351474017495,66.1,59.0,71.8,58.372351474017485,57.6
10579,static,9,61.24501785264982,Medium,Advanced Topics,Advanced Practice,Application Exercise,3.1001019298948425,35.3,0.18,0.19698047662551826,4.180363448385998,76.8,99.1,59.580363448386,68.3,55.7
10584,static,9,71.7847821214886,Low,Advanced Topics,Advanced Practice,Practice Questions,3.652329367204233,39.2,0.18,0.2577083601499307,5.469144087626306,72.8,74.66914408762632,100.0,92.4,72.3
10585,static,9,81.28083689448529,Low,Critical Thinking,Critical Thinking Activity,Advanced Practice,4.750639966968357,57.8,0.18,0.49425658216338786,10.518307888330845,96.8,84.2,91.9,76.5,78.81830788833085
10590,static,9,86.13975894080666,Low,Problem Solving,Practice Questions,Practice Questions,3.9192834397090635,56.6,0.18,0.3992965968375594,8.47396111066376,100.0,92.17396111066377,100.0,90.2,100.0
10591,static,9,69.26351350639366,Medium,Application Skills,Application Exercise,Advanced Practice,5.817956708004103,83.4,0.18,0.873391661005576,18.609543972828895,58.5,72.9,55.1,59.1,65.90954397282889
10596,static,9,77.44643914928001,Low,Advanced Topics,Advanced Practice,Advanced Practice,5.413332934731725,75.7,0.18,0.7376207456865448,15.710838788801304,86.6,79.5,92.5,92.1,71.1108387888013
10600,static,9,36.38075537982102,Medium,Advanced Topics,Advanced Practice,Advanced Practice,1.1558213846101708,17.0,0.18,0.03536813436907123,0.7512015796220121,39.8,45.1,36.8,41.9,33.85120157962201
10602,static,9,37.11131691725105,Medium,Advanced Topics,Advanced Practice,Advanced Practice,0.5775895580733099,9.2,0.18,0.00956488308169401,0.20307749528479102,53.6,57.2,55.9,57.1,47.30307749528479
10605,static,9,74.74893988680503,Low,Problem Solving,Practice Questions,Application Exercise,3.847363390660415,56.9,0.18,0.39404695847143967,8.362552118671665,100.0,76.1,85.96255211867164,80.7,99.9
10614,static,9,69.02392772616375,Low,Advanced Topics,Advanced Practice,Advanced Practice,2.8915207853606613,35.4,0.18,0.1842477044431813,3.9167803538351516,74.2,79.0,78.5,91.0,63.31678035383516
10618,static,9,80.29143575098018,Low,Application Skills,Application Exercise,Application Exercise,2.638783398351885,42.3,0.18,0.2009169679505125,4.263904542060876,79.9,95.1,78.06390454206087,89.0,100.0
10622,static,9,57.41068920410777,Medium,Critical Thinking,Critical Thinking Activity,Critical Thinking Activity,2.6941121105696397,39.4,0.18,0.19106643088159883,4.051071918143254,65.7,46.9,62.4,46.151071918143245,62.6
10627,static,9,90.98657816684255,Low,Conceptual Understanding,Concept Review,Concept Review,4.564894095782291,54.3,0.18,0.0,0.0,100.0,100.0,100.0,98.3,100.0
10636,static,9,55.065244977059336,Medium,Application Skills,Application Exercise,Advanced Practice,4.219727984095794,51.0,0.18,0.38737102893999387,8.240982111879145,57.8,66.4,48.6,49.2,52.44098211187916
10637,static,9,46.8932860407525,Medium,Advanced Topics,Advanced Practice,Critical Thinking Activity,2.120507241344974,23.8,0.18,0.09084253021921869,1.9267937500489294,62.0,50.8,63.5,48.826793750048935,47.1
10644,static,9,85.4928414811824,Low,Critical Thinking,Critical Thinking Activity,Advanced Practice,5.548744272841494,71.4,0.18,0.7131246139455889,15.185954534796464,99.3,81.1,100.0,76.0,81.58595453479647
10645,static,9,55.52342024605453,Medium,Problem Solving,Practice Questions,Practice Questions,1.2860898281446436,10.5,0.18,0.024307097751933758,0.5158506300688165,85.5,51.315850630068816,68.8,96.7,65.2
10650,static,9,63.43221244050874,Medium,Critical Thinking,Critical Thinking Activity,Advanced Practice,2.231419823108968,24.6,0.18,0.0988072697672651,2.0993812989564122,76.0,71.8,75.8,55.6,55.29938129895642
10651,static,9,77.60502035371901,Low,Problem Solving,Practice Questions,Practice Questions,3.434919804139411,44.5,0.18,0.2751370763115668,5.839020175056585,98.9,94.2390201750566,100.0,97.1,95.1
10653,static,9,85.18684570896909,Low,Problem Solving,Advanced Practice,Application Exercise,5.381195164843867,75.4,0.18,0.0,4.200000000000008,100.0,96.0,100.0,98.7,95.9
10657,static,9,76.86339837842299,Low,Conceptual Understanding,Concept Review,Critical Thinking Activity,4.109407664998548,53.6,0.18,0.3964756515190599,8.403419986669837,86.5,98.4,100.0,90.80341998666984,90.7
10661,static,9,50.09007214558957,Medium,Advanced Topics,Advanced Practice,Practice Questions,2.53074432350459,26.3,0.18,0.11980543627470729,2.5425375920521223,53.8,48.942537592052126,52.6,58.4,44.5
10663,static,9,90.51245599485387,Low,Critical Thinking,Critical Thinking Activity,Critical Thinking Activity,4.532446294486222,68.6,0.18,0.5596664684431586,11.858086869562511,100.0,100.0,100.0,91.75808686956252,100.0
10669,static,9,81.85676405342511,Low,Critical Thinking,Critical Thinking Activity,Advanced Practice,4.606994318254967,58.3,0.18,0.4834579837576762,10.288748838814204,86.1,89.1,97.4,75.5,88.6887488388142
10671,static,9,63.07967678863315,Medium,Conceptual Understanding,Concept Review,Application Exercise,3.246279218207525,49.0,0.18,0.2863218270459037,6.076385440640845,66.1,68.1,70.77638544064087,76.7,72.7
10678,static,9,70.33545995594271,Low,Problem Solving,Practice Questions,Critical Thinking Activity,2.691969653899627,41.7,0.18,0.20205924222170604,4.283912876497426,86.9,80.0,82.0,84.58391287649742,88.4
10679,static,9,45.24346880755847,Medium,Advanced Topics,Advanced Practice,Application Exercise,1.9068501639822413,24.5,0.18,0.08409209223161683,1.7846210684709796,68.4,50.7,44.78462106847097,49.4,41.9
10680,static,9,81.10319117221346,Low,Critical Thinking,Critical Thinking Activity,Concept Review,4.8575577139347175,58.8,0.18,0.5141239084428505,10.864563575549758,91.16456357554975,99.1,93.2,89.5,93.5
10688,static,9,86.39509386287267,Low,Critical Thinking,Critical Thinking Activity,Critical Thinking Activity,5.21052307718015,70.0,0.18,0.6565259077246988,13.909861884418827,98.8,92.1,92.2,89.00986188441881,100.0
10690,static,9,83.8118548178317,Low,Application Skills,Application Exercise,Advanced Practice,4.792949820275522,65.6,0.18,0.5659515147781337,12.048558294380326,100.0,95.6,89.7,100.0,93.74855829438035
10693,static,9,71.20093892829536,Low,Application Skills,Application Exercise,Critical Thinking Activity,4.798131371362281,65.6,0.18,0.5665633523304581,12.005068929211006,72.9,77.2,65.8,74.405068929211,89.7
10698,static,9,74.83925365510365,Low,Critical Thinking,Critical Thinking Activity,Concept Review,3.5426731066210397,49.8,0.18,0.31756521727750997,6.715211727231944,92.91521172723195,99.7,89.7,86.4,91.2
10714,static,9,58.19855209615403,Medium,Conceptual Understanding,Concept Review,Concept Review,2.143747070105784,22.3,0.18,0.08605000739404617,1.8232279261614177,56.22322792616142,66.9,54.2,76.0,61.2
10715,static,9,51.34214407822474,Medium,Application Skills,Application Exercise,Concept Review,3.0102025578496794,39.2,0.18,0.21239989248187338,4.494834458287453,54.294834458287454,64.1,53.5,69.9,51.7
10717,static,9,100.66062487003987,Low,Conceptual Understanding,Concept Review,Concept Review,6.511328880250151,100.0,0.18,0.0,0.0,100.0,100.0,100.0,100.0,100.0
10722,static,9,67.16592636185322,Medium,Problem Solving,Practice Questions,Advanced Practice,4.624911395945794,70.6,0.18,0.5877337401967915,12.515281626047956,67.5,58.8,64.5,65.9,72.71528162604794
10738,static,9,85.0831617792501,Low,Advanced Topics,Advanced Practice,Critical Thinking Activity,5.003220173045603,68.1,0.18,0.0,8.4,100.0,96.5,100.0,100.0,97.1
10741,static,9,35.53133609833118,High,Advanced Topics,Advanced Practice,Advanced Practice,1.651039285808635,9.3,0.18,0.027638397644436548,0.5868094144628941,58.6,37.4,42.7,56.4,29.28680941446289
10742,static,9,68.23825663865055,Low,Critical Thinking,Critical Thinking Activity,Advanced Practice,4.562914396774851,64.1,0.18,0.5264690630998823,11.20720900534537,73.7,83.2,68.9,61.1,68.20720900534538
10750,static,9,95.29874627909558,Low,Conceptual Understanding,Concept Review,Concept Review,5.382268563969849,60.3,0.18,0.0,0.0,100.0,100.0,100.0,100.0,100.0
10754,static,9,63.33660431433793,Medium,Application Skills,Application Exercise,Application Exercise,2.6259900764483315,38.5,0.18,0.1819811122978694,3.8620436054325618,77.6,96.6,62.96204360543257,80.4,77.8
10762,static,9,36.57217319978223,Medium,Advanced Topics,Advanced Practice,Advanced Practice,2.0557171462194113,32.2,0.18,0.11914936579487707,2.5325164785192475,35.8,40.3,53.4,54.5,14.332516478519247
10765,static,9,53.05044522083759,Medium,Application Skills,Application Exercise,Application Exercise,2.8325998057124857,36.8,0.18,0.18763141113039503,3.981955502878384,64.8,70.8,58.78195550287839,59.7,65.2
10768,static,9,53.862828448444944,Medium,Conceptual Understanding,Concept Review,Advanced Practice,4.376790282053189,57.7,0.18,0.45457343869404426,9.673761834527884,50.6,60.6,54.4,49.9,54.87376183452788
10788,static,9,86.78100596798846,Low,Problem Solving,Practice Questions,Practice Questions,4.0695653159565035,58.3,0.18,0.4270601842564754,9.06316613255409,100.0,82.4631661325541,100.0,100.0,88.9
10801,static,9,76.37121950366662,Low,Conceptual Understanding,Concept Review,Practice Questions,3.800887180197734,46.0,0.18,0.31471345852037236,6.678918953043458,81.2,83.37891895304345,79.8,84.7,88.3
10803,static,9,99.48594853429978,Low,Conceptual Understanding,Concept Review,Concept Review,5.370773753310041,73.3,0.18,0.0,0.0,100.0,100.0,100.0,100.0,100.0
10811,static,9,73.34188143816861,Low,Advanced Topics,Advanced Practice,Practice Questions,3.8723800708500247,45.3,0.18,0.31575387097711094,6.700998817403132,75.9,73.20099881740313,76.2,72.6,67.4
10812,static,9,68.33731155258717,Low,Advanced Topics,Advanced Practice,Advanced Practice,4.523049345540188,54.2,0.18,0.44126869415090075,9.389048352886453,82.1,73.8,75.3,73.5,67.78904835288645
10817,static,9,88.27462959723341,Low,Application Skills,Concept Review,Concept Review,3.6320838343235726,47.7,0.18,0.0,0.0,100.0,100.0,95.8,100.0,94.1
10821,static,9,79.91298179112869,Low,Critical Thinking,Critical Thinking Activity,Concept Review,4.21828944417727,59.4,0.18,0.4510195073714336,9.530616526168284,79.93061652616828,89.5,81.4,66.8,86.1
10823,static,9,41.808142914520324,Medium,Advanced Topics,Guided Review,Advanced Practice,2.1343778206605695,20.3,0.18,0.07799016556693722,1.6554853648064305,44.9,29.839144241100712,32.6,35.2,28.11634112370572
10824,static,9,40.753888950936286,Medium,Problem Solving,Practice Questions,Practice Questions,1.6408532280664132,16.5,0.18,0.04873334087357247,1.0342297896502604,54.3,42.93422978965026,58.2,51.7,40.8
10827,static,9,81.34403492327007,Low,Advanced Topics,Advanced Practice,Advanced Practice,5.381253048481854,59.9,0.18,0.5802067036873134,12.348661608809824,86.9,93.7,88.6,97.5,80.84866160880982
10830,static,9,81.88581196741671,Low,Advanced Topics,Advanced Practice,Advanced Practice,4.365601293506579,59.6,0.18,0.46834170676738573,9.967671907708848,95.8,96.1,100.0,91.0,90.06767190770883
10838,static,9,64.78714388566083,Medium,Conceptual Understanding,Concept Review,Concept Review,3.192623225047385,42.8,0.18,0.24595969325765055,5.203677421547862,68.10367742154786,74.3,79.3,75.5,74.8
10846,static,9,66.81611048154528,Medium,Conceptual Understanding,Concept Review,Practice Questions,3.555260669706923,53.0,0.18,0.33917186789004045,7.197980751888636,75.1,77.99798075188865,94.8,73.4,74.5
10850,static,9,48.822662154642344,Medium,Advanced Topics,Advanced Practice,Concept Review,2.3545442010338964,23.9,0.18,0.1012924915284782,2.1459374088150605,47.34593740881507,48.6,51.4,83.0,47.7
10860,static,9,98.23811385268056,Low,Conceptual Understanding,Concept Review,Concept Review,6.034688430708864,80.9,0.18,0.0,0.0,100.0,100.0,100.0,100.0,100.0
10866,static,9,104.12216413782772,Low,Conceptual Understanding,Concept Review,Concept Review,6.1325647464936806,83.9,0.18,0.0,0.0,100.0,100.0,100.0,100.0,100.0
10867,static,9,81.57349859256902,Low,Application Skills,Application Exercise,Concept Review,5.3230545747232085,72.7,0.18,0.19118485189568446,14.200000000000008,100.0,96.8,88.2,88.7,92.0
10868,static,9,90.36424620877132,Low,Critical Thinking,Critical Thinking Activity,Application Exercise,5.957077279903812,91.4,0.18,0.0,15.899999999999999,100.0,92.9,100.0,94.3,99.5
10880,static,9,63.65667514044418,Medium,Advanced Topics,Advanced Practice,Advanced Practice,4.229181575974466,51.4,0.18,0.3912838794091576,8.324384225818935,77.3,72.3,70.1,70.2,64.92438422581894
10884,static,9,96.75473749265367,Low,Conceptual Understanding,Concept Review,Critical Thinking Activity,5.387538235138944,71.0,0.18,0.0,5.7,100.0,100.0,100.0,100.0,100.0
10885,static,9,56.41495164236825,Medium,Advanced Topics,Advanced Practice,Critical Thinking Activity,3.3411843299582715,31.8,0.18,0.19124939104681143,4.0556809609405144,70.5,73.2,62.8,59.155680960940515,61.1
10893,static,9,63.05738760996069,Medium,Problem Solving,Practice Questions,Practice Questions,3.7790393653222303,45.1,0.18,0.30678241567685866,6.510604599364445,65.5,55.81060459936444,75.6,59.0,71.6
10894,static,9,46.45730938336941,Medium,Advanced Topics,Advanced Practice,Advanced Practice,1.9240641763665587,13.6,0.18,0.04710109103745336,1.0002408727955139,54.0,61.0,70.5,46.1,40.20024087279552
10900,static,9,100.5590457396532,Low,Conceptual Understanding,Concept Review,Critical Thinking Activity,6.4980094471004035,87.9,0.18,0.0,10.29999999999999,100.0,100.0,100.0,100.0,100.0
10902,static,9,85.21129397452557,Low,Application Skills,Application Exercise,Critical Thinking Activity,4.962863245490272,61.0,0.18,0.5449223843548318,11.547769751966896,93.2,100.0,85.6,95.04776975196692,98.1
10903,static,9,44.68017314837235,Medium,Advanced Topics,Advanced Practice,Advanced Practice,1.5702674139213766,28.4,0.18,0.08027207019966076,1.7058700490168226,61.9,57.2,55.9,59.0,41.30587004901683
10915,static,9,74.25440053741123,Low,Advanced Topics,Advanced Practice,Advanced Practice,3.8121966884891343,36.2,0.18,0.24840273622195203,5.280805296007425,83.2,80.8,90.5,93.6,70.88080529600741
10918,static,9,38.219112530785054,High,Application Skills,Application Exercise,Application Exercise,1.8917151855780479,24.4,0.18,0.08308413095058785,1.763229890173587,53.8,58.4,27.563229890173588,39.0,30.7
10925,static,9,74.00527508671128,Low,Application Skills,Application Exercise,Application Exercise,2.717052478843144,41.6,0.18,0.20345288961577465,4.317722435179217,81.1,94.4,84.1177224351792,91.4,95.3
10937,static,9,74.39136805568474,Low,Advanced Topics,Advanced Practice,Application Exercise,4.930273991975931,64.4,0.18,0.57151736114985,12.128868442180151,73.1,75.2,78.12886844218013,83.1,74.2
10939,static,9,101.57599107909621,Low,Conceptual Understanding,Concept Review,Concept Review,5.80795881648581,76.5,0.18,0.0,0.0,100.0,100.0,100.0,100.0,100.0
10942,static,9,56.04159287562625,Medium,Advanced Topics,Advanced Practice,Advanced Practice,3.5255802437955452,42.5,0.18,0.2697068886503592,5.73544254873614,77.8,70.9,71.7,78.1,58.83544254873615
10943,static,9,57.70440622703904,Medium,Application Skills,Application Exercise,Application Exercise,2.623517398093341,39.1,0.18,0.18464315447780935,3.918538056140176,68.8,55.8,55.718538056140176,61.1,63.0
10948,static,9,49.838168908779025,Medium,Advanced Topics,Advanced Practice,Advanced Practice,2.6680279978449963,35.2,0.18,0.16904625394345899,3.5935899621425724,52.8,52.5,54.6,68.5,32.493589962142565
10949,static,9,92.05120895210861,Low,Conceptual Understanding,Concept Review,Concept Review,4.712820022042393,63.9,0.18,0.0,0.7000000000000028,100.0,100.0,100.0,100.0,100.0
10960,static,9,68.05285270180973,Low,Conceptual Understanding,Concept Review,Concept Review,3.25422909006221,45.7,0.18,0.2676928849485174,5.662291835972405,73.26229183597239,80.7,85.7,87.2,95.3
10974,static,9,72.19388937240714,Low,Advanced Topics,Advanced Practice,Advanced Practice,4.324188164050194,51.0,0.18,0.39696047345980784,8.444989213202371,100.0,90.3,79.1,83.9,76.54498921320237
10975,static,9,59.354525301883854,Medium,Advanced Topics,Advanced Practice,Application Exercise,3.7813525242192974,45.6,0.18,0.31037341518791994,6.586813588988079,82.0,66.3,60.98681358898808,64.5,61.4
10978,static,9,65.49068987268255,Medium,Advanced Topics,Advanced Practice,Advanced Practice,3.8574741582125895,54.5,0.18,0.3784182149206551,8.051869680268117,82.2,69.0,72.5,70.3,64.1518696802681
10979,static,9,44.64356307405229,Medium,Advanced Topics,Advanced Practice,Advanced Practice,2.5051146210471984,29.0,0.18,0.13076698321866373,2.7790225356957783,49.6,50.8,40.4,37.0,31.47902253569578
10986,static,9,74.99654225718625,Low,Problem Solving,Practice Questions,Practice Questions,3.4775910617235612,28.3,0.18,0.17714848868419822,3.7594845931868734,100.0,78.25948459318687,89.2,77.6,80.0
10987,static,9,93.49044182176068,Low,Problem Solving,Practice Questions,Critical Thinking Activity,6.134493795985665,79.6,0.18,0.0,16.40000000000002,100.0,97.2,100.0,100.0,97.4
10990,static,9,56.32972715604269,Medium,Problem Solving,Practice Questions,Advanced Practice,3.2833346975732,46.4,0.18,0.27422411394131363,5.8325935765396855,60.1,49.0,58.1,59.4,52.732593576539685
10996,static,9,78.83268008273186,Low,Advanced Topics,Advanced Practice,Concept Review,4.129003035379595,53.8,0.18,0.39985265394615993,8.452813476392977,93.15281347639298,94.2,90.7,92.3,87.4
10999,static,9,88.88601906174046,Low,Critical Thinking,Critical Thinking Activity,Critical Thinking Activity,5.559959810608196,81.0,0.18,0.8106421403866749,17.170662939035914,100.0,100.0,95.3,92.77066293903593,97.6
10011,static,10,53.415356604284675,Medium,Advanced Topics,Advanced Practice,Advanced Practice,2.187212038590594,30.0,0.16,0.10498617785234851,2.6154556477747297,56.2,55.5,63.5,59.4,40.01545564777473
10024,static,10,98.43884815444977,Low,Conceptual Understanding,Concept Review,Application Exercise,6.5539225628509135,86.8,0.16,0.0,11.8,100.0,100.0,100.0,94.6,100.0
10026,static,10,90.28911131169937,Low,Conceptual Understanding,Concept Review,Critical Thinking Activity,5.542495194236289,76.4,0.16,0.6775146125434439,16.821336947458274,88.2,87.3,100.0,98.52133694745828,100.0
10031,static,10,78.74176332872102,Low,Critical Thinking,Critical Thinking Activity,Critical Thinking Activity,3.217456209612058,22.4,0.16,0.11531363055249613,2.8668360483554225,95.7,100.0,93.6,84.36683604835544,96.2
10040,static,10,82.49216474940252,Low,Critical Thinking,Critical Thinking Activity,Critical Thinking Activity,4.156167854160308,59.2,0.16,0.39367221914606443,9.778256391176512,95.6,100.0,77.4,74.37825639117652,93.8
10045,static,10,90.51566618756313,Low,Conceptual Understanding,Concept Review,Concept Review,5.138130247973937,65.0,0.16,0.5343655457892894,13.227215119119325,94.62721511911931,100.0,99.8,100.0,92.2
10055,static,10,64.90808601334044,Medium,Advanced Topics,Advanced Practice,Advanced Practice,4.223030626075436,68.6,0.16,0.46351984151803977,11.569737414500516,72.1,58.6,57.6,57.4,50.26973741450052
10056,static,10,96.49297271055661,Low,Conceptual Understanding,Concept Review,Concept Review,5.767919157307695,71.9,0.16,0.0,0.0,100.0,100.0,96.1,98.2,100.0
10060,static,10,88.82142552900247,Low,Critical Thinking,Critical Thinking Activity,Concept Review,5.183182332785746,69.3,0.16,0.5747112570592835,14.22128285961477,99.62128285961475,85.0,99.7,83.9,85.6
10061,static,10,52.647425986348544,Medium,Advanced Topics,Advanced Practice,Advanced Practice,3.0121382149930005,36.9,0.16,0.17783664021318676,4.431865320775491,56.1,42.0,48.8,62.1,37.831865320775485
10064,static,10,93.13984507075496,Low,Critical Thinking,Critical Thinking Activity,Practice Questions,5.577836792307641,75.3,0.16,0.0,7.400000000000006,100.0,100.0,100.0,94.4,100.0
10067,static,10,83.75673592115511,Low,Critical Thinking,Critical Thinking Activity,Practice Questions,5.359086844259635,75.9,0.16,0.4619707854904931,15.999999999999991,100.0,100.0,97.3,88.1,94.9
10068,static,10,56.2768862805002,Medium,Critical Thinking,Critical Thinking Activity,Critical Thinking Activity,3.1693377941751804,45.0,0.16,0.228192321180613,5.669963814991239,59.4,53.7,68.2,48.56996381499123,63.9
10071,static,10,84.30345939890884,Low,Conceptual Understanding,Concept Review,Critical Thinking Activity,4.666322948849684,56.0,0.16,0.4181025362169318,10.385892956765176,78.0,92.0,90.1,84.98589295676517,89.8
10073,static,10,79.56723974349026,Low,Advanced Topics,Advanced Practice,Practice Questions,4.057411843560421,57.7,0.16,0.3745802613974981,9.317684002262766,95.0,93.61768400226278,92.1,96.6,85.8
10077,static,10,68.05966244857468,Medium,Advanced Topics,Advanced Practice,Advanced Practice,3.392088866211343,45.0,0.16,0.24423039836721672,6.088933634049346,77.4,71.9,67.3,71.5,65.68893363404935
10079,static,10,52.89867359868505,Medium,Critical Thinking,Critical Thinking Activity,Critical Thinking Activity,3.411367252274307,33.4,0.16,0.18230346596153893,4.531050230627534,65.5,60.3,61.1,51.83105023062753,54.3
10087,static,10,66.58263232132475,Medium,Problem Solving,Practice Questions,Practice Questions,3.66276761403065,48.7,0.16,0.2854028524852683,7.099395955571049,62.0,54.49939595557105,76.5,66.2,56.2
10089,static,10,80.70918728079114,Low,Conceptual Understanding,Concept Review,Advanced Practice,3.364931421091611,36.0,0.16,0.1938200498548768,4.829970004330734,84.1,98.0,94.7,92.9,82.12997000433074
10097,static,10,80.97869375703523,Low,Application Skills,Application Exercise,Concept Review,5.84556601271617,77.2,0.16,0.7220443138907013,17.856409398336258,96.25640939833626,92.2,80.2,87.7,83.5
10102,static,10,55.587949685812944,Medium,Advanced Topics,Advanced Practice,Advanced Practice,4.0820053803462795,53.9,0.16,0.3520321440010632,8.780464850069995,63.5,55.6,61.4,60.0,49.680464850069995
10108,static,10,80.22964697193976,Low,Conceptual Understanding,Concept Review,Critical Thinking Activity,4.588559159974022,58.0,0.16,0.4258182900455892,10.577032994132901,88.3,92.9,87.7,93.37703299413289,93.4
10111,static,10,67.81921817919209,Low,Advanced Topics,Advanced Practice,Critical Thinking Activity,3.0432870255476265,31.4,0.16,0.15289474016351276,3.8003010071912087,92.2,82.6,83.5,67.50030100719124,66.1
10121,static,10,100.72704168122517,Low,Conceptual Understanding,Concept Review,Concept Review,6.563404781438525,88.9,0.16,0.0,0.0,100.0,100.0,100.0,100.0,100.0
10137,static,10,60.06021673135349,Medium,Advanced Topics,Advanced Practice,Advanced Practice,2.7342161151808275,31.9,0.16,0.13955439051882945,3.476962934603483,74.3,65.1,84.3,62.8,55.876962934603476
10138,static,10,58.88480754644719,Medium,Advanced Topics,Advanced Practice,Advanced Practice,3.416900750857774,35.3,0.16,0.19298655440844706,4.809030805160601,75.4,49.5,56.3,48.6,48.60903080516061
10140,static,10,62.25474533929582,Medium,Advanced Topics,Advanced Practice,Advanced Practice,3.6560853398658386,41.0,0.16,0.23983919829519898,5.97825811894369,70.5,70.0,81.7,67.3,61.57825811894369
10159,static,10,56.612338214298795,Medium,Advanced Topics,Advanced Practice,Advanced Practice,2.9008260015530016,43.0,0.16,0.19957682890684653,4.975172315013262,63.9,58.2,63.6,65.4,56.875172315013266
10169,static,10,76.22029553257069,Low,Conceptual Understanding,Concept Review,Critical Thinking Activity,3.199675204791952,46.5,0.16,0.23805583523652124,5.914825962204805,83.5,87.0,90.0,87.21482596220481,93.1
10175,static,10,72.79176675317693,Low,Application Skills,Application Exercise,Advanced Practice,4.322029709818872,42.6,0.16,0.2945895450212543,7.343559814710223,100.0,90.7,67.6,77.0,70.84355981471025
10185,static,10,86.14904279883186,Low,Problem Solving,Practice Questions,Advanced Practice,4.384993402644779,57.3,0.16,0.40201619515447334,10.0288869273185,100.0,92.0,96.2,100.0,99.8288869273185
10199,static,10,70.76423903524406,Low,Conceptual Understanding,Concept Review,Advanced Practice,3.5682158912080517,48.7,0.16,0.27803538224293145,6.933014300392827,64.6,80.2,77.4,81.0,70.23301430039282
10200,static,10,57.201266983283844,Medium,Advanced Topics,Advanced Practice,Advanced Practice,3.1817213198612873,47.6,0.16,0.24231989572063564,6.042089683427669,64.5,63.0,90.8,69.1,48.542089683427676
10209,static,10,59.57210551517281,Medium,Critical Thinking,Critical Thinking Activity,Practice Questions,3.53061817731258,50.1,0.16,0.2830143530933764,7.039982033197738,72.8,57.23998203319774,64.9,56.9,65.5
10210,static,10,41.743331423673624,Medium,Problem Solving,Practice Questions,Practice Questions,2.7927041323359623,39.1,0.16,0.1747115705189378,4.345950316658579,61.6,28.94595031665858,48.6,58.3,33.6
10211,static,10,66.78768524272624,Medium,Advanced Topics,Advanced Practice,Advanced Practice,3.6477145971404155,61.4,0.16,0.35835148202307443,8.941443431870976,82.9,72.0,74.5,67.5,63.74144343187098
10214,static,10,67.28602507624258,Low,Advanced Topics,Advanced Practice,Critical Thinking Activity,4.510912690304503,66.2,0.16,0.477795872157053,11.865712660843734,73.8,73.1,84.2,79.16571266084374,71.0
10216,static,10,62.14734887437409,Medium,Conceptual Understanding,Concept Review,Critical Thinking Activity,3.6020701168048603,58.9,0.16,0.33945908780769,8.431742127538731,75.0,73.8,79.9,83.73174212753875,79.3
10219,static,10,87.43565414665385,Low,Conceptual Understanding,Concept Review,Application Exercise,3.0746388483289873,44.1,0.16,0.21694651713809335,5.396544613810072,88.5,93.1,88.59654461381008,100.0,99.1
10222,static,10,69.57728611850067,Low,Problem Solving,Practice Questions,Critical Thinking Activity,4.498245816260791,59.4,0.16,0.4275132823774256,10.618767581711694,83.3,67.4,77.5,74.31876758171168,72.2
10236,static,10,50.78235953370462,Medium,Application Skills,Application Exercise,Practice Questions,2.703005033342923,32.4,0.16,0.14012378092849714,3.485579050596366,79.4,48.78557905059637,45.2,59.7,48.4
10238,static,10,58.383680893258116,Medium,Conceptual Understanding,Concept Review,Critical Thinking Activity,2.473331377361254,21.8,0.16,0.08626979844236055,2.1448031828697713,51.7,60.5,67.2,55.344803182869775,72.0
10245,static,10,66.01951837002201,Medium,Critical Thinking,Critical Thinking Activity,Critical Thinking Activity,3.2570304997862576,38.6,0.16,0.20115420366679929,4.998931271895904,93.4,69.4,69.4,67.19893127189592,88.1
10248,static,10,50.20792977037945,Medium,Problem Solving,Practice Questions,Practice Questions,1.0213799780987074,10.6,0.16,0.017322604428554076,0.43089978516028266,85.5,45.53089978516029,71.2,61.4,59.9
10255,static,10,57.924847175047724,Medium,Application Skills,Application Exercise,Application Exercise,1.6573524916554168,29.0,0.16,0.07690115561281133,1.912916245868682,88.7,100.0,62.51291624586868,80.3,71.7
10257,static,10,61.71717375250074,Medium,Advanced Topics,Advanced Practice,Practice Questions,3.928543180956106,40.3,0.16,0.2533124643080497,6.301147549662735,59.7,68.30114754966274,73.1,63.2,62.4
10260,static,10,68.00099107141453,Medium,Problem Solving,Practice Questions,Advanced Practice,5.111865467749334,69.4,0.16,0.5676215415388861,14.168747469450041,69.2,65.2,79.7,72.7,75.76874746945003
10261,static,10,52.54716270167268,Medium,Problem Solving,Practice Questions,Advanced Practice,2.4969525900318916,34.3,0.16,0.1370327581409502,3.414547472375835,58.4,50.2,65.5,59.8,50.81454747237583
10262,static,10,74.97826688273742,Low,Critical Thinking,Critical Thinking Activity,Advanced Practice,5.102441559485753,61.7,0.16,0.5037130307524335,12.568635881293591,93.8,82.0,77.2,72.6,81.46863588129361
10266,static,10,73.3839929970221,Low,Advanced Topics,Advanced Practice,Advanced Practice,4.301070045312058,58.4,0.16,0.40189198503395873,10.026341046004447,90.8,81.3,88.4,88.4,71.82634104600443
10276,static,10,86.23235654096912,Low,Advanced Topics,Advanced Practice,Application Exercise,5.926190670049348,78.7,0.16,0.7462259291726139,18.56236998816877,100.0,100.0,91.56236998816878,92.0,82.4
10278,static,10,52.786902141245655,Medium,Advanced Topics,Advanced Practice,Advanced Practice,2.8622425982221915,32.3,0.16,0.14792069747612283,3.6854812173730274,63.4,66.3,47.3,45.6,30.68548121737303
10281,static,10,57.58718189675223,Medium,Conceptual Understanding,Concept Review,Advanced Practice,3.5147444160588206,44.8,0.16,0.2519368797430962,6.2810017948117505,54.5,58.3,67.8,61.4,55.98100179481176
10282,static,10,61.096111648266806,Medium,Problem Solving,Practice Questions,Practice Questions,3.92019239028455,48.4,0.16,0.30357969870363555,7.551545005252934,69.2,54.95154500525293,78.0,63.3,62.4
10290,static,10,64.15918865043396,Medium,Advanced Topics,Advanced Practice,Advanced Practice,3.2175162833429787,35.7,0.16,0.18378453010455098,4.579817365588497,77.2,64.7,90.0,75.1,60.579817365588504
10293,static,10,69.36522184892127,Low,Advanced Topics,Advanced Practice,Advanced Practice,3.7477847475118775,60.9,0.16,0.36518414579755737,9.111700986324694,79.0,80.4,85.2,66.1,63.611700986324685
10295,static,10,79.05807657873524,Low,Advanced Topics,Advanced Practice,Critical Thinking Activity,4.094134865855285,53.5,0.16,0.3504579445172124,8.70610331061052,100.0,92.6,85.4,90.50610331061053,83.7
10297,static,10,72.63337879843968,Low,Advanced Topics,Advanced Practice,Advanced Practice,4.4325433090134645,63.2,0.16,0.44821877940744154,11.18478550937627,100.0,80.1,81.0,76.3,62.78478550937627
10299,static,10,66.76206548202946,Medium,Application Skills,Application Exercise,Advanced Practice,3.0337236817494118,40.7,0.16,0.1975560861555217,4.924230635905719,76.6,80.7,71.1,92.0,75.02423063590571
10300,static,10,108.11705308273854,Low,Conceptual Understanding,Concept Review,Critical Thinking Activity,6.787994019072787,99.0,0.16,0.0,10.700000000000008,100.0,100.0,100.0,100.0,100.0
10308,static,10,63.71169969570988,Low,Critical Thinking,Critical Thinking Activity,Critical Thinking Activity,3.0305991384573163,37.2,0.16,0.18038126072097949,4.48285322974387,100.0,67.3,73.5,68.18285322974387,78.3
10310,static,10,75.96779426551247,Low,Critical Thinking,Critical Thinking Activity,Concept Review,4.302526671050142,53.4,0.16,0.36760787877452417,9.107412529712938,80.30741252971295,98.5,87.5,73.3,87.8
10311,static,10,72.66366528962565,Low,Application Skills,Application Exercise,Concept Review,3.8489504028697437,46.2,0.16,0.2845144137801315,7.05262145588063,83.05262145588064,89.4,78.5,83.6,81.3
10313,static,10,70.72287171096404,Low,Advanced Topics,Advanced Practice,Concept Review,5.371712854469728,73.8,0.16,0.6342918538557855,15.690283196347664,87.69028319634768,80.4,74.9,83.0,73.2
10315,static,10,42.99319626116527,Medium,Advanced Topics,Advanced Practice,Advanced Practice,1.2030096453847428,12.6,0.16,0.024252674450956416,0.6036657800940587,57.4,43.6,49.2,48.3,30.20366578009406
10319,static,10,66.93381767853973,Low,Application Skills,Application Exercise,Application Exercise,2.7404993901023795,44.8,0.16,0.19643899628253855,4.8864200325281475,79.6,74.8,75.38642003252815,80.1,82.1
10320,static,10,92.33818009267809,Low,Application Skills,Application Exercise,Concept Review,5.492377237501431,85.6,0.16,0.0,5.799999999999995,100.0,100.0,100.0,100.0,100.0
10322,static,10,85.75953171621504,Low,Application Skills,Application Exercise,Practice Questions,4.777003523377642,62.0,0.16,0.4738787495190621,11.78773389428667,97.4,93.08773389428666,90.1,96.3,93.1
10328,static,10,60.73927400827235,Medium,Advanced Topics,Application Exercise,Advanced Practice,2.533767435711247,25.7,0.16,0.1041885169564465,2.59502521204405,78.5,82.9,59.7,62.6,60.39502521204405
10329,static,10,70.33859738124927,Low,Application Skills,Application Exercise,Application Exercise,3.647671759154533,46.2,0.16,0.2696358964367031,6.707192923862989,88.6,66.8,58.50719292386298,86.8,73.6
10333,static,10,75.58428472251579,Low,Advanced Topics,Advanced Practice,Critical Thinking Activity,4.530434196275206,56.0,0.16,0.4059269039862586,10.083443672020582,96.2,78.3,89.0,82.68344367202056,73.9
10347,static,10,70.74360596596931,Low,Advanced Topics,Advanced Practice,Advanced Practice,4.063715252365652,53.3,0.16,0.3465536367217428,8.643558805510343,83.8,80.5,90.4,76.5,79.04355880551034
10352,static,10,30.343406289829254,High,Advanced Topics,Guided Review,Advanced Practice,1.5527424098221547,17.1,0.16,0.04248303233273416,1.0576701556220263,26.4,36.9,32.6,31.6,28.657670155622025
10356,static,10,75.3315538101812,Low,Advanced Topics,Advanced Practice,Concept Review,4.154376547221943,47.7,0.16,0.31706201808397877,7.858530194787871,85.15853019478784,83.5,82.2,81.3,78.1
10362,static,10,68.75950418452484,Low,Problem Solving,Practice Questions,Practice Questions,2.4812221607546485,22.1,0.16,0.08773601560428437,2.182433388156574,88.1,60.08243338815658,77.9,100.0,70.5
10364,static,10,53.79940412252849,Medium,Advanced Topics,Advanced Practice,Advanced Practice,3.373761806493029,30.7,0.16,0.16571917993493757,4.128604046282829,67.1,47.4,61.6,45.3,46.62860404628283
10366,static,10,74.53584043033474,Low,Application Skills,Application Exercise,Concept Review,5.306268935638759,73.0,0.16,0.619772211682607,15.332040397542473,86.23204039754248,84.4,83.7,82.0,90.8
10371,static,10,74.53396149549891,Low,Critical Thinking,Critical Thinking Activity,Advanced Practice,3.636921037937932,51.4,0.16,0.29910038616001555,7.459294541629623,89.8,79.0,87.5,72.0,72.55929454162963
10372,static,10,51.678926084637254,Medium,Problem Solving,Practice Questions,Practice Questions,1.9360303243190669,11.9,0.16,0.036862017375035035,0.9169426822039964,47.3,36.916942682204,57.0,55.6,39.8
10378,static,10,96.55539169339727,Low,Critical Thinking,Critical Thinking Activity,Critical Thinking Activity,4.534430899485451,60.9,0.16,0.4418349468458624,10.97408822857811,100.0,100.0,99.6,93.6740882285781,100.0
10383,static,10,85.2838488030425,Low,Critical Thinking,Critical Thinking Activity,Advanced Practice,5.956369847283382,75.3,0.16,0.0,11.99999999999999,98.3,91.7,100.0,88.8,100.0
10409,static,10,71.69967723184129,Low,Critical Thinking,Critical Thinking Activity,Advanced Practice,2.638745745870579,31.1,0.16,0.13130398831452003,3.2712751570805874,94.6,89.5,100.0,73.5,75.77127515708058
10412,static,10,50.21013808463627,Medium,Problem Solving,Practice Questions,Advanced Practice,2.7300222068168676,35.3,0.16,0.15419165424101666,3.842300917888533,70.8,56.4,67.3,80.4,58.94230091788854
10426,static,10,51.538369234606094,Medium,Advanced Topics,Advanced Practice,Advanced Practice,2.0966556639326583,25.8,0.16,0.08654994580714014,2.1557118058519773,61.1,80.9,80.4,59.1,51.455711805851976
10430,static,10,63.479889675512034,Medium,Critical Thinking,Critical Thinking Activity,Critical Thinking Activity,3.9659054958088564,54.7,0.16,0.3470960489931912,8.62233080264321,71.3,71.5,67.4,63.82233080264321,67.9
10433,static,10,81.55811666259558,Low,Application Skills,Application Exercise,Critical Thinking Activity,5.8030176657265224,83.9,0.16,0.7789970914471285,19.33735674269237,83.2,90.6,71.5,82.53735674269237,98.5
10437,static,10,68.27396026350831,Low,Application Skills,Application Exercise,Application Exercise,3.5972101674442074,39.3,0.16,0.22619257532889175,5.626540311306183,92.8,75.8,69.32654031130619,92.0,71.3
10440,static,10,93.36922718392285,Low,Critical Thinking,Critical Thinking Activity,Practice Questions,6.002423289673294,79.5,0.16,0.0,9.7,100.0,100.0,97.6,92.8,97.4
10446,static,10,71.4193091146644,Low,Advanced Topics,Advanced Practice,Practice Questions,4.0271140144101185,44.4,0.16,0.2860861795836948,7.116393717144407,84.9,81.91639371714442,88.1,89.2,75.7
10452,static,10,80.85039192355843,Low,Critical Thinking,Critical Thinking Activity,Concept Review,5.387038464879954,64.1,0.16,0.552494664958088,13.676896190093842,79.97689619009385,100.0,72.9,70.9,80.0
10463,static,10,61.88693989487756,Medium,Application Skills,Application Exercise,Advanced Practice,4.005079344385714,49.5,0.16,0.31720228407534856,7.90998651135255,64.9,68.9,54.1,69.0,63.809986511352555
10480,static,10,98.80390566931081,Low,Conceptual Understanding,Concept Review,Concept Review,5.805397495363804,87.1,0.16,0.0,0.0,100.0,100.0,98.3,100.0,100.0
10487,static,10,49.036200494415866,Medium,Problem Solving,Practice Questions,Practice Questions,3.06779054374536,42.2,0.16,0.20713721751368674,5.152538285652958,52.8,35.352538285652955,40.6,39.9,45.5
10494,static,10,63.06165084076769,Medium,Problem Solving,Practice Questions,Advanced Practice,4.2131612842602735,46.9,0.16,0.31615562277089093,7.882859260185606,80.9,62.3,69.7,75.5,66.08285926018561
10495,static,10,29.46207937548634,High,Advanced Topics,Advanced Practice,Advanced Practice,1.3845548300490527,19.1,0.16,0.04231199560629905,1.0535174444630226,40.0,33.5,39.1,17.6,10.453517444463024
10500,static,10,78.4698601186595,Low,Advanced Topics,Advanced Practice,Advanced Practice,3.9971095779079517,44.4,0.16,0.2839546644145809,7.079090679682346,97.8,98.0,98.5,84.3,85.77909067968234
10514,static,10,44.309324974043186,Medium,Advanced Topics,Advanced Practice,Application Exercise,2.952505760633601,25.1,0.16,0.1185726313470454,2.949494204757754,56.4,59.1,51.049494204757764,48.6,49.6
10522,static,10,46.06387425247432,Medium,Problem Solving,Practice Questions,Practice Questions,0.7791724716905271,0.0,0.16,0.0,0.0,45.4,44.0,55.0,44.8,45.7
10523,static,10,73.76367577418395,Low,Application Skills,Application Exercise,Application Exercise,3.8990945266919765,42.0,0.16,0.2620191521937008,6.517726410818308,95.0,94.6,80.0177264108183,100.0,87.9
10527,static,10,86.25715054958465,Low,Critical Thinking,Critical Thinking Activity,Concept Review,4.798652571649106,69.3,0.16,0.5320745971444528,13.166234792624396,94.26623479262436,100.0,87.2,82.5,89.0
10528,static,10,64.80404177542118,Medium,Critical Thinking,Critical Thinking Activity,Application Exercise,4.2629859962548755,64.7,0.16,0.4413043103323047,10.97744471951608,68.9,73.2,69.57744471951608,64.8,64.1
10529,static,10,77.3694157054844,Low,Critical Thinking,Critical Thinking Activity,Advanced Practice,4.555601810555999,45.1,0.16,0.3287322266497209,8.195698621616573,75.9,99.5,75.6,72.9,75.89569862161657
10530,static,10,68.51771953044101,Low,Advanced Topics,Advanced Practice,Application Exercise,3.1289109876187076,34.4,0.16,0.17221526075853366,4.2838546113685245,100.0,81.9,72.3838546113685,85.2,74.1
10535,static,10,69.86057202050877,Low,Critical Thinking,Critical Thinking Activity,Practice Questions,5.05928472893088,71.8,0.16,0.5812106296595795,14.457614412782041,79.6,87.25761441278205,79.9,74.2,81.9
10543,static,10,78.92147284561582,Low,Advanced Topics,Advanced Practice,Advanced Practice,5.063838273166391,70.7,0.16,0.5728213854605823,14.29947588781264,100.0,100.0,100.0,87.0,81.29947588781266
10544,static,10,68.98830972785639,Low,Application Skills,Application Exercise,Application Exercise,2.8471969117804394,34.1,0.16,0.1553430635067408,3.864158704730177,83.3,88.2,79.16415870473018,89.4,81.5
10549,static,10,67.2675679816199,Medium,Advanced Topics,Advanced Practice,Advanced Practice,3.2068926535668965,31.7,0.16,0.162653595388913,4.052433291203981,69.5,71.8,66.4,63.4,62.052433291203975
10550,static,10,55.547555619357766,Medium,Problem Solving,Practice Questions,Advanced Practice,2.2291438990782524,27.5,0.16,0.09808233155944311,2.4431585324117,65.0,55.7,74.9,63.6,58.0431585324117
10555,static,10,85.84526654699616,Low,Critical Thinking,Critical Thinking Activity,Application Exercise,4.388549457616028,44.8,0.16,0.3145712251219169,7.824959224907682,97.1,97.5,83.32495922490769,78.8,83.4
10560,static,10,43.78072037510313,Medium,Advanced Topics,Advanced Practice,Advanced Practice,1.9456411391281643,21.7,0.16,0.06755266035052986,1.6821983687918383,62.5,55.4,61.7,44.3,44.28219836879184
10571,static,10,60.72987750172581,Medium,Advanced Topics,Advanced Practice,Critical Thinking Activity,3.088114693869831,37.1,0.16,0.18331048822811316,4.555661962245608,66.1,59.0,71.8,58.5556619622456,57.6
10579,static,10,61.25018298694317,Medium,Advanced Topics,Advanced Practice,Application Exercise,3.1001019298948425,35.3,0.16,0.17509375700046068,4.355457205386459,76.8,99.1,59.75545720538646,68.3,55.7
10584,static,10,71.79400810376812,Low,Advanced Topics,Advanced Practice,Practice Questions,3.652329367204233,39.2,0.16,0.2290740979110495,5.698218185537356,72.8,74.89821818553737,100.0,92.4,72.3
10585,static,10,81.28890459436585,Low,Critical Thinking,Critical Thinking Activity,Advanced Practice,4.749469790928896,57.8,0.16,0.4392309662651043,10.95753885459595,96.8,84.2,91.9,76.5,79.25753885459595
10590,static,10,86.15405379458848,Low,Critical Thinking,Critical Thinking Activity,Practice Questions,3.9192834397090635,56.6,0.16,0.35493030830005284,8.828891418963813,100.0,92.52889141896382,100.0,90.2,100.0
10591,static,10,69.27776978957421,Medium,Application Skills,Application Exercise,Advanced Practice,5.8158889115767884,83.4,0.16,0.7760722163608067,19.3856161891897,58.5,72.9,55.1,59.1,66.68561618918969
10596,static,10,77.45847925762985,Low,Advanced Topics,Advanced Practice,Advanced Practice,5.411586582424116,75.7,0.16,0.6554513668632089,16.36629015566451,86.6,79.5,92.5,92.1,71.7662901556645
10600,static,10,36.38133269027822,Medium,Advanced Topics,Advanced Practice,Advanced Practice,1.1557376488646236,17.0,0.16,0.031436064049117765,0.7826376436711299,39.8,45.1,36.8,41.9,33.882637643671124
10602,static,10,37.11147304386399,Medium,Advanced Topics,Advanced Practice,Advanced Practice,0.5775669127562693,9.2,0.16,0.008501784955772284,0.2115792802405633,53.6,57.2,55.9,57.1,47.311579280240565
10605,static,10,74.7592724105823,Low,Problem Solving,Practice Questions,Application Exercise,3.847363390660415,56.9,0.16,0.35026396308572416,8.71281608175739,100.0,76.1,86.31281608175736,80.7,99.9
10614,static,10,69.0269351826889,Low,Advanced Topics,Advanced Practice,Advanced Practice,2.8910845701298564,35.4,0.16,0.16375103005215508,4.0805313838873065,74.2,79.0,78.5,91.0,63.48053138388732
10618,static,10,80.29670410619515,Low,Application Skills,Application Exercise,Application Exercise,2.638783398351885,42.3,0.16,0.17859286040045558,4.442497402461332,79.9,95.1,78.24249740246132,89.0,100.0
10622,static,10,57.40578455123741,Medium,Critical Thinking,Critical Thinking Activity,Critical Thinking Activity,2.6943360195119435,39.4,0.16,0.16985094267003292,4.220922860813287,65.7,46.9,62.4,46.320922860813276,62.6
10627,static,10,90.98657816684255,Low,Conceptual Understanding,Concept Review,Concept Review,4.564894095782291,54.3,0.16,0.0,0.0,100.0,100.0,100.0,98.3,100.0
10636,static,10,55.07156799493444,Medium,Application Skills,Application Exercise,Advanced Practice,4.218810864703144,51.0,0.16,0.34425496655977655,8.585237078438922,57.8,66.4,48.6,49.2,52.78523707843893
10637,static,10,46.89095412365679,Medium,Advanced Topics,Advanced Practice,Critical Thinking Activity,2.120613698846502,23.8,0.16,0.0807529696520748,2.007546719701004,62.0,50.8,63.5,48.90754671970101,47.1
10644,static,10,85.50448174166728,Low,Critical Thinking,Critical Thinking Activity,Advanced Practice,5.547055916294503,71.4,0.16,0.6336956678774841,15.819650202673948,99.3,81.1,100.0,76.0,82.21965020267396
10645,static,10,55.5242904423221,Medium,Problem Solving,Practice Questions,Practice Questions,1.2860898281446436,10.5,0.16,0.02160630911283001,0.5374569391816465,85.5,51.33745693918165,68.8,96.7,65.2
10650,static,10,63.433825261515615,Medium,Critical Thinking,Critical Thinking Activity,Advanced Practice,2.2311858921836576,24.6,0.16,0.08781947671634877,2.187200775672761,76.0,71.8,75.8,55.6,55.38720077567277
10651,static,10,77.61487028559165,Low,Problem Solving,Practice Questions,Practice Questions,3.434919804139411,44.5,0.16,0.24456629005472608,6.083586465111311,98.9,94.48358646511132,100.0,97.1,95.1
10653,static,10,85.18684570896909,Low,Problem Solving,Advanced Practice,Application Exercise,5.381195164843867,75.4,0.16,0.0,4.200000000000008,100.0,96.0,100.0,98.7,95.9
10657,static,10,76.85322089495152,Low,Conceptual Understanding,Concept Review,Critical Thinking Activity,4.109872291062745,53.6,0.16,0.352462647681541,8.755882634351378,86.5,98.4,100.0,91.15588263435137,90.7
10661,static,10,50.09436119089418,Medium,Advanced Topics,Advanced Practice,Practice Questions,2.53074432350459,26.3,0.16,0.10649372113307315,2.6490313131851955,53.8,49.049031313185196,52.6,58.4,44.5
10663,static,10,90.49808942225278,Low,Critical Thinking,Critical Thinking Activity,Critical Thinking Activity,4.533102162324512,68.6,0.16,0.49755329333673837,12.355640162899249,100.0,100.0,100.0,92.25564016289925,100.0
10669,static,10,81.86465548888307,Low,Critical Thinking,Critical Thinking Activity,Advanced Practice,4.605849708412436,58.3,0.16,0.429633660800712,10.718382499614917,86.1,89.1,97.4,75.5,89.11838249961492
10671,static,10,63.087184592011155,Medium,Conceptual Understanding,Concept Review,Application Exercise,3.246279218207525,49.0,0.16,0.25450829070746994,6.330893731348315,66.1,68.1,71.03089373134833,76.7,72.7
10678,static,10,70.33027311889462,Low,Problem Solving,Practice Questions,Critical Thinking Activity,2.6922064452135164,41.7,0.16,0.17962401402464584,4.463536890522072,86.9,80.0,82.0,84.76353689052206,88.4
10679,static,10,45.245673832933704,Medium,Advanced Topics,Advanced Practice,Application Exercise,1.9068501639822413,24.5,0.16,0.07474852642810385,1.8593695948990834,68.4,50.7,44.85936959489907,49.4,41.9
10680,static,10,81.1092371092495,Low,Critical Thinking,Critical Thinking Activity,Concept Review,4.859398749484532,58.8,0.16,0.4571722343515047,11.321735809901263,91.62173580990125,99.1,93.2,89.5,93.5
10688,static,10,86.37824091982597,Low,Critical Thinking,Critical Thinking Activity,Critical Thinking Activity,5.21129245367876,70.0,0.16,0.5836647548120211,14.493526639230849,98.8,92.1,92.2,89.59352663923083,100.0
10690,static,10,83.82109278679954,Low,Application Skills,Application Exercise,Advanced Practice,4.791609903062501,65.6,0.16,0.50292737542544,12.551485669805766,100.0,95.6,89.7,100.0,94.25148566980579
10693,static,10,71.18639531349383,Low,Application Skills,Application Exercise,Critical Thinking Activity,4.798795321593532,65.6,0.16,0.503681556954457,12.508750486165464,72.9,77.2,65.8,74.90875048616546,89.7
10698,static,10,74.84298812315107,Low,Critical Thinking,Critical Thinking Activity,Concept Review,3.5438102816187227,49.8,0.16,0.2823708032393798,6.997582530471324,93.19758253047132,99.7,89.7,86.4,91.2
10714,static,10,58.19956401744015,Medium,Conceptual Understanding,Concept Review,Concept Review,2.144055208124796,22.3,0.16,0.07649988982589272,1.8997278159873103,56.29972781598731,66.9,54.2,76.0,61.2
10715,static,10,51.344641834807,Medium,Application Skills,Application Exercise,Concept Review,3.010963144444495,39.2,0.16,0.18884760841955875,4.6836820667070125,54.48368206670701,64.1,53.5,69.9,51.7
10717,static,10,100.66062487003987,Low,Conceptual Understanding,Concept Review,Concept Review,6.511328880250151,100.0,0.16,0.0,0.0,100.0,100.0,100.0,100.0,100.0
10722,static,10,67.17551987986937,Medium,Problem Solving,Practice Questions,Advanced Practice,4.623519908274854,70.6,0.16,0.5222728088387275,13.037554434886683,67.5,58.8,64.5,65.9,73.23755443488666
10738,static,10,85.0831617792501,Low,Advanced Topics,Advanced Practice,Critical Thinking Activity,5.003220173045603,68.1,0.16,0.0,8.4,100.0,96.5,100.0,100.0,97.1
10741,static,10,35.531787237082625,High,Advanced Topics,Advanced Practice,Advanced Practice,1.650973850583572,9.3,0.16,0.024566490896683557,0.6113759053595778,58.6,37.4,42.7,56.4,29.311375905359576
10742,static,10,68.24685013957854,Low,Critical Thinking,Critical Thinking Activity,Advanced Practice,4.561667956149902,64.1,0.16,0.46784466558273397,11.675053670928103,73.7,83.2,68.9,61.1,68.67505367092811
10750,static,10,95.29874627909558,Low,Conceptual Understanding,Concept Review,Concept Review,5.382268563969849,60.3,0.16,0.0,0.0,100.0,100.0,100.0,100.0,100.0
10754,static,10,63.341376141982856,Medium,Application Skills,Application Exercise,Application Exercise,2.6259900764483315,38.5,0.16,0.16176098870921723,4.023804594141779,77.6,96.6,63.12380459414179,80.4,77.8
10762,static,10,36.57411806275195,Medium,Advanced Topics,Advanced Practice,Advanced Practice,2.055435054411226,32.2,0.16,0.10589601400326636,2.638412492522514,35.8,40.3,53.4,54.5,14.438412492522513
10765,static,10,53.05536520810101,Medium,Application Skills,Application Exercise,Application Exercise,2.8325998057124857,36.8,0.16,0.16678347656035114,4.148738979438735,64.8,70.8,58.948738979438744,59.7,65.2
10768,static,10,53.87024840441397,Medium,Conceptual Understanding,Concept Review,Advanced Practice,4.3757140577491915,57.7,0.16,0.4039659218114054,10.07772775633929,50.6,60.6,54.4,49.9,55.27772775633929
10788,static,10,86.79629476067623,Low,Problem Solving,Practice Questions,Practice Questions,4.0695653159565035,58.3,0.16,0.3796090526724226,9.442775185226512,100.0,82.84277518522651,100.0,100.0,88.9
10801,static,10,76.38248627355233,Low,Conceptual Understanding,Concept Review,Practice Questions,3.800887180197734,46.0,0.16,0.27974529646255325,6.958664249506011,81.2,83.658664249506,79.8,84.7,88.3
10803,static,10,99.48594853429978,Low,Conceptual Understanding,Concept Review,Concept Review,5.370773753310041,73.3,0.16,0.0,0.0,100.0,100.0,100.0,100.0,100.0
10811,static,10,73.35318545491307,Low,Advanced Topics,Advanced Practice,Practice Questions,3.8723800708500247,45.3,0.16,0.28067010753520977,6.981668924938342,75.9,73.48166892493835,76.2,72.6,67.4
10812,static,10,68.3445143365653,Low,Advanced Topics,Advanced Practice,Advanced Practice,4.522004620853671,54.2,0.16,0.39214824072043036,9.781196593606884,82.1,73.8,75.3,73.5,68.18119659360688
10817,static,10,88.27462959723341,Low,Application Skills,Concept Review,Concept Review,3.6320838343235726,47.7,0.16,0.0,0.0,100.0,100.0,95.8,100.0,94.1
10821,static,10,79.91828564006241,Low,Critical Thinking,Critical Thinking Activity,Concept Review,4.219904508042409,59.4,0.16,0.40105972444435056,9.931676250612634,80.33167625061263,89.5,81.4,66.8,86.1
10823,static,10,41.8094159400543,Medium,Problem Solving,Guided Review,Practice Questions,2.134193175222646,20.3,0.16,0.06931859433123154,1.724803959137662,44.9,29.908462835431944,32.6,35.2,28.11634112370572
10824,static,10,40.7556336088863,Medium,Problem Solving,Practice Questions,Practice Questions,1.6408532280664132,16.5,0.16,0.04331852522095331,1.0775483148712137,54.3,42.977548314871214,58.2,51.7,40.8
10827,static,10,81.35350557823544,Low,Advanced Topics,Advanced Practice,Advanced Practice,5.379879381428969,59.9,0.16,0.5156076399161524,12.864269248725977,86.9,93.7,88.6,97.5,81.36426924872598
10830,static,10,81.89345666142404,Low,Advanced Topics,Advanced Practice,Advanced Practice,4.364492472171027,59.6,0.16,0.41619800214622915,10.383869909855077,95.8,96.1,100.0,91.0,90.48386990985506
10838,static,10,64.79003629504778,Medium,Conceptual Understanding,Concept Review,Concept Review,3.193503986536342,42.8,0.16,0.2186911529980087,5.422368574545871,68.32236857454586,74.3,79.3,75.5,74.8
10846,static,10,66.82825286466797,Medium,Conceptual Understanding,Concept Review,Practice Questions,3.555260669706923,53.0,0.16,0.30148610479114707,7.499466856679783,75.1,78.2994668566798,94.8,73.4,74.5
10850,static,10,48.82385332279451,Medium,Advanced Topics,Advanced Practice,Concept Review,2.354906921138468,23.9,0.16,0.090051640664335,2.2359890494793953,47.4359890494794,48.6,51.4,83.0,47.7
10860,static,10,98.23811385268056,Low,Conceptual Understanding,Concept Review,Concept Review,6.034688430708864,80.9,0.16,0.0,0.0,100.0,100.0,100.0,100.0,100.0
10866,static,10,104.12216413782772,Low,Conceptual Understanding,Concept Review,Concept Review,6.1325647464936806,83.9,0.16,0.0,0.0,100.0,100.0,100.0,100.0,100.0
10867,static,10,81.57574686688154,Low,Application Skills,Application Exercise,Concept Review,5.323739191997655,72.7,0.16,0.0,14.200000000000008,100.0,96.8,88.2,88.7,92.0
10868,static,10,90.36424620877132,Low,Critical Thinking,Critical Thinking Activity,Application Exercise,5.957077279903812,91.4,0.16,0.0,15.899999999999999,100.0,92.9,100.0,94.3,99.5
10880,static,10,63.66306202737921,Medium,Advanced Topics,Advanced Practice,Advanced Practice,4.2282551927216465,51.4,0.16,0.34773170704942824,8.672115932868364,77.3,72.3,70.1,70.2,65.27211593286837
10884,static,10,96.75473749265367,Low,Conceptual Understanding,Concept Review,Critical Thinking Activity,5.387538235138944,71.0,0.16,0.0,5.7,100.0,100.0,100.0,100.0,100.0
10885,static,10,56.41004229293192,Medium,Advanced Topics,Advanced Practice,Critical Thinking Activity,3.3414084533098616,31.8,0.16,0.17001086210440577,4.2256918230449205,70.5,73.2,62.8,59.32569182304492,61.1
10893,static,10,63.0683704478052,Medium,Problem Solving,Practice Questions,Practice Questions,3.7790393653222303,45.1,0.16,0.27269548060165216,6.783300079966097,65.5,56.083300079966094,75.6,59.0,71.6
10894,static,10,46.458078209684025,Medium,Advanced Topics,Advanced Practice,Advanced Practice,1.9239526622863146,13.6,0.16,0.04186520993135021,1.042106082726864,54.0,61.0,70.5,46.1,40.24210608272687
10900,static,10,100.5590457396532,Low,Conceptual Understanding,Concept Review,Critical Thinking Activity,6.4980094471004035,87.9,0.16,0.0,10.29999999999999,100.0,100.0,100.0,100.0,100.0
10902,static,10,85.1973058808337,Low,Application Skills,Application Exercise,Critical Thinking Activity,4.963501834875941,61.0,0.16,0.4844377790838918,12.032207531050789,93.2,100.0,85.6,95.53220753105082,98.1
10903,static,10,44.68148342120337,Medium,Advanced Topics,Advanced Practice,Advanced Practice,1.5700773659653646,28.4,0.16,0.07134431550946617,1.7772143645262888,61.9,57.2,55.9,59.0,41.377214364526296
10915,static,10,74.25845518998982,Low,Advanced Topics,Advanced Practice,Advanced Practice,3.81160858315973,36.2,0.16,0.22076836913661158,5.501573665144036,83.2,80.8,90.5,93.6,71.10157366514402
10918,static,10,38.22129112584867,High,Application Skills,Application Exercise,Application Exercise,1.8917151855780479,24.4,0.16,0.07385256084496698,1.837082451018554,53.8,58.4,27.637082451018554,39.0,30.7
10925,static,10,74.01060993773427,Low,Application Skills,Application Exercise,Application Exercise,2.717052478843144,41.6,0.16,0.1808470129917997,4.498569448171017,81.1,94.4,84.29856944817101,91.4,95.3
10937,static,10,74.40635412928903,Low,Advanced Topics,Advanced Practice,Application Exercise,4.930273991975931,64.4,0.16,0.5080154321332,12.636883874313352,73.1,75.2,78.63688387431334,83.1,74.2
10939,static,10,101.57599107909621,Low,Conceptual Understanding,Concept Review,Concept Review,5.80795881648581,76.5,0.16,0.0,0.0,100.0,100.0,100.0,100.0,100.0
10942,static,10,56.04599527371638,Medium,Advanced Topics,Advanced Practice,Advanced Practice,3.5249416998688363,42.5,0.16,0.23969603559108088,5.975138584327221,77.8,70.9,71.7,78.1,59.07513858432723
10943,static,10,57.70924785756793,Medium,Application Skills,Application Exercise,Application Exercise,2.623517398093341,39.1,0.16,0.16412724842471943,4.0826653045648955,68.8,55.8,55.882665304564895,61.1,63.0
10948,static,10,49.84092823357503,Medium,Advanced Topics,Advanced Practice,Advanced Practice,2.6676277727735176,35.2,0.16,0.15024079616260452,3.743830758305177,52.8,52.5,54.6,68.5,32.64383075830517
10949,static,10,92.05120895210861,Low,Conceptual Understanding,Concept Review,Concept Review,4.712820022042393,63.9,0.16,0.0,0.7000000000000028,100.0,100.0,100.0,100.0,100.0
10960,static,10,68.05600068676203,Low,Conceptual Understanding,Concept Review,Concept Review,3.2551876763281458,45.7,0.16,0.23801932289311403,5.900311158865519,73.5003111588655,80.7,85.7,87.2,95.3
10974,static,10,72.20036891780904,Low,Advanced Topics,Advanced Practice,Advanced Practice,4.323248341190126,51.0,0.16,0.3527770646411143,8.797766277843484,100.0,90.3,79.1,83.9,76.89776627784349
10975,static,10,59.362663775289924,Medium,Advanced Topics,Advanced Practice,Application Exercise,3.7813525242192974,45.6,0.16,0.27588748016703996,6.862701069155119,82.0,66.3,61.26270106915512,64.5,61.4
10978,static,10,65.49686675468573,Medium,Advanced Topics,Advanced Practice,Advanced Practice,3.8565782350342723,54.5,0.16,0.3362936220949886,8.388163302363106,82.2,69.0,72.5,70.3,64.48816330236309
10979,static,10,44.64569757020867,Medium,Advanced Topics,Advanced Practice,Advanced Practice,2.5048050239754804,29.0,0.16,0.11622295311246228,2.8952454888082406,49.6,50.8,40.4,37.0,31.595245488808242
10986,static,10,75.0028841888818,Low,Problem Solving,Practice Questions,Practice Questions,3.4775910617235612,28.3,0.16,0.15746532327484286,3.916949916461716,100.0,78.41694991646172,89.2,77.6,80.0
10987,static,10,93.49044182176068,Low,Problem Solving,Practice Questions,Critical Thinking Activity,6.134493795985665,79.6,0.16,0.0,16.40000000000002,100.0,97.2,100.0,100.0,97.4
10990,static,10,56.334203288341435,Medium,Problem Solving,Practice Questions,Advanced Practice,3.2826854589000964,46.4,0.16,0.24370656846874317,6.076300145008428,60.1,49.0,58.1,59.4,52.97630014500843
10996,static,10,78.83738222540555,Low,Advanced Topics,Advanced Practice,Concept Review,4.130434874939112,53.8,0.16,0.35554783403475876,8.808361310427737,93.50836131042773,94.2,90.7,92.3,87.4
10999,static,10,88.86520997307777,Low,Critical Thinking,Critical Thinking Activity,Critical Thinking Activity,5.560909794461473,81.0,0.16,0.720693909362207,17.89135684839812,100.0,100.0,95.3,93.49135684839814,97.6
10011,adaptive,1,53.3743784666664,Medium,Advanced Topics,Advanced Practice,Advanced Practice,2.19315569483619,30.0,1.0,0.6579467084508569,0.6579467084508569,56.2,55.5,63.5,59.4,38.05794670845086
10024,adaptive,1,98.12943381194418,Low,Application Skills,Application Exercise,Application Exercise,6.5539225628509135,86.8,1.0,5.688804784554593,5.688804784554593,100.0,100.0,93.8888047845546,94.6,100.0
10026,adaptive,1,90.70352133751113,Low,Critical Thinking,Critical Thinking Activity,Critical Thinking Activity,5.523576401609715,76.4,1.0,4.220012370829822,4.220012370829822,88.2,87.3,100.0,85.92001237082982,100.0
10031,adaptive,1,78.81239458645713,Low,Critical Thinking,Critical Thinking Activity,Critical Thinking Activity,3.214231726528073,22.4,1.0,0.7199879067422883,0.7199879067422883,95.7,100.0,93.6,82.21998790674229,96.2
10040,adaptive,1,82.73306592437103,Low,Critical Thinking,Critical Thinking Activity,Critical Thinking Activity,4.145170148774682,59.2,1.0,2.453940728074612,2.453940728074612,95.6,100.0,77.4,67.05394072807461,93.8
10045,adaptive,1,90.3664022298515,Low,Conceptual Understanding,Concept Review,Concept Review,5.092678194666949,65.0,1.0,3.3102408265335166,3.3102408265335166,84.71024082653352,100.0,99.8,100.0,92.2
10055,adaptive,1,64.72680035439225,Medium,Advanced Topics,Advanced Practice,Advanced Practice,4.249325126061785,68.6,1.0,2.915037036478384,2.915037036478384,72.1,58.6,57.6,57.4,41.615037036478384
10056,adaptive,1,96.49297271055661,Low,Conceptual Understanding,Concept Review,Concept Review,5.767919157307695,71.9,1.0,0.0,0.0,100.0,100.0,96.1,98.2,100.0
10060,adaptive,1,88.66094609727008,Low,Conceptual Understanding,Concept Review,Concept Review,5.134315079112445,69.3,1.0,3.5580803498249236,3.5580803498249236,88.95808034982493,85.0,99.7,83.9,85.6
10061,adaptive,1,52.577987909210904,Medium,Advanced Topics,Advanced Practice,Advanced Practice,3.02220983085573,36.9,1.0,1.1151954275857645,1.1151954275857645,56.1,42.0,48.8,62.1,34.515195427585766
10064,adaptive,1,92.8749244107163,Low,Problem Solving,Practice Questions,Practice Questions,5.577836792307641,75.3,1.0,4.200111104607654,4.200111104607654,100.0,96.80011110460765,100.0,94.4,100.0
10067,adaptive,1,83.20047308937028,Low,Problem Solving,Practice Questions,Practice Questions,5.359086844259635,75.9,1.0,4.067546914793063,4.067546914793063,100.0,88.06754691479307,97.3,88.1,94.9
10068,adaptive,1,56.41657591647535,Medium,Critical Thinking,Critical Thinking Activity,Critical Thinking Activity,3.1629606336566365,45.0,1.0,1.4233322851454864,1.4233322851454864,59.4,53.7,68.2,44.32333228514548,63.9
10071,adaptive,1,84.55933140987193,Low,Critical Thinking,Critical Thinking Activity,Critical Thinking Activity,4.654641789580255,56.0,1.0,2.6065994021649432,2.6065994021649432,78.0,92.0,90.1,77.20659940216494,89.8
10073,adaptive,1,79.24707583189239,Low,Problem Solving,Practice Questions,Practice Questions,4.057411843560421,57.7,1.0,2.3411266337343632,2.3411266337343632,95.0,86.64112663373436,92.1,96.6,85.8
10077,adaptive,1,67.9642599525877,Medium,Advanced Topics,Advanced Practice,Advanced Practice,3.4059264799750713,45.0,1.0,1.532666915988782,1.532666915988782,77.4,71.9,67.3,71.5,61.132666915988786
10079,adaptive,1,53.01030541806505,Medium,Critical Thinking,Critical Thinking Activity,Critical Thinking Activity,3.406270997092641,33.4,1.0,1.137694513028942,1.137694513028942,65.5,60.3,61.1,48.43769451302894,54.3
10087,adaptive,1,66.33869076046417,Medium,Problem Solving,Practice Questions,Practice Questions,3.66276761403065,48.7,1.0,1.7837678280329268,1.7837678280329268,62.0,49.18376782803293,76.5,66.2,56.2
10089,adaptive,1,80.63351187699533,Low,Advanced Topics,Advanced Practice,Advanced Practice,3.3759077273014975,36.0,1.0,1.2153267818285391,1.2153267818285391,84.1,98.0,94.7,92.9,78.51532678182853
10097,adaptive,1,80.77719896025182,Low,Conceptual Understanding,Concept Review,Concept Review,5.784209256638638,77.2,1.0,4.465409546125029,4.465409546125029,82.86540954612504,92.2,80.2,87.7,83.5
10102,adaptive,1,55.450373236677194,Medium,Advanced Topics,Advanced Practice,Advanced Practice,4.101960096901968,53.9,1.0,2.210956492230161,2.210956492230161,63.5,55.6,61.4,60.0,43.11095649223016
10108,adaptive,1,80.49022746274728,Low,Critical Thinking,Critical Thinking Activity,Critical Thinking Activity,4.576663047522443,58.0,1.0,2.6544645675630165,2.6544645675630165,88.3,92.9,87.7,85.45446456756301,93.4
10111,adaptive,1,67.91284667025866,Low,Critical Thinking,Critical Thinking Activity,Critical Thinking Activity,3.0390126646584132,31.4,1.0,0.9542499767027418,0.9542499767027418,92.2,82.6,83.5,64.65424997670274,66.1
10121,adaptive,1,100.72704168122517,Low,Conceptual Understanding,Concept Review,Concept Review,6.563404781438525,88.9,1.0,0.0,0.0,100.0,100.0,100.0,100.0,100.0
10137,adaptive,1,60.005740551401324,Medium,Advanced Topics,Advanced Practice,Advanced Practice,2.742117589138114,31.9,1.0,0.8747355109350584,0.8747355109350584,74.3,65.1,84.3,62.8,53.27473551093506
10138,adaptive,1,58.80946032600671,Medium,Advanced Topics,Advanced Practice,Advanced Practice,3.427829455854843,35.3,1.0,1.2100237979167596,1.2100237979167596,75.4,49.5,56.3,48.6,45.01002379791676
10140,adaptive,1,62.1610777113645,Medium,Advanced Topics,Advanced Practice,Advanced Practice,3.669671320442855,41.0,1.0,1.5045652413815704,1.5045652413815704,70.5,70.0,81.7,67.3,57.10456524138157
10159,adaptive,1,56.53438665528425,Medium,Advanced Topics,Advanced Practice,Advanced Practice,2.9121324517120284,43.0,1.0,1.2522169542361723,1.2522169542361723,63.9,58.2,63.6,65.4,53.152216954236174
10169,adaptive,1,76.36601755589577,Low,Critical Thinking,Critical Thinking Activity,Critical Thinking Activity,3.1930226515989837,46.5,1.0,1.4847555329935276,1.4847555329935276,83.5,87.0,90.0,82.78475553299353,93.1
10175,adaptive,1,72.67670712897551,Low,Advanced Topics,Advanced Practice,Advanced Practice,4.338718483241698,42.6,1.0,1.8482940738609634,1.8482940738609634,100.0,90.7,67.6,77.0,65.34829407386097
10185,adaptive,1,85.99190436778449,Low,Advanced Topics,Advanced Practice,Advanced Practice,4.4077854784052315,57.3,1.0,2.5256610791261975,2.5256610791261975,100.0,92.0,96.2,100.0,92.32566107912619
10199,adaptive,1,70.65561049176965,Low,Advanced Topics,Advanced Practice,Advanced Practice,3.583971871308616,48.7,1.0,1.7453943013272961,1.7453943013272961,64.6,80.2,77.4,81.0,65.04539430132729
10200,adaptive,1,57.1065979313944,Medium,Advanced Topics,Advanced Practice,Advanced Practice,3.1954525515431405,47.6,1.0,1.521035414534535,1.521035414534535,64.5,63.0,90.8,69.1,44.02103541453454
10209,adaptive,1,59.33020546954131,Medium,Problem Solving,Practice Questions,Practice Questions,3.53061817731258,50.1,1.0,1.7688397068336026,1.7688397068336026,72.8,51.968839706833606,64.9,56.9,65.5
10210,adaptive,1,41.594000704510634,Medium,Problem Solving,Practice Questions,Practice Questions,2.7927041323359623,39.1,1.0,1.0919473157433612,1.0919473157433612,61.6,25.691947315743363,48.6,58.3,33.6
10211,adaptive,1,66.64758430649695,Medium,Advanced Topics,Advanced Practice,Advanced Practice,3.668035476834609,61.4,1.0,2.25217378277645,2.25217378277645,82.9,72.0,74.5,67.5,57.05217378277645
10214,adaptive,1,67.57835156450771,Low,Critical Thinking,Critical Thinking Activity,Critical Thinking Activity,4.497567298382796,66.2,1.0,2.977389551529411,2.977389551529411,73.8,73.1,84.2,70.27738955152941,71.0
10216,adaptive,1,62.35507683085179,Medium,Critical Thinking,Critical Thinking Activity,Critical Thinking Activity,3.592586846887233,58.9,1.0,2.11603365281658,2.11603365281658,75.0,73.8,79.9,77.41603365281658,79.3
10219,adaptive,1,87.29983703313479,Low,Application Skills,Application Exercise,Application Exercise,3.0746388483289873,44.1,1.0,1.3559157321130835,1.3559157321130835,88.5,93.1,84.55591573211309,100.0,99.1
10222,adaptive,1,69.83889442102189,Low,Critical Thinking,Critical Thinking Activity,Critical Thinking Activity,4.486302781786434,59.4,1.0,2.6648638523811417,2.6648638523811417,83.3,67.4,77.5,66.36486385238115,72.2
10236,adaptive,1,50.66259193665459,Medium,Problem Solving,Practice Questions,Practice Questions,2.703005033342923,32.4,1.0,0.8757736308031071,0.8757736308031071,79.4,46.17577363080311,45.2,59.7,48.4
10238,adaptive,1,58.43652320378887,Medium,Critical Thinking,Critical Thinking Activity,Critical Thinking Activity,2.4709190015677827,21.8,1.0,0.5386603423417766,0.5386603423417766,51.7,60.5,67.2,53.73866034234178,72.0
10245,adaptive,1,66.14267674462725,Medium,Critical Thinking,Critical Thinking Activity,Critical Thinking Activity,3.2514080302409845,38.6,1.0,1.25504349967302,1.25504349967302,93.4,69.4,69.4,63.455043499673025,88.1
10248,adaptive,1,50.193123670420476,Medium,Problem Solving,Practice Questions,Practice Questions,1.0213799780987074,10.6,1.0,0.10826627767846297,0.10826627767846297,85.5,45.20826627767846,71.2,61.4,59.9
10255,adaptive,1,57.87670400538825,Medium,Application Skills,Application Exercise,Application Exercise,1.6573524916554168,29.0,1.0,0.4806322225800708,0.4806322225800708,88.7,100.0,61.08063222258007,80.3,71.7
10257,adaptive,1,61.50066071701194,Medium,Advanced Topics,Practice Questions,Practice Questions,3.928543180956106,40.3,1.0,1.5832029019253107,1.5832029019253107,59.7,63.58320290192531,73.1,63.2,62.4
10260,adaptive,1,67.77898127734417,Medium,Advanced Topics,Advanced Practice,Advanced Practice,5.144066782299104,69.4,1.0,3.5699823469155785,3.5699823469155785,69.2,65.2,79.7,72.7,65.16998234691557
10261,adaptive,1,52.493664162608596,Medium,Problem Solving,Advanced Practice,Advanced Practice,2.504712262489449,34.3,1.0,0.8591163060338809,0.8591163060338809,58.4,50.2,65.5,59.8,48.25911630603388
10262,adaptive,1,74.78133237512972,Low,Advanced Topics,Advanced Practice,Advanced Practice,5.131005839956956,61.7,1.0,3.1658306032534416,3.1658306032534416,93.8,82.0,77.2,72.6,72.06583060325345
10266,adaptive,1,73.22689409466712,Low,Advanced Topics,Advanced Practice,Advanced Practice,4.3238563876504195,58.4,1.0,2.5251321303878447,2.5251321303878447,90.8,81.3,88.4,88.4,64.32513213038784
10276,adaptive,1,85.76518954944379,Low,Application Skills,Application Exercise,Application Exercise,5.926190670049348,78.7,1.0,4.663912057328837,4.663912057328837,100.0,100.0,77.66391205732884,92.0,82.4
10278,adaptive,1,52.729158900965665,Medium,Advanced Topics,Advanced Practice,Advanced Practice,2.870617941531548,32.3,1.0,0.9272095951146899,0.9272095951146899,63.4,66.3,47.3,45.6,27.92720959511469
10281,adaptive,1,57.48877008383867,Medium,Advanced Topics,Advanced Practice,Advanced Practice,3.5290185148944695,44.8,1.0,1.5810002946727222,1.5810002946727222,54.5,58.3,67.8,61.4,51.28100029467272
10282,adaptive,1,60.83663384381433,Medium,Problem Solving,Practice Questions,Practice Questions,3.92019239028455,48.4,1.0,1.8973731168977221,1.8973731168977221,69.2,49.297373116897724,78.0,63.3,62.4
10290,adaptive,1,64.08743265393005,Medium,Advanced Topics,Advanced Practice,Advanced Practice,3.227924100817563,35.7,1.0,1.15236890399187,1.15236890399187,77.2,64.7,90.0,75.1,57.15236890399187
10293,adaptive,1,69.22245334483635,Low,Advanced Topics,Advanced Practice,Advanced Practice,3.768492543431824,60.9,1.0,2.295011958949981,2.295011958949981,79.0,80.4,85.2,66.1,56.79501195894998
10295,adaptive,1,79.27256501524063,Low,Critical Thinking,Critical Thinking Activity,Critical Thinking Activity,4.084342964119569,53.5,1.0,2.18512348580397,2.18512348580397,100.0,92.6,85.4,83.98512348580397,83.7
10297,adaptive,1,72.45812691257547,Low,Advanced Topics,Advanced Practice,Advanced Practice,4.457962642992782,63.2,1.0,2.817432390371438,2.817432390371438,100.0,80.1,81.0,76.3,54.41743239037144
10299,adaptive,1,66.68491245447942,Medium,Advanced Topics,Advanced Practice,Advanced Practice,3.0449143092575772,40.7,1.0,1.239280123867834,1.239280123867834,76.6,80.7,71.1,92.0,71.33928012386782
10300,adaptive,1,108.39172082772454,Low,Critical Thinking,Critical Thinking Activity,Critical Thinking Activity,6.77545479032604,99.0,1.0,6.70770024242278,6.70770024242278,100.0,100.0,100.0,96.00770024242277,100.0
10308,adaptive,1,63.82214364651335,Low,Critical Thinking,Critical Thinking Activity,Critical Thinking Activity,3.02555711227077,37.2,1.0,1.1255072457647266,1.1255072457647266,100.0,67.3,73.5,64.82550724576473,78.3
10310,adaptive,1,75.86501688488656,Low,Conceptual Understanding,Concept Review,Concept Review,4.271230147397818,53.4,1.0,2.280836898710435,2.280836898710435,73.48083689871044,98.5,87.5,73.3,87.8
10311,adaptive,1,72.5840744587816,Low,Conceptual Understanding,Concept Review,Concept Review,3.824714366644172,46.2,1.0,1.7670180373896076,1.7670180373896076,77.7670180373896,89.4,78.5,83.6,81.3
10313,adaptive,1,70.54581794206297,Low,Conceptual Understanding,Concept Review,Concept Review,5.3177985843025,73.8,1.0,3.9245353552152453,3.9245353552152453,75.92453535521524,80.4,74.9,83.0,73.2
10315,adaptive,1,42.98373856001999,Medium,Advanced Topics,Advanced Practice,Advanced Practice,1.2043814335563958,12.6,1.0,0.15175206062810587,0.15175206062810587,57.4,43.6,49.2,48.3,29.751752060628107
10319,adaptive,1,66.8108390854301,Low,Application Skills,Application Exercise,Application Exercise,2.7404993901023795,44.8,1.0,1.227743726765866,1.227743726765866,79.6,74.8,71.72774372676587,80.1,82.1
10320,adaptive,1,92.26997389912589,Low,Conceptual Understanding,Concept Review,Concept Review,5.4716079131934805,85.6,1.0,4.6836963736936195,4.6836963736936195,98.88369637369362,100.0,100.0,100.0,100.0
10322,adaptive,1,85.35449469289968,Low,Problem Solving,Practice Questions,Practice Questions,4.777003523377642,62.0,1.0,2.9617421844941383,2.9617421844941383,97.4,84.26174218449414,90.1,96.3,93.1
10328,adaptive,1,60.6986163344393,Medium,Advanced Topics,Advanced Practice,Advanced Practice,2.539664610425734,25.7,1.0,0.6526938048794136,0.6526938048794136,78.5,82.9,59.7,62.6,58.45269380487941
10329,adaptive,1,70.16979462913206,Low,Application Skills,Application Exercise,Application Exercise,3.647671759154533,46.2,1.0,1.6852243527293942,1.6852243527293942,88.6,66.8,53.48522435272939,86.8,73.6
10333,adaptive,1,75.83270544286535,Low,Advanced Topics,Critical Thinking Activity,Critical Thinking Activity,4.519093205952322,56.0,1.0,2.5306921953333004,2.5306921953333004,96.2,78.3,89.0,75.1306921953333,73.9
10347,adaptive,1,70.60817479514665,Low,Advanced Topics,Advanced Practice,Advanced Practice,4.083358807956366,53.3,1.0,2.176430244640743,2.176430244640743,83.8,80.5,90.4,76.5,72.57643024464075
10352,adaptive,1,30.326835493751126,High,Advanced Topics,Guided Review,Advanced Practice,1.5551459137715469,17.1,1.0,0.2659299512549345,0.2659299512549345,26.4,36.9,32.6,31.6,27.865929951254937
10356,adaptive,1,75.24286849326258,Low,Conceptual Understanding,Concept Review,Concept Review,4.127371168201244,47.7,1.0,1.9687560472319936,1.9687560472319936,79.26875604723199,83.5,82.2,81.3,78.1
10362,adaptive,1,68.68451383175217,Low,Problem Solving,Practice Questions,Practice Questions,2.4812221607546485,22.1,1.0,0.5483500975267773,0.5483500975267773,88.1,58.44835009752678,77.9,100.0,70.5
10364,adaptive,1,53.734718356234914,Medium,Advanced Topics,Advanced Practice,Advanced Practice,3.383144125485012,30.7,1.0,1.0386252465238985,1.0386252465238985,67.1,47.4,61.6,45.3,43.5386252465239
10366,adaptive,1,74.36282873870084,Low,Conceptual Understanding,Concept Review,Concept Review,5.253585509904677,73.0,1.0,3.835117422230414,3.835117422230414,74.73511742223042,84.4,83.7,82.0,90.8
10371,adaptive,1,74.41708637513132,Low,Advanced Topics,Advanced Practice,Advanced Practice,3.6538731392168824,51.4,1.0,1.8780907935574775,1.8780907935574775,89.8,79.0,87.5,72.0,66.97809079355747
10372,adaptive,1,51.6474191183381,Medium,Problem Solving,Practice Questions,Practice Questions,1.9360303243190669,11.9,1.0,0.23038760859396898,0.23038760859396898,47.3,36.23038760859397,57.0,55.6,39.8
10378,adaptive,1,96.82575339980053,Low,Critical Thinking,Critical Thinking Activity,Critical Thinking Activity,4.522088251530468,60.9,1.0,2.7539517451820545,2.7539517451820545,100.0,100.0,99.6,85.45395174518205,100.0
10383,adaptive,1,85.08797402451574,Low,Advanced Topics,Advanced Practice,Advanced Practice,5.984780419808431,75.3,1.0,4.5065396561157485,4.5065396561157485,98.3,91.7,100.0,88.8,92.50653965611575
10409,adaptive,1,71.64842380206943,Low,Advanced Topics,Advanced Practice,Advanced Practice,2.6461797774219784,31.1,1.0,0.8229619107782353,0.8229619107782353,94.6,89.5,100.0,73.5,73.32296191077823
10412,adaptive,1,50.149937452536314,Medium,Advanced Topics,Advanced Practice,Advanced Practice,2.738753981459798,35.3,1.0,0.9667801554553086,0.9667801554553086,70.8,56.4,67.3,80.4,56.06678015545531
10426,adaptive,1,51.5045945161834,Medium,Advanced Topics,Advanced Practice,Advanced Practice,2.101554503356897,25.8,1.0,0.5422010618660795,0.5422010618660795,61.1,80.9,80.4,59.1,49.84220106186608
10430,adaptive,1,63.692313981027446,Medium,Critical Thinking,Critical Thinking Activity,Critical Thinking Activity,3.956207826508945,54.7,1.0,2.164045681100393,2.164045681100393,71.3,71.5,67.4,57.36404568110039,67.9
10433,adaptive,1,82.03450757811397,Low,Critical Thinking,Critical Thinking Activity,Critical Thinking Activity,5.781269299667516,83.9,1.0,4.850484942421046,4.850484942421046,83.2,90.6,71.5,68.05048494242105,98.5
10437,adaptive,1,68.13235475130247,Low,Application Skills,Application Exercise,Application Exercise,3.5972101674442074,39.3,1.0,1.4137035958055735,1.4137035958055735,92.8,75.8,65.11370359580557,92.0,71.3
10440,adaptive,1,93.02196631873704,Low,Problem Solving,Practice Questions,Practice Questions,6.002423289673294,79.5,1.0,4.771926515290269,4.771926515290269,100.0,95.07192651529027,97.6,92.8,97.4
10446,adaptive,1,71.17478349559445,Low,Problem Solving,Practice Questions,Practice Questions,4.0271140144101185,44.4,1.0,1.7880386223980926,1.7880386223980926,84.9,76.58803862239809,88.1,89.2,75.7
10452,adaptive,1,80.69605304930323,Low,Conceptual Understanding,Concept Review,Concept Review,5.340041059427659,64.1,1.0,3.4229663190931285,3.4229663190931285,69.72296631909313,100.0,72.9,70.9,80.0
10463,adaptive,1,61.76300365080093,Medium,Advanced Topics,Advanced Practice,Advanced Practice,4.023055623298723,49.5,1.0,1.9914125335328678,1.9914125335328678,64.9,68.9,54.1,69.0,57.891412533532865
10480,adaptive,1,98.80390566931081,Low,Conceptual Understanding,Concept Review,Concept Review,5.805397495363804,87.1,1.0,0.0,0.0,100.0,100.0,98.3,100.0,100.0
10487,adaptive,1,48.85915469507434,Medium,Problem Solving,Practice Questions,Practice Questions,3.06779054374536,42.2,1.0,1.294607609460542,1.294607609460542,52.8,31.49460760946054,40.6,39.9,45.5
10494,adaptive,1,62.93814030750467,Medium,Advanced Topics,Advanced Practice,Advanced Practice,4.231075816132468,46.9,1.0,1.9843745577661274,1.9843745577661274,80.9,62.3,69.7,75.5,60.184374557766134
10495,adaptive,1,29.445573571874682,High,Advanced Topics,Advanced Practice,Advanced Practice,1.3869489071942587,19.1,1.0,0.2649072412741034,0.2649072412741034,40.0,33.5,39.1,17.6,9.664907241274104
10500,adaptive,1,78.35894380515533,Low,Advanced Topics,Advanced Practice,Advanced Practice,4.013197386622896,44.4,1.0,1.781859639660566,1.781859639660566,97.8,98.0,98.5,84.3,80.48185963966057
10514,adaptive,1,44.23509380986338,Medium,Application Skills,Application Exercise,Application Exercise,2.952505760633601,25.1,1.0,0.7410789459190338,0.7410789459190338,56.4,59.1,48.84107894591904,48.6,49.6
10522,adaptive,1,46.06387425247432,Medium,Problem Solving,Practice Questions,Practice Questions,0.7791724716905271,0.0,1.0,0.0,0.0,45.4,44.0,55.0,44.8,45.7
10523,adaptive,1,73.59964140568101,Low,Application Skills,Application Exercise,Application Exercise,3.8990945266919765,42.0,1.0,1.6376197012106302,1.6376197012106302,95.0,94.6,75.13761970121062,100.0,87.9
10527,adaptive,1,86.10857676067735,Low,Conceptual Understanding,Concept Review,Concept Review,4.753410680190739,69.3,1.0,3.2941136013721817,3.2941136013721817,84.39411360137217,100.0,87.2,82.5,89.0
10528,adaptive,1,64.52776779599289,Medium,Application Skills,Application Exercise,Application Exercise,4.2629859962548755,64.7,1.0,2.7581519395769045,2.7581519395769045,68.9,73.2,61.358151939576906,64.8,64.1
10529,adaptive,1,77.24100401379343,Low,Advanced Topics,Advanced Practice,Advanced Practice,4.574227228832361,45.1,1.0,2.0629764802033947,2.0629764802033947,75.9,99.5,75.6,72.9,69.76297648020339
10530,adaptive,1,68.40990595533178,Low,Application Skills,Application Exercise,Application Exercise,3.1289109876187076,34.4,1.0,1.0763453797408353,1.0763453797408353,100.0,81.9,69.17634537974082,85.2,74.1
10535,adaptive,1,69.36379552737529,Low,Problem Solving,Practice Questions,Practice Questions,5.05928472893088,71.8,1.0,3.6325664353723717,3.6325664353723717,79.6,76.43256643537237,79.9,74.2,81.9
10543,adaptive,1,78.69741406140234,Low,Advanced Topics,Advanced Practice,Advanced Practice,5.096336782605172,70.7,1.0,3.6031101053018566,3.6031101053018566,100.0,100.0,100.0,87.0,70.60311010530185
10544,adaptive,1,68.89105881657643,Low,Application Skills,Application Exercise,Application Exercise,2.8471969117804394,34.1,1.0,0.9708941469171299,0.9708941469171299,83.3,88.2,76.27089414691713,89.4,81.5
10549,adaptive,1,67.2040755035836,Medium,Advanced Topics,Advanced Practice,Advanced Practice,3.216101892579765,31.7,1.0,1.0195042999477855,1.0195042999477855,69.5,71.8,66.4,63.4,59.01950429994778
10550,adaptive,1,55.509277179235234,Medium,Advanced Topics,Advanced Practice,Advanced Practice,2.2346959788683423,27.5,1.0,0.6145413941887942,0.6145413941887942,65.0,55.7,74.9,63.6,56.21454139418879
10555,adaptive,1,85.64833249912196,Low,Application Skills,Application Exercise,Application Exercise,4.388549457616028,44.8,1.0,1.9660701570119803,1.9660701570119803,97.1,97.5,77.46607015701198,78.8,83.4
10560,adaptive,1,43.754364677558115,Medium,Advanced Topics,Advanced Practice,Advanced Practice,1.9494638898783252,21.7,1.0,0.42303366410359655,0.42303366410359655,62.5,55.4,61.7,44.3,43.0230336641036
10571,adaptive,1,60.84211525122624,Medium,Critical Thinking,Critical Thinking Activity,Critical Thinking Activity,3.0829907765526454,37.1,1.0,1.1437895781010314,1.1437895781010314,66.1,59.0,71.8,55.14378957810103,57.6
10579,adaptive,1,61.14056735916209,Medium,Application Skills,Application Exercise,Application Exercise,3.1001019298948425,35.3,1.0,1.0943359812528792,1.0943359812528792,76.8,99.1,56.49433598125288,68.3,55.7
10584,adaptive,1,71.598212257614,Low,Problem Solving,Practice Questions,Practice Questions,3.652329367204233,39.2,1.0,1.4317131119440594,1.4317131119440594,72.8,70.63171311194407,100.0,92.4,72.3
10585,adaptive,1,81.11721532535725,Low,Advanced Topics,Advanced Practice,Advanced Practice,4.774372386687414,57.8,1.0,2.759587239505325,2.759587239505325,96.8,84.2,91.9,76.5,71.05958723950532
10590,adaptive,1,85.85068523099673,Low,Problem Solving,Practice Questions,Practice Questions,3.9192834397090635,56.6,1.0,2.21831442687533,2.21831442687533,100.0,85.91831442687533,100.0,90.2,100.0
10591,adaptive,1,68.97400809756071,Medium,Advanced Topics,Advanced Practice,Advanced Practice,5.859947894801635,83.4,1.0,4.8871965442645635,4.8871965442645635,58.5,72.9,55.1,59.1,52.18719654426456
10596,adaptive,1,77.20203283527766,Low,Advanced Topics,Advanced Practice,Advanced Practice,5.448782742827332,75.7,1.0,4.12472853632029,4.12472853632029,86.6,79.5,92.5,92.1,59.52472853632029
10600,adaptive,1,36.369070903358434,Medium,Advanced Topics,Advanced Practice,Advanced Practice,1.1575161544445223,17.0,1.0,0.1967777462555688,0.1967777462555688,39.8,45.1,36.8,41.9,33.29677774625557
10602,adaptive,1,37.1081582305796,Medium,Advanced Topics,Advanced Practice,Advanced Practice,0.5780477084152684,9.2,1.0,0.053180389174204694,0.053180389174204694,53.6,57.2,55.9,57.1,47.1531803891742
10605,adaptive,1,74.53999329486473,Low,Application Skills,Application Exercise,Application Exercise,3.847363390660415,56.9,1.0,2.189149769285776,2.189149769285776,100.0,76.1,79.78914976928577,80.7,99.9
10614,adaptive,1,68.96300197566012,Low,Advanced Topics,Advanced Practice,Advanced Practice,2.9003577344888,35.4,1.0,1.0267266380090352,1.0267266380090352,74.2,79.0,78.5,91.0,60.426726638009036
10618,adaptive,1,80.1848979010775,Low,Application Skills,Application Exercise,Application Exercise,2.638783398351885,42.3,1.0,1.1162053775028473,1.1162053775028473,79.9,95.1,74.91620537750285,89.0,100.0
10622,adaptive,1,57.50977509222176,Medium,Critical Thinking,Critical Thinking Activity,Critical Thinking Activity,2.689588606666044,39.4,1.0,1.0596979110264213,1.0596979110264213,65.7,46.9,62.4,43.15969791102642,62.6
10627,adaptive,1,90.98657816684255,Low,Conceptual Understanding,Concept Review,Concept Review,4.564894095782291,54.3,1.0,0.0,0.0,100.0,100.0,100.0,98.3,100.0
10636,adaptive,1,54.93705128276716,Medium,Advanced Topics,Advanced Practice,Advanced Practice,4.238321783033742,51.0,1.0,2.1615441093472083,2.1615441093472083,57.8,66.4,48.6,49.2,46.361544109347214
10637,adaptive,1,46.94041469322492,Medium,Critical Thinking,Critical Thinking Activity,Critical Thinking Activity,2.1183557074839166,23.8,1.0,0.5041686583811722,0.5041686583811722,62.0,50.8,63.5,47.404168658381174,47.1
10644,adaptive,1,85.25660295156553,Low,Advanced Topics,Advanced Practice,Advanced Practice,5.583009388183914,71.4,1.0,3.986268703163315,3.986268703163315,99.3,81.1,100.0,76.0,70.38626870316332
10645,adaptive,1,55.505822943754644,Medium,Problem Solving,Practice Questions,Practice Questions,1.2860898281446436,10.5,1.0,0.13503943195518756,0.13503943195518756,85.5,50.93503943195518,68.8,96.7,65.2
10650,adaptive,1,63.39955727426759,Medium,Advanced Topics,Advanced Practice,Advanced Practice,2.236156277571302,24.6,1.0,0.5500944442825404,0.5500944442825404,76.0,71.8,75.8,55.6,53.750094444282546
10651,adaptive,1,77.40583284251666,Low,Problem Solving,Practice Questions,Practice Questions,3.434919804139411,44.5,1.0,1.528539312842038,1.528539312842038,98.9,89.92853931284205,100.0,97.1,95.1
10653,adaptive,1,85.07671518028066,Low,Application Skills,Application Exercise,Application Exercise,5.381195164843867,75.4,1.0,4.0574211542922765,4.0574211542922765,100.0,96.0,99.85742115429227,98.7,95.9
10657,adaptive,1,77.06893570036357,Low,Critical Thinking,Critical Thinking Activity,Critical Thinking Activity,4.100024402701265,53.6,1.0,2.197613079847878,2.197613079847878,86.5,98.4,100.0,84.59761307984789,90.7
10661,adaptive,1,50.00333811831857,Medium,Problem Solving,Practice Questions,Practice Questions,2.53074432350459,26.3,1.0,0.6655857570817072,0.6655857570817072,53.8,47.065585757081706,52.6,58.4,44.5
10663,adaptive,1,90.80248512134726,Low,Critical Thinking,Critical Thinking Activity,Critical Thinking Activity,4.5192057825342085,68.6,1.0,3.1001751668184667,3.1001751668184667,100.0,100.0,100.0,83.00017516681848,100.0
10669,adaptive,1,81.69671328887304,Low,Advanced Topics,Advanced Practice,Advanced Practice,4.630208812168865,58.3,1.0,2.699411737494448,2.699411737494448,86.1,89.1,97.4,75.5,81.09941173749445
10671,adaptive,1,62.92785232032248,Medium,Application Skills,Application Exercise,Application Exercise,3.246279218207525,49.0,1.0,1.5906768169216872,1.5906768169216872,66.1,68.1,66.29067681692169,76.7,72.7
10678,adaptive,1,70.44024065996976,Low,Critical Thinking,Critical Thinking Activity,Critical Thinking Activity,2.6871861682518774,41.7,1.0,1.120556632161033,1.120556632161033,86.9,80.0,82.0,81.42055663216102,88.4
10679,adaptive,1,45.19887829441485,Medium,Application Skills,Application Exercise,Application Exercise,1.9068501639822413,24.5,1.0,0.4671782901756491,0.4671782901756491,68.4,50.7,43.467178290175646,49.4,41.9
10680,adaptive,1,80.98147322544017,Low,Conceptual Understanding,Concept Review,Concept Review,4.820493638387127,58.8,1.0,2.8344502593716308,2.8344502593716308,83.13445025937163,99.1,93.2,89.5,93.5
10688,adaptive,1,86.73530544289702,Low,Critical Thinking,Critical Thinking Activity,Critical Thinking Activity,5.19499161816433,70.0,1.0,3.636494132715031,3.636494132715031,98.8,92.1,92.2,78.73649413271502,100.0
10690,adaptive,1,83.62442539617632,Low,Advanced Topics,Advanced Practice,Advanced Practice,4.820135439666231,65.6,1.0,3.1620088484210473,3.1620088484210473,100.0,95.6,89.7,100.0,84.86200884842106
10693,adaptive,1,71.49456402481981,Low,Critical Thinking,Critical Thinking Activity,Critical Thinking Activity,4.784726694918406,65.6,1.0,3.1387807118664743,3.1387807118664743,72.9,77.2,65.8,65.53878071186648,89.7
10698,adaptive,1,74.76401932473529,Low,Conceptual Understanding,Concept Review,Concept Review,3.5197636591774404,49.8,1.0,1.7528423022703654,1.7528423022703654,87.95284230227037,99.7,89.7,86.4,91.2
10714,adaptive,1,58.17812342488472,Medium,Conceptual Understanding,Concept Review,Concept Review,2.137526378454837,22.3,1.0,0.4766683823954287,0.4766683823954287,54.87666838239543,66.9,54.2,76.0,61.2
10715,adaptive,1,51.291783981523025,Medium,Conceptual Understanding,Concept Review,Concept Review,2.9948675108971283,39.2,1.0,1.1739880642716745,1.1739880642716745,50.97398806427167,64.1,53.5,69.9,51.7
10717,adaptive,1,100.66062487003987,Low,Conceptual Understanding,Concept Review,Concept Review,6.511328880250151,100.0,1.0,0.0,0.0,100.0,100.0,100.0,100.0,100.0
10722,adaptive,1,66.97123421181084,Medium,Advanced Topics,Advanced Practice,Advanced Practice,4.653150434633875,70.6,1.0,3.2851242068515156,3.2851242068515156,67.5,58.8,64.5,65.9,63.485124206851516
10738,adaptive,1,85.29878879400547,Low,Critical Thinking,Critical Thinking Activity,Critical Thinking Activity,4.993376292534138,68.1,1.0,3.4004892552157475,3.4004892552157475,100.0,96.5,100.0,95.00048925521574,97.1
10741,adaptive,1,35.52220880674135,High,Advanced Topics,Advanced Practice,Advanced Practice,1.6523631498692373,9.3,1.0,0.1536697729378391,0.1536697729378391,58.6,37.4,42.7,56.4,28.853669772937838
10742,adaptive,1,68.06391600775977,Low,Advanced Topics,Advanced Practice,Advanced Practice,4.588201558170715,64.1,1.0,2.9410371987874275,2.9410371987874275,73.7,83.2,68.9,61.1,59.94103719878743
10750,adaptive,1,95.29874627909558,Low,Conceptual Understanding,Concept Review,Concept Review,5.382268563969849,60.3,1.0,0.0,0.0,100.0,100.0,100.0,100.0,100.0
10754,adaptive,1,63.240107355296175,Medium,Application Skills,Application Exercise,Application Exercise,2.6259900764483315,38.5,1.0,1.0110061794326077,1.0110061794326077,77.6,96.6,60.11100617943261,80.4,77.8
10762,adaptive,1,36.5327800540565,Medium,Advanced Topics,Advanced Practice,Advanced Practice,2.0614309080015465,32.2,1.0,0.663780752376498,0.663780752376498,35.8,40.3,53.4,54.5,12.463780752376499
10765,adaptive,1,52.950952145066296,Medium,Application Skills,Application Exercise,Application Exercise,2.8325998057124857,36.8,1.0,1.0423967285021947,1.0423967285021947,64.8,70.8,55.842396728502194,59.7,65.2
10768,adaptive,1,53.71234457467573,Medium,Advanced Topics,Advanced Practice,Advanced Practice,4.398617150431684,57.7,1.0,2.5380020957990816,2.5380020957990816,50.6,60.6,54.4,49.9,47.73800209579908
10788,adaptive,1,86.47183260474702,Low,Problem Solving,Practice Questions,Practice Questions,4.0695653159565035,58.3,1.0,2.3725565792026413,2.3725565792026413,100.0,75.77255657920264,100.0,100.0,88.9
10801,adaptive,1,76.14338037931113,Low,Problem Solving,Practice Questions,Practice Questions,3.800887180197734,46.0,1.0,1.7484081028909577,1.7484081028909577,81.2,78.44840810289097,79.8,84.7,88.3
10803,adaptive,1,99.48594853429978,Low,Conceptual Understanding,Concept Review,Concept Review,5.370773753310041,73.3,1.0,0.0,0.0,100.0,100.0,100.0,100.0,100.0
10811,adaptive,1,73.11328909955839,Low,Problem Solving,Practice Questions,Practice Questions,3.8723800708500247,45.3,1.0,1.754188172095061,1.754188172095061,75.9,68.25418817209506,76.2,72.6,67.4
10812,adaptive,1,68.19125785600707,Low,Advanced Topics,Advanced Practice,Advanced Practice,4.544233640784577,54.2,1.0,2.4629746333052407,2.4629746333052407,82.1,73.8,75.3,73.5,60.86297463330524
10817,adaptive,1,88.27462959723341,Low,Application Skills,Concept Review,Concept Review,3.6320838343235726,47.7,1.0,0.0,0.0,100.0,100.0,95.8,100.0,94.1
10821,adaptive,1,79.80620855808729,Low,Conceptual Understanding,Concept Review,Concept Review,4.185776151924011,59.4,1.0,2.4863510342428623,2.4863510342428623,72.88635103424286,89.5,81.4,66.8,86.1
10823,adaptive,1,41.75631085281665,Medium,Problem Solving,Guided Review,Practice Questions,2.1349421279257874,20.3,1.0,0.43339325196893486,0.43339325196893486,44.9,28.933393251968933,32.6,35.2,27.8
10824,adaptive,1,40.7186080901693,Medium,Problem Solving,Practice Questions,Practice Questions,1.6408532280664132,16.5,1.0,0.2707407826309582,0.2707407826309582,54.3,42.17074078263096,58.2,51.7,40.8
10827,adaptive,1,81.15193963175814,Low,Advanced Topics,Advanced Practice,Advanced Practice,5.409115426947667,59.9,1.0,3.2400601407416527,3.2400601407416527,86.9,93.7,88.6,97.5,71.74006014074165
10830,adaptive,1,81.73075536747821,Low,Advanced Topics,Advanced Practice,Advanced Practice,4.388091410974349,59.6,1.0,2.615302480940712,2.615302480940712,95.8,96.1,100.0,91.0,82.71530248094071
10838,adaptive,1,64.72884266928963,Medium,Conceptual Understanding,Concept Review,Concept Review,3.174870044473913,42.8,1.0,1.3588443790348346,1.3588443790348346,64.25884437903483,74.3,79.3,75.5,74.8
10846,adaptive,1,66.5705645117307,Medium,Problem Solving,Practice Questions,Practice Questions,3.555260669706923,53.0,1.0,1.8842881549446693,1.8842881549446693,75.1,72.68428815494467,94.8,73.4,74.5
10850,adaptive,1,48.79861776723304,Medium,Conceptual Understanding,Concept Review,Concept Review,2.3472224952784257,23.9,1.0,0.5609861763715437,0.5609861763715437,45.760986176371546,48.6,51.4,83.0,47.7
10860,adaptive,1,98.23811385268056,Low,Conceptual Understanding,Concept Review,Concept Review,6.034688430708864,80.9,1.0,0.0,0.0,100.0,100.0,100.0,100.0,100.0
10866,adaptive,1,104.12216413782772,Low,Conceptual Understanding,Concept Review,Concept Review,6.1325647464936806,83.9,1.0,0.0,0.0,100.0,100.0,100.0,100.0,100.0
10867,adaptive,1,81.40875928956409,Low,Conceptual Understanding,Concept Review,Concept Review,5.272890156623015,72.7,1.0,3.833391143864932,3.833391143864932,89.63339114386493,96.8,88.2,88.7,92.0
10868,adaptive,1,89.94732349302228,Low,Application Skills,Application Exercise,Application Exercise,5.957077279903812,91.4,1.0,5.444768633832084,5.444768633832084,100.0,92.9,89.54476863383208,94.3,99.5
10880,adaptive,1,63.52718395099554,Medium,Advanced Topics,Advanced Practice,Advanced Practice,4.247963569536147,51.4,1.0,2.1834532747415794,2.1834532747415794,77.3,72.3,70.1,70.2,58.78345327474158
10884,adaptive,1,96.90105582409483,Low,Critical Thinking,Critical Thinking Activity,Critical Thinking Activity,5.380858459077593,71.0,1.0,3.820409505945091,3.820409505945091,100.0,100.0,100.0,98.12040950594509,100.0
10885,adaptive,1,56.51415114750427,Medium,Critical Thinking,Critical Thinking Activity,Critical Thinking Activity,3.3366556391703233,31.8,1.0,1.0610564932561628,1.0610564932561628,70.5,73.2,62.8,56.16105649325616,61.1
10893,adaptive,1,62.835290222438395,Medium,Problem Solving,Practice Questions,Practice Questions,3.7790393653222303,45.1,1.0,1.7043467537603258,1.7043467537603258,65.5,51.00434675376032,75.6,59.0,71.6
10894,adaptive,1,46.441751379731336,Medium,Advanced Topics,Advanced Practice,Advanced Practice,1.926320780274571,13.6,1.0,0.26197962611734166,0.26197962611734166,54.0,61.0,70.5,46.1,39.46197962611735
10900,adaptive,1,100.82344553155562,Low,Critical Thinking,Critical Thinking Activity,Critical Thinking Activity,6.485938974568487,87.9,1.0,5.7011403586457,5.7011403586457,100.0,100.0,100.0,95.4011403586457,100.0
10902,adaptive,1,85.49373577591692,Low,Critical Thinking,Critical Thinking Activity,Critical Thinking Activity,4.949969112779241,61.0,1.0,3.019481158795337,3.019481158795337,93.2,100.0,85.6,86.51948115879534,98.1
10903,adaptive,1,44.65363867803282,Medium,Advanced Topics,Advanced Practice,Advanced Practice,1.57411609469419,28.4,1.0,0.4470489708931499,0.4470489708931499,61.9,57.2,55.9,59.0,40.04704897089315
10915,adaptive,1,74.17225714267327,Low,Advanced Topics,Advanced Practice,Advanced Practice,3.82411114164747,36.2,1.0,1.3843282332763842,1.3843282332763842,83.2,80.8,90.5,93.6,66.98432823327637
10918,adaptive,1,38.17505649727628,High,Application Skills,Application Exercise,Application Exercise,1.8917151855780479,24.4,1.0,0.46157850528104366,0.46157850528104366,53.8,58.4,26.261578505281044,39.0,30.7
10925,adaptive,1,73.89739254380186,Low,Application Skills,Application Exercise,Application Exercise,2.717052478843144,41.6,1.0,1.130293831198748,1.130293831198748,81.1,94.4,80.93029383119874,91.4,95.3
10937,adaptive,1,74.08831634502006,Low,Application Skills,Application Exercise,Application Exercise,4.930273991975931,64.4,1.0,3.1750964508324997,3.1750964508324997,73.1,75.2,69.1750964508325,83.1,74.2
10939,adaptive,1,101.57599107909621,Low,Conceptual Understanding,Concept Review,Concept Review,5.80795881648581,76.5,1.0,0.0,0.0,100.0,100.0,100.0,100.0,100.0
10942,adaptive,1,55.952376228800816,Medium,Advanced Topics,Advanced Practice,Advanced Practice,3.5385206337433464,42.5,1.0,1.5038712693409222,1.5038712693409222,77.8,70.9,71.7,78.1,54.60387126934092
10943,adaptive,1,57.60649769856592,Medium,Application Skills,Application Exercise,Application Exercise,2.623517398093341,39.1,1.0,1.0257953026544964,1.0257953026544964,68.8,55.8,52.82579530265449,61.1,63.0
10948,adaptive,1,49.78227043041247,Medium,Advanced Topics,Advanced Practice,Advanced Practice,2.676135768460579,35.2,1.0,0.941999790498124,0.941999790498124,52.8,52.5,54.6,68.5,29.84199979049812
10949,adaptive,1,92.04297717012817,Low,Conceptual Understanding,Concept Review,Concept Review,4.710313379453502,63.9,1.0,0.7000000000000028,0.7000000000000028,100.0,100.0,100.0,100.0,100.0
10960,adaptive,1,67.98941389832869,Low,Conceptual Understanding,Concept Review,Concept Review,3.2349114736613225,45.7,1.0,1.4783545434632244,1.4783545434632244,69.07835454346322,80.7,85.7,87.2,95.3
10974,adaptive,1,72.06252221849262,Low,Advanced Topics,Advanced Practice,Advanced Practice,4.343242256066372,51.0,1.0,2.21505355059385,2.21505355059385,100.0,90.3,79.1,83.9,70.31505355059384
10975,adaptive,1,59.18994728411674,Medium,Application Skills,Application Exercise,Application Exercise,3.7813525242192974,45.6,1.0,1.7242967510439997,1.7242967510439997,82.0,66.3,56.124296751044,64.5,61.4
10978,adaptive,1,65.36543690548999,Medium,Advanced Topics,Advanced Practice,Advanced Practice,3.8756414206603975,54.5,1.0,2.112224574259917,2.112224574259917,82.2,69.0,72.5,70.3,58.21222457425992
10979,adaptive,1,44.60033586823364,Medium,Advanced Topics,Advanced Practice,Advanced Practice,2.5113844924170747,29.0,1.0,0.7283015028009516,0.7283015028009516,49.6,50.8,40.4,37.0,29.428301502800952
10986,adaptive,1,74.86829430512068,Low,Problem Solving,Practice Questions,Practice Questions,3.4775910617235612,28.3,1.0,0.9841582704677679,0.9841582704677679,100.0,75.48415827046777,89.2,77.6,80.0
10987,adaptive,1,93.91142789818784,Low,Critical Thinking,Critical Thinking Activity,Critical Thinking Activity,6.1152747911775664,79.6,1.0,4.867758733777342,4.867758733777342,100.0,97.2,100.0,88.46775873377733,97.4
10990,adaptive,1,56.23899845708799,Medium,Advanced Topics,Advanced Practice,Advanced Practice,3.296494402468048,46.4,1.0,1.5295734027451742,1.5295734027451742,60.1,49.0,58.1,59.4,48.42957340274517
10996,adaptive,1,78.73797977160702,Low,Conceptual Understanding,Concept Review,Concept Review,4.100166043145005,53.8,1.0,2.205889331212012,2.205889331212012,86.90588933121201,94.2,90.7,92.3,87.4
10999,adaptive,1,89.30597887675813,Low,Critical Thinking,Critical Thinking Activity,Critical Thinking Activity,5.54078765704784,81.0,1.0,4.488038002208751,4.488038002208751,100.0,100.0,95.3,80.08803800220875,97.6
10011,adaptive,2,53.38511806381642,Medium,Advanced Topics,Advanced Practice,Advanced Practice,2.1915979746130185,30.0,0.72,0.47338516251641194,1.1313318709672688,56.2,55.5,63.5,59.4,38.53133187096727
10024,adaptive,2,98.27860311635567,Low,Application Skills,Application Exercise,Application Exercise,6.5539225628509135,86.8,0.72,4.095939444879307,9.784744229433901,100.0,100.0,97.9847442294339,94.6,100.0
10026,adaptive,2,90.59519411492153,Low,Conceptual Understanding,Concept Review,Concept Review,5.528521794173447,76.4,0.72,3.041129268538929,7.26114163936875,91.24112926853893,87.3,100.0,85.92001237082982,100.0
10031,adaptive,2,78.79391258133917,Low,Critical Thinking,Critical Thinking Activity,Critical Thinking Activity,3.2150754735427958,22.4,0.72,0.5185273723729821,1.2385152791152705,95.7,100.0,93.6,82.73851527911528,96.2
10040,adaptive,2,82.67007355370657,Low,Critical Thinking,Critical Thinking Activity,Critical Thinking Activity,4.148045898692466,59.2,0.72,1.768063083858677,4.222003811933289,95.6,100.0,77.4,68.82200381193329,93.8
10045,adaptive,2,90.40532963097544,Low,Conceptual Understanding,Concept Review,Concept Review,5.104531895574483,65.0,0.72,2.388920927128858,5.699161753662374,87.09916175366237,100.0,99.8,100.0,92.2
10055,adaptive,2,64.77438220721872,Medium,Advanced Topics,Advanced Practice,Advanced Practice,4.242423636800279,68.6,0.72,2.0954178826883934,5.0104549191667775,72.1,58.6,57.6,57.4,43.71045491916678
10056,adaptive,2,96.49297271055661,Low,Conceptual Understanding,Concept Review,Concept Review,5.767919157307695,71.9,0.72,0.0,0.0,100.0,100.0,96.1,98.2,100.0
10060,adaptive,2,88.70278801399671,Low,Critical Thinking,Critical Thinking Activity,Critical Thinking Activity,5.14705627302611,69.3,0.72,2.568175197989108,6.126255547814031,88.95808034982493,85.0,99.7,86.46817519798911,85.6
10061,adaptive,2,52.59619113066027,Medium,Advanced Topics,Advanced Practice,Advanced Practice,3.0195695524744774,36.9,0.72,0.8022392387014191,1.9174346662871837,56.1,42.0,48.8,62.1,35.317434666287184
10064,adaptive,2,93.0252887628877,Low,Critical Thinking,Critical Thinking Activity,Critical Thinking Activity,5.577836792307641,75.3,0.72,3.0240799953175106,7.224191099925164,100.0,96.80011110460765,100.0,97.42407999531751,100.0
10067,adaptive,2,83.34609163172233,Low,Critical Thinking,Critical Thinking Activity,Critical Thinking Activity,5.359086844259635,75.9,0.72,2.928633778651005,6.996180693444067,100.0,88.06754691479307,97.3,91.028633778651,94.9
10068,adaptive,2,56.38003914365977,Medium,Critical Thinking,Critical Thinking Activity,Critical Thinking Activity,3.1646286232927174,45.0,0.72,1.0253396739468406,2.448671959092327,59.4,53.7,68.2,45.34867195909232,63.9
10071,adaptive,2,84.49242030894908,Low,Critical Thinking,Critical Thinking Activity,Critical Thinking Activity,4.657696438753609,56.0,0.72,1.8779832041054554,4.484582606270399,78.0,92.0,90.1,79.0845826062704,89.8
10073,adaptive,2,79.3308883741955,Low,Problem Solving,Practice Questions,Practice Questions,4.057411843560421,57.7,0.72,1.6856111762887416,4.026737810023105,95.0,88.3267378100231,92.1,96.6,85.8
10077,adaptive,2,67.98927751864808,Medium,Advanced Topics,Advanced Practice,Advanced Practice,3.402297817927284,45.0,0.72,1.10234449300844,2.6350114089972223,77.4,71.9,67.3,71.5,62.235011408997224
10079,adaptive,2,52.981100933356956,Medium,Critical Thinking,Critical Thinking Activity,Critical Thinking Activity,3.4076042505265467,33.4,0.72,0.8194606701666238,1.9571551831955658,65.5,60.3,61.1,49.257155183195565,54.3
10087,adaptive,2,66.40254980780988,Medium,Problem Solving,Practice Questions,Practice Questions,3.66276761403065,48.7,0.72,1.2843128361837073,3.068080664216634,62.0,50.468080664216636,76.5,66.2,56.2
10089,adaptive,2,80.65334953234769,Low,Advanced Topics,Advanced Practice,Advanced Practice,3.3730303831617663,36.0,0.72,0.8742894753155298,2.089616257144069,84.1,98.0,94.7,92.9,79.38961625714407
10097,adaptive,2,80.82971078573335,Low,Application Skills,Application Exercise,Application Exercise,5.800199521988861,77.2,0.72,3.2239829023022883,7.689392448427317,82.86540954612504,92.2,83.42398290230228,87.7,83.5
10102,adaptive,2,55.48646245444785,Medium,Advanced Topics,Advanced Practice,Advanced Practice,4.096725551920949,53.9,0.72,1.589857252189482,3.800813744419643,63.5,55.6,61.4,60.0,44.70081374441964
10108,adaptive,2,80.42208766864282,Low,Critical Thinking,Critical Thinking Activity,Critical Thinking Activity,4.579773789430182,58.0,0.72,1.9125135344660438,4.5669781020290605,88.3,92.9,87.7,87.36697810202905,93.4
10111,adaptive,2,67.88835118528166,Low,Critical Thinking,Critical Thinking Activity,Critical Thinking Activity,3.0401309411761193,31.4,0.72,0.687312803181097,1.6415627798838388,92.2,82.6,83.5,65.34156277988384,66.1
10121,adaptive,2,100.72704168122517,Low,Conceptual Understanding,Concept Review,Concept Review,6.563404781438525,88.9,0.72,0.0,0.0,100.0,100.0,100.0,100.0,100.0
10137,adaptive,2,60.020018770107484,Medium,Advanced Topics,Advanced Practice,Advanced Practice,2.740046611081976,31.9,0.72,0.6293339056333083,1.5040694165683668,74.3,65.1,84.3,62.8,53.90406941656837
10138,adaptive,2,58.82921142129246,Medium,Advanced Topics,Advanced Practice,Advanced Practice,3.4249646667825306,35.3,0.72,0.8704890197094478,2.0805128176262073,75.4,49.5,56.3,48.6,45.880512817626204
10140,adaptive,2,62.18563657665072,Medium,Advanced Topics,Advanced Practice,Advanced Practice,3.6661091904504435,41.0,0.72,1.0822354330209707,2.586800674402541,70.5,70.0,81.7,67.3,58.18680067440254
10159,adaptive,2,56.55482646516579,Medium,Advanced Topics,Advanced Practice,Advanced Practice,2.9091677683290764,43.0,0.72,0.900678341074682,2.1528952953108544,63.9,58.2,63.6,65.4,54.052895295310854
10169,adaptive,2,76.32790405551233,Low,Critical Thinking,Critical Thinking Activity,Critical Thinking Activity,3.194762622557975,46.5,0.72,1.06960652603241,2.5543620590259373,83.5,87.0,90.0,83.85436205902595,93.1
10175,adaptive,2,72.70687664500633,Low,Advanced Topics,Advanced Practice,Advanced Practice,4.334342558838944,42.6,0.72,1.329429549647081,3.1777236235080446,100.0,90.7,67.6,77.0,66.67772362350806
10185,adaptive,2,86.03313047649345,Low,Advanced Topics,Advanced Practice,Advanced Practice,4.401805855300047,57.3,0.72,1.8160090236625872,4.341670102788784,100.0,92.0,96.2,100.0,94.14167010278878
10199,adaptive,2,70.68410038528752,Low,Conceptual Understanding,Advanced Practice,Advanced Practice,3.579839567026727,48.7,0.72,1.2552349457822516,3.000629247109548,64.6,80.2,77.4,81.0,66.30062924710954
10200,adaptive,2,57.13142563764051,Medium,Advanced Topics,Advanced Practice,Advanced Practice,3.1918514276299907,47.6,0.72,1.0939113212773506,2.614946735811886,64.5,63.0,90.8,69.1,45.11494673581189
10209,adaptive,2,59.393530088816576,Medium,Problem Solving,Practice Questions,Practice Questions,3.53061817731258,50.1,0.72,1.2735645889201939,3.0424042957537965,72.8,53.2424042957538,64.9,56.9,65.5
10210,adaptive,2,41.63309251580984,Medium,Problem Solving,Practice Questions,Practice Questions,2.7927041323359623,39.1,0.72,0.78620206733522,1.8781493830785814,61.6,26.478149383078584,48.6,58.3,33.6
10211,adaptive,2,66.68434630990572,Medium,Advanced Topics,Advanced Practice,Advanced Practice,3.662703347951727,61.4,0.72,1.6192078960624994,3.871381678838949,82.9,72.0,74.5,67.5,58.67138167883895
10214,adaptive,2,67.50192232394103,Low,Critical Thinking,Critical Thinking Activity,Critical Thinking Activity,4.501056473023431,66.2,0.72,2.1453835573018885,5.1227731088313,73.8,73.1,84.2,72.4227731088313,71.0
10216,adaptive,2,62.30075849517576,Medium,Conceptual Understanding,Concept Review,Concept Review,3.59506660670111,58.9,0.72,1.5245958465698066,3.640629499386387,76.52459584656981,73.8,79.9,77.41603365281658,79.3
10219,adaptive,2,87.33539125133349,Low,Application Skills,Application Exercise,Application Exercise,3.0746388483289873,44.1,0.72,0.97625932712142,2.3321750592345034,88.5,93.1,85.53217505923452,100.0,99.1
10222,adaptive,2,69.77048767849588,Low,Critical Thinking,Critical Thinking Activity,Critical Thinking Activity,4.489425710517644,59.4,0.72,1.9200375878741858,4.584901440255328,83.3,67.4,77.5,68.28490144025534,72.2
10236,adaptive,2,50.69394471075147,Medium,Problem Solving,Practice Questions,Practice Questions,2.703005033342923,32.4,0.72,0.6305570141782371,1.506330644981344,79.4,46.806330644981344,45.2,59.7,48.4
10238,adaptive,2,58.42269585598099,Medium,Critical Thinking,Critical Thinking Activity,Critical Thinking Activity,2.4715502525256725,21.8,0.72,0.38793452763642955,0.9265948699782062,51.7,60.5,67.2,54.12659486997821,72.0
10245,adaptive,2,66.11045992519598,Medium,Critical Thinking,Critical Thinking Activity,Critical Thinking Activity,3.252878803841874,38.6,0.72,0.9040400771637336,2.1590835768367533,93.4,69.4,69.4,64.35908357683675,88.1
10248,adaptive,2,50.19699961281811,Medium,Problem Solving,Practice Questions,Practice Questions,1.0213799780987074,10.6,0.72,0.07795171992849334,0.18621799760695631,85.5,45.286217997606954,71.2,61.4,59.9
10255,adaptive,2,57.889306929382876,Medium,Application Skills,Application Exercise,Application Exercise,1.6573524916554168,29.0,0.72,0.34605520025765096,0.8266874228377218,88.7,100.0,61.42668742283772,80.3,71.7
10257,adaptive,2,61.55733952211372,Medium,Advanced Topics,Advanced Practice,Advanced Practice,3.928543180956106,40.3,0.72,1.1399060893862236,2.723108991311534,59.7,63.58320290192531,73.1,63.2,63.53990608938622
10260,adaptive,2,67.83725373580639,Medium,Advanced Topics,Advanced Practice,Advanced Practice,5.135614678767422,69.4,0.72,2.5661639426865057,6.136146289602085,69.2,65.2,79.7,72.7,67.73614628960208
10261,adaptive,2,52.50768743062302,Medium,Problem Solving,Practice Questions,Practice Questions,2.5026782636461133,34.3,0.72,0.618061423990044,1.477177730023925,58.4,50.818061423990045,65.5,59.8,48.25911630603388
10262,adaptive,2,74.83300790581852,Low,Advanced Topics,Advanced Practice,Advanced Practice,5.123510584960642,61.7,0.72,2.2760683422629158,5.441898945516357,93.8,82.0,77.2,72.6,74.34189894551636
10266,adaptive,2,73.26811156939966,Low,Advanced Topics,Advanced Practice,Advanced Practice,4.317878016856611,58.4,0.72,1.8155813485278676,4.3407134789157125,90.8,81.3,88.4,88.4,66.14071347891571
10276,adaptive,2,85.8874845734033,Low,Application Skills,Application Exercise,Application Exercise,5.926190670049348,78.7,0.72,3.3580166812767622,8.021928738605599,100.0,100.0,81.02192873860561,92.0,82.4
10278,adaptive,2,52.74429364880658,Medium,Advanced Topics,Advanced Practice,Advanced Practice,2.8684227285775545,32.3,0.72,0.6670803897579959,1.594289984872686,63.4,66.3,47.3,45.6,28.594289984872685
10281,adaptive,2,57.514576590719486,Medium,Advanced Topics,Advanced Practice,Advanced Practice,3.5252754212666426,44.8,0.72,1.1371128398837682,2.71811313455649,54.5,58.3,67.8,61.4,52.41811313455649
10282,adaptive,2,60.90455997063435,Medium,Problem Solving,Practice Questions,Practice Questions,3.92019239028455,48.4,0.72,1.36610864416636,3.263481761064082,69.2,50.663481761064084,78.0,63.3,62.4
10290,adaptive,2,64.10624265425093,Medium,Advanced Topics,Advanced Practice,Advanced Practice,3.225195812457357,35.7,0.72,0.8290043316340392,1.9813732356259093,77.2,64.7,90.0,75.1,57.98137323562591
10293,adaptive,2,69.25991459143432,Low,Advanced Topics,Advanced Practice,Advanced Practice,3.763058993123024,60.9,0.72,1.6500261073045832,3.945038066254564,79.0,80.4,85.2,66.1,58.44503806625456
10295,adaptive,2,79.21647315165542,Low,Advanced Topics,Advanced Practice,Advanced Practice,4.086903689654933,53.5,0.72,1.57427530125508,3.75939878705905,100.0,92.6,85.4,83.98512348580397,85.27427530125509
10297,adaptive,2,72.50411557469864,Low,Advanced Topics,Advanced Practice,Advanced Practice,4.451292237387692,63.2,0.72,2.0255160197008952,4.842948410072333,100.0,80.1,81.0,76.3,56.44294841007233
10299,adaptive,2,66.70514109779569,Medium,Advanced Topics,Advanced Practice,Advanced Practice,3.0419802544377434,40.7,0.72,0.8914218937604363,2.1307020176282703,76.6,80.7,71.1,92.0,72.23070201762826
10300,adaptive,2,108.21953494925461,Low,Conceptual Understanding,Concept Review,Concept Review,6.783315480765699,99.0,0.72,0.0,6.70770024242278,100.0,100.0,100.0,96.00770024242277,100.0
10308,adaptive,2,63.79325200752647,Low,Critical Thinking,Critical Thinking Activity,Critical Thinking Activity,3.026876083561496,37.2,0.72,0.8107184902211113,1.936225735985838,100.0,67.3,73.5,65.63622573598583,78.3
10310,adaptive,2,75.89183881643388,Low,Critical Thinking,Critical Thinking Activity,Critical Thinking Activity,4.279397637267277,53.4,0.72,1.6453428035765225,3.9261797022869573,73.48083689871044,98.5,87.5,74.94534280357652,87.8
10311,adaptive,2,72.60485404055203,Low,Application Skills,Application Exercise,Application Exercise,3.831041913312542,46.2,0.72,1.274357782044284,3.041375819433892,77.7670180373896,89.4,79.77435778204429,83.6,81.3
10313,adaptive,2,70.5919692555182,Low,Application Skills,Application Exercise,Application Exercise,5.331852023535343,73.8,0.72,2.83313289122574,6.757668246440986,75.92453535521524,80.4,77.73313289122575,83.0,73.2
10315,adaptive,2,42.986215593458866,Medium,Advanced Topics,Advanced Practice,Advanced Practice,1.204022153312704,12.6,0.72,0.1092288897485285,0.2609809503766344,57.4,43.6,49.2,48.3,29.860980950376636
10319,adaptive,2,66.84303243441168,Low,Application Skills,Application Exercise,Application Exercise,2.7404993901023795,44.8,0.72,0.8839754832714235,2.1117192100372897,79.6,74.8,72.6117192100373,80.1,82.1
10320,adaptive,2,92.32505270971276,Low,Conceptual Understanding,Concept Review,Concept Review,5.4883798457702415,85.6,0.72,1.116303626306376,5.799999999999995,100.0,100.0,100.0,100.0,100.0
10322,adaptive,2,85.46052532727543,Low,Problem Solving,Practice Questions,Practice Questions,4.777003523377642,62.0,0.72,2.1324543728357797,5.0941965573299175,97.4,86.39419655732992,90.1,96.3,93.1
10328,adaptive,2,60.70927018897901,Medium,Advanced Topics,Advanced Practice,Advanced Practice,2.538119326702386,25.7,0.72,0.4696536002130095,1.1223474050924231,78.5,82.9,59.7,62.6,58.92234740509242
10329,adaptive,2,70.21398383125698,Low,Application Skills,Application Exercise,Application Exercise,3.647671759154533,46.2,0.72,1.2133615339651638,2.898585886694558,88.6,66.8,54.69858588669455,86.8,73.6
10333,adaptive,2,75.76774287103864,Low,Advanced Topics,Advanced Practice,Advanced Practice,4.522058900188293,56.0,0.72,1.82329414855592,4.35398634388922,96.2,78.3,89.0,75.1306921953333,75.72329414855592
10347,adaptive,2,70.64370044449231,Low,Advanced Topics,Advanced Practice,Advanced Practice,4.078206005513777,53.3,0.72,1.5650523366759668,3.74148258131671,83.8,80.5,90.4,76.5,74.14148258131671
10352,adaptive,2,30.3311762412766,High,Advanced Topics,Guided Review,Advanced Practice,1.554516311924321,17.1,0.72,0.19139204832412243,0.45732199957905695,26.4,36.9,32.6,31.6,28.05732199957906
10356,adaptive,2,75.26602045119613,Low,Advanced Topics,Advanced Practice,Advanced Practice,4.134421122137141,47.7,0.72,1.4199255901867798,3.3886816374187734,79.26875604723199,83.5,82.2,81.3,79.51992559018677
10362,adaptive,2,68.7041448141534,Low,Problem Solving,Practice Questions,Practice Questions,2.4812221607546485,22.1,0.72,0.39481207021927966,0.943162167746057,88.1,58.84316216774606,77.9,100.0,70.5
10364,adaptive,2,53.751671730412845,Medium,Advanced Topics,Advanced Practice,Advanced Practice,3.380685130660619,30.7,0.72,0.7472666412812232,1.7858918878051218,67.1,47.4,61.6,45.3,44.28589188780512
10366,adaptive,2,74.40792852511396,Low,Conceptual Understanding,Concept Review,Concept Review,5.26731875085319,73.0,0.72,2.7685027354484366,6.603620157678851,77.50362015767885,84.4,83.7,82.0,90.8
10371,adaptive,2,74.44774225998475,Low,Advanced Topics,Advanced Practice,Advanced Practice,3.649426669658633,51.4,0.72,1.3505798219072669,3.228670615464744,89.8,79.0,87.5,72.0,68.32867061546473
10372,adaptive,2,51.65566701527505,Medium,Problem Solving,Practice Questions,Practice Questions,1.9360303243190669,11.9,0.72,0.16587907818765765,0.39626668678162663,47.3,36.39626668678163,57.0,55.6,39.8
10378,adaptive,2,96.75505978151554,Low,Critical Thinking,Critical Thinking Activity,Critical Thinking Activity,4.525315581520219,60.9,0.72,1.9842603761849853,4.73821212136704,100.0,100.0,99.6,87.43821212136704,100.0
10383,adaptive,2,85.16153381260439,Low,Critical Thinking,Critical Thinking Activity,Critical Thinking Activity,5.974110972163674,75.3,0.72,3.238924004668257,7.745463660784005,98.3,91.7,100.0,92.03892400466826,92.50653965611575
10409,adaptive,2,71.66185692557023,Low,Advanced Topics,Advanced Practice,Advanced Practice,2.6442313758343516,31.1,0.72,0.592096289676828,1.4150582004550634,94.6,89.5,100.0,73.5,73.91505820045506
10412,adaptive,2,50.1657181066058,Medium,Advanced Topics,Advanced Practice,Advanced Practice,2.7364650833162694,35.3,0.72,0.695499965575663,1.6622801210309714,70.8,56.4,67.3,80.4,56.762280121030976
10426,adaptive,2,51.513444808925904,Medium,Advanced Topics,Advanced Practice,Advanced Practice,2.1002708164742883,25.8,0.72,0.3901463068682638,0.9323473687343433,61.1,80.9,80.4,59.1,50.23234736873434
10430,adaptive,2,63.63676318221674,Medium,Critical Thinking,Critical Thinking Activity,Critical Thinking Activity,3.9587438511644337,54.7,0.72,1.5591116783426004,3.7231573594429936,71.3,71.5,67.4,58.923157359442996,67.9
10433,adaptive,2,81.90999619856039,Low,Critical Thinking,Critical Thinking Activity,Critical Thinking Activity,5.786953537071785,83.9,0.72,3.495782892674324,8.34626783509537,83.2,90.6,71.5,71.54626783509538,98.5
10437,adaptive,2,68.16942425711552,Low,Application Skills,Application Exercise,Application Exercise,3.5972101674442074,39.3,0.72,1.017866588980013,2.4315701847855866,92.8,75.8,66.13157018478559,92.0,71.3
10440,adaptive,2,93.19280171361362,Low,Critical Thinking,Critical Thinking Activity,Critical Thinking Activity,6.002423289673294,79.5,0.72,3.4357870910089936,8.207713606299261,100.0,95.07192651529027,97.6,96.23578709100899,97.4
10446,adaptive,2,71.23879543775936,Low,Problem Solving,Practice Questions,Practice Questions,4.0271140144101185,44.4,0.72,1.2873878081266266,3.075426430524719,84.9,77.87542643052471,88.1,89.2,75.7
10452,adaptive,2,80.73630606711059,Low,Critical Thinking,Critical Thinking Activity,Critical Thinking Activity,5.3522984210787685,64.1,0.72,2.4701927672962727,5.893159086389401,69.72296631909313,100.0,72.9,73.37019276729627,80.0
10463,adaptive,2,61.79550927488103,Medium,Application Skills,Application Exercise,Application Exercise,4.0183408591144545,49.5,0.72,1.4321366821883914,3.423549215721259,64.9,68.9,55.532136682188394,69.0,57.891412533532865
10480,adaptive,2,98.80390566931081,Low,Conceptual Understanding,Concept Review,Concept Review,5.805397495363804,87.1,0.72,0.0,0.0,100.0,100.0,98.3,100.0,100.0
10487,adaptive,2,48.90550176296479,Medium,Problem Solving,Practice Questions,Practice Questions,3.06779054374536,42.2,0.72,0.9321174788115902,2.2267250882721323,52.8,32.42672508827213,40.6,39.9,45.5
10494,adaptive,2,62.97053105142271,Medium,Advanced Topics,Advanced Practice,Advanced Practice,4.226377714691611,46.9,0.72,1.427163226697063,3.4115377844631904,80.9,62.3,69.7,75.5,61.611537784463195
10495,adaptive,2,29.449897625809243,High,Advanced Topics,Advanced Practice,Advanced Practice,1.386321726661706,19.1,0.72,0.19064696385051783,0.45555420512462125,40.0,33.5,39.1,17.6,9.855554205124623
10500,adaptive,2,78.38802891867903,Low,Advanced Topics,Advanced Practice,Advanced Practice,4.008978748912727,44.4,0.72,1.2815903264524207,3.0634499661129864,97.8,98.0,98.5,84.3,81.76344996611299
10514,adaptive,2,44.25452605179527,Medium,Advanced Topics,Advanced Practice,Advanced Practice,2.952505760633601,25.1,0.72,0.5335768410617043,1.274655786980738,56.4,59.1,48.84107894591904,48.6,50.1335768410617
10522,adaptive,2,46.06387425247432,Medium,Problem Solving,Practice Questions,Practice Questions,0.7791724716905271,0.0,0.72,0.0,0.0,45.4,44.0,55.0,44.8,45.7
10523,adaptive,2,73.64258233984408,Low,Application Skills,Application Exercise,Application Exercise,3.8990945266919765,42.0,0.72,1.1790861848716536,2.816705886082284,95.0,94.6,76.31670588608227,100.0,87.9
10527,adaptive,2,86.14731451065633,Low,Conceptual Understanding,Concept Review,Concept Review,4.765206630827659,69.3,0.72,2.377647500517768,5.67176110188995,86.77176110188994,100.0,87.2,82.5,89.0
10528,adaptive,2,64.60009082725684,Medium,Application Skills,Application Exercise,Application Exercise,4.2629859962548755,64.7,0.72,1.985869396495371,4.744021336072276,68.9,73.2,63.34402133607228,64.8,64.1
10529,adaptive,2,77.27467776889058,Low,Advanced Topics,Advanced Practice,Advanced Practice,4.569343033590004,45.1,0.72,1.483757069867346,3.5467335500707406,75.9,99.5,75.6,72.9,71.24673355007074
10530,adaptive,2,68.43812940431326,Low,Application Skills,Application Exercise,Application Exercise,3.1289109876187076,34.4,0.72,0.7749686734134014,1.8513140531542367,100.0,81.9,69.95131405315422,85.2,74.1
10535,adaptive,2,69.49384172976625,Low,Critical Thinking,Critical Thinking Activity,Critical Thinking Activity,5.05928472893088,71.8,0.72,2.6154478334681075,6.248014268840479,79.6,76.43256643537237,79.9,76.81544783346811,81.9
10543,adaptive,2,78.75622726089264,Low,Advanced Topics,Advanced Practice,Advanced Practice,5.087806247524971,70.7,0.72,2.589896892240111,6.193006997541968,100.0,100.0,100.0,87.0,73.19300699754196
10544,adaptive,2,68.91651717031465,Low,Application Skills,Application Exercise,Application Exercise,2.8471969117804394,34.1,0.72,0.6990437857803335,1.6699379326974635,83.3,88.2,76.96993793269746,89.4,81.5
10549,adaptive,2,67.22071676849687,Medium,Advanced Topics,Advanced Practice,Advanced Practice,3.2136881675086593,31.7,0.72,0.7334921873521765,1.752996487299962,69.5,71.8,66.4,63.4,59.75299648729996
10550,adaptive,2,55.519308275858755,Medium,Advanced Topics,Advanced Practice,Advanced Practice,2.2332410227975723,27.5,0.72,0.44218172251391935,1.0567231167027136,65.0,55.7,74.9,63.6,56.656723116702715
10555,adaptive,2,85.69988591479583,Low,Application Skills,Application Exercise,Application Exercise,4.388549457616028,44.8,0.72,1.4155705130486258,3.381640670060606,97.1,97.5,78.8816406700606,78.8,83.4
10560,adaptive,2,43.76126981299692,Medium,Advanced Topics,Advanced Practice,Advanced Practice,1.9484623374954457,21.7,0.72,0.30442775561028845,0.727461419713885,62.5,55.4,61.7,44.3,43.32746141971389
10571,adaptive,2,60.81275430691264,Medium,Critical Thinking,Critical Thinking Activity,Critical Thinking Activity,3.0843311727356317,37.1,0.72,0.8238865428611419,1.9676761209621734,66.1,59.0,71.8,55.96767612096217,57.6
10579,adaptive,2,61.169262549680695,Medium,Advanced Topics,Advanced Practice,Advanced Practice,3.1001019298948425,35.3,0.72,0.787921906502073,1.8822578877549523,76.8,99.1,56.49433598125288,68.3,56.48792190650207
10584,adaptive,2,71.6494677147224,Low,Problem Solving,Practice Questions,Practice Questions,3.652329367204233,39.2,0.72,1.0308334405997228,2.462546552543782,72.8,71.66254655254379,100.0,92.4,72.3
10585,adaptive,2,81.16225978697086,Low,Advanced Topics,Advanced Practice,Advanced Practice,4.767838932236817,57.8,0.72,1.9841838500396733,4.743771089544999,96.8,84.2,91.9,76.5,73.04377108954499
10590,adaptive,2,85.93010108534011,Low,Problem Solving,Practice Questions,Practice Questions,3.9192834397090635,56.6,0.72,1.5971863873502377,3.815500814225568,100.0,87.51550081422556,100.0,90.2,100.0
10591,adaptive,2,69.05378130928776,Medium,Advanced Topics,Advanced Practice,Advanced Practice,5.848377223812884,83.4,0.72,3.5118335553551607,8.399030099619724,58.5,72.9,55.1,59.1,55.69903009961972
10596,adaptive,2,77.26936035932222,Low,Advanced Topics,Advanced Practice,Advanced Practice,5.43901725122506,75.7,0.72,2.9644819626077066,7.089210498927996,86.6,79.5,92.5,92.1,62.489210498927996
10600,adaptive,2,36.37228288648067,Medium,Advanced Topics,Advanced Practice,Advanced Practice,1.1570502737419126,17.0,0.72,0.1416229535060101,0.3384006997615789,39.8,45.1,36.8,41.9,33.43840069976158
10602,adaptive,2,37.10902628865889,Medium,Advanced Topics,Advanced Practice,Advanced Practice,0.5779218013066401,9.2,0.72,0.03828154011855184,0.09146192929275654,53.6,57.2,55.9,57.1,47.19146192929276
10605,adaptive,2,74.59739620473843,Low,Problem Solving,Practice Questions,Practice Questions,3.847363390660415,56.9,0.72,1.5761878338857587,3.7653376031715347,100.0,77.67618783388575,79.78914976928577,80.7,99.9
10614,adaptive,2,68.97976113006241,Low,Advanced Topics,Advanced Practice,Advanced Practice,2.8979269101877536,35.4,0.72,0.7386236108686546,1.7653502488776898,74.2,79.0,78.5,91.0,61.165350248877694
10618,adaptive,2,80.21416654116065,Low,Application Skills,Application Exercise,Application Exercise,2.638783398351885,42.3,0.72,0.80366787180205,1.9198732493048973,79.9,95.1,75.7198732493049,89.0,100.0
10622,adaptive,2,57.48257277113877,Medium,Critical Thinking,Critical Thinking Activity,Critical Thinking Activity,2.6908304566201386,39.4,0.72,0.7633347839340009,1.823032694960422,65.7,46.9,62.4,43.92303269496042,62.6
10627,adaptive,2,90.98657816684255,Low,Conceptual Understanding,Concept Review,Concept Review,4.564894095782291,54.3,0.72,0.0,0.0,100.0,100.0,100.0,98.3,100.0
10636,adaptive,2,54.97233394724168,Medium,Advanced Topics,Advanced Practice,Advanced Practice,4.233204224226683,51.0,0.72,1.5544325911360382,3.7159767004832465,57.8,66.4,48.6,49.2,47.915976700483256
10637,adaptive,2,46.92747274289874,Medium,Critical Thinking,Critical Thinking Activity,Critical Thinking Activity,2.1189465379637653,23.8,0.72,0.36310267874547086,0.8672713371266431,62.0,50.8,63.5,47.767271337126644,47.1
10644,adaptive,2,85.32167040984723,Low,Advanced Topics,Advanced Practice,Advanced Practice,5.573571706842618,71.4,0.72,2.865261743053653,6.851530446216968,99.3,81.1,100.0,76.0,73.25153044621698
10645,adaptive,2,55.5106573674634,Medium,Problem Solving,Practice Questions,Practice Questions,1.2860898281446436,10.5,0.72,0.09722839100773503,0.2322678229629226,85.5,51.032267822962915,68.8,96.7,65.2
10650,adaptive,2,63.40853640988781,Medium,Advanced Topics,Advanced Practice,Advanced Practice,2.234853902729226,24.6,0.72,0.39583732325140053,0.9459317675339409,76.0,71.8,75.8,55.6,54.145931767533945
10651,adaptive,2,77.46055468625356,Low,Problem Solving,Practice Questions,Practice Questions,3.434919804139411,44.5,0.72,1.1005483052462672,2.629087618088305,98.9,91.02908761808831,100.0,97.1,95.1
10653,adaptive,2,85.18310707000299,Low,Problem Solving,Advanced Practice,Advanced Practice,5.381195164843867,75.4,0.72,2.921343231090439,6.978764385382716,100.0,96.0,99.85742115429227,98.7,98.82134323109044
10657,adaptive,2,77.01252323036418,Low,Critical Thinking,Critical Thinking Activity,Critical Thinking Activity,4.1025997646737,53.6,0.72,1.5832753011828744,3.7808883810307528,86.5,98.4,100.0,86.18088838103077,90.7
10661,adaptive,2,50.02716614778863,Medium,Advanced Topics,Advanced Practice,Advanced Practice,2.53074432350459,26.3,0.72,0.47922174509882914,1.1448075021805364,53.8,47.065585757081706,52.6,58.4,44.979221745098826
10663,adaptive,2,90.72290398843776,Low,Critical Thinking,Critical Thinking Activity,Critical Thinking Activity,4.522838848475491,68.6,0.72,2.2339205640390145,5.334095730857481,100.0,100.0,100.0,85.23409573085749,100.0
10669,adaptive,2,81.74077551189256,Low,Critical Thinking,Critical Thinking Activity,Critical Thinking Activity,4.623817826090277,58.3,0.72,1.9408937706796545,4.6403055081741025,86.1,89.1,97.4,77.44089377067965,81.09941173749445
10671,adaptive,2,62.96956233908915,Medium,Application Skills,Application Exercise,Application Exercise,3.246279218207525,49.0,0.72,1.1452873081836148,2.735964125105302,66.1,68.1,67.4359641251053,76.7,72.7
10678,adaptive,2,70.41147610265342,Low,Critical Thinking,Critical Thinking Activity,Critical Thinking Activity,2.6884993379653683,41.7,0.72,0.8071950412307223,1.9277516733917552,86.9,80.0,82.0,82.22775167339175,88.4
10679,adaptive,2,45.211128435388375,Medium,Advanced Topics,Application Exercise,Application Exercise,1.9068501639822413,24.5,0.72,0.3363683689264673,0.8035466591021164,68.4,50.7,43.80354665910211,49.4,41.9
10680,adaptive,2,81.01480547768239,Low,Conceptual Understanding,Concept Review,Concept Review,4.830643572296031,58.8,0.72,2.045101262767248,4.879551522138879,85.17955152213888,99.1,93.2,89.5,93.5
10688,adaptive,2,86.64195706503835,Low,Critical Thinking,Critical Thinking Activity,Critical Thinking Activity,5.199253191226603,70.0,0.72,2.620423608378208,6.256917741093239,98.8,92.1,92.2,81.35691774109323,100.0
10690,adaptive,2,83.67603854475,Low,Advanced Topics,Advanced Practice,Advanced Practice,4.812649232856822,65.6,0.72,2.273110485662934,5.435119334083981,100.0,95.6,89.7,100.0,87.135119334084
10693,adaptive,2,71.41399189209702,Low,Critical Thinking,Critical Thinking Activity,Critical Thinking Activity,4.78840500233261,65.6,0.72,2.261659450701738,5.400440162568213,72.9,77.2,65.8,67.80044016256822,89.7
10698,adaptive,2,74.78463220427582,Low,Critical Thinking,Critical Thinking Activity,Critical Thinking Activity,3.526040443700983,49.8,0.72,1.2642970614934246,3.01713936376379,87.95284230227037,99.7,89.7,87.66429706149343,91.2
10714,adaptive,2,58.183728896600215,Medium,Conceptual Understanding,Concept Review,Concept Review,2.139233288837823,22.3,0.72,0.34347529685580086,0.8201436792512296,55.22014367925123,66.9,54.2,76.0,61.2
10715,adaptive,2,51.305589715512625,Medium,Application Skills,Application Exercise,Application Exercise,2.999071465869632,39.2,0.72,0.8464579305270449,2.0204459947987194,50.97398806427167,64.1,54.346457930527045,69.9,51.7
10717,adaptive,2,100.66062487003987,Low,Conceptual Understanding,Concept Review,Concept Review,6.511328880250151,100.0,0.72,0.0,0.0,100.0,100.0,100.0,100.0,100.0
10722,adaptive,2,67.02485695984834,Medium,Problem Solving,Practice Questions,Practice Questions,4.645372746339496,70.6,0.72,2.3613358744192925,5.646460081270808,67.5,61.16133587441929,64.5,65.9,63.485124206851516
10738,adaptive,2,85.21149863367096,Low,Critical Thinking,Critical Thinking Activity,Critical Thinking Activity,4.997361293713764,68.1,0.72,2.4503061895337326,5.85079544474948,100.0,96.5,100.0,97.45079544474947,97.1
10741,adaptive,2,35.524717142803055,High,Advanced Topics,Advanced Practice,Advanced Practice,1.6519993293501574,9.3,0.72,0.11061787509328655,0.26428764803112564,58.6,37.4,42.7,56.4,28.964287648031124
10742,adaptive,2,68.11192225858906,Low,Advanced Topics,Advanced Practice,Advanced Practice,4.581238512284463,64.1,0.72,2.114333198189525,5.055370396976953,73.7,83.2,68.9,61.1,62.055370396976954
10750,adaptive,2,95.29874627909558,Low,Conceptual Understanding,Concept Review,Concept Review,5.382268563969849,60.3,0.72,0.0,0.0,100.0,100.0,100.0,100.0,100.0
10754,adaptive,2,63.26661750887908,Medium,Application Skills,Application Exercise,Application Exercise,2.6259900764483315,38.5,0.72,0.7279244491914776,1.7389306286240853,77.6,96.6,60.838930628624084,80.4,77.8
10762,adaptive,2,36.543614879711676,Medium,Advanced Topics,Advanced Practice,Advanced Practice,2.0598593754010364,32.2,0.72,0.47755779759297623,1.1413385499694741,35.8,40.3,53.4,54.5,12.941338549969474
10765,adaptive,2,52.978285407640826,Medium,Application Skills,Application Exercise,Application Exercise,2.8325998057124857,36.8,0.72,0.7505256445215801,1.7929223730237749,64.8,70.8,56.592922373023775,59.7,65.2
10768,adaptive,2,53.75377212454366,Medium,Advanced Topics,Advanced Practice,Advanced Practice,4.392608309380732,57.7,0.72,1.8248651960491316,4.362867291848213,50.6,60.6,54.4,49.9,49.562867291848214
10788,adaptive,2,86.55677034190126,Low,Problem Solving,Practice Questions,Practice Questions,4.0695653159565035,58.3,0.72,1.7082407370259016,4.0807973162285425,100.0,77.48079731622855,100.0,100.0,88.9
10801,adaptive,2,76.20597354534286,Low,Conceptual Understanding,Concept Review,Concept Review,3.800887180197734,46.0,0.72,1.2588538340814894,3.007261936972447,82.4588538340815,78.44840810289097,79.8,84.7,88.3
10803,adaptive,2,99.48594853429978,Low,Conceptual Understanding,Concept Review,Concept Review,5.370773753310041,73.3,0.72,0.0,0.0,100.0,100.0,100.0,100.0,100.0
10811,adaptive,2,73.17608919258316,Low,Advanced Topics,Advanced Practice,Advanced Practice,3.8723800708500247,45.3,0.72,1.2630154839084438,3.0172036560035047,75.9,68.25418817209506,76.2,72.6,68.66301548390845
10812,adaptive,2,68.23146074024172,Low,Advanced Topics,Advanced Practice,Advanced Practice,4.53840243083067,54.2,0.72,1.7710661646073609,4.234040797912602,82.1,73.8,75.3,73.5,62.634040797912604
10817,adaptive,2,88.27462959723341,Low,Application Skills,Concept Review,Concept Review,3.6320838343235726,47.7,0.72,0.0,0.0,100.0,100.0,95.8,100.0,94.1
10821,adaptive,2,79.83544727185976,Low,Conceptual Understanding,Concept Review,Concept Review,4.19467957105739,59.4,0.72,1.7939805589498241,4.280331593192686,74.68033159319269,89.5,81.4,66.8,86.1
10823,adaptive,2,41.77182636989339,Medium,Problem Solving,Guided Review,Practice Questions,2.1349421279257874,20.3,0.72,0.31204314141763306,0.745436393386568,44.9,29.245436393386566,32.6,35.2,27.8
10824,adaptive,2,40.72830063433605,Medium,Problem Solving,Practice Questions,Practice Questions,1.6408532280664132,16.5,0.72,0.19493336349428989,0.46567414612524805,54.3,42.36567414612525,58.2,51.7,40.8
10827,adaptive,2,81.20482680363158,Low,Advanced Topics,Advanced Practice,Advanced Practice,5.401444429979829,59.9,0.72,2.3295349537617005,5.569595094503353,86.9,93.7,88.6,97.5,74.06959509450334
10830,adaptive,2,81.77344468366444,Low,Advanced Topics,Advanced Practice,Advanced Practice,4.38189955757354,59.6,0.72,1.8803607381459573,4.495663219086669,95.8,96.1,100.0,91.0,84.59566321908666
10838,adaptive,2,64.74482225596614,Medium,Conceptual Understanding,Concept Review,Concept Review,3.179735954748432,42.8,0.72,0.9798674318152767,2.3387118108501115,65.2387118108501,74.3,79.3,75.5,74.8
10846,adaptive,2,66.63802219574569,Medium,Conceptual Understanding,Concept Review,Concept Review,3.555260669706923,53.0,0.72,1.3566874715601618,3.240975626504831,76.45668747156016,72.68428815494467,94.8,73.4,74.5
10850,adaptive,2,48.80521478994437,Medium,Conceptual Understanding,Concept Review,Concept Review,2.349231340766243,23.9,0.72,0.40425572911905505,0.9652419054905987,46.1652419054906,48.6,51.4,83.0,47.7
10860,adaptive,2,98.23811385268056,Low,Conceptual Understanding,Concept Review,Concept Review,6.034688430708864,80.9,0.72,0.0,0.0,100.0,100.0,100.0,100.0,100.0
10866,adaptive,2,104.12216413782772,Low,Conceptual Understanding,Concept Review,Concept Review,6.1325647464936806,83.9,0.72,0.0,0.0,100.0,100.0,100.0,100.0,100.0
10867,adaptive,2,81.45383877548129,Low,Application Skills,Application Exercise,Application Exercise,5.286617215910285,72.7,0.72,2.7672269154960794,6.600618059361011,89.63339114386493,96.8,90.96722691549608,88.7,92.0
10868,adaptive,2,90.09009379021992,Low,Application Skills,Application Exercise,Application Exercise,5.957077279903812,91.4,0.72,3.9202334163591006,9.365002050191185,100.0,92.9,93.46500205019117,94.3,99.5
10880,adaptive,2,63.562824236546675,Medium,Advanced Topics,Advanced Practice,Advanced Practice,4.2427941397347215,51.4,0.72,1.5701732552330256,3.753626529974605,77.3,72.3,70.1,70.2,60.353626529974605
10884,adaptive,2,96.80298636017697,Low,Conceptual Understanding,Concept Review,Concept Review,5.385335560825377,71.0,0.72,0.0,3.820409505945091,100.0,100.0,100.0,98.12040950594509,100.0
10885,adaptive,2,56.486913951774795,Medium,Critical Thinking,Critical Thinking Activity,Critical Thinking Activity,3.3378990812340765,31.8,0.72,0.7642453736393541,1.8253018668955168,70.5,73.2,62.8,56.925301866895516,61.1
10893,adaptive,2,62.896305988241224,Medium,Problem Solving,Practice Questions,Practice Questions,3.7790393653222303,45.1,0.72,1.2271296627074346,2.9314764164677607,65.5,52.23147641646776,75.6,59.0,71.6
10894,adaptive,2,46.44602764650169,Medium,Advanced Topics,Advanced Practice,Advanced Practice,1.92570053101058,13.6,0.72,0.188564595996556,0.45054422211389766,54.0,61.0,70.5,46.1,39.6505442221139
10900,adaptive,2,100.67709792724179,Low,Conceptual Understanding,Concept Review,Concept Review,6.492620087005345,87.9,0.72,0.0,5.7011403586457,100.0,100.0,100.0,95.4011403586457,100.0
10902,adaptive,2,85.41622604872867,Low,Application Skills,Application Exercise,Application Exercise,4.9535076141761225,61.0,0.72,2.1755805441461527,5.19506170294149,93.2,100.0,87.77558054414615,86.51948115879534,98.1
10903,adaptive,2,44.66093581287984,Medium,Advanced Topics,Advanced Practice,Advanced Practice,1.573057684926706,28.4,0.72,0.3216588354138128,0.7687078063069627,61.9,57.2,55.9,59.0,40.368707806306965
10915,adaptive,2,74.19485339151505,Low,Advanced Topics,Advanced Practice,Advanced Practice,3.820833678508306,36.2,0.72,0.9958620899664049,2.3801903232427892,83.2,80.8,90.5,93.6,67.98019032324278
10918,adaptive,2,38.18715980318528,High,Application Skills,Application Exercise,Application Exercise,1.8917151855780479,24.4,0.72,0.3323365238023514,0.7939150290833951,53.8,58.4,26.593915029083394,39.0,30.7
10925,adaptive,2,73.92703060504071,Low,Application Skills,Application Exercise,Application Exercise,2.717052478843144,41.6,0.72,0.8138115584630986,1.9441053896618468,81.1,94.4,81.74410538966184,91.4,95.3
10937,adaptive,2,74.17157230948838,Low,Application Skills,Application Exercise,Application Exercise,4.930273991975931,64.4,0.72,2.2860694445994,5.4611658954319,73.1,75.2,71.4611658954319,83.1,74.2
10939,adaptive,2,101.57599107909621,Low,Conceptual Understanding,Concept Review,Concept Review,5.80795881648581,76.5,0.72,0.0,0.0,100.0,100.0,100.0,100.0,100.0
10942,adaptive,2,55.97692376645206,Medium,Advanced Topics,Advanced Practice,Advanced Practice,3.5349601467628506,42.5,0.72,1.0816978049094321,2.5855690742503543,77.8,70.9,71.7,78.1,55.68556907425035
10943,adaptive,2,57.633395645948646,Medium,Application Skills,Application Exercise,Application Exercise,2.623517398093341,39.1,0.72,0.7385726179112374,1.7643679205657339,68.8,55.8,53.56436792056573,61.1,63.0
10948,adaptive,2,49.79764659710714,Medium,Advanced Topics,Advanced Practice,Advanced Practice,2.6739055390133686,35.2,0.72,0.6776746198075482,1.6196744103056722,52.8,52.5,54.6,68.5,30.51967441030567
10949,adaptive,2,92.05120895210861,Low,Conceptual Understanding,Concept Review,Concept Review,4.712820022042393,63.9,0.72,0.0,0.7000000000000028,100.0,100.0,100.0,100.0,100.0
10960,adaptive,2,68.00679888731666,Low,Conceptual Understanding,Concept Review,Concept Review,3.2402053400329294,45.7,0.72,1.066157165084435,2.5445117085476596,70.14451170854765,80.7,85.7,87.2,95.3
10974,adaptive,2,72.09867831212992,Low,Advanced Topics,Advanced Practice,Advanced Practice,4.3379980111042045,51.0,0.72,1.5929128696774637,3.8079664202713133,100.0,90.3,79.1,83.9,71.90796642027131
10975,adaptive,2,59.235161025261554,Medium,Application Skills,Application Exercise,Application Exercise,3.7813525242192974,45.6,0.72,1.2414936607516798,2.9657904117956795,82.0,66.3,57.36579041179568,64.5,61.4
10978,adaptive,2,65.39991453221349,Medium,Advanced Topics,Advanced Practice,Advanced Practice,3.870640628205714,54.5,0.72,1.518839382507922,3.631063956767839,82.2,69.0,72.5,70.3,59.73106395676784
10979,adaptive,2,44.61222385953046,Medium,Advanced Topics,Advanced Practice,Advanced Practice,2.509660203861622,29.0,0.72,0.5240170505663067,1.2523185533672583,49.6,50.8,40.4,37.0,29.95231855336726
10986,adaptive,2,74.90352725898485,Low,Problem Solving,Practice Questions,Practice Questions,3.4775910617235612,28.3,0.72,0.7085939547367929,1.6927522252045608,100.0,76.19275222520457,89.2,77.6,80.0
10987,adaptive,2,93.78647310243619,Low,Critical Thinking,Critical Thinking Activity,Critical Thinking Activity,6.120979271574464,79.6,0.72,3.508055640124757,8.375814373902099,100.0,97.2,100.0,91.97581437390208,97.4
10990,adaptive,2,56.26396552804658,Medium,Advanced Topics,Advanced Practice,Advanced Practice,3.292873064460458,46.4,0.72,1.1000830333749496,2.629656436120124,60.1,49.0,58.1,59.4,49.52965643612012
10996,adaptive,2,78.76392034310346,Low,Conceptual Understanding,Concept Review,Concept Review,4.108065151922141,53.8,0.72,1.5913001172485606,3.7971894484605726,88.49718944846057,94.2,90.7,92.3,87.4
10999,adaptive,2,89.19077146764802,Low,Critical Thinking,Critical Thinking Activity,Critical Thinking Activity,5.54604714631268,81.0,0.72,3.234454695729555,7.722492697938305,100.0,100.0,95.3,83.3224926979383,97.6
10011,adaptive,3,53.39284508163857,Medium,Advanced Topics,Advanced Practice,Advanced Practice,2.1904772126553556,30.0,0.5,0.3285715818983033,1.459903452865572,56.2,55.5,63.5,59.4,38.859903452865574
10024,adaptive,3,98.38600501553194,Low,Conceptual Understanding,Concept Review,Concept Review,6.5539225628509135,86.8,0.5,0.0,9.784744229433901,100.0,100.0,97.9847442294339,94.6,100.0
10026,adaptive,3,90.63095684794001,Low,Critical Thinking,Critical Thinking Activity,Critical Thinking Activity,5.539411828663221,76.4,0.5,2.1160553185493503,9.3771969579181,91.24112926853893,87.3,100.0,88.03606768937918,100.0
10031,adaptive,3,78.78060204450897,Low,Critical Thinking,Critical Thinking Activity,Critical Thinking Activity,3.215683130863696,22.4,0.5,0.36015651065673393,1.5986717897720044,95.7,100.0,93.6,83.09867178977201,96.2
10040,adaptive,3,82.62468758172186,Low,Critical Thinking,Critical Thinking Activity,Critical Thinking Activity,4.150117875089399,59.2,0.5,1.2284348910264622,5.450438702959752,95.6,100.0,77.4,70.05043870295975,93.8
10045,adaptive,3,90.43342259703348,Low,Conceptual Understanding,Concept Review,Concept Review,5.113086425485101,65.0,0.5,1.661753088282658,7.360914841945032,88.76091484194502,100.0,99.8,100.0,92.2
10055,adaptive,3,64.80858550002644,Medium,Advanced Topics,Advanced Practice,Advanced Practice,4.237462634989745,68.6,0.5,1.4534496838014825,6.46390460296826,72.1,58.6,57.6,57.4,45.16390460296826
10056,adaptive,3,96.49297271055661,Low,Conceptual Understanding,Concept Review,Concept Review,5.767919157307695,71.9,0.5,0.0,0.0,100.0,100.0,96.1,98.2,100.0
10060,adaptive,3,88.63686325788824,Low,Advanced Topics,Advanced Practice,Advanced Practice,5.150065893238195,69.3,0.5,1.7844978320070344,7.910753379821065,88.95808034982493,85.0,99.7,86.46817519798911,87.38449783200703
10061,adaptive,3,52.609286000094116,Medium,Advanced Topics,Advanced Practice,Advanced Practice,3.01767021280168,36.9,0.5,0.55676015426191,2.474194820549094,56.1,42.0,48.8,62.1,35.87419482054909
10064,adaptive,3,92.94766098410534,Low,Conceptual Understanding,Concept Review,Concept Review,5.5813806830375245,75.3,0.5,0.0,7.224191099925164,100.0,96.80011110460765,100.0,97.42407999531751,100.0
10067,adaptive,3,83.27091394612683,Low,Problem Solving,Practice Questions,Practice Questions,5.362518882471407,75.9,0.5,2.035075915897899,9.031256609341966,100.0,90.10262283069096,97.3,91.028633778651,94.9
10068,adaptive,3,56.3537187944927,Medium,Critical Thinking,Critical Thinking Activity,Critical Thinking Activity,3.1658302091539077,45.0,0.5,0.7123117970596292,3.160983756151956,59.4,53.7,68.2,46.06098375615195,63.9
10071,adaptive,3,84.44421270037027,Low,Critical Thinking,Critical Thinking Activity,Critical Thinking Activity,4.659897229499293,56.0,0.5,1.3047712242598022,5.789353830530201,78.0,92.0,90.1,80.3893538305302,89.8
10073,adaptive,3,79.39123340465373,Low,Advanced Topics,Advanced Practice,Advanced Practice,4.057411843560421,57.7,0.5,1.1705633168671816,5.197301126890287,95.0,88.3267378100231,92.1,96.6,86.97056331686719
10077,adaptive,3,68.00727097560042,Medium,Advanced Topics,Advanced Practice,Advanced Practice,3.399687964746767,45.0,0.5,0.7649297920680226,3.399941201065245,77.4,71.9,67.3,71.5,62.99994120106525
10079,adaptive,3,52.96006547406917,Medium,Critical Thinking,Critical Thinking Activity,Critical Thinking Activity,3.4085645687314234,33.4,0.5,0.5692302829781477,2.5263854661737133,65.5,60.3,61.1,49.82638546617371,54.3
10087,adaptive,3,66.44852832189878,Medium,Problem Solving,Practice Questions,Practice Questions,3.66276761403065,48.7,0.5,0.8918839140164634,3.959964578233097,62.0,51.3599645782331,76.5,66.2,56.2
10089,adaptive,3,80.66762047045982,Low,Advanced Topics,Advanced Practice,Advanced Practice,3.370960461116238,36.0,0.5,0.6067728830009228,2.696389140144992,84.1,98.0,94.7,92.9,79.996389140145
10097,adaptive,3,80.91424862895073,Low,Conceptual Understanding,Concept Review,Concept Review,5.800199521988861,77.2,0.5,2.2388770154877005,9.928269463915019,85.10428656161274,92.2,83.42398290230228,87.7,83.5
10102,adaptive,3,55.51241353254467,Medium,Advanced Topics,Advanced Practice,Advanced Practice,4.092961489023632,53.9,0.5,1.1030531212918688,4.903866865711512,63.5,55.6,61.4,60.0,45.80386686571151
10108,adaptive,3,80.37299367053376,Low,Critical Thinking,Critical Thinking Activity,Critical Thinking Activity,4.582015045943258,58.0,0.5,1.3287843633235448,5.895762465352606,88.3,92.9,87.7,88.6957624653526,93.4
10111,adaptive,3,67.87070794623963,Low,Advanced Topics,Advanced Practice,Advanced Practice,3.0409363965461806,31.4,0.5,0.47742701425775036,2.118989794141589,92.2,82.6,83.5,65.34156277988384,66.57742701425775
10121,adaptive,3,100.72704168122517,Low,Conceptual Understanding,Concept Review,Concept Review,6.563404781438525,88.9,0.5,0.0,0.0,100.0,100.0,100.0,100.0,100.0
10137,adaptive,3,60.03029132338959,Medium,Advanced Topics,Advanced Practice,Advanced Practice,2.738556633034604,31.9,0.5,0.43679978296901933,1.9408691995373861,74.3,65.1,84.3,62.8,54.34086919953739
10138,adaptive,3,58.84342032495459,Medium,Advanced Topics,Advanced Practice,Advanced Practice,3.4229037424969713,35.3,0.5,0.6041425105507154,2.6846553281769228,75.4,49.5,56.3,48.6,46.48465532817692
10140,adaptive,3,62.203301795463794,Medium,Advanced Topics,Advanced Practice,Advanced Practice,3.6635469464288586,41.0,0.5,0.7510271240179159,3.337827798420457,70.5,70.0,81.7,67.3,58.93782779842046
10159,adaptive,3,56.56952814604762,Medium,Advanced Topics,Advanced Practice,Advanced Practice,2.9070353693848396,43.0,0.5,0.6250126044177405,2.777907899728595,63.9,58.2,63.6,65.4,54.677907899728595
10169,adaptive,3,76.30044738144433,Low,Critical Thinking,Critical Thinking Activity,Critical Thinking Activity,3.1960160843242305,46.5,0.5,0.7430737396053836,3.2974357986313207,83.5,87.0,90.0,84.59743579863132,93.1
10175,adaptive,3,72.72857678822334,Low,Application Skills,Application Exercise,Application Exercise,4.3311950709525115,42.6,0.5,0.9225445501128849,4.10026817362093,100.0,90.7,68.52254455011288,77.0,66.67772362350806
10185,adaptive,3,86.06277300693615,Low,Problem Solving,Practice Questions,Practice Questions,4.397506367293971,57.3,0.5,1.2598855742297226,5.601555677018506,100.0,93.25988557422973,96.2,100.0,94.14167010278878
10199,adaptive,3,70.70458945753786,Low,Conceptual Understanding,Concept Review,Concept Review,3.5768677384048004,48.7,0.5,0.8709672943015689,3.871596541411117,65.47096729430156,80.2,77.4,81.0,66.30062924710954
10200,adaptive,3,57.1492814407891,Medium,Advanced Topics,Advanced Practice,Advanced Practice,3.189261540385897,47.6,0.5,0.7590442466118436,3.3739909824237295,64.5,63.0,90.8,69.1,45.873990982423734
10209,adaptive,3,59.43912381469476,Medium,Problem Solving,Practice Questions,Practice Questions,3.53061817731258,50.1,0.5,0.8844198534168013,3.9268241491705975,72.8,54.1268241491706,64.9,56.9,65.5
10210,adaptive,3,41.66123861994527,Medium,Problem Solving,Practice Questions,Practice Questions,2.7927041323359623,39.1,0.5,0.5459736578716806,2.424123040950262,61.6,27.024123040950265,48.6,58.3,33.6
10211,adaptive,3,66.71077647557489,Medium,Advanced Topics,Advanced Practice,Advanced Practice,3.658869796004709,61.4,0.5,1.1232730273734457,4.994654706212395,82.9,72.0,74.5,67.5,59.79465470621239
10214,adaptive,3,67.44685057965933,Low,Critical Thinking,Critical Thinking Activity,Critical Thinking Activity,4.503570627712639,66.2,0.5,1.4906818777728836,6.613454986604184,73.8,73.1,84.2,73.91345498660418,71.0
10216,adaptive,3,62.3186872674861,Medium,Problem Solving,Practice Questions,Practice Questions,3.600526059386621,58.9,0.5,1.0603549244893598,4.700984423875747,76.52459584656981,74.86035492448936,79.9,77.41603365281658,79.3
10219,adaptive,3,87.36099028843657,Low,Conceptual Understanding,Concept Review,Concept Review,3.0746388483289873,44.1,0.5,0.6779578660565417,3.010132925291045,89.17795786605654,93.1,85.53217505923452,100.0,99.1
10222,adaptive,3,69.72120053881834,Low,Problem Solving,Practice Questions,Practice Questions,4.49167578439771,59.4,0.5,1.3340277079661198,5.918929148221448,83.3,68.73402770796612,77.5,68.28490144025534,72.2
10236,adaptive,3,50.716518708101205,Medium,Problem Solving,Practice Questions,Practice Questions,2.703005033342923,32.4,0.5,0.43788681540155355,1.9442174603828977,79.4,47.2442174603829,45.2,59.7,48.4
10238,adaptive,3,58.4127376221578,Medium,Critical Thinking,Critical Thinking Activity,Critical Thinking Activity,2.472004869327616,21.8,0.5,0.26944853075671016,1.1960434007349163,51.7,60.5,67.2,54.396043400734925,72.0
10245,adaptive,3,66.08725332245098,Medium,Critical Thinking,Critical Thinking Activity,Critical Thinking Activity,3.2539382398534427,38.6,0.5,0.6280100802917145,2.7870936571284677,93.4,69.4,69.4,64.98709365712847,88.1
10248,adaptive,3,50.199790291344414,Medium,Problem Solving,Practice Questions,Practice Questions,1.0213799780987074,10.6,0.5,0.05413313883923149,0.2403511364461878,85.5,45.34035113644619,71.2,61.4,59.9
10255,adaptive,3,57.89838103465901,Medium,Application Skills,Application Exercise,Application Exercise,1.6573524916554168,29.0,0.5,0.2403161112900354,1.0670035341277573,88.7,100.0,61.66700353412776,80.3,71.7
10257,adaptive,3,61.57594609318038,Medium,Advanced Topics,Advanced Practice,Advanced Practice,3.925844398904085,40.3,0.5,0.7910576463791731,3.5141666376907073,59.7,63.58320290192531,73.1,63.2,64.3309637357654
10260,adaptive,3,67.87914096863447,Medium,Problem Solving,Practice Questions,Practice Questions,5.12953916320035,69.4,0.5,1.7799500896305218,7.916096379232607,69.2,66.97995008963052,79.7,72.7,67.73614628960208
10261,adaptive,3,52.529814084729495,Medium,Problem Solving,Practice Questions,Practice Questions,2.5026782636461133,34.3,0.5,0.4292093222153084,1.9063870522392334,58.4,51.24727074620535,65.5,59.8,48.25911630603388
10262,adaptive,3,74.87015993768956,Low,Critical Thinking,Critical Thinking Activity,Critical Thinking Activity,5.118121884568157,61.7,0.5,1.5789406013892764,7.020839546905633,93.8,82.0,77.2,74.17894060138927,74.34189894551636
10266,adaptive,3,73.29774711894468,Low,Advanced Topics,Advanced Practice,Advanced Practice,4.31357954139182,58.4,0.5,1.2595652260864114,5.600278705002124,90.8,81.3,88.4,88.4,67.40027870500212
10276,adaptive,3,85.97553699065415,Low,Application Skills,Application Exercise,Application Exercise,5.926190670049348,78.7,0.5,2.3319560286644183,10.353884767270017,100.0,100.0,83.35388476727003,92.0,82.4
10278,adaptive,3,52.75518233410686,Medium,Advanced Topics,Advanced Practice,Advanced Practice,2.866843383928116,32.3,0.5,0.4629952065043907,2.0572851913770767,63.4,66.3,47.3,45.6,29.057285191377076
10281,adaptive,3,57.53313756785884,Medium,Conceptual Understanding,Concept Review,Concept Review,3.522583252366086,44.8,0.5,0.7890586485300032,3.5071717830864935,55.28905864853,58.3,67.8,61.4,52.41811313455649
10282,adaptive,3,60.95346678194477,Medium,Problem Solving,Practice Questions,Practice Questions,3.92019239028455,48.4,0.5,0.9486865584488611,4.212168319512943,69.2,51.612168319512946,78.0,63.3,62.4
10290,adaptive,3,64.11977440757231,Medium,Advanced Topics,Advanced Practice,Advanced Practice,3.223233105150068,35.7,0.5,0.5753471092692871,2.5567203448951963,77.2,64.7,90.0,75.1,58.5567203448952
10293,adaptive,3,69.28684779962862,Low,Advanced Topics,Advanced Practice,Advanced Practice,3.7591524775905403,60.9,0.5,1.1446619294263194,5.089699995680883,79.0,80.4,85.2,66.1,59.58969999568088
10295,adaptive,3,79.24216988715321,Low,Critical Thinking,Critical Thinking Activity,Critical Thinking Activity,4.083176517769875,53.5,0.5,1.0922497185034417,4.851648505562491,100.0,92.6,85.4,85.0773732043074,85.27427530125509
10297,adaptive,3,72.53717786651208,Low,Advanced Topics,Advanced Practice,Advanced Practice,4.446496731572829,63.2,0.5,1.4050929671770138,6.248041377249347,100.0,80.1,81.0,76.3,57.848041377249345
10299,adaptive,3,66.71969168663021,Medium,Advanced Topics,Advanced Practice,Advanced Practice,3.0398697705741524,40.7,0.5,0.6186134983118401,2.7493155159401104,76.6,80.7,71.1,92.0,72.8493155159401
10300,adaptive,3,108.21953494925461,Low,Conceptual Understanding,Concept Review,Concept Review,6.783315480765699,99.0,0.5,0.0,6.70770024242278,100.0,100.0,100.0,96.00770024242277,100.0
10308,adaptive,3,63.772440958972496,Low,Critical Thinking,Critical Thinking Activity,Critical Thinking Activity,3.027826156888421,37.2,0.5,0.5631756651812464,2.499401401167084,100.0,67.3,73.5,66.19940140116708,78.3
10310,adaptive,3,75.84960305965001,Low,Conceptual Understanding,Concept Review,Concept Review,4.281325798929039,53.4,0.5,1.1431139883140535,5.069293690601011,74.62395088702449,98.5,87.5,74.94534280357652,87.8
10311,adaptive,3,72.63826968252219,Low,Conceptual Understanding,Concept Review,Concept Review,3.831041913312542,46.2,0.5,0.8849706819751972,3.926346501409089,78.6519887193648,89.4,79.77435778204429,83.6,81.3
10313,adaptive,3,70.66625840388849,Low,Advanced Topics,Advanced Practice,Advanced Practice,5.331852023535343,73.8,0.5,1.9674533966845416,8.725121643125528,75.92453535521524,80.4,77.73313289122575,83.0,75.16745339668455
10315,adaptive,3,42.987998525507884,Medium,Advanced Topics,Advanced Practice,Advanced Practice,1.2037635487048681,12.6,0.5,0.07583710356840669,0.33681805394504105,57.4,43.6,49.2,48.3,29.936818053945043
10319,adaptive,3,66.86621164567842,Low,Application Skills,Application Exercise,Application Exercise,2.7404993901023795,44.8,0.5,0.613871863382933,2.7255910734202224,79.6,74.8,73.22559107342023,80.1,82.1
10320,adaptive,3,92.33818009267809,Low,Application Skills,Application Exercise,Application Exercise,5.492377237501431,85.6,0.5,0.0,5.799999999999995,100.0,100.0,100.0,100.0,100.0
10322,adaptive,3,85.53686738402595,Low,Problem Solving,Practice Questions,Practice Questions,4.777003523377642,62.0,0.5,1.4808710922470691,6.575067649576987,97.4,87.87506764957699,90.1,96.3,93.1
10328,adaptive,3,60.716936296889514,Medium,Advanced Topics,Advanced Practice,Advanced Practice,2.5370073993965105,25.7,0.5,0.32600545082245164,1.4483528559148748,78.5,82.9,59.7,62.6,59.24835285591487
10329,adaptive,3,70.24580005678692,Low,Application Skills,Application Exercise,Application Exercise,3.647671759154533,46.2,0.5,0.8426121763646971,3.741198063059255,88.6,66.8,55.54119806305925,86.8,73.6
10333,adaptive,3,75.79750431583342,Low,Advanced Topics,Advanced Practice,Advanced Practice,4.517742164301455,56.0,0.5,1.2649678060044076,5.618954149893628,96.2,78.3,89.0,75.1306921953333,76.98826195456033
10347,adaptive,3,70.66924663447809,Low,Advanced Topics,Advanced Practice,Advanced Practice,4.074500669437391,53.3,0.5,1.0858544284050646,4.8273370097217745,83.8,80.5,90.4,76.5,75.22733700972178
10352,adaptive,3,30.33430031419971,High,Advanced Topics,Guided Review,Advanced Practice,1.5540631821185187,17.1,0.5,0.13287240207113335,0.5901944016501903,26.4,36.9,32.6,31.6,28.190194401650192
10356,adaptive,3,75.28919775207132,Low,Conceptual Understanding,Concept Review,Concept Review,4.131059380557126,47.7,0.5,0.9852576622628746,4.373939299681648,80.25401370949487,83.5,82.2,81.3,79.51992559018677
10362,adaptive,3,68.71827912148227,Low,Problem Solving,Practice Questions,Practice Questions,2.4812221607546485,22.1,0.5,0.27417504876338866,1.2173372165094456,88.1,59.11733721650945,77.9,100.0,70.5
10364,adaptive,3,53.76386928773463,Medium,Advanced Topics,Advanced Practice,Advanced Practice,3.37891594123498,30.7,0.5,0.5186635969795694,2.304555484784691,67.1,47.4,61.6,45.3,44.80455548478469
10366,adaptive,3,74.44048525501461,Low,Conceptual Understanding,Concept Review,Concept Review,5.27723253208767,73.0,0.5,1.9261898742119994,8.52981003189085,79.42981003189085,84.4,83.7,82.0,90.8
10371,adaptive,3,74.46978763694298,Low,Advanced Topics,Advanced Practice,Advanced Practice,3.646229107493536,51.4,0.5,0.9370808806258387,4.165751496090583,89.8,79.0,87.5,72.0,69.26575149609057
10372,adaptive,3,51.66160550106966,Medium,Problem Solving,Practice Questions,Practice Questions,1.9360303243190669,11.9,0.5,0.11519380429698449,0.5114604910786111,47.3,36.511460491078616,57.0,55.6,39.8
10378,adaptive,3,96.7041240503948,Low,Critical Thinking,Critical Thinking Activity,Critical Thinking Activity,4.5276409174781715,60.9,0.5,1.3786666593721033,6.116878780739143,100.0,100.0,99.6,88.81687878073915,100.0
10383,adaptive,3,85.07839101330127,Low,Advanced Topics,Advanced Practice,Advanced Practice,5.977906636555064,75.3,0.5,2.2506818486629814,9.996145509446986,98.3,91.7,100.0,92.03892400466826,94.75722150477873
10409,adaptive,3,71.67152165303747,Low,Advanced Topics,Critical Thinking Activity,Critical Thinking Activity,2.6428295596193787,31.1,0.5,0.4109599965208134,1.8260181969758769,94.6,89.5,100.0,73.91095999652082,73.91505820045506
10412,adaptive,3,50.17707068174934,Medium,Advanced Topics,Advanced Practice,Advanced Practice,2.734818453965173,35.3,0.5,0.48269545712485307,2.1449755781558246,70.8,56.4,67.3,80.4,57.24497557815583
10426,adaptive,3,51.51981312738014,Medium,Advanced Topics,Advanced Practice,Advanced Practice,2.0993471264787336,25.8,0.5,0.2708157793157566,1.2031631480501,61.1,80.9,80.4,59.1,50.50316314805009
10430,adaptive,3,63.59674096830349,Medium,Critical Thinking,Critical Thinking Activity,Critical Thinking Activity,3.960570959386533,54.7,0.5,1.0832161573922168,4.80637351683521,71.3,71.5,67.4,60.00637351683521,67.9
10433,adaptive,3,81.82025986172941,Low,Critical Thinking,Critical Thinking Activity,Critical Thinking Activity,5.791050211963393,83.9,0.5,2.4293455639186434,10.775613399014013,83.2,90.6,71.5,73.97561339901402,98.5
10437,adaptive,3,68.19611430130092,Low,Application Skills,Application Exercise,Application Exercise,3.5972101674442074,39.3,0.5,0.7068517979027867,3.1384219826883735,92.8,75.8,66.83842198268837,92.0,71.3
10440,adaptive,3,93.10460546197442,Low,Problem Solving,Practice Questions,Practice Questions,6.006449656052666,79.5,0.5,2.387563738280935,10.595277344580197,100.0,97.4594902535712,97.6,96.23578709100899,97.4
10446,adaptive,3,71.28488403611809,Low,Problem Solving,Practice Questions,Practice Questions,4.0271140144101185,44.4,0.5,0.8940193111990463,3.9694457417237654,84.9,78.76944574172376,88.1,89.2,75.7
10452,adaptive,3,80.67289650850554,Low,Conceptual Understanding,Concept Review,Concept Review,5.355193216607525,64.1,0.5,1.7163394259227114,7.609498512312113,71.43930574501584,100.0,72.9,73.37019276729627,80.0
10463,adaptive,3,61.833062124872335,Medium,Advanced Topics,Advanced Practice,Advanced Practice,4.0183408591144545,49.5,0.5,0.9945393626308274,4.418088578352086,64.9,68.9,55.532136682188394,69.0,58.88595189616369
10480,adaptive,3,98.80390566931081,Low,Conceptual Understanding,Concept Review,Concept Review,5.805397495363804,87.1,0.5,0.0,0.0,100.0,100.0,98.3,100.0,100.0
10487,adaptive,3,48.938871651845915,Medium,Problem Solving,Practice Questions,Practice Questions,3.06779054374536,42.2,0.5,0.647303804730271,2.8740288930024036,52.8,33.0740288930024,40.6,39.9,45.5
10494,adaptive,3,62.99382649150195,Medium,Advanced Topics,Advanced Practice,Advanced Practice,4.222998837661848,46.9,0.5,0.9902932274317032,4.401831011894894,80.9,62.3,69.7,75.5,62.6018310118949
10495,adaptive,3,29.453009536794326,High,Advanced Topics,Advanced Practice,Advanced Practice,1.3858703608789433,19.1,0.5,0.13235061946393908,0.5879048245885603,40.0,33.5,39.1,17.6,9.987904824588561
10500,adaptive,3,78.40894818712536,Low,Advanced Topics,Advanced Practice,Advanced Practice,4.005944522669637,44.4,0.5,0.8893196840326594,3.9527696501456457,97.8,98.0,98.5,84.3,82.65276965014564
10514,adaptive,3,44.26323557225943,Medium,Critical Thinking,Critical Thinking Activity,Critical Thinking Activity,2.951242492005212,25.1,0.5,0.37038093274665407,1.645036719727392,56.4,59.1,48.84107894591904,48.97038093274666,50.1335768410617
10522,adaptive,3,46.06387425247432,Medium,Problem Solving,Practice Questions,Practice Questions,0.7791724716905271,0.0,0.5,0.0,0.0,45.4,44.0,55.0,44.8,45.7
10523,adaptive,3,73.6734998124415,Low,Application Skills,Application Exercise,Application Exercise,3.8990945266919765,42.0,0.5,0.8188098506053151,3.6355157366875988,95.0,94.6,77.1355157366876,100.0,87.9
10527,adaptive,3,86.17527490472861,Low,Critical Thinking,Critical Thinking Activity,Critical Thinking Activity,4.773720791522183,69.3,0.5,1.6540942542624362,7.3258553561523865,86.77176110188994,100.0,87.2,84.15409425426243,89.0
10528,adaptive,3,64.65216340976689,Medium,Application Skills,Application Exercise,Application Exercise,4.2629859962548755,64.7,0.5,1.3790759697884523,6.123097305860728,68.9,73.2,64.72309730586073,64.8,64.1
10529,adaptive,3,77.29889698451123,Low,Advanced Topics,Advanced Practice,Advanced Practice,4.565830167936419,45.1,0.5,1.0295947028696624,4.576328252940403,75.9,99.5,75.6,72.9,72.2763282529404
10530,adaptive,3,68.45845028757992,Low,Application Skills,Application Exercise,Application Exercise,3.1289109876187076,34.4,0.5,0.5381726898704177,2.3894867430246545,100.0,81.9,70.48948674302464,85.2,74.1
10535,adaptive,3,69.42670349064969,Low,Problem Solving,Practice Questions,Practice Questions,5.062349747497145,71.8,0.5,1.817383559351475,8.065397828191955,79.6,78.24994999472383,79.9,76.81544783346811,81.9
10543,adaptive,3,78.79850188424054,Low,Advanced Topics,Advanced Practice,Advanced Practice,5.081674543067521,70.7,0.5,1.796371950974369,7.989378948516337,100.0,100.0,100.0,87.0,74.98937894851633
10544,adaptive,3,68.93484718500615,Low,Application Skills,Application Exercise,Application Exercise,2.8471969117804394,34.1,0.5,0.48544707345856497,2.1553850061560285,83.3,88.2,77.45538500615602,89.4,81.5
10549,adaptive,3,67.23268948680926,Medium,Advanced Topics,Advanced Practice,Advanced Practice,3.211951589759882,31.7,0.5,0.5090943269769412,2.2620908142769034,69.5,71.8,66.4,63.4,60.2620908142769
10550,adaptive,3,55.526525963105925,Medium,Advanced Topics,Advanced Practice,Advanced Practice,2.2321941364728444,27.5,0.5,0.30692669376501613,1.3636498104677297,65.0,55.7,74.9,63.6,56.96364981046773
10555,adaptive,3,85.73700437408102,Low,Application Skills,Application Exercise,Application Exercise,4.388549457616028,44.8,0.5,0.9830350785059901,4.364675748566596,97.1,97.5,79.8646757485666,78.8,83.4
10560,adaptive,3,43.76623895626422,Medium,Advanced Topics,Advanced Practice,Advanced Practice,1.9477415902596622,21.7,0.5,0.21132996254317335,0.9387913822570584,62.5,55.4,61.7,44.3,43.53879138225707
10571,adaptive,3,60.791605235991895,Medium,Advanced Topics,Advanced Practice,Advanced Practice,3.085296677578838,37.1,0.5,0.5723225336908745,2.539998654653048,66.1,59.0,71.8,55.96767612096217,58.172322533690874
10579,adaptive,3,61.182123718758405,Medium,Application Skills,Advanced Practice,Advanced Practice,3.098236487189113,35.3,0.5,0.5468387399888784,2.4290966277438306,76.8,99.1,56.49433598125288,68.3,57.03476064649095
10584,adaptive,3,71.68637164384046,Low,Problem Solving,Practice Questions,Practice Questions,3.652329367204233,39.2,0.5,0.7158565559720297,3.1784031085158118,72.8,72.37840310851581,100.0,92.4,72.3
10585,adaptive,3,81.1946474179861,Low,Advanced Topics,Advanced Practice,Advanced Practice,4.763141282305602,57.8,0.5,1.3765478305863188,6.120318920131318,96.8,84.2,91.9,76.5,74.42031892013131
10590,adaptive,3,85.98728050046735,Low,Problem Solving,Practice Questions,Practice Questions,3.9192834397090635,56.6,0.5,1.109157213437665,4.924658027663233,100.0,88.62465802766323,100.0,90.2,100.0
10591,adaptive,3,69.11110461094427,Medium,Advanced Topics,Advanced Practice,Advanced Practice,5.840062790319525,83.4,0.5,2.435306183563242,10.834336283182965,58.5,72.9,55.1,59.1,58.13433628318296
10596,adaptive,3,77.31774929664492,Low,Advanced Topics,Advanced Practice,Advanced Practice,5.431998698741904,75.7,0.5,2.056011507473811,9.145222006401807,86.6,79.5,92.5,92.1,64.5452220064018
10600,adaptive,3,36.37459458353503,Medium,Advanced Topics,Advanced Practice,Advanced Practice,1.1567149746425969,17.0,0.5,0.09832077284462074,0.43672147260619965,39.8,45.1,36.8,41.9,33.5367214726062
10602,adaptive,3,37.10965115434159,Medium,Advanced Topics,Advanced Practice,Advanced Practice,0.5778311679339811,9.2,0.5,0.026580233724963133,0.11804216301771966,53.6,57.2,55.9,57.1,47.21804216301772
10605,adaptive,3,74.65382386977869,Low,Critical Thinking,Critical Thinking Activity,Critical Thinking Activity,3.847363390660415,56.9,0.5,1.094574884642888,4.859912487814423,100.0,77.67618783388575,79.78914976928577,81.79457488464288,99.9
10614,adaptive,3,68.99181760807855,Low,Advanced Topics,Advanced Practice,Advanced Practice,2.8961781835489786,35.4,0.5,0.5126235384881692,2.277973787365859,74.2,79.0,78.5,91.0,61.677973787365865
10618,adaptive,3,80.23523996202053,Low,Application Skills,Application Exercise,Application Exercise,2.638783398351885,42.3,0.5,0.5581026887514237,2.477975938056321,79.9,95.1,76.27797593805631,89.0,100.0
10622,adaptive,3,57.462978056767504,Medium,Critical Thinking,Critical Thinking Activity,Critical Thinking Activity,2.691725001430054,39.4,0.5,0.5302698252817206,2.353302520242143,65.7,46.9,62.4,44.45330252024214,62.6
10627,adaptive,3,90.98657816684255,Low,Conceptual Understanding,Concept Review,Concept Review,4.564894095782291,54.3,0.5,0.0,0.0,100.0,100.0,100.0,98.3,100.0
10636,adaptive,3,54.997706792201974,Medium,Advanced Topics,Advanced Practice,Advanced Practice,4.229524030904536,51.0,0.5,1.0785286278806567,4.794505328363903,57.8,66.4,48.6,49.2,48.994505328363914
10637,adaptive,3,46.918151939724034,Medium,Critical Thinking,Critical Thinking Activity,Critical Thinking Activity,2.119372054556975,23.8,0.5,0.2522052744922801,1.1194766116189232,62.0,50.8,63.5,48.01947661161893,47.1
10644,adaptive,3,85.36843978562571,Low,Advanced Topics,Advanced Practice,Advanced Practice,5.566788062963095,71.4,0.5,1.9873433384778252,8.838873784694792,99.3,81.1,100.0,76.0,75.2388737846948
10645,adaptive,3,55.514138152533704,Medium,Problem Solving,Practice Questions,Practice Questions,1.2860898281446436,10.5,0.5,0.06751971597759378,0.29978753894051635,85.5,51.09978753894051,68.8,96.7,65.2
10650,adaptive,3,63.41499762222318,Medium,Advanced Topics,Advanced Practice,Advanced Practice,2.233916738980863,24.6,0.5,0.27477175889464617,1.220703526428587,76.0,71.8,75.8,55.6,54.42070352642859
10651,adaptive,3,77.49995441374413,Low,Problem Solving,Practice Questions,Practice Questions,3.434919804139411,44.5,0.5,0.764269656421019,3.393357274509324,98.9,91.79335727450933,100.0,97.1,95.1
10653,adaptive,3,85.2307918582022,Low,Problem Solving,Practice Questions,Practice Questions,5.374278745365746,75.4,0.5,2.026103087002886,9.004867472385602,100.0,98.02610308700288,99.85742115429227,98.7,98.82134323109044
10657,adaptive,3,76.9718807390868,Low,Critical Thinking,Critical Thinking Activity,Critical Thinking Activity,4.104455190016747,53.6,0.5,1.0999939909244882,4.880882371955241,86.5,98.4,100.0,87.28088237195526,90.7
10661,adaptive,3,50.03498843555417,Medium,Advanced Topics,Practice Questions,Practice Questions,2.5296097431591975,26.3,0.5,0.3326436812254345,1.477451183405971,53.8,47.39822943830714,52.6,58.4,44.979221745098826
10663,adaptive,3,90.66555950957772,Low,Critical Thinking,Critical Thinking Activity,Critical Thinking Activity,4.525456758845075,68.6,0.5,1.5522316682838606,6.886327399141342,100.0,100.0,100.0,86.78632739914136,100.0
10669,adaptive,3,81.69095299644864,Low,Critical Thinking,Critical Thinking Activity,Critical Thinking Activity,4.626092341133613,58.3,0.5,1.3485059174404481,5.988811425614551,86.1,89.1,97.4,78.7893996881201,81.09941173749445
10671,adaptive,3,62.99959355260115,Medium,Application Skills,Application Exercise,Application Exercise,3.246279218207525,49.0,0.5,0.7953384084608436,3.5313025335661457,66.1,68.1,68.23130253356615,76.7,72.7
10678,adaptive,3,70.39075550062178,Low,Critical Thinking,Critical Thinking Activity,Critical Thinking Activity,2.6894452821957637,41.7,0.5,0.5607493413378168,2.488501014729572,86.9,80.0,82.0,82.78850101472956,88.4
10679,adaptive,3,45.219948536889305,Medium,Advanced Topics,Advanced Practice,Advanced Practice,1.9068501639822413,24.5,0.5,0.23358914508782455,1.037135804189941,68.4,50.7,43.80354665910211,49.4,42.133589145087825
10680,adaptive,3,81.0388552315724,Low,Conceptual Understanding,Concept Review,Concept Review,4.837966912187241,58.8,0.5,1.422362272183049,6.301913794321928,86.60191379432193,99.1,93.2,89.5,93.5
10688,adaptive,3,86.57469109836346,Low,Critical Thinking,Critical Thinking Activity,Critical Thinking Activity,5.202324040856401,70.0,0.5,1.82081341429974,8.077731155392978,98.8,92.1,92.2,83.17773115539296,100.0
10690,adaptive,3,83.71314229582885,Low,Advanced Topics,Advanced Practice,Advanced Practice,4.807267535330958,65.6,0.5,1.5767837515885539,7.011903085672535,100.0,95.6,89.7,100.0,88.71190308567255
10693,adaptive,3,71.35593535926986,Low,Application Skills,Application Exercise,Application Exercise,4.7910554196409825,65.6,0.5,1.571466177642242,6.971906340210455,72.9,77.2,67.37146617764223,67.80044016256822,89.7
10698,adaptive,3,74.752177846998,Low,Critical Thinking,Critical Thinking Activity,Critical Thinking Activity,3.5275220614634044,49.8,0.5,0.8783529933043877,3.8954923570681776,87.95284230227037,99.7,89.7,88.54265005479782,91.2
10714,adaptive,3,58.187768059113615,Medium,Conceptual Understanding,Concept Review,Concept Review,2.1404632457054382,22.3,0.5,0.23866165189615637,1.058805331147386,55.45880533114739,66.9,54.2,76.0,61.2
10715,adaptive,3,51.32778515822726,Medium,Conceptual Understanding,Concept Review,Concept Review,2.999071465869632,39.2,0.5,0.5878180073104479,2.608264002109167,51.56180607158212,64.1,54.346457930527045,69.9,51.7
10717,adaptive,3,100.66062487003987,Low,Conceptual Understanding,Concept Review,Concept Review,6.511328880250151,100.0,0.5,0.0,0.0,100.0,100.0,100.0,100.0,100.0
10722,adaptive,3,67.10939299477052,Medium,Advanced Topics,Advanced Practice,Advanced Practice,4.645372746339496,70.6,0.5,1.639816579457842,7.28627666072865,67.5,61.16133587441929,64.5,65.9,65.12494078630935
10738,adaptive,3,85.14859956118455,Low,Critical Thinking,Advanced Practice,Advanced Practice,5.000232784350226,68.1,0.5,1.7025792630712517,7.553374707820732,100.0,96.5,100.0,97.45079544474947,98.80257926307125
10741,adaptive,3,35.52652274711848,High,Advanced Topics,Advanced Practice,Advanced Practice,1.6517374362532489,9.3,0.5,0.07680579078577608,0.34109343881690174,58.6,37.4,42.7,56.4,29.0410934388169
10742,adaptive,3,68.14643430416633,Low,Advanced Topics,Advanced Practice,Advanced Practice,4.576232727562022,64.1,0.5,1.466682589183628,6.52205298616058,73.7,83.2,68.9,61.1,63.52205298616058
10750,adaptive,3,95.29874627909558,Low,Conceptual Understanding,Concept Review,Concept Review,5.382268563969849,60.3,0.5,0.0,0.0,100.0,100.0,100.0,100.0,100.0
10754,adaptive,3,63.285704819458765,Medium,Application Skills,Application Exercise,Application Exercise,2.6259900764483315,38.5,0.5,0.5055030897163039,2.2444337183403893,77.6,96.6,61.34443371834039,80.4,77.8
10762,adaptive,3,36.55141000703145,Medium,Advanced Topics,Advanced Practice,Advanced Practice,2.0587287345307517,32.2,0.5,0.331455326259451,1.4727938762289252,35.8,40.3,53.4,54.5,13.272793876228926
10765,adaptive,3,52.997965356694486,Medium,Application Skills,Application Exercise,Application Exercise,2.8325998057124857,36.8,0.5,0.5211983642510973,2.314120737274872,64.8,70.8,57.114120737274874,59.7,65.2
10768,adaptive,3,53.783559213386766,Medium,Conceptual Understanding,Concept Review,Concept Review,4.388287853963999,57.7,0.5,1.2660210458686139,5.628888337716827,51.866021045868614,60.6,54.4,49.9,49.562867291848214
10788,adaptive,3,86.6179255126523,Low,Problem Solving,Practice Questions,Practice Questions,4.0695653159565035,58.3,0.5,1.1862782896013206,5.267075605829863,100.0,78.66707560582987,100.0,100.0,88.9
10801,adaptive,3,76.22077727435342,Low,Problem Solving,Practice Questions,Practice Questions,3.805395032531587,46.0,0.5,0.8752408574822651,3.882502794454712,82.4588538340815,79.32364896037323,79.8,84.7,88.3
10803,adaptive,3,99.48594853429978,Low,Conceptual Understanding,Concept Review,Concept Review,5.370773753310041,73.3,0.5,0.0,0.0,100.0,100.0,100.0,100.0,100.0
10811,adaptive,3,73.19670526576537,Low,Problem Solving,Practice Questions,Practice Questions,3.869389821432871,45.3,0.5,0.8764167945545452,3.89362045055805,75.9,69.1306049666496,76.2,72.6,68.66301548390845
10812,adaptive,3,68.26036967297077,Low,Advanced Topics,Advanced Practice,Advanced Practice,4.534209347187651,54.2,0.5,1.2287707330878535,5.4628115310004555,82.1,73.8,75.3,73.5,63.86281153100046
10817,adaptive,3,88.27462959723341,Low,Application Skills,Concept Review,Concept Review,3.6320838343235726,47.7,0.5,0.0,0.0,100.0,100.0,95.8,100.0,94.1
10821,adaptive,3,79.85654392448608,Low,Critical Thinking,Critical Thinking Activity,Critical Thinking Activity,4.201103668304112,59.4,0.5,1.2477277894863212,5.528059382679007,74.68033159319269,89.5,81.4,68.04772778948632,86.1
10823,adaptive,3,41.782997542188646,Medium,Problem Solving,Guided Review,Practice Questions,2.1349421279257874,20.3,0.5,0.21669662598446743,0.9621330193710353,44.9,29.462133019371034,32.6,35.2,27.8
10824,adaptive,3,40.73527926613612,Medium,Problem Solving,Practice Questions,Practice Questions,1.6408532280664132,16.5,0.5,0.1353703913154791,0.6010445374407272,54.3,42.50104453744073,58.2,51.7,40.8
10827,adaptive,3,81.24285156555977,Low,Advanced Topics,Advanced Practice,Advanced Practice,5.395929144833705,59.9,0.5,1.6160807788776945,7.185675873381047,86.9,93.7,88.6,97.5,75.68567587338103
10830,adaptive,3,81.80413762059234,Low,Advanced Topics,Advanced Practice,Advanced Practice,4.3774477138131775,59.6,0.5,1.3044794187163269,5.800142637802996,95.8,96.1,100.0,91.0,85.90014263780299
10838,adaptive,3,64.7563451917782,Medium,Conceptual Understanding,Concept Review,Concept Review,3.1832447796570817,42.8,0.5,0.6812143828466155,3.019926193696727,65.91992619369672,74.3,79.3,75.5,74.8
10846,adaptive,3,66.65397641786208,Medium,Advanced Topics,Advanced Practice,Advanced Practice,3.560118856272676,53.0,0.5,0.9434314969122591,4.18440712341709,76.45668747156016,72.68428815494467,94.8,73.4,75.44343149691225
10850,adaptive,3,48.809968711410725,Medium,Advanced Topics,Concept Review,Concept Review,2.3506789473768324,23.9,0.5,0.28090613421153143,1.2461480397021303,46.44614803970214,48.6,51.4,83.0,47.7
10860,adaptive,3,98.23811385268056,Low,Conceptual Understanding,Concept Review,Concept Review,6.034688430708864,80.9,0.5,0.0,0.0,100.0,100.0,100.0,100.0,100.0
10866,adaptive,3,104.12216413782772,Low,Conceptual Understanding,Concept Review,Concept Review,6.1325647464936806,83.9,0.5,0.0,0.0,100.0,100.0,100.0,100.0,100.0
10867,adaptive,3,81.52639976672043,Low,Critical Thinking,Critical Thinking Activity,Critical Thinking Activity,5.286617215910285,72.7,0.5,1.9216853579833886,8.5223034173444,89.63339114386493,96.8,90.96722691549608,90.6216853579834,92.0
10868,adaptive,3,90.19288840420222,Low,Application Skills,Application Exercise,Application Exercise,5.957077279903812,91.4,0.5,2.722384316916042,12.087386367107227,100.0,92.9,96.18738636710722,94.3,99.5
10880,adaptive,3,63.58845401476479,Medium,Advanced Topics,Advanced Practice,Advanced Practice,4.23907667963933,51.4,0.5,1.089442706667308,4.843069236641913,77.3,72.3,70.1,70.2,61.44306923664191
10884,adaptive,3,96.80298636017697,Low,Conceptual Understanding,Concept Review,Concept Review,5.385335560825377,71.0,0.5,0.0,3.820409505945091,100.0,100.0,100.0,98.12040950594509,100.0
10885,adaptive,3,56.4672958626726,Medium,Critical Thinking,Critical Thinking Activity,Critical Thinking Activity,3.338794693155451,31.8,0.5,0.5308683562117167,2.3561702231072337,70.5,73.2,62.8,57.456170223107236,61.1
10893,adaptive,3,62.94023733961926,Medium,Problem Solving,Practice Questions,Practice Questions,3.7790393653222303,45.1,0.5,0.8521733768801629,3.783649793347924,65.5,53.08364979334792,75.6,59.0,71.6
10894,adaptive,3,46.44910556720826,Medium,Advanced Topics,Advanced Practice,Advanced Practice,1.925254095333062,13.6,0.5,0.13091727848264822,0.5814615005965459,54.0,61.0,70.5,46.1,39.78146150059655
10900,adaptive,3,100.67709792724179,Low,Conceptual Understanding,Concept Review,Concept Review,6.492620087005345,87.9,0.5,0.0,5.7011403586457,100.0,100.0,100.0,95.4011403586457,100.0
10902,adaptive,3,85.47327315242656,Low,Application Skills,Application Exercise,Application Exercise,4.9535076141761225,61.0,0.5,1.5108198223237173,6.705881525265207,93.2,100.0,89.28640036646986,86.51948115879534,98.1
10903,adaptive,3,44.666186217308834,Medium,Advanced Topics,Advanced Practice,Advanced Practice,1.5722961422873851,28.4,0.5,0.22326605220480866,0.9919738585117713,61.9,57.2,55.9,59.0,40.59197385851177
10915,adaptive,3,74.21110874704134,Low,Advanced Topics,Advanced Practice,Advanced Practice,3.818475927497311,36.2,0.5,0.6911441428770133,3.0713344661198025,83.2,80.8,90.5,93.6,68.67133446611979
10918,adaptive,3,38.19587418343977,High,Application Skills,Application Exercise,Application Exercise,1.8917151855780479,24.4,0.5,0.23078925264052183,1.024704281723917,53.8,58.4,26.824704281723918,39.0,30.7
10925,adaptive,3,73.94837000913269,Low,Application Skills,Application Exercise,Application Exercise,2.717052478843144,41.6,0.5,0.565146915599374,2.509252305261221,81.1,94.4,82.30925230526121,91.4,95.3
10937,adaptive,3,74.23151660390556,Low,Application Skills,Application Exercise,Application Exercise,4.930273991975931,64.4,0.5,1.5875482254162498,7.04871412084815,73.1,75.2,73.04871412084816,83.1,74.2
10939,adaptive,3,101.57599107909621,Low,Conceptual Understanding,Concept Review,Concept Review,5.80795881648581,76.5,0.5,0.0,0.0,100.0,100.0,100.0,100.0,100.0
10942,adaptive,3,55.99458020961619,Medium,Advanced Topics,Advanced Practice,Advanced Practice,3.53239917560147,42.5,0.5,0.7506348248153124,3.3362038990656666,77.8,70.9,71.7,78.1,56.43620389906567
10943,adaptive,3,57.65276216806421,Medium,Application Skills,Application Exercise,Application Exercise,2.623517398093341,39.1,0.5,0.5128976513272482,2.277265571892982,68.8,55.8,54.07726557189298,61.1,63.0
10948,adaptive,3,49.80870821094614,Medium,Advanced Topics,Advanced Practice,Advanced Practice,2.6723011120188325,35.2,0.5,0.47032499571531455,2.0899994060209868,52.8,52.5,54.6,68.5,30.989999406020985
10949,adaptive,3,92.05120895210861,Low,Conceptual Understanding,Concept Review,Concept Review,4.712820022042393,63.9,0.5,0.0,0.7000000000000028,100.0,100.0,100.0,100.0,100.0
10960,adaptive,3,68.01933656351646,Low,Conceptual Understanding,Concept Review,Concept Review,3.244023161399289,45.7,0.5,0.7412592923797375,3.2857710009273973,70.88577100092739,80.7,85.7,87.2,95.3
10974,adaptive,3,72.12467926675995,Low,Advanced Topics,Advanced Practice,Advanced Practice,4.334226713886699,51.0,0.5,1.1052278120411083,4.913194232312422,100.0,90.3,79.1,83.9,73.01319423231242
10975,adaptive,3,59.267714918885815,Medium,Application Skills,Application Exercise,Application Exercise,3.7813525242192974,45.6,0.5,0.8621483755219999,3.827938787317679,82.0,66.3,58.227938787317676,64.5,61.4
10978,adaptive,3,65.42470639285236,Medium,Advanced Topics,Advanced Practice,Advanced Practice,3.8670447035031605,54.5,0.5,1.0537696817046114,4.68483363847245,82.2,69.0,72.5,70.3,60.78483363847245
10979,adaptive,3,44.62077733650746,Medium,Advanced Topics,Advanced Practice,Advanced Practice,2.5084195684933324,29.0,0.5,0.36372083743153316,1.6160393907987913,49.6,50.8,40.4,37.0,30.316039390798792
10986,adaptive,3,74.92889498576704,Low,Problem Solving,Practice Questions,Practice Questions,3.4775910617235612,28.3,0.5,0.49207913523388397,2.184831360438445,100.0,76.68483136043845,89.2,77.6,80.0
10987,adaptive,3,93.69642172561765,Low,Critical Thinking,Critical Thinking Activity,Critical Thinking Activity,6.125090328782674,79.6,0.5,2.437785950855504,10.813600324757603,100.0,97.2,100.0,94.41360032475758,97.4
10990,adaptive,3,56.28192207142353,Medium,Advanced Topics,Advanced Practice,Advanced Practice,3.2902685653935184,46.4,0.5,0.7633423071712963,3.39299874329142,60.1,49.0,58.1,59.4,50.29299874329142
10996,adaptive,3,78.78263353686151,Low,Conceptual Understanding,Concept Review,Concept Review,4.113763467130144,53.8,0.5,1.1066023726580085,4.903791821118581,89.60379182111858,94.2,90.7,92.3,87.4
10999,adaptive,3,89.10774339498116,Low,Critical Thinking,Critical Thinking Activity,Critical Thinking Activity,5.549837573163217,81.0,0.5,2.247684217131103,9.970176915069409,100.0,100.0,95.3,85.57017691506941,97.6
10011,adaptive,4,53.39820832212478,Medium,Advanced Topics,Advanced Practice,Advanced Practice,2.189699303758923,30.0,0.4,0.2627639164510708,1.722667369316643,56.2,55.5,63.5,59.4,39.122667369316645
10024,adaptive,4,98.38600501553194,Low,Conceptual Understanding,Concept Review,Concept Review,6.5539225628509135,86.8,0.4,0.0,9.784744229433901,100.0,100.0,97.9847442294339,94.6,100.0
10026,adaptive,4,90.57663795610715,Low,Conceptual Understanding,Concept Review,Concept Review,5.541891613866965,76.4,0.4,1.6936020771977447,11.070799035115845,92.93473134573667,87.3,100.0,88.03606768937918,100.0
10031,adaptive,4,78.77135686912354,Low,Critical Thinking,Critical Thinking Activity,Critical Thinking Activity,3.2161051948704023,22.4,0.4,0.288163025460388,1.8868348152323924,95.7,100.0,93.6,83.3868348152324,96.2
10040,adaptive,4,82.59315380215361,Low,Critical Thinking,Critical Thinking Activity,Critical Thinking Activity,4.151557466313611,59.2,0.4,0.9830888080230633,6.433527510982815,95.6,100.0,77.4,71.03352751098282,93.8
10045,adaptive,4,90.45296429578787,Low,Conceptual Understanding,Concept Review,Concept Review,5.119037027004116,65.0,0.4,1.3309496270210701,8.691864468966102,90.0918644689661,100.0,99.8,100.0,92.2
10055,adaptive,4,64.8323100112693,Medium,Advanced Topics,Advanced Practice,Advanced Practice,4.234021523518649,68.6,0.4,1.1618155060535174,7.625720109021777,72.1,58.6,57.6,57.4,46.32572010902177
10056,adaptive,4,96.49297271055661,Low,Conceptual Understanding,Concept Review,Concept Review,5.767919157307695,71.9,0.4,0.0,0.0,100.0,100.0,96.1,98.2,100.0
10060,adaptive,4,88.66599143435707,Low,Problem Solving,Practice Questions,Practice Questions,5.145841009481776,69.3,0.4,1.4264271278283482,9.337180507649414,88.95808034982493,86.42642712782835,99.7,86.46817519798911,87.38449783200703
10061,adaptive,4,52.61837393941983,Medium,Advanced Topics,Advanced Practice,Advanced Practice,3.016352056573204,36.9,0.4,0.44521356355020486,2.919408384099299,56.1,42.0,48.8,62.1,36.3194083840993
10064,adaptive,4,92.94766098410534,Low,Conceptual Understanding,Concept Review,Concept Review,5.5813806830375245,75.3,0.4,0.0,7.224191099925164,100.0,96.80011110460765,100.0,97.42407999531751,100.0
10067,adaptive,4,83.34376984543337,Low,Problem Solving,Practice Questions,Practice Questions,5.362518882471407,75.9,0.4,1.6280607327183192,10.659317342060286,100.0,91.73068356340929,97.3,91.028633778651,94.9
10068,adaptive,4,56.335433834209965,Medium,Critical Thinking,Critical Thinking Activity,Critical Thinking Activity,3.166664960608332,45.0,0.4,0.5699996929094998,3.7309834490614557,59.4,53.7,68.2,46.630983449061446,63.9
10071,adaptive,4,84.41071937608149,Low,Conceptual Understanding,Concept Review,Concept Review,4.661426278550057,56.0,0.4,1.044159486395213,6.833513316925414,79.04415948639522,92.0,90.1,80.3893538305302,89.8
10073,adaptive,4,79.41034039052397,Low,Advanced Topics,Advanced Practice,Advanced Practice,4.054640479059669,57.7,0.4,0.9358110225669718,6.133112149457259,95.0,88.3267378100231,92.1,96.6,87.90637433943415
10077,adaptive,4,68.01975684673458,Medium,Advanced Topics,Advanced Practice,Advanced Practice,3.397876956968924,45.0,0.4,0.6116178522544063,4.011559053319651,77.4,71.9,67.3,71.5,63.61155905331965
10079,adaptive,4,52.94545339947072,Medium,Critical Thinking,Critical Thinking Activity,Critical Thinking Activity,3.4092316443134645,33.4,0.4,0.4554733476802788,2.981858813853992,65.5,60.3,61.1,50.28185881385399,54.3
10087,adaptive,4,66.48045784557164,Medium,Problem Solving,Practice Questions,Practice Questions,3.66276761403065,48.7,0.4,0.7135071312131708,4.673471709446268,62.0,52.07347170944627,76.5,66.2,56.2
10089,adaptive,4,80.67752476246598,Low,Advanced Topics,Advanced Practice,Advanced Practice,3.3695238973663435,36.0,0.4,0.48521144122075344,3.1816005813657453,84.1,98.0,94.7,92.9,80.48160058136575
10097,adaptive,4,80.94057712534003,Low,Application Skills,Application Exercise,Application Exercise,5.808216756957875,77.2,0.4,1.7935773345485917,11.721846798463611,85.10428656161274,92.2,85.21756023685087,87.7,83.5
10102,adaptive,4,55.53041855636436,Medium,Advanced Topics,Advanced Practice,Advanced Practice,4.090349958131845,53.9,0.4,0.881879450973226,5.7857463166847385,63.5,55.6,61.4,60.0,46.685746316684735
10108,adaptive,4,80.33888393178172,Low,Critical Thinking,Critical Thinking Activity,Critical Thinking Activity,4.583572235764456,58.0,0.4,1.0633887586973538,6.959151224049959,88.3,92.9,87.7,89.75915122404996,93.4
10111,adaptive,4,67.87850093879634,Low,Critical Thinking,Advanced Practice,Advanced Practice,3.039806065311682,31.4,0.4,0.3817996418031473,2.5007894359447365,92.2,82.6,83.5,65.34156277988384,66.95922665606089
10121,adaptive,4,100.72704168122517,Low,Conceptual Understanding,Concept Review,Concept Review,6.563404781438525,88.9,0.4,0.0,0.0,100.0,100.0,100.0,100.0,100.0
10137,adaptive,4,60.037421161785396,Medium,Advanced Topics,Advanced Practice,Advanced Practice,2.737522488708523,31.9,0.4,0.34930786955920756,2.2901770690965937,74.3,65.1,84.3,62.8,54.69017706909659
10138,adaptive,4,58.853281681658984,Medium,Advanced Topics,Advanced Practice,Advanced Practice,3.4214734062793486,35.3,0.4,0.48311204496664406,3.1677673731435667,75.4,49.5,56.3,48.6,46.967767373143566
10140,adaptive,4,62.21556073476251,Medium,Advanced Topics,Advanced Practice,Advanced Practice,3.661768853880926,41.0,0.4,0.6005300920364718,3.938357890456929,70.5,70.0,81.7,67.3,59.53835789045693
10159,adaptive,4,56.57973016316984,Medium,Advanced Topics,Advanced Practice,Advanced Practice,2.9055556222242664,43.0,0.4,0.49975556702257384,3.277663466751169,63.9,58.2,63.6,65.4,55.17766346675117
10169,adaptive,4,76.28137276570453,Low,Critical Thinking,Critical Thinking Activity,Critical Thinking Activity,3.196886885408026,46.5,0.4,0.5946209606858929,3.8920567593172137,83.5,87.0,90.0,85.19205675931721,93.1
10175,adaptive,4,72.75276734037632,Low,Advanced Topics,Application Exercise,Application Exercise,4.3311950709525115,42.6,0.4,0.738035640090308,4.838303813711238,100.0,90.7,69.26058019020319,77.0,66.67772362350806
10185,adaptive,4,86.10787702286834,Low,Advanced Topics,Advanced Practice,Advanced Practice,4.397506367293971,57.3,0.4,1.0079084593837782,6.609464136402284,100.0,93.25988557422973,96.2,100.0,95.14957856217256
10199,adaptive,4,70.7148317616504,Low,Conceptual Understanding,Concept Review,Concept Review,3.5799866008525534,48.7,0.4,0.6973813898460776,4.568977931257194,66.16834868414763,80.2,77.4,81.0,66.30062924710954
10200,adaptive,4,57.16167124276386,Medium,Advanced Topics,Advanced Practice,Advanced Practice,3.187464466917723,47.6,0.4,0.6068932345011345,3.980884216924864,64.5,63.0,90.8,69.1,46.48088421692487
10209,adaptive,4,59.47078612433239,Medium,Problem Solving,Practice Questions,Practice Questions,3.53061817731258,50.1,0.4,0.707535882733441,4.634360031904039,72.8,54.83436003190404,64.9,56.9,65.5
10210,adaptive,4,41.68078452559488,Medium,Problem Solving,Practice Questions,Practice Questions,2.7927041323359623,39.1,0.4,0.4367789262973445,2.8609019672476066,61.6,27.460901967247608,48.6,58.3,33.6
10211,adaptive,4,66.72911154686338,Medium,Advanced Topics,Advanced Practice,Advanced Practice,3.6562103935205736,61.4,0.4,0.897965272648653,5.892619978861048,82.9,72.0,74.5,67.5,60.692619978861046
10214,adaptive,4,67.40858495070052,Low,Advanced Topics,Advanced Practice,Advanced Practice,4.505317543698997,66.2,0.4,1.1930080855714944,7.806463072175679,73.8,73.1,84.2,73.91345498660418,72.19300808557149
10216,adaptive,4,62.356648068360556,Medium,Conceptual Understanding,Concept Review,Concept Review,3.600526059386621,58.9,0.4,0.8482839395914878,5.549268363467235,77.37287978616129,74.86035492448936,79.9,77.41603365281658,79.3
10219,adaptive,4,87.368962861787,Low,Application Skills,Application Exercise,Application Exercise,3.077066559844031,44.1,0.4,0.5427945411564871,3.552927466447532,89.17795786605654,93.1,86.074969600391,100.0,99.1
10222,adaptive,4,69.76895884975134,Low,Critical Thinking,Critical Thinking Activity,Critical Thinking Activity,4.49167578439771,59.4,0.4,1.0672221663728958,6.986151314594344,83.3,68.73402770796612,77.5,69.35212360662824,72.2
10236,adaptive,4,50.73219509514964,Medium,Application Skills,Application Exercise,Application Exercise,2.703005033342923,32.4,0.4,0.3503094523212429,2.2945269127041406,79.4,47.2442174603829,45.550309452321244,59.7,48.4
10238,adaptive,4,58.405820909977166,Medium,Critical Thinking,Critical Thinking Activity,Critical Thinking Activity,2.47232063351104,21.8,0.4,0.2155863592421627,1.411629759977079,51.7,60.5,67.2,54.611629759977085,72.0
10245,adaptive,4,66.07113237734984,Medium,Critical Thinking,Critical Thinking Activity,Critical Thinking Activity,3.254674198923727,38.6,0.4,0.5025216963138235,3.289615353442291,93.4,69.4,69.4,65.48961535344229,88.1
10248,adaptive,4,50.20172826254323,Medium,Problem Solving,Practice Questions,Practice Questions,1.0213799780987074,10.6,0.4,0.043306511071385195,0.283657647517573,85.5,45.38365764751757,71.2,61.4,59.9
10255,adaptive,4,57.90468249665632,Medium,Application Skills,Application Exercise,Application Exercise,1.6573524916554168,29.0,0.4,0.19225288903202833,1.2592564231597856,88.7,100.0,61.859256423159785,80.3,71.7
10257,adaptive,4,61.58885844662091,Medium,Conceptual Understanding,Concept Review,Concept Review,3.923971532184589,40.3,0.4,0.6325442109881557,4.146710848678863,60.33254421098816,63.58320290192531,73.1,63.2,64.3309637357654
10260,adaptive,4,67.94286334060484,Medium,Advanced Topics,Advanced Practice,Advanced Practice,5.12953916320035,69.4,0.4,1.4239600717044176,9.340056450937023,69.2,66.97995008963052,79.7,72.7,69.16010636130649
10261,adaptive,4,52.545179816747876,Medium,Advanced Topics,Advanced Practice,Advanced Practice,2.5026782636461133,34.3,0.4,0.34336745777224675,2.2497545100114804,58.4,51.24727074620535,65.5,59.8,48.60248376380613
10262,adaptive,4,74.82962871764747,Low,Advanced Topics,Advanced Practice,Advanced Practice,5.1199722301175346,61.7,0.4,1.2636091463930077,8.284448693298641,93.8,82.0,77.2,74.17894060138927,75.60550809190937
10266,adaptive,4,73.31830687391967,Low,Advanced Topics,Advanced Practice,Advanced Practice,4.310597460624674,58.4,0.4,1.0069555668019239,6.607234271804048,90.8,81.3,88.4,88.4,68.40723427180404
10276,adaptive,4,86.0366845026339,Low,Application Skills,Application Exercise,Application Exercise,5.926190670049348,78.7,0.4,1.8655648229315347,12.219449590201553,100.0,100.0,85.21944959020156,92.0,82.4
10278,adaptive,4,52.762739757734614,Medium,Advanced Topics,Advanced Practice,Advanced Practice,2.865747220687021,32.3,0.4,0.3702545409127631,2.4275397322898398,63.4,66.3,47.3,45.6,29.42753973228984
10281,adaptive,4,57.5424166518081,Medium,Advanced Topics,Advanced Practice,Advanced Practice,3.5254088066711398,44.8,0.4,0.6317532581554682,4.138925041241961,55.28905864853,58.3,67.8,61.4,53.04986639271196
10282,adaptive,4,60.987429845354775,Medium,Problem Solving,Practice Questions,Practice Questions,3.92019239028455,48.4,0.4,0.7589492467590889,4.971117566272032,69.2,52.371117566272034,78.0,63.3,62.4
10290,adaptive,4,64.12916573987266,Medium,Advanced Topics,Advanced Practice,Advanced Practice,3.2218709434188204,35.7,0.4,0.4600831707202076,3.016803515615404,77.2,64.7,90.0,75.1,59.01680351561541
10293,adaptive,4,69.30553199978816,Low,Advanced Topics,Advanced Practice,Advanced Practice,3.7564424358603214,60.9,0.4,0.9150693773755743,6.004769373056457,79.0,80.4,85.2,66.1,60.504769373056455
10295,adaptive,4,79.21413196499032,Low,Advanced Topics,Advanced Practice,Advanced Practice,4.0844565148791165,53.5,0.4,0.8740736941841312,5.725722199746622,100.0,92.6,85.4,85.0773732043074,86.14834899543922
10297,adaptive,4,72.56011305599169,Low,Advanced Topics,Advanced Practice,Advanced Practice,4.443170106935461,63.2,0.4,1.1232334030332847,7.371274780282632,100.0,80.1,81.0,76.3,58.97127478028263
10299,adaptive,4,66.72978925179483,Medium,Advanced Topics,Application Exercise,Application Exercise,3.0384051736025883,40.7,0.4,0.4946523622625014,3.2439678782026116,76.6,80.7,71.5946523622625,92.0,72.8493155159401
10300,adaptive,4,108.21953494925461,Low,Conceptual Understanding,Concept Review,Concept Review,6.783315480765699,99.0,0.4,0.0,6.70770024242278,100.0,100.0,100.0,96.00770024242277,100.0
10308,adaptive,4,63.75798430570275,Low,Critical Thinking,Critical Thinking Activity,Critical Thinking Activity,3.02848613712116,37.2,0.4,0.45063873720362874,2.950040138370713,100.0,67.3,73.5,66.65004013837071,78.3
10310,adaptive,4,75.86304572412227,Low,Critical Thinking,Critical Thinking Activity,Critical Thinking Activity,4.285419196367703,53.4,0.4,0.9153655403441414,5.9846592309451525,74.62395088702449,98.5,87.5,75.86070834392066,87.8
10311,adaptive,4,72.64867666211234,Low,Application Skills,Application Exercise,Application Exercise,3.8342109207430544,46.2,0.4,0.7085621781533166,4.634908679562406,78.6519887193648,89.4,80.4829199601976,83.6,81.3
10313,adaptive,4,70.6983729454166,Low,Advanced Topics,Advanced Practice,Advanced Practice,5.3271939837506626,73.8,0.4,1.5725876640031957,10.297709307128724,75.92453535521524,80.4,77.73313289122575,83.0,76.74004106068774
10315,adaptive,4,42.98923640683002,Medium,Advanced Topics,Advanced Practice,Advanced Practice,1.20358400074395,12.6,0.4,0.060660633637495076,0.3974786875825361,57.4,43.6,49.2,48.3,29.99747868758254
10319,adaptive,4,66.8823083201692,Low,Application Skills,Application Exercise,Application Exercise,2.7404993901023795,44.8,0.4,0.4910974907063464,3.216688564126569,79.6,74.8,73.71668856412658,80.1,82.1
10320,adaptive,4,92.33818009267809,Low,Application Skills,Application Exercise,Application Exercise,5.492377237501431,85.6,0.4,0.0,5.799999999999995,100.0,100.0,100.0,100.0,100.0
10322,adaptive,4,85.58988270121384,Low,Problem Solving,Practice Questions,Practice Questions,4.777003523377642,62.0,0.4,1.1846968737976553,7.759764523374642,97.4,89.05976452337464,90.1,96.3,93.1
10328,adaptive,4,60.72225765067938,Medium,Advanced Topics,Advanced Practice,Advanced Practice,2.5362355659378313,25.7,0.4,0.2607250161784091,1.709077872093284,78.5,82.9,59.7,62.6,59.50907787209328
10329,adaptive,4,70.2678946578494,Low,Application Skills,Application Exercise,Application Exercise,3.647671759154533,46.2,0.4,0.6740897410917577,4.415287804151013,88.6,66.8,56.215287804151004,86.8,73.6
10333,adaptive,4,75.81815225657047,Low,Critical Thinking,Critical Thinking Activity,Critical Thinking Activity,4.514747292668594,56.0,0.4,1.0113033935577653,6.630257543451393,96.2,78.3,89.0,76.14199558889106,76.98826195456033
10347,adaptive,4,70.68697092578442,Low,Advanced Topics,Advanced Practice,Advanced Practice,4.07192985727157,53.3,0.4,0.8681354455702985,5.695472455292073,83.8,80.5,90.4,76.5,76.09547245529208
10352,adaptive,4,30.336469176893708,High,Advanced Topics,Guided Review,Advanced Practice,1.553748600367217,17.1,0.4,0.10627640426511764,0.696470805915308,26.4,36.9,32.6,31.6,28.29647080591531
10356,adaptive,4,75.30078407531461,Low,Advanced Topics,Advanced Practice,Advanced Practice,4.1345875074389244,47.7,0.4,0.788879296419347,5.162818596100996,80.25401370949487,83.5,82.2,81.3,80.30880488660613
10362,adaptive,4,68.72809461268288,Low,Problem Solving,Practice Questions,Practice Questions,2.4812221607546485,22.1,0.4,0.21934003901071095,1.4366772555201566,88.1,59.33667725552016,77.9,100.0,70.5
10364,adaptive,4,53.77233538083365,Medium,Advanced Topics,Advanced Practice,Advanced Practice,3.377687980423472,30.7,0.4,0.41478008399600236,2.7193355687806937,67.1,47.4,61.6,45.3,45.21933556878069
10366,adaptive,4,74.46313664801096,Low,Conceptual Understanding,Concept Review,Concept Review,5.284130060049083,73.0,0.4,1.5429659775343323,10.072776009425183,80.97277600942519,84.4,83.7,82.0,90.8
10371,adaptive,4,74.4850835127725,Low,Advanced Topics,Advanced Practice,Advanced Practice,3.644010523800131,51.4,0.4,0.749208563693307,4.9149600597838905,89.8,79.0,87.5,72.0,70.01496005978387
10372,adaptive,4,51.665729449538134,Medium,Problem Solving,Practice Questions,Practice Questions,1.9360303243190669,11.9,0.4,0.0921550434375876,0.6036155345161988,47.3,36.6036155345162,57.0,55.6,39.8
10378,adaptive,4,96.66873383895395,Low,Critical Thinking,Critical Thinking Activity,Critical Thinking Activity,4.529256563890076,60.9,0.4,1.1033268989636225,7.220205679702766,100.0,100.0,99.6,89.92020567970276,100.0
10383,adaptive,4,85.11512866402137,Low,Problem Solving,Practice Questions,Practice Questions,5.972578039897376,75.3,0.4,1.7989405056170895,11.795086015064076,98.3,93.4989405056171,100.0,92.03892400466826,94.75722150477873
10409,adaptive,4,71.6609723581287,Low,Advanced Topics,Advanced Practice,Advanced Practice,2.6433111597504197,31.1,0.4,0.3288279082729522,2.1548461052488292,94.6,89.5,100.0,73.91095999652082,74.24388610872802
10412,adaptive,4,50.184949670562695,Medium,Problem Solving,Practice Questions,Practice Questions,2.7336756494408267,35.3,0.4,0.3859950017010447,2.530970579856869,70.8,56.785995001701046,67.3,80.4,57.24497557815583
10426,adaptive,4,51.52423362577973,Medium,Advanced Topics,Advanced Practice,Advanced Practice,2.0987059572004685,25.8,0.4,0.21658645478308836,1.4197496028331882,61.1,80.9,80.4,59.1,50.71974960283318
10430,adaptive,4,63.56893493659477,Medium,Critical Thinking,Critical Thinking Activity,Critical Thinking Activity,3.961840370150992,54.7,0.4,0.8668506729890372,5.673224189824247,71.3,71.5,67.4,60.87322418982425,67.9
10433,adaptive,4,81.75789884604406,Low,Critical Thinking,Critical Thinking Activity,Critical Thinking Activity,5.793897139041045,83.9,0.4,1.944431879862175,12.720045278876189,83.2,90.6,71.5,75.9200452788762,98.5
10437,adaptive,4,68.21464905420744,Low,Application Skills,Application Exercise,Application Exercise,3.5972101674442074,39.3,0.4,0.5654814383222294,3.7039034210106028,92.8,75.8,67.4039034210106,92.0,71.3
10440,adaptive,4,93.19008045676222,Low,Critical Thinking,Critical Thinking Activity,Critical Thinking Activity,6.006449656052666,79.5,0.4,1.9100509906247483,12.505328335204945,100.0,97.4594902535712,97.6,98.14583808163374,97.4
10446,adaptive,4,71.31689000720054,Low,Advanced Topics,Advanced Practice,Advanced Practice,4.0271140144101185,44.4,0.4,0.715215448959237,4.684661190683002,84.9,78.76944574172376,88.1,89.2,76.41521544895924
10452,adaptive,4,80.69308012558929,Low,Conceptual Understanding,Concept Review,Concept Review,5.3613392873246815,64.1,0.4,1.374647393270048,8.98414590558216,72.8139531382859,100.0,72.9,73.37019276729627,80.0
10463,adaptive,4,61.84929588965496,Medium,Application Skills,Application Exercise,Application Exercise,4.015986239723534,49.5,0.4,0.7951652754652598,5.213253853817346,64.9,68.9,56.32730195765365,69.0,58.88595189616369
10480,adaptive,4,98.80390566931081,Low,Conceptual Understanding,Concept Review,Concept Review,5.805397495363804,87.1,0.4,0.0,0.0,100.0,100.0,98.3,100.0,100.0
10487,adaptive,4,48.96204518579114,Medium,Problem Solving,Practice Questions,Practice Questions,3.06779054374536,42.2,0.4,0.5178430437842169,3.3918719367866204,52.8,33.59187193678662,40.6,39.9,45.5
10494,adaptive,4,63.00999094705193,Medium,Advanced Topics,Advanced Practice,Advanced Practice,4.220654271198597,46.9,0.4,0.7917947412768567,5.19362575317175,80.9,62.3,69.7,75.5,63.39362575317176
10495,adaptive,4,29.455169882483943,High,Advanced Topics,Advanced Practice,Advanced Practice,1.3855570144728584,19.1,0.4,0.10585655590572639,0.6937613804942867,40.0,33.5,39.1,17.6,10.093761380494287
10500,adaptive,4,78.42346446180447,Low,Advanced Topics,Advanced Practice,Advanced Practice,4.003839015887873,44.4,0.4,0.7110818092216864,4.663851459367332,97.8,98.0,98.5,84.3,83.36385145936732
10514,adaptive,4,44.25372793715819,Medium,Application Skills,Application Exercise,Application Exercise,2.951676537915412,25.1,0.4,0.2963483244067074,1.9413850441340994,56.4,59.1,49.137427270325745,48.97038093274666,50.1335768410617
10522,adaptive,4,46.06387425247432,Medium,Problem Solving,Practice Questions,Practice Questions,0.7791724716905271,0.0,0.4,0.0,0.0,45.4,44.0,55.0,44.8,45.7
10523,adaptive,4,73.69497027952303,Low,Application Skills,Application Exercise,Application Exercise,3.8990945266919765,42.0,0.4,0.6550478804842521,4.290563617171851,95.0,94.6,77.79056361717184,100.0,87.9
10527,adaptive,4,86.13281449923211,Low,Critical Thinking,Critical Thinking Activity,Critical Thinking Activity,4.77565920892619,69.3,0.4,1.32381273271434,8.649668088866726,86.77176110188994,100.0,87.2,85.47790698697678,89.0
10528,adaptive,4,64.68832492539886,Medium,Critical Thinking,Critical Thinking Activity,Critical Thinking Activity,4.2629859962548755,64.7,0.4,1.1032607758307618,7.22635808169149,68.9,73.2,64.72309730586073,65.90326077583076,64.1
10529,adaptive,4,77.31570295404431,Low,Advanced Topics,Advanced Practice,Advanced Practice,4.563392553354978,45.1,0.4,0.8232360166252382,5.399564269565641,75.9,99.5,75.6,72.9,73.09956426956565
10530,adaptive,4,68.47256201207065,Low,Application Skills,Application Exercise,Application Exercise,3.1289109876187076,34.4,0.4,0.43053815189633415,2.8200248949209885,100.0,81.9,70.92002489492097,85.2,74.1
10535,adaptive,4,69.49176598417493,Low,Critical Thinking,Critical Thinking Activity,Critical Thinking Activity,5.062349747497145,71.8,0.4,1.4539068474811803,9.519304675673135,79.6,78.24994999472383,79.9,78.26935468094929,81.9
10543,adaptive,4,78.8278238807446,Low,Advanced Topics,Advanced Practice,Advanced Practice,5.077421546767928,70.7,0.4,1.4358948134259704,9.425273761942307,100.0,100.0,100.0,87.0,76.42527376194231
10544,adaptive,4,68.94757636187526,Low,Application Skills,Application Exercise,Application Exercise,2.8471969117804394,34.1,0.4,0.388357658766852,2.5437426649228803,83.3,88.2,77.84374266492287,89.4,81.5
10549,adaptive,4,67.24099938168808,Medium,Advanced Topics,Advanced Practice,Advanced Practice,3.21074628465166,31.7,0.4,0.4071226288938305,2.669213443170734,69.5,71.8,66.4,63.4,60.66921344317073
10550,adaptive,4,55.53153589628636,Medium,Advanced Topics,Advanced Practice,Advanced Practice,2.231467472881754,27.5,0.4,0.24546142201699298,1.6091112324847228,65.0,55.7,74.9,63.6,57.20911123248472
10555,adaptive,4,85.76278108191796,Low,Critical Thinking,Critical Thinking Activity,Critical Thinking Activity,4.388549457616028,44.8,0.4,0.7864280628047922,5.151103811371389,97.1,97.5,79.8646757485666,79.58642806280479,83.4
10560,adaptive,4,43.769688473731655,Medium,Advanced Topics,Advanced Practice,Advanced Practice,1.9472412564906998,21.7,0.4,0.16902054106339276,1.107811923320451,62.5,55.4,61.7,44.3,43.707811923320456
10571,adaptive,4,60.800947198452945,Medium,Advanced Topics,Critical Thinking Activity,Critical Thinking Activity,3.0839416766745757,37.1,0.4,0.45765694481850705,2.997655599471555,66.1,59.0,71.8,56.42533306578068,58.172322533690874
10579,adaptive,4,61.19104971184884,Medium,Application Skills,Application Exercise,Application Exercise,3.096941820382283,35.3,0.4,0.4372881850379784,2.866384812781809,76.8,99.1,56.93162416629086,68.3,57.03476064649095
10584,adaptive,4,71.71199937239466,Low,Problem Solving,Advanced Practice,Advanced Practice,3.652329367204233,39.2,0.4,0.5726852447776237,3.7510883532934356,72.8,72.37840310851581,100.0,92.4,72.87268524477761
10585,adaptive,4,81.21711666810674,Low,Advanced Topics,Advanced Practice,Advanced Practice,4.759882239641012,57.8,0.4,1.1004847738050019,7.22080369393632,96.8,84.2,91.9,76.5,75.52080369393632
10590,adaptive,4,86.02698842763905,Low,Problem Solving,Practice Questions,Practice Questions,3.9192834397090635,56.6,0.4,0.8873257707501321,5.811983798413364,100.0,89.51198379841337,100.0,90.2,100.0
10591,adaptive,4,69.15085586589012,Medium,Application Skills,Application Exercise,Application Exercise,5.834297086740456,83.4,0.4,1.9463215081366163,12.780657791319582,58.5,72.9,57.046321508136614,59.1,58.13433628318296
10596,adaptive,4,77.35130936320117,Low,Advanced Topics,Advanced Practice,Advanced Practice,5.427130993404786,75.7,0.4,1.6433352648029693,10.788557271204777,86.6,79.5,92.5,92.1,66.18855727120477
10600,adaptive,4,36.376199463502154,Medium,Advanced Topics,Advanced Practice,Advanced Practice,1.1564821955219617,17.0,0.4,0.07864078929549341,0.5153622619016931,39.8,45.1,36.8,41.9,33.615362261901694
10602,adaptive,4,37.11008502079109,Medium,Advanced Topics,Advanced Practice,Advanced Practice,0.5777682379624829,9.2,0.4,0.02126187115701937,0.13930403417473902,53.6,57.2,55.9,57.1,47.23930403417474
10605,adaptive,4,74.62572626087372,Low,Critical Thinking,Critical Thinking Activity,Critical Thinking Activity,3.8486461126098526,56.9,0.4,0.8759518552300025,5.735864343044426,100.0,77.67618783388575,79.78914976928577,82.67052673987288,99.9
10614,adaptive,4,69.00018510991762,Low,Advanced Topics,Advanced Practice,Advanced Practice,2.8949645228641234,35.4,0.4,0.40992697643755993,2.6879007638034187,74.2,79.0,78.5,91.0,62.087900763803425
10618,adaptive,4,80.24987428206211,Low,Application Skills,Application Exercise,Application Exercise,2.638783398351885,42.3,0.4,0.44648215100113897,2.9244580890574596,79.9,95.1,76.72445808905745,89.0,100.0
10622,adaptive,4,57.449366092548416,Medium,Critical Thinking,Critical Thinking Activity,Critical Thinking Activity,2.6923464196204003,39.4,0.4,0.4243137957321751,2.777616315974318,65.7,46.9,62.4,44.877616315974315,62.6
10627,adaptive,4,90.98657816684255,Low,Conceptual Understanding,Concept Review,Concept Review,4.564894095782291,54.3,0.4,0.0,0.0,100.0,100.0,100.0,98.3,100.0
10636,adaptive,4,55.015311505212054,Medium,Advanced Topics,Advanced Practice,Advanced Practice,4.2269705629209735,51.0,0.4,0.8623019948358787,5.656807323199782,57.8,66.4,48.6,49.2,49.856807323199796
10637,adaptive,4,46.91167785990923,Medium,Critical Thinking,Critical Thinking Activity,Critical Thinking Activity,2.119667611531554,23.8,0.4,0.20179235661780398,1.3212689682367271,62.0,50.8,63.5,48.22126896823673,47.1
10644,adaptive,4,85.40087898864913,Low,Advanced Topics,Advanced Practice,Advanced Practice,5.562082932792261,71.4,0.4,1.5885308856054703,10.427404670300263,99.3,81.1,100.0,76.0,76.82740467030027
10645,adaptive,4,55.51655536438809,Medium,Problem Solving,Practice Questions,Practice Questions,1.2860898281446436,10.5,0.4,0.054015772782075026,0.3538033117225914,85.5,51.153803311722584,68.8,96.7,65.2
10650,adaptive,4,63.41948269367476,Medium,Advanced Topics,Advanced Practice,Advanced Practice,2.2332662037322035,24.6,0.4,0.21975339444724887,1.440456920875836,76.0,71.8,75.8,55.6,54.640456920875835
10651,adaptive,4,77.5273153356126,Low,Problem Solving,Practice Questions,Practice Questions,3.434919804139411,44.5,0.4,0.6114157251368152,4.004772999646139,98.9,92.40477299964614,100.0,97.1,95.1
10653,adaptive,4,85.30332652943397,Low,Application Skills,Application Exercise,Application Exercise,5.374278745365746,75.4,0.4,0.14257884570773172,9.147446318093333,100.0,98.02610308700288,100.0,98.7,98.82134323109044
10657,adaptive,4,76.9436440223592,Low,Critical Thinking,Critical Thinking Activity,Critical Thinking Activity,4.105744262565556,53.6,0.4,0.8802715698940551,5.7611539418492965,86.5,98.4,100.0,88.1611539418493,90.7
10661,adaptive,4,50.046897109011994,Medium,Advanced Topics,Advanced Practice,Advanced Practice,2.5296097431591975,26.3,0.4,0.2661149449803476,1.7435661283863184,53.8,47.39822943830714,52.6,58.4,45.24533669007917
10663,adaptive,4,90.62571390471571,Low,Critical Thinking,Critical Thinking Activity,Critical Thinking Activity,4.527275804448491,68.6,0.4,1.2422844807406659,8.128611879882008,100.0,100.0,100.0,88.02861187988202,100.0
10669,adaptive,4,81.65633700771559,Low,Advanced Topics,Advanced Practice,Advanced Practice,4.627672642457457,58.3,0.4,1.0791732602210788,7.067984685835629,86.1,89.1,97.4,78.7893996881201,82.17858499771553
10671,adaptive,4,63.02044856198448,Medium,Conceptual Understanding,Concept Review,Concept Review,3.246279218207525,49.0,0.4,0.6362707267686749,4.16757326033482,66.73627072676867,68.1,68.23130253356615,76.7,72.7
10678,adaptive,4,70.3763611308005,Low,Critical Thinking,Critical Thinking Activity,Critical Thinking Activity,2.690102419042551,41.7,0.4,0.44870908349629757,2.9372100982258695,86.9,80.0,82.0,83.23721009822586,88.4
10679,adaptive,4,45.22376138872767,Medium,Advanced Topics,Advanced Practice,Advanced Practice,1.9062971305366094,24.5,0.4,0.18681711879258772,1.2239529229825288,68.4,50.7,43.80354665910211,49.4,42.320406263880415
10680,adaptive,4,81.05558176888928,Low,Conceptual Understanding,Concept Review,Concept Review,4.843060274827648,58.8,0.4,1.1390877766394627,7.441001570961391,87.74100157096139,99.1,93.2,89.5,93.5
10688,adaptive,4,86.52795103158346,Low,Critical Thinking,Critical Thinking Activity,Critical Thinking Activity,5.204457834866405,70.0,0.4,1.4572481937625934,9.534979349155572,98.8,92.1,92.2,84.63497934915556,100.0
10690,adaptive,4,83.7388799765061,Low,Advanced Topics,Advanced Practice,Advanced Practice,4.803534424570055,65.6,0.4,1.2604474330071822,8.272350518679717,100.0,95.6,89.7,100.0,89.97235051867973
10693,adaptive,4,71.39714164521266,Low,Application Skills,Application Exercise,Application Exercise,4.7910554196409825,65.6,0.4,1.2571729421137938,8.22907928232425,72.9,77.2,68.62863911975603,67.80044016256822,89.7
10698,adaptive,4,74.7296306286828,Low,Conceptual Understanding,Concept Review,Concept Review,3.528551395024473,49.8,0.4,0.702887437888875,4.598379794957053,88.65572974015925,99.7,89.7,88.54265005479782,91.2
10714,adaptive,4,58.19057464580719,Medium,Conceptual Understanding,Concept Review,Concept Review,2.1413178735068352,22.3,0.4,0.1910055543168097,1.2498108854641956,55.6498108854642,66.9,54.2,76.0,61.2
10715,adaptive,4,51.33469771491348,Medium,Application Skills,Application Exercise,Application Exercise,3.001176393943405,39.2,0.4,0.47058445857032594,3.078848460679493,51.56180607158212,64.1,54.817042389097374,69.9,51.7
10717,adaptive,4,100.66062487003987,Low,Conceptual Understanding,Concept Review,Concept Review,6.511328880250151,100.0,0.4,0.0,0.0,100.0,100.0,100.0,100.0,100.0
10722,adaptive,4,67.136159553881,Medium,Problem Solving,Practice Questions,Practice Questions,4.641490402351291,70.6,0.4,1.3107568896240045,8.597033550352656,67.5,62.47209276404329,64.5,65.9,65.12494078630935
10738,adaptive,4,85.17639058919109,Low,Critical Thinking,Critical Thinking Activity,Critical Thinking Activity,4.996201846714132,68.1,0.4,1.3609653830449293,8.914340090865661,100.0,96.5,100.0,98.8117608277944,98.80257926307125
10741,adaptive,4,35.52777644022345,High,Advanced Topics,Advanced Practice,Advanced Practice,1.6515555948791265,9.3,0.4,0.06143786812950352,0.40253130694640527,58.6,37.4,42.7,56.4,29.102531306946403
10742,adaptive,4,68.17037481477678,Low,Critical Thinking,Critical Thinking Activity,Critical Thinking Activity,4.572760286556087,64.1,0.4,1.1724557374729805,7.694508723633561,73.7,83.2,68.9,62.27245573747298,63.52205298616058
10750,adaptive,4,95.29874627909558,Low,Conceptual Understanding,Concept Review,Concept Review,5.382268563969849,60.3,0.4,0.0,0.0,100.0,100.0,100.0,100.0,100.0
10754,adaptive,4,63.29895989625022,Medium,Application Skills,Application Exercise,Application Exercise,2.6259900764483315,38.5,0.4,0.4044024717730431,2.6488361901134323,77.6,96.6,61.74883619011344,80.4,77.8
10762,adaptive,4,36.556820318583334,Medium,Advanced Topics,Advanced Practice,Advanced Practice,2.057943998231959,32.2,0.4,0.2650631869722763,1.7378570632012016,35.8,40.3,53.4,54.5,13.537857063201201
10765,adaptive,4,53.01163198798176,Medium,Application Skills,Application Exercise,Application Exercise,2.8325998057124857,36.8,0.4,0.4169586914008779,2.7310794286757503,64.8,70.8,57.53107942867575,59.7,65.2
10768,adaptive,4,53.798447226575675,Medium,Conceptual Understanding,Concept Review,Concept Review,4.392821371495437,57.7,0.4,1.013863172541147,6.642751510257974,52.879884218409764,60.6,54.4,49.9,49.562867291848214
10788,adaptive,4,86.66039438122944,Low,Problem Solving,Practice Questions,Practice Questions,4.0695653159565035,58.3,0.4,0.9490226316810566,6.21609823751092,100.0,79.61609823751093,100.0,100.0,88.9
10801,adaptive,4,76.25211097511789,Low,Application Skills,Application Exercise,Application Exercise,3.805395032531587,46.0,0.4,0.7001926859858121,4.582695480440524,82.4588538340815,79.32364896037323,80.50019268598581,84.7,88.3
10803,adaptive,4,99.48594853429978,Low,Conceptual Understanding,Concept Review,Concept Review,5.370773753310041,73.3,0.4,0.0,0.0,100.0,100.0,100.0,100.0,100.0
10811,adaptive,4,73.22808106518191,Low,Advanced Topics,Advanced Practice,Advanced Practice,3.869389821432871,45.3,0.4,0.7011334356436363,4.594753886201686,75.9,69.1306049666496,76.2,72.6,69.3641489195521
10812,adaptive,4,68.28042677257109,Low,Advanced Topics,Advanced Practice,Advanced Practice,4.531300173851896,54.2,0.4,0.9823858776910912,6.445197408691547,82.1,73.8,75.3,73.5,64.84519740869155
10817,adaptive,4,88.27462959723341,Low,Application Skills,Concept Review,Concept Review,3.6320838343235726,47.7,0.4,0.0,0.0,100.0,100.0,95.8,100.0,94.1
10821,adaptive,4,79.82451489847723,Low,Critical Thinking,Critical Thinking Activity,Critical Thinking Activity,4.202565868693462,59.4,0.4,0.9985296504015665,6.526589033080574,74.68033159319269,89.5,81.4,69.04625743988788,86.1
10823,adaptive,4,41.79075530072702,Medium,Problem Solving,Guided Review,Practice Questions,2.1349421279257874,20.3,0.4,0.17335730078757394,1.1354903201586093,44.9,29.63549032015861,32.6,35.2,27.8
10824,adaptive,4,40.740125538219495,Medium,Problem Solving,Practice Questions,Practice Questions,1.6408532280664132,16.5,0.4,0.10829631305238328,0.7093408504931105,54.3,42.60934085049311,58.2,51.7,40.8
10827,adaptive,4,81.26923068761344,Low,Advanced Topics,Advanced Practice,Advanced Practice,5.392102996485819,59.9,0.4,1.2919478779580023,8.477623751339049,86.9,93.7,88.6,97.5,76.97762375133904
10830,adaptive,4,81.82543050536182,Low,Advanced Topics,Advanced Practice,Advanced Practice,4.374359296552104,59.6,0.4,1.0428472562980216,6.842989894101018,95.8,96.1,100.0,91.0,86.942989894101
10838,adaptive,4,64.76435606075181,Medium,Conceptual Understanding,Concept Review,Concept Review,3.185684152491665,42.8,0.4,0.545389126906573,3.5653153206033,66.4653153206033,74.3,79.3,75.5,74.8
10846,adaptive,4,66.66937595415482,Medium,Conceptual Understanding,Concept Review,Concept Review,3.5578852371922225,53.0,0.4,0.7542716702847513,4.9386787937018415,77.21095914184491,72.68428815494467,94.8,73.4,75.44343149691225
10850,adaptive,4,48.81327208005901,Medium,Advanced Topics,Advanced Practice,Advanced Practice,2.351684849204683,23.9,0.4,0.22482107158396772,1.470969111286098,46.44614803970214,48.6,51.4,83.0,47.92482107158397
10860,adaptive,4,98.23811385268056,Low,Conceptual Understanding,Concept Review,Concept Review,6.034688430708864,80.9,0.4,0.0,0.0,100.0,100.0,100.0,100.0,100.0
10866,adaptive,4,104.12216413782772,Low,Conceptual Understanding,Concept Review,Concept Review,6.1325647464936806,83.9,0.4,0.0,0.0,100.0,100.0,100.0,100.0,100.0
10867,adaptive,4,81.47707032897745,Low,Conceptual Understanding,Concept Review,Concept Review,5.288869220796549,72.7,0.4,1.5380031694076366,10.060306586752036,91.17139431327256,96.8,90.96722691549608,90.6216853579834,92.0
10868,adaptive,4,90.26427355280103,Low,Critical Thinking,Critical Thinking Activity,Critical Thinking Activity,5.957077279903812,91.4,0.4,2.1779074535328338,14.26529382064006,100.0,92.9,96.18738636710722,96.47790745353284,99.5
10880,adaptive,4,63.606236877171966,Medium,Advanced Topics,Advanced Practice,Advanced Practice,4.236497372053526,51.4,0.4,0.871023859694205,5.714093096336118,77.3,72.3,70.1,70.2,62.314093096336116
10884,adaptive,4,96.80298636017697,Low,Conceptual Understanding,Concept Review,Concept Review,5.385335560825377,71.0,0.4,0.0,3.820409505945091,100.0,100.0,100.0,98.12040950594509,100.0
10885,adaptive,4,56.45366853423474,Medium,Critical Thinking,Critical Thinking Activity,Critical Thinking Activity,3.33941681275853,31.8,0.4,0.42477381858288504,2.7809440416901188,70.5,73.2,62.8,57.88094404169012,61.1
10893,adaptive,4,62.97074522252068,Medium,Problem Solving,Practice Questions,Practice Questions,3.7790393653222303,45.1,0.4,0.6817387015041304,4.465388494852054,65.5,53.76538849485205,75.6,59.0,71.6
10894,adaptive,4,46.45124251661893,Medium,Advanced Topics,Advanced Practice,Advanced Practice,1.9249441424301357,13.6,0.4,0.1047169613481994,0.6861784619447453,54.0,61.0,70.5,46.1,39.88617846194475
10900,adaptive,4,100.67709792724179,Low,Conceptual Understanding,Concept Review,Concept Review,6.492620087005345,87.9,0.4,0.0,5.7011403586457,100.0,100.0,100.0,95.4011403586457,100.0
10902,adaptive,4,85.51288919666119,Low,Critical Thinking,Critical Thinking Activity,Critical Thinking Activity,4.9535076141761225,61.0,0.4,1.208655857858974,7.9145373831241805,93.2,100.0,89.28640036646986,87.72813701665432,98.1
10903,adaptive,4,44.66983056635285,Medium,Advanced Topics,Advanced Practice,Advanced Practice,1.571767549256673,28.4,0.4,0.17855279359555803,1.1705266521073294,61.9,57.2,55.9,59.0,40.77052665210733
10915,adaptive,4,74.22239022253434,Low,Advanced Topics,Advanced Practice,Advanced Practice,3.816839610764272,36.2,0.4,0.5526783756386666,3.624012841758469,83.2,80.8,90.5,93.6,69.22401284175845
10918,adaptive,4,38.20192583639427,High,Application Skills,Application Exercise,Application Exercise,1.8917151855780479,24.4,0.4,0.18463140211241746,1.2093356838363345,53.8,58.4,27.009335683836333,39.0,30.7
10925,adaptive,4,73.96318903975211,Low,Application Skills,Application Exercise,Application Exercise,2.717052478843144,41.6,0.4,0.45211753247949926,2.96136983774072,81.1,94.4,82.76136983774072,91.4,95.3
10937,adaptive,4,74.27314458613972,Low,Application Skills,Application Exercise,Application Exercise,4.930273991975931,64.4,0.4,1.2700385803329999,8.31875270118115,73.1,75.2,74.31875270118115,83.1,74.2
10939,adaptive,4,101.57599107909621,Low,Conceptual Understanding,Concept Review,Concept Review,5.80795881648581,76.5,0.4,0.0,0.0,100.0,100.0,100.0,100.0,100.0
10942,adaptive,4,56.00683274545496,Medium,Advanced Topics,Advanced Practice,Advanced Practice,3.5306220118406166,42.5,0.4,0.6002057420129048,3.9364096410785714,77.8,70.9,71.7,78.1,57.03640964107857
10943,adaptive,4,57.66621114175557,Medium,Application Skills,Application Exercise,Application Exercise,2.623517398093341,39.1,0.4,0.41031812106179855,2.6875836929547807,68.8,55.8,54.48758369295478,61.1,63.0
10948,adaptive,4,49.81638527797709,Medium,Advanced Topics,Advanced Practice,Advanced Practice,2.671187595152073,35.2,0.4,0.376103213397412,2.4661026194183986,52.8,52.5,54.6,68.5,31.366102619418395
10949,adaptive,4,92.05120895210861,Low,Conceptual Understanding,Concept Review,Concept Review,4.712820022042393,63.9,0.4,0.0,0.7000000000000028,100.0,100.0,100.0,100.0,100.0
10960,adaptive,4,68.0280535419248,Low,Conceptual Understanding,Concept Review,Concept Review,3.2466775501302747,45.7,0.4,0.5934926561638142,3.8792636570912116,71.47926365709121,80.7,85.7,87.2,95.3
10974,adaptive,4,72.14271978783539,Low,Advanced Topics,Advanced Practice,Advanced Practice,4.331610034310808,51.0,0.4,0.8836484469994048,5.796842679311826,100.0,90.3,79.1,83.9,73.89684267931182
10975,adaptive,4,59.290321789458226,Medium,Application Skills,Application Exercise,Application Exercise,3.7813525242192974,45.6,0.4,0.6897187004176,4.5176574877352795,82.0,66.3,58.917657487735276,64.5,61.4
10978,adaptive,4,65.4419069681042,Medium,Advanced Topics,Advanced Practice,Advanced Practice,3.86454985350593,54.5,0.4,0.842471868064293,5.527305506536743,82.2,69.0,72.5,70.3,61.62730550653674
10979,adaptive,4,44.62671431471391,Medium,Advanced Topics,Advanced Practice,Advanced Practice,2.507558442057439,29.0,0.4,0.2908767792786629,1.9069161700774542,49.6,50.8,40.4,37.0,30.606916170077454
10986,adaptive,4,74.94651146269914,Low,Problem Solving,Practice Questions,Practice Questions,3.4775910617235612,28.3,0.4,0.3936633081871072,2.578494668625552,100.0,77.07849466862555,89.2,77.6,80.0
10987,adaptive,4,93.63384404618961,Low,Critical Thinking,Critical Thinking Activity,Critical Thinking Activity,6.127947147069906,79.6,0.4,1.951138371627058,12.764738696384661,100.0,97.2,100.0,96.36473869638463,97.4
10990,adaptive,4,56.29438203020331,Medium,Advanced Topics,Advanced Practice,Advanced Practice,3.2884613160619076,46.4,0.4,0.61033842026109,4.00333716355251,60.1,49.0,58.1,59.4,50.90333716355251
10996,adaptive,4,78.79564683610545,Low,Conceptual Understanding,Advanced Practice,Advanced Practice,4.117726119467676,53.8,0.4,0.8861346609094438,5.789926482028025,89.60379182111858,94.2,90.7,92.3,88.28613466090945
10999,adaptive,4,89.05004560476058,Low,Critical Thinking,Critical Thinking Activity,Critical Thinking Activity,5.552471613027615,81.0,0.4,1.7990008026209474,11.769177717690356,100.0,100.0,95.3,87.36917771769036,97.6
10011,adaptive,5,53.40249739078642,Medium,Advanced Topics,Advanced Practice,Advanced Practice,2.189077197650148,30.0,0.32,0.2101514109744142,1.9328187802910572,56.2,55.5,63.5,59.4,39.332818780291056
10024,adaptive,5,98.38600501553194,Low,Conceptual Understanding,Concept Review,Concept Review,6.5539225628509135,86.8,0.32,0.0,9.784744229433901,100.0,100.0,97.9847442294339,94.6,100.0
10026,adaptive,5,90.59655418905159,Low,Critical Thinking,Critical Thinking Activity,Critical Thinking Activity,5.547956264003162,76.4,0.32,1.3563643474234932,12.427163382539339,92.93473134573667,87.3,100.0,89.39243203680267,100.0
10031,adaptive,5,78.7639597580589,Low,Critical Thinking,Critical Thinking Activity,Critical Thinking Activity,3.2164428903930755,22.4,0.32,0.23055462638337562,2.117389441615768,95.7,100.0,93.6,83.61738944161579,96.2
10040,adaptive,5,82.56791802775915,Low,Critical Thinking,Critical Thinking Activity,Critical Thinking Activity,4.152709538784841,59.2,0.32,0.7866892950274005,7.220216806010216,95.6,100.0,77.4,71.82021680601022,93.8
10045,adaptive,5,90.4686158488687,Low,Conceptual Understanding,Concept Review,Concept Review,5.123803048459486,65.0,0.32,1.065751034079573,9.757615503045676,91.15761550304566,100.0,99.8,100.0,92.2
10055,adaptive,5,64.85127420751408,Medium,Advanced Topics,Advanced Practice,Advanced Practice,4.231270869877361,68.6,0.32,0.9288485813554782,8.554568690377256,72.1,58.6,57.6,57.4,47.254568690377255
10056,adaptive,5,96.49297271055661,Low,Conceptual Understanding,Concept Review,Concept Review,5.767919157307695,71.9,0.32,0.0,0.0,100.0,100.0,96.1,98.2,100.0
10060,adaptive,5,88.71705765276265,Low,Advanced Topics,Advanced Practice,Advanced Practice,5.145841009481776,69.3,0.32,1.1411417022626786,10.478322209912093,88.95808034982493,86.42642712782835,99.7,86.46817519798911,88.5256395342697
10061,adaptive,5,52.625641115099626,Medium,Advanced Topics,Advanced Practice,Advanced Practice,3.015297992220172,36.9,0.32,0.3560463869213579,3.275454771020657,56.1,42.0,48.8,62.1,36.675454771020654
10064,adaptive,5,92.94766098410534,Low,Conceptual Understanding,Concept Review,Concept Review,5.5813806830375245,75.3,0.32,0.0,7.224191099925164,100.0,96.80011110460765,100.0,97.42407999531751,100.0
10067,adaptive,5,83.40205456487861,Low,Critical Thinking,Critical Thinking Activity,Critical Thinking Activity,5.362518882471407,75.9,0.32,1.3024485861746553,11.961765928234941,100.0,91.73068356340929,97.3,92.33108236482565,94.9
10068,adaptive,5,56.320802008948824,Medium,Critical Thinking,Critical Thinking Activity,Critical Thinking Activity,3.1673329378545905,45.0,0.32,0.4560959430510611,4.1870793921125165,59.4,53.7,68.2,47.08707939211251,63.9
10071,adaptive,5,84.42299836643122,Low,Conceptual Understanding,Concept Review,Concept Review,4.665165328033189,56.0,0.32,0.8359976267835475,7.6695109437089615,79.88015711317877,92.0,90.1,80.3893538305302,89.8
10073,adaptive,5,79.42561553858967,Low,Problem Solving,Practice Questions,Practice Questions,4.0524249018158045,57.7,0.32,0.7482397338712703,6.881351883328529,95.0,89.07497754389438,92.1,96.6,87.90637433943415
10077,adaptive,5,68.0297402226807,Medium,Advanced Topics,Advanced Practice,Advanced Practice,3.3964289225231665,45.0,0.32,0.48908576484333605,4.5006448181629874,77.4,71.9,67.3,71.5,64.10064481816299
10079,adaptive,5,52.933761452058704,Medium,Critical Thinking,Critical Thinking Activity,Critical Thinking Activity,3.409765409219503,33.4,0.32,0.3644357269373804,3.3462945407913725,65.5,60.3,61.1,50.64629454079137,54.3
10087,adaptive,5,66.50600146450991,Medium,Problem Solving,Practice Questions,Practice Questions,3.66276761403065,48.7,0.32,0.5708057049705366,5.244277414416805,62.0,52.644277414416806,76.5,66.2,56.2
10089,adaptive,5,80.68544481943164,Low,Advanced Topics,Advanced Practice,Advanced Practice,3.3683751361296115,36.0,0.32,0.3880368156821312,3.5696373970478765,84.1,98.0,94.7,92.9,80.86963739704788
10097,adaptive,5,80.9876075110775,Low,Advanced Topics,Advanced Practice,Advanced Practice,5.808216756957875,77.2,0.32,1.4348618676388734,13.156708666102485,85.10428656161274,92.2,85.21756023685087,87.7,84.93486186763887
10102,adaptive,5,55.54481338487658,Medium,Advanced Topics,Advanced Practice,Advanced Practice,4.088262066456826,53.9,0.32,0.7051434412224734,6.490889757907212,63.5,55.6,61.4,60.0,47.39088975790721
10108,adaptive,5,80.31158686707192,Low,Critical Thinking,Critical Thinking Activity,Critical Thinking Activity,4.58481841098801,58.0,0.32,0.8509422970793746,7.810093521129334,88.3,92.9,87.7,90.61009352112933,93.4
10111,adaptive,5,67.88473301548632,Low,Critical Thinking,Critical Thinking Activity,Critical Thinking Activity,3.038902136443891,31.4,0.32,0.3053488866698822,2.806138322614619,92.2,82.6,83.5,65.64691166655372,66.95922665606089
10121,adaptive,5,100.72704168122517,Low,Conceptual Understanding,Concept Review,Concept Review,6.563404781438525,88.9,0.32,0.0,0.0,100.0,100.0,100.0,100.0,100.0
10137,adaptive,5,60.043122878584356,Medium,Advanced Topics,Advanced Practice,Advanced Practice,2.7366954856617163,31.9,0.32,0.279361875176348,2.5695389442729417,74.3,65.1,84.3,62.8,54.96953894427294
10138,adaptive,5,58.861167470393276,Medium,Advanced Topics,Advanced Practice,Advanced Practice,3.4203296154634115,35.3,0.32,0.38636043336274695,3.5541278065063135,75.4,49.5,56.3,48.6,47.35412780650631
10140,adaptive,5,62.2253631263272,Medium,Advanced Topics,Advanced Practice,Advanced Practice,3.660347070236486,41.0,0.32,0.48023753561502697,4.418595426071956,70.5,70.0,81.7,67.3,60.018595426071954
10159,adaptive,5,56.58788762242051,Medium,Advanced Topics,Advanced Practice,Advanced Practice,2.904372427075792,43.0,0.32,0.39964164596562896,3.6773051127167977,63.9,58.2,63.6,65.4,55.5773051127168
10169,adaptive,5,76.26610891538743,Low,Critical Thinking,Critical Thinking Activity,Critical Thinking Activity,3.1975837160850027,46.5,0.32,0.4758004569534484,4.367857216270663,83.5,87.0,90.0,85.66785721627066,93.1
10175,adaptive,5,72.77211978209871,Low,Advanced Topics,Advanced Practice,Advanced Practice,4.3311950709525115,42.6,0.32,0.5904285120722463,5.428732325783484,100.0,90.7,69.26058019020319,77.0,67.26815213558031
10185,adaptive,5,86.12432901005643,Low,Problem Solving,Practice Questions,Practice Questions,4.395120095928644,57.3,0.32,0.8058892207894761,7.41535335719176,100.0,94.06577479501921,96.2,100.0,95.14957856217256
10199,adaptive,5,70.72303274959101,Low,Advanced Topics,Advanced Practice,Advanced Practice,3.5824838664132503,48.7,0.32,0.558294285741841,5.127272216999035,66.16834868414763,80.2,77.4,81.0,66.85892353285138
10200,adaptive,5,57.17157749925531,Medium,Advanced Topics,Advanced Practice,Advanced Practice,3.18602761822991,47.6,0.32,0.48529572680877997,4.466179943733644,64.5,63.0,90.8,69.1,46.96617994373365
10209,adaptive,5,59.496115972042496,Medium,Problem Solving,Practice Questions,Practice Questions,3.53061817731258,50.1,0.32,0.5660287061867528,5.200388738090791,72.8,55.4003887380908,64.9,56.9,65.5
10210,adaptive,5,41.69642125011457,Medium,Problem Solving,Practice Questions,Practice Questions,2.7927041323359623,39.1,0.32,0.3494231410378756,3.210325108285482,61.6,27.810325108285483,48.6,58.3,33.6
10211,adaptive,5,66.74376894260544,Medium,Advanced Topics,Advanced Practice,Advanced Practice,3.6540844178952767,61.4,0.32,0.717954506428064,6.610574485289112,82.9,72.0,74.5,67.5,61.41057448528911
10214,adaptive,5,67.42805830024568,Low,Advanced Topics,Advanced Practice,Advanced Practice,4.502493040137488,66.2,0.32,0.9538081256227255,8.760271197798405,73.8,73.1,84.2,73.91345498660418,73.14681621119422
10216,adaptive,5,62.366623623286586,Medium,Critical Thinking,Critical Thinking Activity,Critical Thinking Activity,3.6035636946015526,58.9,0.32,0.6791996851585006,6.228468048625735,77.37287978616129,74.86035492448936,79.9,78.09523333797507,79.3
10219,adaptive,5,87.3831957784029,Low,Conceptual Understanding,Concept Review,Concept Review,3.077066559844031,44.1,0.32,0.43423563292518963,3.987163099372722,89.61219349898174,93.1,86.074969600391,100.0,99.1
10222,adaptive,5,69.74156338191612,Low,Problem Solving,Practice Questions,Practice Questions,4.4929264519554435,59.4,0.32,0.8540154599876907,7.840166774582035,83.3,69.58804316795381,77.5,69.35212360662824,72.2
10236,adaptive,5,50.7413807535279,Medium,Problem Solving,Practice Questions,Practice Questions,2.703005033342923,32.4,0.32,0.2802475618569943,2.574774474561135,79.4,47.524465022239895,45.550309452321244,59.7,48.4
10238,adaptive,5,58.40028683342177,Medium,Critical Thinking,Critical Thinking Activity,Critical Thinking Activity,2.472573277125359,21.8,0.32,0.17248671181226502,1.5841164717893441,51.7,60.5,67.2,54.784116471789346,72.0
10245,adaptive,5,66.05823270434675,Medium,Critical Thinking,Critical Thinking Activity,Critical Thinking Activity,3.255263099344314,38.6,0.32,0.4020900980310097,3.6917054514733008,93.4,69.4,69.4,65.8917054514733,88.1
10248,adaptive,5,50.20327863950229,Medium,Problem Solving,Practice Questions,Practice Questions,1.0213799780987074,10.6,0.32,0.03464520885710815,0.31830285637468114,85.5,45.41830285637468,71.2,61.4,59.9
10255,adaptive,5,57.90972366625417,Medium,Application Skills,Application Exercise,Application Exercise,1.6573524916554168,29.0,0.32,0.15380231122562266,1.4130587343854082,88.7,100.0,62.01305873438541,80.3,71.7
10257,adaptive,5,61.59629696953211,Medium,Problem Solving,Practice Questions,Practice Questions,3.9262366211254736,40.3,0.32,0.506327474660341,4.653038323339204,60.33254421098816,64.08953037658566,73.1,63.2,64.3309637357654
10260,adaptive,5,67.96610649591119,Medium,Conceptual Understanding,Concept Review,Concept Review,5.126167869792856,69.4,0.32,1.1384193605235975,10.478475811460621,70.3384193605236,66.97995008963052,79.7,72.7,69.16010636130649
10261,adaptive,5,52.55078456880992,Medium,Problem Solving,Practice Questions,Practice Questions,2.5018653248076315,34.3,0.32,0.27460473805088564,2.5243592480623662,58.4,51.521875484256235,65.5,59.8,48.60248376380613
10262,adaptive,5,74.85025448112198,Low,Critical Thinking,Critical Thinking Activity,Critical Thinking Activity,5.116980575176125,61.7,0.32,1.0102966447627741,9.294745338061414,93.8,82.0,77.2,75.18923724615205,75.60550809190937
10266,adaptive,5,73.33474330713914,Low,Advanced Topics,Advanced Practice,Advanced Practice,4.308213445277997,58.4,0.32,0.8051189286535521,7.4123532004576,90.8,81.3,88.4,88.4,69.2123532004576
10276,adaptive,5,86.0856025122177,Low,Advanced Topics,Advanced Practice,Advanced Practice,5.926190670049348,78.7,0.32,1.4924518583452278,13.71190144854678,100.0,100.0,85.21944959020156,92.0,83.89245185834524
10278,adaptive,5,52.76878338491794,Medium,Advanced Topics,Advanced Practice,Advanced Practice,2.86487062539641,32.3,0.32,0.29611302784097293,2.723652760130813,63.4,66.3,47.3,45.6,29.723652760130815
10281,adaptive,5,57.55272869593516,Medium,Conceptual Understanding,Concept Review,Concept Review,3.523913100691243,44.8,0.32,0.5051881821150965,4.644113223357058,55.7942468306451,58.3,67.8,61.4,53.04986639271196
10282,adaptive,5,61.01460029608278,Medium,Problem Solving,Practice Questions,Practice Questions,3.92019239028455,48.4,0.32,0.6071593974072711,5.578276963679303,69.2,52.978276963679306,78.0,63.3,62.4
10290,adaptive,5,64.13667563063672,Medium,Advanced Topics,Advanced Practice,Advanced Practice,3.220781674561379,35.7,0.32,0.36794209850189197,3.3847456141172962,77.2,64.7,90.0,75.1,59.3847456141173
10293,adaptive,5,69.32046858409066,Low,Advanced Topics,Advanced Practice,Advanced Practice,3.7542759654510394,60.9,0.32,0.7316333001470986,6.736402673203556,79.0,80.4,85.2,66.1,61.23640267320355
10295,adaptive,5,79.22839938092902,Low,Application Skills,Application Exercise,Application Exercise,4.082387103705711,53.5,0.32,0.6989046721544179,6.42462687190104,100.0,92.6,86.09890467215442,85.0773732043074,86.14834899543922
10297,adaptive,5,72.57844748049611,Low,Advanced Topics,Advanced Practice,Advanced Practice,4.440510798263841,63.2,0.32,0.8980489038408793,8.269323684123512,100.0,80.1,81.0,76.3,59.86932368412351
10299,adaptive,5,66.74275980564553,Medium,Advanced Topics,Advanced Practice,Advanced Practice,3.0384051736025883,40.7,0.32,0.3957218898100011,3.639689768012613,76.6,80.7,71.5946523622625,92.0,73.24503740575011
10300,adaptive,5,108.21953494925461,Low,Conceptual Understanding,Concept Review,Concept Review,6.783315480765699,99.0,0.32,0.0,6.70770024242278,100.0,100.0,100.0,96.00770024242277,100.0
10308,adaptive,5,63.74641646217461,Low,Critical Thinking,Critical Thinking Activity,Critical Thinking Activity,3.0290142363929307,37.2,0.32,0.3605738547002145,3.3106139930709277,100.0,67.3,73.5,67.01061399307093,78.3
10310,adaptive,5,75.83954839806582,Low,Conceptual Understanding,Concept Review,Concept Review,4.286491904582401,53.4,0.32,0.7324757366550406,6.7171349676001935,75.35642662367954,98.5,87.5,75.86070834392066,87.8
10311,adaptive,5,72.66725626384773,Low,Conceptual Understanding,Concept Review,Concept Review,3.8342109207430544,46.2,0.32,0.5668497425226532,5.201758422085059,79.21883846188744,89.4,80.4829199601976,83.6,81.3
10313,adaptive,5,70.72404213378331,Low,Conceptual Understanding,Concept Review,Concept Review,5.3234708074273165,73.8,0.32,1.2571908658820352,11.55490017301076,77.18172622109728,80.4,77.73313289122575,83.0,76.74004106068774
10315,adaptive,5,42.99022656417827,Medium,Advanced Topics,Advanced Practice,Advanced Practice,1.2034403837996686,12.6,0.32,0.04852271627480263,0.4460014038573388,57.4,43.6,49.2,48.3,30.046001403857343
10319,adaptive,5,66.89518565976184,Low,Application Skills,Application Exercise,Application Exercise,2.7404993901023795,44.8,0.32,0.3928779925650771,3.609566556691646,79.6,74.8,74.10956655669166,80.1,82.1
10320,adaptive,5,92.33818009267809,Low,Application Skills,Application Exercise,Application Exercise,5.492377237501431,85.6,0.32,0.0,5.799999999999995,100.0,100.0,100.0,100.0,100.0
10322,adaptive,5,85.63229495496412,Low,Problem Solving,Practice Questions,Practice Questions,4.777003523377642,62.0,0.32,0.9477574990381242,8.707522022412766,97.4,90.00752202241276,90.1,96.3,93.1
10328,adaptive,5,60.7265134385794,Medium,Advanced Topics,Advanced Practice,Advanced Practice,2.5356182870227286,25.7,0.32,0.2085292479247492,1.9176071200180331,78.5,82.9,59.7,62.6,59.71760712001803
10329,adaptive,5,70.28557033869936,Low,Application Skills,Application Exercise,Application Exercise,3.647671759154533,46.2,0.32,0.5392717928734062,4.954559597024419,88.6,66.8,56.75455959702441,86.8,73.6
10333,adaptive,5,75.79219221707466,Low,Advanced Topics,Advanced Practice,Advanced Practice,4.51593242954562,56.0,0.32,0.8092550913745751,7.4395126348259675,96.2,78.3,89.0,76.14199558889106,77.79751704593491
10347,adaptive,5,70.70114141229546,Low,Advanced Topics,Advanced Practice,Advanced Practice,4.069874505185075,53.3,0.32,0.6941577956043662,6.389630250896439,83.8,80.5,90.4,76.5,76.78963025089645
10352,adaptive,5,30.33820391582271,High,Advanced Topics,Guided Review,Advanced Practice,1.5534969859096273,17.1,0.32,0.08500735506897482,0.7814781609842828,26.4,36.9,32.6,31.6,28.381478160984283
10356,adaptive,5,75.31366087177048,Low,Conceptual Understanding,Concept Review,Concept Review,4.132719798066889,47.7,0.32,0.63081834997693,5.793636946077926,80.8848320594718,83.5,82.2,81.3,80.30880488660613
10362,adaptive,5,68.73594700564338,Low,Problem Solving,Practice Questions,Practice Questions,2.4812221607546485,22.1,0.32,0.17547203120856875,1.6121492867287253,88.1,59.51214928672873,77.9,100.0,70.5
10364,adaptive,5,53.77910579392449,Medium,Advanced Topics,Advanced Practice,Advanced Practice,3.3767059687852794,30.7,0.32,0.33172759437346583,3.0510631631541596,67.1,47.4,61.6,45.3,45.55106316315416
10366,adaptive,5,74.48128144733995,Low,Conceptual Understanding,Concept Review,Concept Review,5.289655294666936,73.0,0.32,1.2356634768341963,11.30843948625938,82.20843948625938,84.4,83.7,82.0,90.8
10371,adaptive,5,74.49731276789615,Low,Advanced Topics,Advanced Practice,Advanced Practice,3.6422367367805313,51.4,0.32,0.5990750984656618,5.514035158249552,89.8,79.0,87.5,72.0,70.61403515824954
10372,adaptive,5,51.669028608312914,Medium,Problem Solving,Practice Questions,Practice Questions,1.9360303243190669,11.9,0.32,0.07372403475007007,0.6773395692662688,47.3,36.67733956926627,57.0,55.6,39.8
10378,adaptive,5,96.6404115668679,Low,Critical Thinking,Critical Thinking Activity,Critical Thinking Activity,4.530549542242277,60.9,0.32,0.8829134947921748,8.10311917449494,100.0,100.0,99.6,90.80311917449494,100.0
10383,adaptive,5,85.17953089457791,Low,Critical Thinking,Critical Thinking Activity,Critical Thinking Activity,5.972578039897376,75.3,0.32,1.4391524044936717,13.234238419557748,98.3,93.4989405056171,100.0,93.47807640916193,94.75722150477873
10409,adaptive,5,71.66633978260424,Low,Advanced Topics,Critical Thinking Activity,Critical Thinking Activity,2.6425326439890657,31.1,0.32,0.26298484872979183,2.417830953978621,94.6,89.5,100.0,74.1739448452506,74.24388610872802
10412,adaptive,5,50.19876832605219,Medium,Advanced Topics,Advanced Practice,Advanced Practice,2.7336756494408267,35.3,0.32,0.3087960013608358,2.839766581217705,70.8,56.785995001701046,67.3,80.4,57.55377157951666
10426,adaptive,5,51.52776894443494,Medium,Advanced Topics,Advanced Practice,Advanced Practice,2.0981931784353387,25.8,0.32,0.17322682881162155,1.5929764316448098,61.1,80.9,80.4,59.1,50.892976431644804
10430,adaptive,5,63.54668298149295,Medium,Critical Thinking,Critical Thinking Activity,Critical Thinking Activity,3.9628562242517287,54.7,0.32,0.6936583534930226,6.36688254331727,71.3,71.5,67.4,61.56688254331727,67.9
10433,adaptive,5,81.7079855077524,Low,Application Skills,Application Exercise,Application Exercise,5.79617580036105,83.9,0.32,1.556157278880935,14.276202557757124,83.2,90.6,73.05615727888093,75.9200452788762,98.5
10437,adaptive,5,68.22947685653266,Low,Application Skills,Application Exercise,Application Exercise,3.5972101674442074,39.3,0.32,0.4523851506577835,4.156288571668386,92.8,75.8,67.85628857166839,92.0,71.3
10440,adaptive,5,93.14104967186472,Low,Application Skills,Application Exercise,Application Exercise,6.0086880267339176,79.5,0.32,1.5286102340011087,14.033938569206054,100.0,97.4594902535712,99.1286102340011,98.14583808163374,97.4
10446,adaptive,5,71.32856439617252,Low,Problem Solving,Practice Questions,Practice Questions,4.025420707711477,44.4,0.32,0.5719317741516468,5.256592964834649,84.9,79.34137751587541,88.1,89.2,76.41521544895924
10452,adaptive,5,80.70924555079127,Low,Critical Thinking,Critical Thinking Activity,Critical Thinking Activity,5.366261786897079,64.1,0.32,1.1007276177283287,10.084873523310488,72.8139531382859,100.0,72.9,74.4709203850246,80.0
10463,adaptive,5,61.870146359222026,Medium,Advanced Topics,Application Exercise,Application Exercise,4.015986239723534,49.5,0.32,0.6361322203722078,5.849386074189553,64.9,68.9,56.963434178025864,69.0,58.88595189616369
10480,adaptive,5,98.80390566931081,Low,Conceptual Understanding,Concept Review,Concept Review,5.805397495363804,87.1,0.32,0.0,0.0,100.0,100.0,98.3,100.0,100.0
10487,adaptive,5,48.98058401294732,Medium,Problem Solving,Practice Questions,Practice Questions,3.06779054374536,42.2,0.32,0.4142744350273735,3.806146371813994,52.8,34.00614637181399,40.6,39.9,45.5
10494,adaptive,5,63.022915332017455,Medium,Advanced Topics,Advanced Practice,Advanced Practice,4.218779659371764,46.9,0.32,0.6331544512785142,5.826780204450264,80.9,62.3,69.7,75.5,64.02678020445028
10495,adaptive,5,29.456897768270906,High,Advanced Topics,Advanced Practice,Advanced Practice,1.3853063940262906,19.1,0.32,0.08466992680288689,0.7784313072971736,40.0,33.5,39.1,17.6,10.178431307297174
10500,adaptive,5,78.43507137779578,Low,Advanced Topics,Advanced Practice,Advanced Practice,4.002155495778529,44.4,0.32,0.5686262528402134,5.232477712207546,97.8,98.0,98.5,84.3,83.93247771220754
10514,adaptive,5,44.26149865088267,Medium,Advanced Topics,Advanced Practice,Advanced Practice,2.951676537915412,25.1,0.32,0.23707865952536591,2.178463703659465,56.4,59.1,49.137427270325745,48.97038093274666,50.37065550058707
10522,adaptive,5,46.06387425247432,Medium,Problem Solving,Practice Questions,Practice Questions,0.7791724716905271,0.0,0.32,0.0,0.0,45.4,44.0,55.0,44.8,45.7
10523,adaptive,5,73.71214665318827,Low,Application Skills,Application Exercise,Application Exercise,3.8990945266919765,42.0,0.32,0.5240383043874016,4.814601921559253,95.0,94.6,78.31460192155924,100.0,87.9
10527,adaptive,5,86.09883238165469,Low,Conceptual Understanding,Concept Review,Concept Review,4.777210572540524,69.3,0.32,1.0593942165665864,9.709062305433312,87.83115531845652,100.0,87.2,85.47790698697678,89.0
10528,adaptive,5,64.66000435068588,Medium,Advanced Topics,Advanced Practice,Advanced Practice,4.264278897118002,64.7,0.32,0.8828763028593112,8.1092343845508,68.9,73.2,64.72309730586073,65.90326077583076,64.98287630285931
10529,adaptive,5,77.32914055174695,Low,Advanced Topics,Advanced Practice,Advanced Practice,4.561443502808681,45.1,0.32,0.6583075263253488,6.057871795890989,75.9,99.5,75.6,72.9,73.75787179589099
10530,adaptive,5,68.48385139166325,Low,Application Skills,Application Exercise,Application Exercise,3.1289109876187076,34.4,0.32,0.3444305215170673,3.164455416438056,100.0,81.9,71.26445541643804,85.2,74.1
10535,adaptive,5,69.45444436593031,Low,Application Skills,Application Exercise,Application Exercise,5.064053567173502,71.8,0.32,1.1635169475937839,10.68282162326692,79.6,78.24994999472383,81.06351694759378,78.26935468094929,81.9
10543,adaptive,5,78.85126184562523,Low,Advanced Topics,Advanced Practice,Advanced Practice,5.0740219972899965,70.7,0.32,1.147946736666889,10.573220498609196,100.0,100.0,100.0,87.0,77.5732204986092
10544,adaptive,5,68.95775970337054,Low,Application Skills,Application Exercise,Application Exercise,2.8471969117804394,34.1,0.32,0.3106861270134816,2.854428791936362,83.3,88.2,78.15442879193635,89.4,81.5
10549,adaptive,5,67.24764480291873,Medium,Advanced Topics,Advanced Practice,Advanced Practice,3.2097824024037616,31.7,0.32,0.3256003268998376,2.9948137700705715,69.5,71.8,66.4,63.4,60.99481377007057
10550,adaptive,5,55.53554253809256,Medium,Advanced Topics,Advanced Practice,Advanced Practice,2.230886331254061,27.5,0.32,0.19631799715035742,1.8054292296350802,65.0,55.7,74.9,63.6,57.40542922963508
10555,adaptive,5,85.74259356578672,Low,Application Skills,Application Exercise,Application Exercise,4.389471065220922,44.8,0.32,0.6292745719100714,5.780378383281461,97.1,97.5,80.49395032047667,79.58642806280479,83.4
10560,adaptive,5,43.772447378818924,Medium,Advanced Topics,Advanced Practice,Advanced Practice,1.946841092295691,21.7,0.32,0.13518864544901277,1.2430005687694639,62.5,55.4,61.7,44.3,43.84300056876947
10571,adaptive,5,60.7891991983585,Medium,Advanced Topics,Advanced Practice,Advanced Practice,3.084478000517437,37.1,0.32,0.36618922822143013,3.363844827692985,66.1,59.0,71.8,56.42533306578068,58.538511761912304
10579,adaptive,5,61.20251608780299,Medium,Application Skills,Advanced Practice,Advanced Practice,3.096941820382283,35.3,0.32,0.3498305480303827,3.2162153608121917,76.8,99.1,56.93162416629086,68.3,57.384591194521335
10584,adaptive,5,71.72134725535186,Low,Problem Solving,Practice Questions,Practice Questions,3.650973507564168,39.2,0.32,0.45797811678884925,4.209066470082285,72.8,72.83638122530466,100.0,92.4,72.87268524477761
10585,adaptive,5,81.23507976905184,Low,Critical Thinking,Critical Thinking Activity,Critical Thinking Activity,4.757276789434438,57.8,0.32,0.8799059149737936,8.100709608910114,96.8,84.2,91.9,77.37990591497379,75.52080369393632
10590,adaptive,5,86.0587547693764,Low,Problem Solving,Practice Questions,Practice Questions,3.9192834397090635,56.6,0.32,0.7098606166001057,6.5218444150134705,100.0,90.22184441501348,100.0,90.2,100.0
10591,adaptive,5,69.2018914412922,Medium,Advanced Topics,Advanced Practice,Advanced Practice,5.834297086740456,83.4,0.32,1.557057206509293,14.337714997828876,58.5,72.9,57.046321508136614,59.1,59.69139348969225
10596,adaptive,5,77.37813335745437,Low,Advanced Topics,Advanced Practice,Advanced Practice,5.423240318761148,75.7,0.32,1.3137257348167006,12.102283006021477,86.6,79.5,92.5,92.1,67.50228300602147
10600,adaptive,5,36.37748310910102,Medium,Advanced Topics,Advanced Practice,Advanced Practice,1.156296009701319,17.0,0.32,0.06290250292775176,0.5782647648294449,39.8,45.1,36.8,41.9,33.67826476482944
10602,adaptive,5,37.110432076149756,Medium,Advanced Topics,Advanced Practice,Advanced Practice,0.577717899468106,9.2,0.32,0.01700801496034104,0.15631204913508007,53.6,57.2,55.9,57.1,47.256312049135076
10605,adaptive,5,74.60324067949126,Low,Problem Solving,Practice Questions,Practice Questions,3.8496726322999337,56.9,0.32,0.7009483928891719,6.436812735933598,100.0,78.37713622677492,79.78914976928577,82.67052673987288,99.9
10614,adaptive,5,69.00687630622778,Low,Advanced Topics,Advanced Practice,Advanced Practice,2.8939940011896192,35.4,0.32,0.32783164045476004,3.015732404258179,74.2,79.0,78.5,91.0,62.415732404258186
10618,adaptive,5,80.26158173809537,Low,Application Skills,Application Exercise,Application Exercise,2.638783398351885,42.3,0.32,0.35718572080091116,3.281643809858371,79.9,95.1,77.08164380985836,89.0,100.0
10622,adaptive,5,57.438474007180176,Medium,Critical Thinking,Critical Thinking Activity,Critical Thinking Activity,2.692843668942371,39.4,0.32,0.3395137297802541,3.117130045754572,65.7,46.9,62.4,45.217130045754566,62.6
10627,adaptive,5,90.98657816684255,Low,Conceptual Understanding,Concept Review,Concept Review,4.564894095782291,54.3,0.32,0.0,0.0,100.0,100.0,100.0,98.3,100.0
10636,adaptive,5,55.02938677290052,Medium,Advanced Topics,Advanced Practice,Advanced Practice,4.224929021807409,51.0,0.32,0.6895084163589691,6.346315739558751,57.8,66.4,48.6,49.2,50.546315739558764
10637,adaptive,5,46.90649787378329,Medium,Critical Thinking,Critical Thinking Activity,Critical Thinking Activity,2.1199040900847295,23.8,0.32,0.161451895500853,1.4827208637375802,62.0,50.8,63.5,48.38272086373758,47.1
10644,adaptive,5,85.42680841659921,Low,Advanced Topics,Advanced Practice,Advanced Practice,5.558322010131114,71.4,0.32,1.269965412874757,11.69737008317502,99.3,81.1,100.0,76.0,78.09737008317502
10645,adaptive,5,55.51848913387159,Medium,Problem Solving,Practice Questions,Practice Questions,1.2860898281446436,10.5,0.32,0.04321261822566002,0.3970159299482514,85.5,51.19701592994824,68.8,96.7,65.2
10650,adaptive,5,63.42306970596375,Medium,Advanced Topics,Advanced Practice,Advanced Practice,2.232745927086323,24.6,0.32,0.17576175938023536,1.6162186802560714,76.0,71.8,75.8,55.6,54.81621868025607
10651,adaptive,5,77.54920407310736,Low,Problem Solving,Practice Questions,Practice Questions,3.434919804139411,44.5,0.32,0.48913258010945215,4.493905579755591,98.9,92.8939055797556,100.0,97.1,95.1
10653,adaptive,5,85.30706516840007,Low,Application Skills,Critical Thinking Activity,Critical Thinking Activity,5.374278745365746,75.4,0.32,1.2967059756818473,10.444152293775181,100.0,98.02610308700288,100.0,99.99670597568185,98.82134323109044
10657,adaptive,5,76.92104755440796,Low,Critical Thinking,Critical Thinking Activity,Critical Thinking Activity,4.106775844488374,53.6,0.32,0.704394192846646,6.4655481346959425,86.5,98.4,100.0,88.86554813469596,90.7
10661,adaptive,5,50.05124087617122,Medium,Advanced Topics,Practice Questions,Practice Questions,2.5289797033305006,26.3,0.32,0.21283893183229496,1.9564050602186134,53.8,47.611068370139435,52.6,58.4,45.24533669007917
10663,adaptive,5,90.59382460780392,Low,Critical Thinking,Critical Thinking Activity,Critical Thinking Activity,4.528731625875832,68.6,0.32,0.9941471665122624,9.12275904639427,100.0,100.0,100.0,89.02275904639428,100.0
10669,adaptive,5,81.67395224299375,Low,Critical Thinking,Advanced Practice,Advanced Practice,4.625117648276072,58.3,0.32,0.8628619484623841,7.930846634298013,86.1,89.1,97.4,78.7893996881201,83.04144694617791
10671,adaptive,5,63.027930907560616,Medium,Application Skills,Application Exercise,Application Exercise,3.248557651495786,49.0,0.32,0.5093738397545393,4.676947100089359,66.73627072676867,68.1,68.7406763733207,76.7,72.7
10678,adaptive,5,70.3648428212567,Low,Problem Solving,Practice Questions,Practice Questions,2.6906282569714017,41.7,0.32,0.3590374346102639,3.2962475328361336,86.9,80.35903743461026,82.0,83.23721009822586,88.4
10679,adaptive,5,45.226810785541716,Medium,Advanced Topics,Application Exercise,Application Exercise,1.9058548320947446,24.5,0.32,0.149419018836228,1.3733719418187569,68.4,50.7,43.95296567793834,49.4,42.320406263880415
10680,adaptive,5,81.06897708636625,Low,Critical Thinking,Critical Thinking Activity,Critical Thinking Activity,4.847139254732519,58.8,0.32,0.9120377221704707,8.35303929313186,87.74100157096139,99.1,93.2,90.41203772217047,93.5
10688,adaptive,5,86.49054364137172,Low,Critical Thinking,Critical Thinking Activity,Critical Thinking Activity,5.206165570234852,70.0,0.32,1.1661810877326066,10.701160436888179,98.8,92.1,92.2,85.80116043688817,100.0
10690,adaptive,5,83.75945413165483,Low,Advanced Topics,Advanced Practice,Advanced Practice,4.800550255135933,65.6,0.32,1.007731509558135,9.280082028237853,100.0,95.6,89.7,100.0,90.98008202823787
10693,adaptive,5,71.43010667396688,Low,Critical Thinking,Critical Thinking Activity,Critical Thinking Activity,4.7910554196409825,65.6,0.32,1.005738353691035,9.234817636015284,72.9,77.2,68.62863911975603,68.80617851625925,89.7
10698,adaptive,5,74.7378963660335,Low,Application Skills,Application Exercise,Application Exercise,3.531068377291628,49.8,0.32,0.5627110566051938,5.161090851562246,88.65572974015925,99.7,90.2627110566052,88.54265005479782,91.2
10714,adaptive,5,58.192820811636025,Medium,Conceptual Understanding,Concept Review,Concept Review,2.142001848731357,22.3,0.32,0.1528532519254696,1.4026641373896651,55.80266413738967,66.9,54.2,76.0,61.2
10715,adaptive,5,51.347037170917034,Medium,Conceptual Understanding,Concept Review,Concept Review,3.001176393943405,39.2,0.32,0.37646756685626076,3.455316027535754,51.93827363843838,64.1,54.817042389097374,69.9,51.7
10717,adaptive,5,100.66062487003987,Low,Conceptual Understanding,Concept Review,Concept Review,6.511328880250151,100.0,0.32,0.0,0.0,100.0,100.0,100.0,100.0,100.0
10722,adaptive,5,67.18308476744174,Medium,Problem Solving,Practice Questions,Practice Questions,4.641490402351291,70.6,0.32,1.0486055116992037,9.64563906205186,67.5,63.52069827574249,64.5,65.9,65.12494078630935
10738,adaptive,5,85.14145476743735,Low,Problem Solving,Practice Questions,Practice Questions,4.997796749167814,68.1,0.32,1.08911986757865,10.00345995844431,100.0,97.58911986757865,100.0,98.8117608277944,98.80257926307125
10741,adaptive,5,35.528779284291204,High,Advanced Topics,Advanced Practice,Advanced Practice,1.6514101377951036,9.3,0.32,0.049145965700782286,0.45167727264718754,58.6,37.4,42.7,56.4,29.151677272647184
10742,adaptive,5,68.14027801351439,Low,Critical Thinking,Critical Thinking Activity,Critical Thinking Activity,4.574134276339976,64.1,0.32,0.9382464227628557,8.632755146396416,73.7,83.2,68.9,63.21070216023584,63.52205298616058
10750,adaptive,5,95.29874627909558,Low,Conceptual Understanding,Concept Review,Concept Review,5.382268563969849,60.3,0.32,0.0,0.0,100.0,100.0,100.0,100.0,100.0
10754,adaptive,5,63.30956395768337,Medium,Application Skills,Application Exercise,Application Exercise,2.6259900764483315,38.5,0.32,0.32352197741843447,2.972358167531867,77.6,96.6,62.072358167531874,80.4,77.8
10762,adaptive,5,36.561146918003644,Medium,Advanced Topics,Advanced Practice,Advanced Practice,2.057316448490526,32.2,0.32,0.2119858868524638,1.9498429500536654,35.8,40.3,53.4,54.5,13.749842950053665
10765,adaptive,5,53.02256529301157,Medium,Application Skills,Application Exercise,Application Exercise,2.8325998057124857,36.8,0.32,0.3335669531207023,3.0646463817964524,64.8,70.8,57.864646381796454,59.7,65.2
10768,adaptive,5,53.81036994171047,Medium,Advanced Topics,Advanced Practice,Advanced Practice,4.396451932363435,57.7,0.32,0.8117608847915848,7.454512395049559,52.879884218409764,60.6,54.4,49.9,50.374628176639796
10788,adaptive,5,86.69436947609114,Low,Problem Solving,Practice Questions,Practice Questions,4.0695653159565035,58.3,0.32,0.7592181053448452,6.975316342855765,100.0,80.37531634285577,100.0,100.0,88.9
10801,adaptive,5,76.2704711157587,Low,Conceptual Understanding,Concept Review,Concept Review,3.805395032531587,46.0,0.32,0.5601541487886497,5.142849629229174,83.01900798287015,79.32364896037323,80.50019268598581,84.7,88.3
10803,adaptive,5,99.48594853429978,Low,Conceptual Understanding,Concept Review,Concept Review,5.370773753310041,73.3,0.32,0.0,0.0,100.0,100.0,100.0,100.0,100.0
10811,adaptive,5,73.23952559488394,Low,Problem Solving,Practice Questions,Practice Questions,3.8677298545726138,45.3,0.32,0.5606661197188461,5.155420005920532,75.9,69.69127108636845,76.2,72.6,69.3641489195521
10812,adaptive,5,68.29646215725613,Low,Advanced Topics,Advanced Practice,Advanced Practice,4.528974328416419,54.2,0.32,0.7855053075205438,7.2307027162120905,82.1,73.8,75.3,73.5,65.63070271621208
10817,adaptive,5,88.27462959723341,Low,Application Skills,Concept Review,Concept Review,3.6320838343235726,47.7,0.32,0.0,0.0,100.0,100.0,95.8,100.0,94.1
10821,adaptive,5,79.79888275946999,Low,Conceptual Understanding,Concept Review,Concept Review,4.203736036141761,59.4,0.32,0.7990461457498259,7.3256351788304,75.47937773894252,89.5,81.4,69.04625743988788,86.1
10823,adaptive,5,41.79696150755772,Medium,Advanced Topics,Guided Review,Advanced Practice,2.1349421279257874,20.3,0.32,0.13868584063005915,1.2741761607886684,44.9,29.63549032015861,32.6,35.2,27.93868584063006
10824,adaptive,5,40.7440025558862,Medium,Problem Solving,Practice Questions,Practice Questions,1.6408532280664132,16.5,0.32,0.08663705044190662,0.7959779009350171,54.3,42.69597790093502,58.2,51.7,40.8
10827,adaptive,5,81.29031902131871,Low,Advanced Topics,Advanced Practice,Advanced Practice,5.389044248245376,59.9,0.32,1.0329720015036739,9.510595752842724,86.9,93.7,88.6,97.5,78.01059575284272
10830,adaptive,5,81.84245279497554,Low,Advanced Topics,Advanced Practice,Advanced Practice,4.3718903059181375,59.6,0.32,0.8338069191447072,7.676796813245725,95.8,96.1,100.0,91.0,87.77679681324571
10838,adaptive,5,64.77076966701922,Medium,Conceptual Understanding,Concept Review,Concept Review,3.1876371462245534,42.8,0.32,0.4365787835469148,4.001894104150215,66.90189410415022,74.3,79.3,75.5,74.8
10846,adaptive,5,66.67824595407454,Medium,Problem Solving,Practice Questions,Practice Questions,3.5605862221812643,53.0,0.32,0.6038754232819424,5.542554216983784,77.21095914184491,73.28816357822662,94.8,73.4,75.44343149691225
10850,adaptive,5,48.816941811526064,Medium,Advanced Topics,Concept Review,Concept Review,2.3511525745914,23.9,0.32,0.17981614890475028,1.6507852601908484,46.625964188606886,48.6,51.4,83.0,47.92482107158397
10860,adaptive,5,98.23811385268056,Low,Conceptual Understanding,Concept Review,Concept Review,6.034688430708864,80.9,0.32,0.0,0.0,100.0,100.0,100.0,100.0,100.0
10866,adaptive,5,104.12216413782772,Low,Conceptual Understanding,Concept Review,Concept Review,6.1325647464936806,83.9,0.32,0.0,0.0,100.0,100.0,100.0,100.0,100.0
10867,adaptive,5,81.49515676722858,Low,Application Skills,Application Exercise,Application Exercise,5.294376684005529,72.7,0.32,1.2316837917670465,11.291990378519083,91.17139431327256,96.8,92.19891070726312,90.6216853579834,92.0
10868,adaptive,5,90.20836692391785,Low,Problem Solving,Practice Questions,Practice Questions,5.959629549039241,91.4,0.32,1.7430724505029975,16.008366271143057,100.0,94.643072450503,96.18738636710722,96.47790745353284,99.5
10880,adaptive,5,63.62045451097273,Medium,Advanced Topics,Advanced Practice,Advanced Practice,4.234435181508784,51.4,0.32,0.6964798986545648,6.410572994990683,77.3,72.3,70.1,70.2,63.01057299499068
10884,adaptive,5,96.80298636017697,Low,Conceptual Understanding,Concept Review,Concept Review,5.385335560825377,71.0,0.32,0.0,3.820409505945091,100.0,100.0,100.0,98.12040950594509,100.0
10885,adaptive,5,56.44276464013387,Medium,Critical Thinking,Critical Thinking Activity,Critical Thinking Activity,3.3399146011769263,31.8,0.32,0.3398697098157641,3.120813751505883,70.5,73.2,62.8,58.22081375150589,61.1
10893,adaptive,5,62.9951515288418,Medium,Problem Solving,Practice Questions,Practice Questions,3.7790393653222303,45.1,0.32,0.5453909612033043,5.010779456055358,65.5,54.31077945605535,75.6,59.0,71.6
10894,adaptive,5,46.45295180091994,Medium,Advanced Topics,Advanced Practice,Advanced Practice,1.9246962200280535,13.6,0.32,0.0837627794956209,0.7699412414403662,54.0,61.0,70.5,46.1,39.969941241440374
10900,adaptive,5,100.67709792724179,Low,Conceptual Understanding,Concept Review,Concept Review,6.492620087005345,87.9,0.32,0.0,5.7011403586457,100.0,100.0,100.0,95.4011403586457,100.0
10902,adaptive,5,85.48186314255443,Low,Critical Thinking,Critical Thinking Activity,Critical Thinking Activity,4.954924026538533,61.0,0.32,0.9672011699803217,8.881738553104503,93.2,100.0,89.28640036646986,88.69533818663464,98.1
10903,adaptive,5,44.67274506542792,Medium,Advanced Topics,Advanced Practice,Advanced Practice,1.5713448169990065,28.4,0.32,0.1428038169688697,1.313330469076199,61.9,57.2,55.9,59.0,40.9133304690762
10915,adaptive,5,74.23141153540307,Low,Advanced Topics,Advanced Practice,Advanced Practice,3.815531118341429,36.2,0.32,0.4419911247486712,4.06600396650714,83.2,80.8,90.5,93.6,69.66600396650712
10918,adaptive,5,38.20676715875787,High,Application Skills,Application Exercise,Application Exercise,1.8917151855780479,24.4,0.32,0.14770512168993397,1.3570408055262684,53.8,58.4,27.157040805526268,39.0,30.7
10925,adaptive,5,73.97504426424766,Low,Application Skills,Application Exercise,Application Exercise,2.717052478843144,41.6,0.32,0.3616940259835994,3.323063863724319,81.1,94.4,83.12306386372431,91.4,95.3
10937,adaptive,5,74.30644697192704,Low,Advanced Topics,Advanced Practice,Advanced Practice,4.930273991975931,64.4,0.32,1.0160308642664,9.33478356544755,73.1,75.2,74.31875270118115,83.1,75.2160308642664
10939,adaptive,5,101.57599107909621,Low,Conceptual Understanding,Concept Review,Concept Review,5.80795881648581,76.5,0.32,0.0,0.0,100.0,100.0,100.0,100.0,100.0
10942,adaptive,5,56.01662984268722,Medium,Advanced Topics,Advanced Practice,Advanced Practice,3.5292009961103323,42.5,0.32,0.4799713354710052,4.4163809765495765,77.8,70.9,71.7,78.1,57.51638097654958
10943,adaptive,5,57.67697032070866,Medium,Application Skills,Application Exercise,Application Exercise,2.623517398093341,39.1,0.32,0.32825449684943886,3.0158381898042195,68.8,55.8,54.81583818980422,61.1,63.0
10948,adaptive,5,49.82252437244604,Medium,Advanced Topics,Advanced Practice,Advanced Practice,2.6702971528503125,35.2,0.32,0.30078227129705926,2.766884890715458,52.8,52.5,54.6,68.5,31.666884890715455
10949,adaptive,5,92.05120895210861,Low,Conceptual Understanding,Concept Review,Concept Review,4.712820022042393,63.9,0.32,0.0,0.7000000000000028,100.0,100.0,100.0,100.0,100.0
10960,adaptive,5,68.03503283071413,Low,Conceptual Understanding,Concept Review,Concept Review,3.2488027986561807,45.7,0.32,0.47510492127547993,4.3543685783666914,71.95436857836668,80.7,85.7,87.2,95.3
10974,adaptive,5,72.15714349148968,Low,Advanced Topics,Advanced Practice,Advanced Practice,4.329517954453298,51.0,0.32,0.7065773301667783,6.503420009478605,100.0,90.3,79.1,83.9,74.6034200094786
10975,adaptive,5,59.30840728591615,Medium,Application Skills,Application Exercise,Application Exercise,3.7813525242192974,45.6,0.32,0.5517749603340799,5.069432448069359,82.0,66.3,59.469432448069355,64.5,61.4
10978,adaptive,5,65.45565855065188,Medium,Advanced Topics,Advanced Practice,Advanced Practice,3.8625552611636005,54.5,0.32,0.673629637546932,6.200935144083675,82.2,69.0,72.5,70.3,62.300935144083674
10979,adaptive,5,44.631462266773894,Medium,Advanced Topics,Advanced Practice,Advanced Practice,2.5068697774046433,29.0,0.32,0.23263751534315089,2.139553685420605,49.6,50.8,40.4,37.0,30.839553685420604
10986,adaptive,5,74.9606046442448,Low,Problem Solving,Practice Questions,Practice Questions,3.4775910617235612,28.3,0.32,0.3149306465496857,2.8934253151752376,100.0,77.39342531517524,89.2,77.6,80.0
10987,adaptive,5,93.58375855304095,Low,Critical Thinking,Critical Thinking Activity,Critical Thinking Activity,6.1302336676641485,79.6,0.32,1.5614931198274118,14.326231816212074,100.0,97.2,100.0,97.92623181621205,97.4
10990,adaptive,5,56.30434452211122,Medium,Advanced Topics,Advanced Practice,Advanced Practice,3.2870163107324366,46.4,0.32,0.48805618181755217,4.491393345370063,60.1,49.0,58.1,59.4,51.39139334537006
10996,adaptive,5,78.81011112197633,Low,Conceptual Understanding,Concept Review,Concept Review,4.115628153380115,53.8,0.32,0.7085465428859204,6.498473024913945,90.3123383640045,94.2,90.7,92.3,88.28613466090945
10999,adaptive,5,89.00386546516395,Low,Critical Thinking,Critical Thinking Activity,Critical Thinking Activity,5.554579845044405,81.0,0.32,1.4397470958355099,13.208924813525865,100.0,100.0,95.3,88.80892481352588,97.6
10011,adaptive,6,53.405927670876565,Medium,Advanced Topics,Advanced Practice,Advanced Practice,2.1885796541582536,30.0,0.27,0.17727495198681856,2.1100937322778757,56.2,55.5,63.5,59.4,39.51009373227787
10024,adaptive,6,98.38600501553194,Low,Conceptual Understanding,Concept Review,Concept Review,6.5539225628509135,86.8,0.27,0.0,9.784744229433901,100.0,100.0,97.9847442294339,94.6,100.0
10026,adaptive,6,90.5617364753426,Low,Problem Solving,Practice Questions,Practice Questions,5.549545774546738,76.4,0.27,1.1447603023735011,13.57192368491284,92.93473134573667,88.4447603023735,100.0,89.39243203680267,100.0
10031,adaptive,6,78.75804144784163,Low,Critical Thinking,Critical Thinking Activity,Critical Thinking Activity,3.216713075178014,22.4,0.27,0.19454680678676628,2.3119362484025343,95.7,100.0,93.6,83.81193624840255,96.2
10040,adaptive,6,82.54772380582739,Low,Critical Thinking,Critical Thinking Activity,Critical Thinking Activity,4.153631452525306,59.2,0.27,0.663916451371645,7.884133257381861,95.6,100.0,77.4,72.48413325738187,93.8
10045,adaptive,6,90.48114874909436,Low,Conceptual Understanding,Concept Review,Concept Review,5.127619415504026,65.0,0.27,0.8998972074209566,10.657512710466632,92.05751271046663,100.0,99.8,100.0,92.2
10055,adaptive,6,64.86643570836057,Medium,Advanced Topics,Advanced Practice,Advanced Practice,4.229071776545245,68.6,0.27,0.7833086744517104,9.337877364828966,72.1,58.6,57.6,57.4,48.037877364828965
10056,adaptive,6,96.49297271055661,Low,Conceptual Understanding,Concept Review,Concept Review,5.767919157307695,71.9,0.27,0.0,0.0,100.0,100.0,96.1,98.2,100.0
10060,adaptive,6,88.73568439261251,Low,Conceptual Understanding,Critical Thinking Activity,Critical Thinking Activity,5.143139302057318,69.3,0.27,0.9623327948079449,11.440655004720039,88.95808034982493,86.42642712782835,99.7,87.43050799279706,88.5256395342697
10061,adaptive,6,52.631452824031584,Medium,Advanced Topics,Advanced Practice,Advanced Practice,3.014455035412013,36.9,0.27,0.3003301551780989,3.575784926198756,56.1,42.0,48.8,62.1,36.975784926198756
10064,adaptive,6,92.94766098410534,Low,Conceptual Understanding,Concept Review,Concept Review,5.5813806830375245,75.3,0.27,0.0,7.224191099925164,100.0,96.80011110460765,100.0,97.42407999531751,100.0
10067,adaptive,6,83.36862086243704,Low,Critical Thinking,Critical Thinking Activity,Critical Thinking Activity,5.364045209644576,75.9,0.27,1.099253784812463,13.061019713047404,100.0,91.73068356340929,97.3,93.43033614963811,94.9
10068,adaptive,6,56.309094079586664,Medium,Critical Thinking,Critical Thinking Activity,Critical Thinking Activity,3.167867432374252,45.0,0.27,0.3848958930334717,4.571975285145988,59.4,53.7,68.2,47.47197528514598,63.9
10071,adaptive,6,84.43282943814528,Low,Critical Thinking,Critical Thinking Activity,Critical Thinking Activity,4.668158966969628,56.0,0.27,0.7058256358058078,8.37533657951477,79.88015711317877,92.0,90.1,81.095179466336,89.8
10073,adaptive,6,79.45240258780106,Low,Advanced Topics,Advanced Practice,Advanced Practice,4.0524249018158045,57.7,0.27,0.6313272754538843,7.512679158782413,95.0,89.07497754389438,92.1,96.6,88.53770161488804
10077,adaptive,6,68.03772351983646,Medium,Advanced Topics,Advanced Practice,Advanced Practice,3.395270988640412,45.0,0.27,0.4125254251198101,4.9131702432827975,77.4,71.9,67.3,71.5,64.5131702432828
10079,adaptive,6,52.92440642969326,Medium,Critical Thinking,Critical Thinking Activity,Critical Thinking Activity,3.410192487999274,33.4,0.27,0.3075311585677745,3.653825699359147,65.5,60.3,61.1,50.95382569935914,54.3
10087,adaptive,6,66.52643635966054,Medium,Problem Solving,Practice Questions,Practice Questions,3.66276761403065,48.7,0.27,0.48161731356889026,5.725894727985695,62.0,53.125894727985695,76.5,66.2,56.2
10089,adaptive,6,80.69177870487596,Low,Advanced Topics,Advanced Practice,Advanced Practice,3.367456440455084,36.0,0.27,0.3273167660122342,3.8969541630601108,84.1,98.0,94.7,92.9,81.19695416306011
10097,adaptive,6,81.01102861528919,Low,Application Skills,Application Exercise,Application Exercise,5.804819653028376,77.2,0.27,1.2099566084772349,14.36666527457972,85.10428656161274,92.2,86.42751684532811,87.7,84.93486186763887
10102,adaptive,6,55.55632336949151,Medium,Advanced Topics,Advanced Practice,Advanced Practice,4.086592605717041,53.9,0.27,0.5947218219100011,7.085611579817213,63.5,55.6,61.4,60.0,47.98561157981721
10108,adaptive,6,80.28974327811379,Low,Conceptual Understanding,Concept Review,Concept Review,4.585815622213557,58.0,0.27,0.7181387264386431,8.528232247567976,89.01813872643864,92.9,87.7,90.61009352112933,93.4
10111,adaptive,6,67.87689474538018,Low,Critical Thinking,Critical Thinking Activity,Critical Thinking Activity,3.0392599719146873,31.4,0.27,0.2576684604189272,3.063806783033546,92.2,82.6,83.5,65.90458012697265,66.95922665606089
10121,adaptive,6,100.72704168122517,Low,Conceptual Understanding,Concept Review,Concept Review,6.563404781438525,88.9,0.27,0.0,0.0,100.0,100.0,100.0,100.0,100.0
10137,adaptive,6,60.047682874036774,Medium,Advanced Topics,Advanced Practice,Advanced Practice,2.7360340830937635,31.9,0.27,0.23565461557686587,2.8051935598498074,74.3,65.1,84.3,62.8,55.2051935598498
10138,adaptive,6,58.86747399241965,Medium,Advanced Topics,Advanced Practice,Advanced Practice,3.419414888704006,35.3,0.27,0.3259044330423788,3.8800322395486924,75.4,49.5,56.3,48.6,47.680032239548694
10140,adaptive,6,62.23320199473794,Medium,Advanced Topics,Advanced Practice,Advanced Practice,3.6592100849585827,41.0,0.27,0.40507455640491513,4.823669982476871,70.5,70.0,81.7,67.3,60.423669982476866
10159,adaptive,6,56.594410932328316,Medium,Advanced Topics,Advanced Practice,Advanced Practice,2.903426256411897,43.0,0.27,0.3370877883694213,4.014392901086219,63.9,58.2,63.6,65.4,55.914392901086224
10169,adaptive,6,76.25389517346456,Low,Critical Thinking,Critical Thinking Activity,Critical Thinking Activity,3.1981413021380445,46.5,0.27,0.4015266404834315,4.769383856754094,83.5,87.0,90.0,86.06938385675409,93.1
10175,adaptive,6,72.78175728660189,Low,Advanced Topics,Advanced Practice,Advanced Practice,4.329797203280588,42.6,0.27,0.4980132743213333,5.926745600104817,100.0,90.7,69.26058019020319,77.0,67.76616540990165
10185,adaptive,6,86.15317991604151,Low,Advanced Topics,Advanced Practice,Advanced Practice,4.395120095928644,57.3,0.27,0.6799690300411204,8.09532238723288,100.0,94.06577479501921,96.2,100.0,95.82954759221369
10199,adaptive,6,70.73214573038872,Low,Conceptual Understanding,Concept Review,Concept Review,3.5811620780553013,48.7,0.27,0.4708870016434916,5.598159218642527,66.63923568579112,80.2,77.4,81.0,66.85892353285138
10200,adaptive,6,57.17949893200603,Medium,Advanced Topics,Advanced Practice,Advanced Practice,3.184878657443027,47.6,0.27,0.4093206050545779,4.875500548788222,64.5,63.0,90.8,69.1,47.375500548788224
10209,adaptive,6,59.51637985021058,Medium,Problem Solving,Practice Questions,Practice Questions,3.53061817731258,50.1,0.27,0.47758672084507275,5.677975458935864,72.8,55.87797545893587,64.9,56.9,65.5
10210,adaptive,6,41.70893062973031,Medium,Problem Solving,Practice Questions,Practice Questions,2.7927041323359623,39.1,0.27,0.2948257752507076,3.5051508835361895,61.6,28.10515088353619,48.6,58.3,33.6
10211,adaptive,6,66.75548804093368,Medium,Advanced Topics,Advanced Practice,Advanced Practice,3.6523846263473967,61.4,0.27,0.6054923233558714,7.2160668086449835,82.9,72.0,74.5,67.5,62.01606680864498
10214,adaptive,6,67.44362721319263,Low,Critical Thinking,Critical Thinking Activity,Critical Thinking Activity,4.500234853893489,66.2,0.27,0.8043719777849224,9.564643175583328,73.8,73.1,84.2,74.7178269643891,73.14681621119422
10216,adaptive,6,62.3491886470326,Medium,Problem Solving,Practice Questions,Practice Questions,3.604359642285377,58.9,0.27,0.5732013139126435,6.801669362538378,77.37287978616129,75.433556238402,79.9,78.09523333797507,79.3
10219,adaptive,6,87.38830225420057,Low,Application Skills,Application Exercise,Application Exercise,3.078621522031323,44.1,0.27,0.36657146462826967,4.353734564000992,89.61219349898174,93.1,86.44154106501927,100.0,99.1
10222,adaptive,6,69.7721372115571,Low,Problem Solving,Practice Questions,Practice Questions,4.4929264519554435,59.4,0.27,0.720575544364614,8.560742318946648,83.3,70.30861871231843,77.5,69.35212360662824,72.2
10236,adaptive,6,50.7514136412389,Medium,Application Skills,Practice Questions,Practice Questions,2.703005033342923,32.4,0.27,0.23645888031683893,2.8112333548779738,79.4,47.76092390255673,45.550309452321244,59.7,48.4
10238,adaptive,6,58.395859119760686,Medium,Critical Thinking,Critical Thinking Activity,Critical Thinking Activity,2.4727754126707038,21.8,0.27,0.14554756078979764,1.7296640325791417,51.7,60.5,67.2,54.92966403257915,72.0
10245,adaptive,6,66.04791109869186,Medium,Critical Thinking,Critical Thinking Activity,Critical Thinking Activity,3.25573430492525,38.6,0.27,0.3393126292593096,4.03101808073261,93.4,69.4,69.4,66.23101808073261,88.1
10248,adaptive,6,50.20451894106952,Medium,Problem Solving,Practice Questions,Practice Questions,1.0213799780987074,10.6,0.27,0.029231894973185006,0.34753475134786616,85.5,45.44753475134787,71.2,61.4,59.9
10255,adaptive,6,57.91375660193245,Medium,Application Skills,Application Exercise,Application Exercise,1.6573524916554168,29.0,0.27,0.12977070009661912,1.5428294344820273,88.7,100.0,62.14282943448203,80.3,71.7
10257,adaptive,6,61.61442353828654,Medium,Advanced Topics,Advanced Practice,Advanced Practice,3.9262366211254736,40.3,0.27,0.4272138067446628,5.080252130083867,60.33254421098816,64.08953037658566,73.1,63.2,64.75817754251005
10260,adaptive,6,67.97949395302281,Medium,Conceptual Understanding,Concept Review,Concept Review,5.130244456154436,69.4,0.27,0.9613052061942184,11.43978101765484,71.29972456671783,66.97995008963052,79.7,72.7,69.16010636130649
10261,adaptive,6,52.56061544292535,Medium,Advanced Topics,Advanced Practice,Advanced Practice,2.5018653248076315,34.3,0.27,0.23169774773043475,2.756056995792801,58.4,51.521875484256235,65.5,59.8,48.83418151153656
10262,adaptive,6,74.82432028474965,Low,Critical Thinking,Critical Thinking Activity,Critical Thinking Activity,5.118164532253766,61.7,0.27,0.8526350294281548,10.14738036748957,93.8,82.0,77.2,76.0418722755802,75.60550809190937
10266,adaptive,6,73.34788518145893,Low,Advanced Topics,Advanced Practice,Advanced Practice,4.306307287801847,58.4,0.27,0.6790185331405951,8.091371733598196,90.8,81.3,88.4,88.4,69.89137173359819
10276,adaptive,6,86.10996365198565,Low,Application Skills,Application Exercise,Application Exercise,5.922657219069209,78.7,0.27,1.2585054324800162,14.970406881026795,100.0,100.0,86.47795502268158,92.0,83.89245185834524
10278,adaptive,6,52.77361680773021,Medium,Advanced Topics,Advanced Practice,Advanced Practice,2.8641695636753193,32.3,0.27,0.24978422764812458,2.9734369877789373,63.4,66.3,47.3,45.6,29.97343698777894
10281,adaptive,6,57.55866955161268,Medium,Advanced Topics,Advanced Practice,Advanced Practice,3.5257221381379487,44.8,0.27,0.4264713498291663,5.070584573186224,55.7942468306451,58.3,67.8,61.4,53.476337742541126
10282,adaptive,6,61.036336656665185,Medium,Problem Solving,Practice Questions,Practice Questions,3.92019239028455,48.4,0.27,0.512290741562385,6.090567705241688,69.2,53.49056770524169,78.0,63.3,62.4
10290,adaptive,6,64.14268151205795,Medium,Advanced Topics,Advanced Practice,Advanced Practice,3.2199105540885027,35.7,0.27,0.31036717830859084,3.695112792425887,77.2,64.7,90.0,75.1,59.69511279242589
10293,adaptive,6,69.33241095997643,Low,Advanced Topics,Advanced Practice,Advanced Practice,3.752543788706409,60.9,0.27,0.6170307751769948,7.353433448380551,79.0,80.4,85.2,66.1,61.85343344838054
10295,adaptive,6,79.24672574784502,Low,Critical Thinking,Critical Thinking Activity,Critical Thinking Activity,4.082387103705711,53.5,0.27,0.5897008171302901,7.01432768903133,100.0,92.6,86.09890467215442,85.6670740214377,86.14834899543922
10297,adaptive,6,72.59310624134162,Low,Advanced Topics,Advanced Practice,Advanced Practice,4.438384624637707,63.2,0.27,0.7573659523481784,9.02668963647169,100.0,80.1,81.0,76.3,60.62668963647169
10299,adaptive,6,66.7492191337726,Medium,Advanced Topics,Advanced Practice,Advanced Practice,3.0374682831484057,40.7,0.27,0.33378738963517834,3.973477157647791,76.6,80.7,71.5946523622625,92.0,73.57882479538529
10300,adaptive,6,108.21953494925461,Low,Conceptual Understanding,Concept Review,Concept Review,6.783315480765699,99.0,0.27,0.0,6.70770024242278,100.0,100.0,100.0,96.00770024242277,100.0
10308,adaptive,6,63.737160573616535,Low,Critical Thinking,Critical Thinking Activity,Critical Thinking Activity,3.029436789481172,37.2,0.27,0.304276631135489,3.6148906242064167,100.0,67.3,73.5,67.31489062420643,78.3
10310,adaptive,6,75.84816208459453,Low,Conceptual Understanding,Concept Review,Concept Review,4.289114840120727,53.4,0.27,0.6184045776486066,7.3355395452488,75.97483120132814,98.5,87.5,75.86070834392066,87.8
10311,adaptive,6,72.67392224027076,Low,Application Skills,Application Exercise,Application Exercise,3.836240763180353,46.2,0.27,0.47853267279911726,5.6802910948841765,79.21883846188744,89.4,80.96145263299672,83.6,81.3
10313,adaptive,6,70.73882630680579,Low,Application Skills,Application Exercise,Application Exercise,5.327972704808436,73.8,0.27,1.061651841160129,12.616552014170889,77.18172622109728,80.4,78.79478473238588,83.0,76.74004106068774
10315,adaptive,6,42.99101859553692,Medium,Advanced Topics,Advanced Practice,Advanced Practice,1.2033255039538489,12.6,0.27,0.040937133644509946,0.48693853750184873,57.4,43.6,49.2,48.3,30.08693853750185
10319,adaptive,6,66.90548753143594,Low,Application Skills,Application Exercise,Application Exercise,2.7404993901023795,44.8,0.27,0.33149080622678384,3.9410573629184302,79.6,74.8,74.44105736291844,80.1,82.1
10320,adaptive,6,92.33818009267809,Low,Application Skills,Application Exercise,Application Exercise,5.492377237501431,85.6,0.27,0.0,5.799999999999995,100.0,100.0,100.0,100.0,100.0
10322,adaptive,6,85.66622475796437,Low,Application Skills,Application Exercise,Application Exercise,4.777003523377642,62.0,0.27,0.7996703898134174,9.507192412226184,97.4,90.00752202241276,90.89967038981341,96.3,93.1
10328,adaptive,6,60.729917240267206,Medium,Advanced Topics,Advanced Practice,Advanced Practice,2.5351245840792487,25.7,0.27,0.17591229488925908,2.093519414907292,78.5,82.9,59.7,62.6,59.89351941490729
10329,adaptive,6,70.29971088337933,Low,Application Skills,Application Exercise,Application Exercise,3.647671759154533,46.2,0.27,0.45501057523693644,5.409570172261356,88.6,66.8,57.209570172261344,86.8,73.6
10333,adaptive,6,75.80540160555755,Low,Critical Thinking,Critical Thinking Activity,Critical Thinking Activity,4.51401647950689,56.0,0.27,0.6825192917014419,8.12203192652741,96.2,78.3,89.0,76.8245148805925,77.79751704593491
10347,adaptive,6,70.71247207933517,Low,Advanced Topics,Advanced Practice,Advanced Practice,4.068231053485421,53.3,0.27,0.585459130907087,6.975089381803526,83.8,80.5,90.4,76.5,77.37508938180353
10352,adaptive,6,30.339591482226652,High,Advanced Topics,Guided Review,Advanced Practice,1.5532957269407648,17.1,0.27,0.07171566371285512,0.8531938246971379,26.4,36.9,32.6,31.6,28.453193824697138
10356,adaptive,6,75.32107909909372,Low,Advanced Topics,Advanced Practice,Advanced Practice,4.13497870684104,47.7,0.27,0.5325439076540577,6.326180853731984,80.8848320594718,83.5,82.2,81.3,80.84134879426018
10362,adaptive,6,68.74222892001177,Low,Problem Solving,Practice Questions,Practice Questions,2.4812221607546485,22.1,0.27,0.14805452633222987,1.7602038130609552,88.1,59.66020381306096,77.9,100.0,70.5
10364,adaptive,6,53.784520549681076,Medium,Advanced Topics,Advanced Practice,Advanced Practice,3.375920587878737,30.7,0.27,0.27983005752926854,3.330893220683428,67.1,47.4,61.6,45.3,45.83089322068343
10366,adaptive,6,74.49581246497208,Low,Conceptual Understanding,Concept Review,Concept Review,5.294080104233464,73.0,0.27,1.0434631885444157,12.351902674803796,83.2519026748038,84.4,83.7,82.0,90.8
10371,adaptive,6,74.5070914097489,Low,Advanced Topics,Advanced Practice,Advanced Practice,3.640818397902789,51.4,0.27,0.5052727772609491,6.019307935510501,89.8,79.0,87.5,72.0,71.11930793551049
10372,adaptive,6,51.671667935332735,Medium,Problem Solving,Practice Questions,Practice Questions,1.9360303243190669,11.9,0.27,0.06220465432037163,0.7395442235866404,47.3,36.73954422358665,57.0,55.6,39.8
10378,adaptive,6,96.61774728101442,Low,Critical Thinking,Critical Thinking Activity,Critical Thinking Activity,4.531584220211883,60.9,0.27,0.74512839332944,8.84824756782438,100.0,100.0,99.6,91.54824756782438,100.0
10383,adaptive,6,85.14258802115421,Low,Advanced Topics,Advanced Practice,Advanced Practice,5.974264568981617,75.3,0.27,1.2146277295196528,14.4488661490774,98.3,93.4989405056171,100.0,93.47807640916193,95.97184923429838
10409,adaptive,6,71.6595889923831,Low,Advanced Topics,Advanced Practice,Advanced Practice,2.642840833444687,31.1,0.27,0.22191934478435038,2.639750298762971,94.6,89.5,100.0,74.1739448452506,74.46580545351237
10412,adaptive,6,50.20380877175023,Medium,Problem Solving,Practice Questions,Practice Questions,2.732944560174818,35.3,0.27,0.2604769460302619,3.100243527247967,70.8,57.046471947731305,67.3,80.4,57.55377157951666
10426,adaptive,6,51.53059650832897,Medium,Advanced Topics,Advanced Practice,Advanced Practice,2.0977830556534025,25.8,0.27,0.14613156765681604,1.7391079993016259,61.1,80.9,80.4,59.1,51.03910799930162
10430,adaptive,6,63.528876852918685,Medium,Critical Thinking,Critical Thinking Activity,Critical Thinking Activity,3.963669115912153,54.7,0.27,0.5853942917290659,6.9522768350463355,71.3,71.5,67.4,62.15227683504634,67.9
10433,adaptive,6,81.74879037057276,Low,Critical Thinking,Critical Thinking Activity,Critical Thinking Activity,5.79617580036105,83.9,0.27,1.3130077040557888,15.589210261812912,83.2,90.6,73.05615727888093,77.233052982932,98.5
10437,adaptive,6,68.24133909839284,Low,Application Skills,Application Exercise,Application Exercise,3.5972101674442074,39.3,0.27,0.38169997086750485,4.537988542535891,92.8,75.8,68.23798854253589,92.0,71.3
10440,adaptive,6,93.18113220834783,Low,Conceptual Understanding,Concept Review,Concept Review,6.0086880267339176,79.5,0.27,0.0,14.033938569206054,100.0,97.4594902535712,99.1286102340011,98.14583808163374,97.4
10446,adaptive,6,71.34903960470028,Low,Advanced Topics,Advanced Practice,Advanced Practice,4.025420707711477,44.4,0.27,0.4825674344404519,5.739160399275101,84.9,79.34137751587541,88.1,89.2,76.8977828833997
10452,adaptive,6,80.68099000194965,Low,Conceptual Understanding,Concept Review,Concept Review,5.367551719176197,64.1,0.27,0.9289621760378243,11.013835699348313,73.74291531432372,100.0,72.9,74.4709203850246,80.0
10463,adaptive,6,61.886826734875676,Medium,Advanced Topics,Advanced Practice,Advanced Practice,4.015986239723534,49.5,0.27,0.5367365609390503,6.386122635128603,64.9,68.9,56.963434178025864,69.0,59.42268845710274
10480,adaptive,6,98.80390566931081,Low,Conceptual Understanding,Concept Review,Concept Review,5.805397495363804,87.1,0.27,0.0,0.0,100.0,100.0,98.3,100.0,100.0
10487,adaptive,6,48.995415074672266,Medium,Problem Solving,Practice Questions,Practice Questions,3.06779054374536,42.2,0.27,0.3495440545543464,4.1556904263683405,52.8,34.355690426368334,40.6,39.9,45.5
10494,adaptive,6,63.03325024767724,Medium,Problem Solving,Practice Questions,Practice Questions,4.217280636000297,46.9,0.27,0.5340342469367175,6.3608144513869815,80.9,62.83403424693672,69.7,75.5,64.02678020445028
10495,adaptive,6,29.45827982686761,High,Advanced Topics,Advanced Practice,Advanced Practice,1.3851059339349474,19.1,0.27,0.07142991301302523,0.8498612203101988,40.0,33.5,39.1,17.6,10.2498612203102
10500,adaptive,6,78.44435300624075,Low,Advanced Topics,Advanced Practice,Advanced Practice,4.000809245995532,44.4,0.27,0.47961701240994437,5.71209472461749,97.8,98.0,98.5,84.3,84.41209472461749
10514,adaptive,6,44.26536846171,Medium,Advanced Topics,Critical Thinking Activity,Critical Thinking Activity,2.9511152428778633,25.1,0.27,0.1999970800098328,2.378460783669298,56.4,59.1,49.137427270325745,49.17037801275649,50.37065550058707
10522,adaptive,6,46.06387425247432,Medium,Problem Solving,Practice Questions,Practice Questions,0.7791724716905271,0.0,0.27,0.0,0.0,45.4,44.0,55.0,44.8,45.7
10523,adaptive,6,73.72588775212046,Low,Application Skills,Application Exercise,Application Exercise,3.8990945266919765,42.0,0.27,0.4421573193268702,5.256759240886122,95.0,94.6,78.75675924088611,100.0,87.9
10527,adaptive,6,86.11129052768626,Low,Critical Thinking,Critical Thinking Activity,Critical Thinking Activity,4.781004176342909,69.3,0.27,0.8945736914355218,10.603635996868833,87.83115531845652,100.0,87.2,86.3724806784123,89.0
10528,adaptive,6,64.67441545070997,Medium,Application Skills,Application Exercise,Application Exercise,4.262188645348583,64.7,0.27,0.744561734455944,8.853796119006745,68.9,73.2,65.46765904031668,65.90326077583076,64.98287630285931
10529,adaptive,6,77.3398860384904,Low,Critical Thinking,Critical Thinking Activity,Critical Thinking Activity,4.559884928331976,45.1,0.27,0.5552571877229848,6.613128983613974,75.9,99.5,75.6,73.45525718772299,73.75787179589099
10530,adaptive,6,68.49288289533732,Low,Application Skills,Application Exercise,Application Exercise,3.1289109876187076,34.4,0.27,0.29061325253002557,3.4550686689680816,100.0,81.9,71.55506866896806,85.2,74.1
10535,adaptive,6,69.48495358892471,Low,Critical Thinking,Critical Thinking Activity,Critical Thinking Activity,5.064053567173502,71.8,0.27,0.9817174245322552,11.664539047799174,79.6,78.24994999472383,81.06351694759378,79.25107210548154,81.9
10543,adaptive,6,78.869999663359,Low,Advanced Topics,Advanced Practice,Advanced Practice,5.071304178621916,70.7,0.27,0.9680612546571377,11.541281753266333,100.0,100.0,100.0,87.0,78.54128175326635
10544,adaptive,6,68.96590637656676,Low,Application Skills,Application Exercise,Application Exercise,2.8471969117804394,34.1,0.27,0.2621414196676251,3.116570211603987,83.3,88.2,78.41657021160398,89.4,81.5
10549,adaptive,6,67.25295954391204,Medium,Advanced Topics,Advanced Practice,Advanced Practice,3.2090115280952975,31.7,0.27,0.27465929668967654,3.269473066760248,69.5,71.8,66.4,63.4,61.26947306676025
10550,adaptive,6,55.538747016776945,Medium,Advanced Topics,Advanced Practice,Advanced Practice,2.2304215390293933,27.5,0.27,0.16560879927293248,1.9710380289080127,65.0,55.7,74.9,63.6,57.57103802890801
10555,adaptive,6,85.75909412323782,Low,Critical Thinking,Critical Thinking Activity,Critical Thinking Activity,4.389471065220922,44.8,0.27,0.5309504200491227,6.311328803330583,97.1,97.5,80.49395032047667,80.11737848285391,83.4
10560,adaptive,6,43.77465404931782,Medium,Advanced Topics,Advanced Practice,Advanced Practice,1.9465210267276833,21.7,0.27,0.11404666695597497,1.3570472357254388,62.5,55.4,61.7,44.3,43.95704723572544
10571,adaptive,6,60.79517646785657,Medium,Advanced Topics,Advanced Practice,Advanced Practice,3.083611030048581,37.1,0.27,0.30888531687996634,3.6727301445729514,66.1,59.0,71.8,56.42533306578068,58.84739707879227
10579,adaptive,6,61.20822633622944,Medium,Application Skills,Application Exercise,Application Exercise,3.0961135798692583,35.3,0.27,0.295090585297339,3.511305946109531,76.8,99.1,57.2267147515882,68.3,57.384591194521335
10584,adaptive,6,71.73774291278198,Low,Problem Solving,Practice Questions,Practice Questions,3.650973507564168,39.2,0.27,0.3864190360405916,4.595485506122877,72.8,73.22280026134526,100.0,92.4,72.87268524477761
10585,adaptive,6,81.21249268741953,Low,Advanced Topics,Advanced Practice,Advanced Practice,4.758307942849715,57.8,0.27,0.7425815375611264,8.84329114647124,96.8,84.2,91.9,77.37990591497379,76.26338523149744
10590,adaptive,6,86.08416784276629,Low,Problem Solving,Practice Questions,Practice Questions,3.9192834397090635,56.6,0.27,0.5989448952563392,7.12078931026981,100.0,90.82078931026982,100.0,90.2,100.0
10591,adaptive,6,69.22730712758208,Medium,Application Skills,Application Exercise,Application Exercise,5.830610679516191,83.4,0.27,1.312936912813456,15.650651910642331,58.5,72.9,58.35925842095007,59.1,59.69139348969225
10596,adaptive,6,77.3995771689004,Low,Advanced Topics,Advanced Practice,Advanced Practice,5.420130010405561,75.7,0.27,1.1078203728267928,13.21010337884827,86.6,79.5,92.5,92.1,68.61010337884827
10600,adaptive,6,36.3785098602535,Medium,Advanced Topics,Advanced Practice,Advanced Practice,1.156147085024533,17.0,0.27,0.05306715120262607,0.631331916032071,39.8,45.1,36.8,41.9,33.73133191603207
10602,adaptive,6,37.110709696246715,Medium,Advanced Topics,Advanced Practice,Advanced Practice,0.5776776321812278,9.2,0.27,0.0143495123833817,0.17066156151846176,53.6,57.2,55.9,57.1,47.27066156151846
10605,adaptive,6,74.62833469447737,Low,Application Skills,Application Exercise,Application Exercise,3.8496726322999337,56.9,0.27,0.5914252065002388,7.028237942433837,100.0,78.37713622677492,80.380574975786,82.67052673987288,99.9
10614,adaptive,6,69.01222746872513,Low,Advanced Topics,Advanced Practice,Advanced Practice,2.8932178441398566,35.4,0.27,0.2765337615428875,3.2922661658010663,74.2,79.0,78.5,91.0,62.69226616580107
10618,adaptive,6,80.27094770292197,Low,Application Skills,Application Exercise,Application Exercise,2.638783398351885,42.3,0.27,0.3013754519257688,3.58301926178414,79.9,95.1,77.38301926178413,89.0,100.0
10622,adaptive,6,57.42975872955863,Medium,Critical Thinking,Critical Thinking Activity,Critical Thinking Activity,2.693241541869509,39.4,0.27,0.28650703522407833,3.4036370809786503,65.7,46.9,62.4,45.50363708097864,62.6
10627,adaptive,6,90.98657816684255,Low,Conceptual Understanding,Concept Review,Concept Review,4.564894095782291,54.3,0.27,0.0,0.0,100.0,100.0,100.0,98.3,100.0
10636,adaptive,6,55.04064154859608,Medium,Advanced Topics,Advanced Practice,Advanced Practice,4.223296577734942,51.0,0.27,0.5815479387541016,6.927863678312852,57.8,66.4,48.6,49.2,51.12786367831286
10637,adaptive,6,46.90235342256264,Medium,Critical Thinking,Critical Thinking Activity,Critical Thinking Activity,2.1200932940332606,23.8,0.27,0.13623719507457735,1.6189580588121575,62.0,50.8,63.5,48.51895805881216,47.1
10644,adaptive,6,85.4475379327645,Low,Advanced Topics,Advanced Practice,Advanced Practice,5.555315306425548,71.4,0.27,1.0709536847727175,12.768323767947738,99.3,81.1,100.0,76.0,79.16832376794774
10645,adaptive,6,55.52003614945839,Medium,Problem Solving,Practice Questions,Practice Questions,1.2860898281446436,10.5,0.27,0.03646064662790064,0.4334765765761521,85.5,51.233476576576145,68.8,96.7,65.2
10650,adaptive,6,63.42593864727142,Medium,Advanced Topics,Advanced Practice,Advanced Practice,2.2323298027353227,24.6,0.27,0.14827134549768017,1.7644900257537515,76.0,71.8,75.8,55.6,54.964490025753754
10651,adaptive,6,77.56671506310317,Low,Problem Solving,Practice Questions,Practice Questions,3.434919804139411,44.5,0.27,0.41270561446735027,4.906611194222942,98.9,93.30661119422295,100.0,97.1,95.1
10653,adaptive,6,85.2737788780963,Low,Application Skills,Application Exercise,Application Exercise,5.375798342828022,75.4,0.27,0.0,10.444152293775181,100.0,98.02610308700288,100.0,99.99670597568185,98.82134323109044
10657,adaptive,6,76.90296583809672,Low,Critical Thinking,Critical Thinking Activity,Critical Thinking Activity,4.107601317377345,53.6,0.27,0.5944520626508494,7.060000197346792,86.5,98.4,100.0,89.4600001973468,90.7
10661,adaptive,6,50.058860528914856,Medium,Advanced Topics,Advanced Practice,Advanced Practice,2.5289797033305006,26.3,0.27,0.17958284873349886,2.1359879089521123,53.8,47.611068370139435,52.6,58.4,45.42491953881267
10663,adaptive,6,90.56830496664409,Low,Critical Thinking,Critical Thinking Activity,Critical Thinking Activity,4.529896657532731,68.6,0.27,0.8390274589082125,9.961786505302483,100.0,100.0,100.0,89.86178650530249,100.0
10669,adaptive,6,81.68803665074826,Low,Critical Thinking,Critical Thinking Activity,Critical Thinking Activity,4.623074781445581,58.3,0.27,0.7277182013473489,8.658564835645361,86.1,89.1,97.4,79.51711788946744,83.04144694617791
10671,adaptive,6,63.041287481434956,Medium,Conceptual Understanding,Concept Review,Concept Review,3.248557651495786,49.0,0.27,0.42978417729289253,5.106731277382252,67.16605490406155,68.1,68.7406763733207,76.7,72.7
10678,adaptive,6,70.37769639343988,Low,Problem Solving,Practice Questions,Practice Questions,2.6906282569714017,41.7,0.27,0.30293783545241015,3.599185368288544,86.9,80.66197527006267,82.0,83.23721009822586,88.4
10679,adaptive,6,45.230728784479936,Medium,Advanced Topics,Application Exercise,Application Exercise,1.9058548320947446,24.5,0.27,0.12607229714306736,1.4994442389618243,68.4,50.7,44.079037975081405,49.4,42.320406263880415
10680,adaptive,6,81.04556518501198,Low,Conceptual Understanding,Concept Review,Concept Review,4.84820806310859,58.8,0.27,0.7697015120991197,9.12274080523098,88.5107030830605,99.1,93.2,90.41203772217047,93.5
10688,adaptive,6,86.46060790963219,Low,Critical Thinking,Critical Thinking Activity,Critical Thinking Activity,5.2075322068160865,70.0,0.27,0.9842235870882404,11.68538402397642,98.8,92.1,92.2,86.7853840239764,100.0
10690,adaptive,6,83.77590323050893,Low,Advanced Topics,Advanced Practice,Advanced Practice,4.79816440270776,65.6,0.27,0.8498508790075985,10.129932907245452,100.0,95.6,89.7,100.0,91.82993290724548
10693,adaptive,6,71.40428948839171,Low,Application Skills,Application Exercise,Application Exercise,4.792234034900451,65.6,0.27,0.8488004922615678,10.083618128276852,72.9,77.2,69.4774396120176,68.80617851625925,89.7
10698,adaptive,6,74.75265152464367,Low,Critical Thinking,Critical Thinking Activity,Critical Thinking Activity,3.531068377291628,49.8,0.27,0.4747874540106323,5.635878305572879,88.65572974015925,99.7,90.2627110566052,89.01743750880846,91.2
10714,adaptive,6,58.19461831827153,Medium,Conceptual Understanding,Concept Review,Concept Review,2.1425492036901095,22.3,0.27,0.1290028875541815,1.5316670249438467,55.93166702494385,66.9,54.2,76.0,61.2
10715,adaptive,6,51.35146431224998,Medium,Application Skills,Application Exercise,Application Exercise,3.0025244934240023,39.2,0.27,0.31778719238399644,3.7731032199197503,51.93827363843838,64.1,55.13482958148137,69.9,51.7
10717,adaptive,6,100.66062487003987,Low,Conceptual Understanding,Concept Review,Concept Review,6.511328880250151,100.0,0.27,0.0,0.0,100.0,100.0,100.0,100.0,100.0
10722,adaptive,6,67.22062493829031,Medium,Advanced Topics,Advanced Practice,Advanced Practice,4.641490402351291,70.6,0.27,0.884760900496203,10.530399962548064,67.5,63.52069827574249,64.5,65.9,66.00970168680556
10738,adaptive,6,85.18044535584008,Low,Application Skills,Concept Review,Concept Review,4.997796749167814,68.1,0.27,0.0,10.00345995844431,100.0,97.58911986757865,100.0,98.8117608277944,98.80257926307125
10741,adaptive,6,35.5295814888868,High,Advanced Topics,Advanced Practice,Advanced Practice,1.6512937823765323,9.3,0.27,0.041463986875474736,0.4931412595226623,58.6,37.4,42.7,56.4,29.19314125952266
10742,adaptive,6,68.11619333788995,Low,Advanced Topics,Advanced Practice,Advanced Practice,4.57523379844426,64.1,0.27,0.791835713496748,9.424590859893165,73.7,83.2,68.9,63.21070216023584,64.31388869965733
10750,adaptive,6,95.29874627909558,Low,Conceptual Understanding,Concept Review,Concept Review,5.382268563969849,60.3,0.27,0.0,0.0,100.0,100.0,100.0,100.0,100.0
10754,adaptive,6,63.3180472068299,Medium,Application Skills,Application Exercise,Application Exercise,2.6259900764483315,38.5,0.27,0.2729716684468041,3.245329835978671,77.6,96.6,62.34532983597868,80.4,77.8
10762,adaptive,6,36.564607142056815,Medium,Advanced Topics,Advanced Practice,Advanced Practice,2.056814561789467,32.2,0.27,0.1788194580019763,2.1286624080556416,35.8,40.3,53.4,54.5,13.928662408055642
10765,adaptive,6,53.03131193703541,Medium,Application Skills,Application Exercise,Application Exercise,2.8325998057124857,36.8,0.27,0.2814471166955926,3.346093498492045,64.8,70.8,58.14609349849205,59.7,65.2
10768,adaptive,6,53.823620232004245,Medium,Critical Thinking,Critical Thinking Activity,Critical Thinking Activity,4.394530049739238,57.7,0.27,0.684623836448876,8.139136231498435,52.879884218409764,60.6,54.4,50.58462383644888,50.374628176639796
10788,adaptive,6,86.7215495519805,Low,Problem Solving,Practice Questions,Practice Questions,4.0695653159565035,58.3,0.27,0.6405902763847132,7.615906619240478,100.0,81.01590661924048,100.0,100.0,88.9
10801,adaptive,6,76.27705835408479,Low,Application Skills,Application Exercise,Application Exercise,3.807400898596869,46.0,0.27,0.47287919160573116,5.615728820834905,83.01900798287015,79.32364896037323,80.97307187759154,84.7,88.3
10803,adaptive,6,99.48594853429978,Low,Conceptual Understanding,Concept Review,Concept Review,5.370773753310041,73.3,0.27,0.0,0.0,100.0,100.0,100.0,100.0,100.0
10811,adaptive,6,73.25959749197816,Low,Advanced Topics,Practice Questions,Practice Questions,3.8677298545726138,45.3,0.27,0.4730620385127764,5.628482044433309,75.9,70.16433312488122,76.2,72.6,69.3641489195521
10812,adaptive,6,68.30928388043465,Low,Advanced Topics,Advanced Practice,Advanced Practice,4.5271146071240755,54.2,0.27,0.6624979516065372,7.893200667818627,82.1,73.8,75.3,73.5,66.29320066781862
10817,adaptive,6,88.27462959723341,Low,Application Skills,Concept Review,Concept Review,3.6320838343235726,47.7,0.27,0.0,0.0,100.0,100.0,95.8,100.0,94.1
10821,adaptive,6,79.80827929327589,Low,Conceptual Understanding,Concept Review,Concept Review,4.206597354855226,59.4,0.27,0.6746540837716811,8.000289262602081,76.1540318227142,89.5,81.4,69.04625743988788,86.1
10823,adaptive,6,41.799225262417565,Medium,Problem Solving,Guided Review,Practice Questions,2.134613782581336,20.3,0.27,0.11699818142328304,1.3911743422119514,44.9,29.752488501581894,32.6,35.2,27.93868584063006
10824,adaptive,6,40.747104170019554,Medium,Problem Solving,Practice Questions,Practice Questions,1.6408532280664132,16.5,0.27,0.07310001131035872,0.8690779122453758,54.3,42.76907791224538,58.2,51.7,40.8
10827,adaptive,6,81.30718011815361,Low,Advanced Topics,Advanced Practice,Advanced Practice,5.386598637748287,59.9,0.27,0.8711745976830305,10.381770350525754,86.9,93.7,88.6,97.5,78.88177035052576
10830,adaptive,6,81.856062940444,Low,Advanced Topics,Advanced Practice,Advanced Practice,4.369916228255783,59.6,0.27,0.7032069194509206,8.380003732696647,95.8,96.1,100.0,91.0,88.48000373269663
10838,adaptive,6,64.77590369753844,Medium,Conceptual Understanding,Concept Review,Concept Review,3.189200499042046,42.8,0.27,0.36854400966929884,4.370438113819514,67.27043811381951,74.3,79.3,75.5,74.8
10846,adaptive,6,66.69986474809035,Medium,Critical Thinking,Critical Thinking Activity,Critical Thinking Activity,3.5605862221812643,53.0,0.27,0.509519888394139,6.052074105377923,77.21095914184491,73.28816357822662,94.8,73.90951988839414,75.44343149691225
10850,adaptive,6,48.81905639343227,Medium,Advanced Topics,Advanced Practice,Advanced Practice,2.35179648147285,23.9,0.27,0.151761426949443,1.8025466871402913,46.625964188606886,48.6,51.4,83.0,48.07658249853341
10860,adaptive,6,98.23811385268056,Low,Conceptual Understanding,Concept Review,Concept Review,6.034688430708864,80.9,0.27,0.0,0.0,100.0,100.0,100.0,100.0,100.0
10866,adaptive,6,104.12216413782772,Low,Conceptual Understanding,Concept Review,Concept Review,6.1325647464936806,83.9,0.27,0.0,0.0,100.0,100.0,100.0,100.0,100.0
10867,adaptive,6,81.52745343083912,Low,Critical Thinking,Critical Thinking Activity,Critical Thinking Activity,5.294376684005529,72.7,0.27,1.0392331993034454,12.331223577822529,91.17139431327256,96.8,92.19891070726312,91.66091855728683,92.0
10868,adaptive,6,90.27076907311817,Low,Application Skills,Application Exercise,Application Exercise,5.959629549039241,91.4,0.27,1.4707173801119042,17.47908365125496,100.0,94.643072450503,97.65810374721913,96.47790745353284,99.5
10880,adaptive,6,63.63182308146417,Medium,Advanced Topics,Advanced Practice,Advanced Practice,4.232786232119371,51.4,0.27,0.5874260732935263,6.9979990682842095,77.3,72.3,70.1,70.2,63.59799906828421
10884,adaptive,6,96.80298636017697,Low,Conceptual Understanding,Concept Review,Concept Review,5.385335560825377,71.0,0.27,0.0,3.820409505945091,100.0,100.0,100.0,98.12040950594509,100.0
10885,adaptive,6,56.43404022454657,Medium,Critical Thinking,Critical Thinking Activity,Critical Thinking Activity,3.3403128912736992,31.8,0.27,0.28679926484475987,3.4076130163506426,70.5,73.2,62.8,58.507613016350646,61.1
10893,adaptive,6,63.01467657389871,Medium,Problem Solving,Practice Questions,Practice Questions,3.7790393653222303,45.1,0.27,0.460173623515288,5.470953079570647,65.5,54.77095307957064,75.6,59.0,71.6
10894,adaptive,6,46.454319052243484,Medium,Advanced Topics,Advanced Practice,Advanced Practice,1.9244979076512403,13.6,0.27,0.07066756316895356,0.8406088046093199,54.0,61.0,70.5,46.1,40.04060880460933
10900,adaptive,6,100.67709792724179,Low,Conceptual Understanding,Concept Review,Concept Review,6.492620087005345,87.9,0.27,0.0,5.7011403586457,100.0,100.0,100.0,95.4011403586457,100.0
10902,adaptive,6,85.45703520196506,Low,Application Skills,Application Exercise,Application Exercise,4.956057480437085,61.0,0.27,0.816262667027988,9.698001220132491,93.2,100.0,90.10266303349785,88.69533818663464,98.1
10903,adaptive,6,44.675076037596384,Medium,Advanced Topics,Advanced Practice,Advanced Practice,1.5710067221491029,28.4,0.27,0.1204647954543932,1.4337952645305923,61.9,57.2,55.9,59.0,41.033795264530596
10915,adaptive,6,74.23862611154232,Low,Advanced Topics,Advanced Practice,Advanced Practice,3.8144846832660044,36.2,0.27,0.37282773294241933,4.43883169944956,83.2,80.8,90.5,93.6,70.03883169944955
10918,adaptive,6,38.210640216648756,High,Application Skills,Application Exercise,Application Exercise,1.8917151855780479,24.4,0.27,0.1246261964258818,1.4816670019521503,53.8,58.4,27.28166700195215,39.0,30.7
10925,adaptive,6,73.98452844384408,Low,Application Skills,Application Exercise,Application Exercise,2.717052478843144,41.6,0.27,0.305179334423662,3.628243198147981,81.1,94.4,83.42824319814797,91.4,95.3
10937,adaptive,6,74.32303154030326,Low,Advanced Topics,Advanced Practice,Advanced Practice,4.927868490429521,64.4,0.27,0.8568577731158853,10.191641338563436,73.1,75.2,74.31875270118115,83.1,76.07288863738229
10939,adaptive,6,101.57599107909621,Low,Conceptual Understanding,Concept Review,Concept Review,5.80795881648581,76.5,0.27,0.0,0.0,100.0,100.0,100.0,100.0,100.0
10942,adaptive,6,56.024464365940105,Medium,Advanced Topics,Advanced Practice,Advanced Practice,3.5280646410739704,42.5,0.27,0.4048454175632381,4.821226394112815,77.8,70.9,71.7,78.1,57.921226394112814
10943,adaptive,6,57.68557766387113,Medium,Application Skills,Application Exercise,Application Exercise,2.623517398093341,39.1,0.27,0.27696473171671404,3.2928029215209333,68.8,55.8,55.092802921520935,61.1,63.0
10948,adaptive,6,49.82743401084396,Medium,Advanced Topics,Advanced Practice,Advanced Practice,2.6695850364725677,35.2,0.27,0.25371736186635285,3.020602252581811,52.8,52.5,54.6,68.5,31.92060225258181
10949,adaptive,6,92.05120895210861,Low,Conceptual Understanding,Concept Review,Concept Review,4.712820022042393,63.9,0.27,0.0,0.7000000000000028,100.0,100.0,100.0,100.0,100.0
10960,adaptive,6,68.0406199166138,Low,Conceptual Understanding,Concept Review,Concept Review,3.2505041104131243,45.7,0.27,0.4010797021838754,4.755448280550567,72.35544828055056,80.7,85.7,87.2,95.3
10974,adaptive,6,72.16867688132788,Low,Advanced Topics,Advanced Practice,Advanced Practice,4.327845098913026,51.0,0.27,0.5959442701203238,7.0993642795989285,100.0,90.3,79.1,83.9,75.19936427959892
10975,adaptive,6,59.322875683082486,Medium,Application Skills,Application Exercise,Application Exercise,3.7813525242192974,45.6,0.27,0.46556012278187997,5.534992570851239,82.0,66.3,59.934992570851236,64.5,61.4
10978,adaptive,6,65.46665413865718,Medium,Advanced Topics,Advanced Practice,Advanced Practice,3.8609604108575546,54.5,0.27,0.5681403244576892,6.769075468541365,82.2,69.0,72.5,70.3,62.86907546854136
10979,adaptive,6,44.6352595852568,Medium,Advanced Topics,Advanced Practice,Advanced Practice,2.506318996987835,29.0,0.27,0.19624477746414745,2.3357984628847523,49.6,50.8,40.4,37.0,31.035798462884753
10986,adaptive,6,74.97187918948133,Low,Problem Solving,Practice Questions,Practice Questions,3.4775910617235612,28.3,0.27,0.26572273302629734,3.159148048201535,100.0,77.65914804820153,89.2,77.6,80.0
10987,adaptive,6,93.54367520780411,Low,Problem Solving,Practice Questions,Practice Questions,6.132063566674988,79.6,0.27,1.3179031017497884,15.644134917961862,100.0,98.5179031017498,100.0,97.92623181621205,97.4
10990,adaptive,6,56.31231101348807,Medium,Problem Solving,Practice Questions,Practice Questions,3.2858608144366177,46.4,0.27,0.41165264283261943,4.903045988202682,60.1,49.41165264283262,58.1,59.4,51.39139334537006
10996,adaptive,6,78.81844340863923,Low,Conceptual Understanding,Advanced Practice,Advanced Practice,4.118165400438128,53.8,0.27,0.5982047060676425,7.096677730981588,90.3123383640045,94.2,90.7,92.3,88.8843393669771
10999,adaptive,6,88.96690732608329,Low,Critical Thinking,Critical Thinking Activity,Critical Thinking Activity,5.556267071041802,81.0,0.27,1.2151556084368422,14.424080421962707,100.0,100.0,95.3,90.02408042196272,97.6
10011,adaptive,7,53.408821311873126,Medium,Advanced Topics,Advanced Practice,Advanced Practice,2.1881599472515623,30.0,0.23,0.15098303636035781,2.2610767686382336,56.2,55.5,63.5,59.4,39.66107676863823
10024,adaptive,7,98.38600501553194,Low,Conceptual Understanding,Concept Review,Concept Review,6.5539225628509135,86.8,0.23,0.0,9.784744229433901,100.0,100.0,97.9847442294339,94.6,100.0
10026,adaptive,7,90.6027189962738,Low,Conceptual Understanding,Concept Review,Concept Review,5.549545774546738,76.4,0.23,0.9751661835033528,14.547089868416192,93.90989752924001,88.4447603023735,100.0,89.39243203680267,100.0
10031,adaptive,7,78.75304745413001,Low,Critical Thinking,Critical Thinking Activity,Critical Thinking Activity,3.2169410627399064,22.4,0.23,0.16573680355235995,2.4776730519548944,95.7,100.0,93.6,83.97767305195491,96.2
10040,adaptive,7,82.53068114839212,Low,Critical Thinking,Critical Thinking Activity,Critical Thinking Activity,4.154409489932079,59.2,0.23,0.565664396149152,8.449797653531013,95.6,100.0,77.4,73.04979765353102,93.8
10045,adaptive,7,90.49173125997478,Low,Conceptual Understanding,Concept Review,Concept Review,5.130841873597948,65.0,0.23,0.7670608601028932,11.424573570569525,92.82457357056951,100.0,99.8,100.0,92.2
10055,adaptive,7,64.8792215761211,Medium,Advanced Topics,Advanced Practice,Advanced Practice,4.227217255886495,68.6,0.23,0.6669703386337711,10.004847703462737,72.1,58.6,57.6,57.4,48.70484770346274
10056,adaptive,7,96.49297271055661,Low,Conceptual Understanding,Concept Review,Concept Review,5.767919157307695,71.9,0.23,0.0,0.0,100.0,100.0,96.1,98.2,100.0
10060,adaptive,7,88.71098142264279,Low,Conceptual Understanding,Concept Review,Concept Review,5.144267050753075,69.3,0.23,0.8199447252195325,12.260599729939571,89.77802507504445,86.42642712782835,99.7,87.43050799279706,88.5256395342697
10061,adaptive,7,52.63635508258412,Medium,Advanced Topics,Advanced Practice,Advanced Practice,3.013743989440751,36.9,0.23,0.25577645238383656,3.8315613785825926,56.1,42.0,48.8,62.1,37.23156137858259
10064,adaptive,7,92.94766098410534,Low,Conceptual Understanding,Concept Review,Concept Review,5.5813806830375245,75.3,0.23,0.0,7.224191099925164,100.0,96.80011110460765,100.0,97.42407999531751,100.0
10067,adaptive,7,83.3404031467135,Low,Problem Solving,Practice Questions,Practice Questions,5.365333414752847,75.9,0.23,0.9366262542134046,13.997645967260809,100.0,92.6673098176227,97.3,93.43033614963811,94.9
10068,adaptive,7,56.29921384715733,Medium,Critical Thinking,Critical Thinking Activity,Critical Thinking Activity,3.1683184882290587,45.0,0.23,0.3279209635317076,4.899896248677695,59.4,53.7,68.2,47.79989624867769,63.9
10071,adaptive,7,84.41471097686116,Low,Conceptual Understanding,Concept Review,Concept Review,4.6689861173530565,56.0,0.23,0.6013654119150738,8.976701991429843,80.48152252509384,92.0,90.1,81.095179466336,89.8
10073,adaptive,7,79.46270767865585,Low,Problem Solving,Practice Questions,Practice Questions,4.050930204370277,57.7,0.23,0.5375989474219797,8.050278106204393,95.0,89.61257649131636,92.1,96.6,88.53770161488804
10077,adaptive,7,68.04445713035997,Medium,Advanced Topics,Advanced Practice,Advanced Practice,3.3942943150146796,45.0,0.23,0.3513094616040194,5.264479704886817,77.4,71.9,67.3,71.5,64.86447970488682
10079,adaptive,7,52.91651214092347,Medium,Critical Thinking,Critical Thinking Activity,Critical Thinking Activity,3.410552880853857,33.4,0.23,0.26199867230719326,3.91582437166634,65.5,60.3,61.1,51.215824371666336,54.3
10087,adaptive,7,66.54367830244388,Medium,Problem Solving,Practice Questions,Practice Questions,3.66276761403065,48.7,0.23,0.4102666004475732,6.136161328433269,62.0,53.536161328433266,76.5,66.2,56.2
10089,adaptive,7,80.69712146313019,Low,Advanced Topics,Advanced Practice,Advanced Practice,3.3666815023951298,36.0,0.23,0.27876122839831674,4.175715391458428,84.1,98.0,94.7,92.9,81.47571539145844
10097,adaptive,7,81.04275555838007,Low,Conceptual Understanding,Concept Review,Concept Review,5.804819653028376,77.2,0.23,1.0307037775917185,15.397369052171438,86.13499033920446,92.2,86.42751684532811,87.7,84.93486186763887
10102,adaptive,7,55.56603095325414,Medium,Advanced Topics,Advanced Practice,Advanced Practice,4.085184573429241,53.9,0.23,0.506440331568023,7.592051911385236,63.5,55.6,61.4,60.0,48.49205191138523
10108,adaptive,7,80.29818836586772,Low,Critical Thinking,Critical Thinking Activity,Critical Thinking Activity,4.588387218094162,58.0,0.23,0.6120908548937612,9.140323102461737,89.01813872643864,92.9,87.7,91.2221843760231,93.4
10111,adaptive,7,67.87028042622343,Low,Advanced Topics,Advanced Practice,Advanced Practice,3.039561931145156,31.4,0.23,0.21951716266730317,3.2833239457008494,92.2,82.6,83.5,65.90458012697265,67.1787438187282
10121,adaptive,7,100.72704168122517,Low,Conceptual Understanding,Concept Review,Concept Review,6.563404781438525,88.9,0.23,0.0,0.0,100.0,100.0,100.0,100.0,100.0
10137,adaptive,7,60.051529440339685,Medium,Advanced Topics,Advanced Practice,Advanced Practice,2.7354761595482047,31.9,0.23,0.2007018858260518,3.005895445675859,74.3,65.1,84.3,62.8,55.40589544567585
10138,adaptive,7,58.87279369730657,Medium,Advanced Topics,Advanced Practice,Advanced Practice,3.418643294409741,35.3,0.23,0.27755964907312686,4.157591888621819,75.4,49.5,56.3,48.6,47.95759188862182
10140,adaptive,7,62.239813985489825,Medium,Advanced Topics,Advanced Practice,Advanced Practice,3.6582510516200166,41.0,0.23,0.34497307416776757,5.168643056644639,70.5,70.0,81.7,67.3,60.768643056644635
10159,adaptive,7,56.59991318198589,Medium,Advanced Topics,Advanced Practice,Advanced Practice,2.9026281849903324,43.0,0.23,0.2870699274955439,4.301462828581763,63.9,58.2,63.6,65.4,56.20146282858177
10169,adaptive,7,76.24358803169882,Low,Conceptual Understanding,Concept Review,Concept Review,3.1986118474084124,46.5,0.23,0.34209153708032974,5.111475393834423,83.84209153708034,87.0,90.0,86.06938385675409,93.1
10175,adaptive,7,72.78988630658614,Low,Application Skills,Application Exercise,Application Exercise,4.328618133093209,42.6,0.23,0.4241180046804726,6.35086360478529,100.0,90.7,69.68469819488365,77.0,67.76616540990165
10185,adaptive,7,86.1642789813052,Low,Problem Solving,Practice Questions,Practice Questions,4.393510236808413,57.3,0.23,0.5790207141089807,8.674343101341861,100.0,94.64479550912819,96.2,100.0,95.82954759221369
10199,adaptive,7,70.73768321486722,Low,Advanced Topics,Advanced Practice,Advanced Practice,3.5828482857879793,48.7,0.23,0.4013148364911116,5.999474055133638,66.63923568579112,80.2,77.4,81.0,67.26023836934249
10200,adaptive,7,57.18618023057782,Medium,Advanced Topics,Advanced Practice,Advanced Practice,3.183909571381702,47.6,0.23,0.34857441987486876,5.22407496866309,64.5,63.0,90.8,69.1,47.724074968663096
10209,adaptive,7,59.5334774974149,Medium,Problem Solving,Practice Questions,Practice Questions,3.53061817731258,50.1,0.23,0.4068331325717286,6.084808591507593,72.8,56.2848085915076,64.9,56.9,65.5
10210,adaptive,7,41.719485418781105,Medium,Problem Solving,Practice Questions,Practice Questions,2.7927041323359623,39.1,0.23,0.2511478826209731,3.7562987661571627,61.6,28.356298766157163,48.6,58.3,33.6
10211,adaptive,7,66.7653714304951,Medium,Advanced Topics,Advanced Practice,Advanced Practice,3.6509510943835584,61.4,0.23,0.5155873135488461,7.73165412219383,82.9,72.0,74.5,67.5,62.53165412219383
10214,adaptive,7,67.4229790788685,Low,Problem Solving,Practice Questions,Practice Questions,4.501177489802547,66.2,0.23,0.6853492845973359,10.249992460180664,73.8,73.78534928459733,84.2,74.7178269643891,73.14681621119422
10216,adaptive,7,62.36970930519703,Medium,Conceptual Understanding,Critical Thinking Activity,Critical Thinking Activity,3.604359642285377,58.9,0.23,0.48828260074040003,7.289951963278779,77.37287978616129,75.433556238402,79.9,78.58351593871548,79.3
10219,adaptive,7,87.39791432781999,Low,Conceptual Understanding,Concept Review,Concept Review,3.078621522031323,44.1,0.23,0.3122645809796371,4.665999144980629,89.92445807996138,93.1,86.44154106501927,100.0,99.1
10222,adaptive,7,69.79793388031666,Low,Critical Thinking,Critical Thinking Activity,Critical Thinking Activity,4.4929264519554435,59.4,0.23,0.6138236118661526,9.1745659308128,83.3,70.30861871231843,77.5,69.96594721849439,72.2
10236,adaptive,7,50.75987889024505,Medium,Application Skills,Application Exercise,Application Exercise,2.703005033342923,32.4,0.23,0.20142793508471465,3.0126612899626886,79.4,47.76092390255673,45.75173738740596,59.7,48.4
10238,adaptive,7,58.39212293094664,Medium,Critical Thinking,Critical Thinking Activity,Critical Thinking Activity,2.4729459784798884,21.8,0.23,0.1239935113609816,1.8536575439401233,51.7,60.5,67.2,55.053657543940126,72.0
10245,adaptive,7,66.03920098329709,Medium,Critical Thinking,Critical Thinking Activity,Critical Thinking Activity,3.25613194218459,38.6,0.23,0.2890793938271479,4.320097474559758,93.4,69.4,69.4,66.52009747455976,88.1
10248,adaptive,7,50.20556544551689,Medium,Problem Solving,Practice Questions,Practice Questions,1.0213799780987074,10.6,0.23,0.024901243866046485,0.37243599521391263,85.5,45.472435995213914,71.2,61.4,59.9
10255,adaptive,7,57.917159391411005,Medium,Application Skills,Application Exercise,Application Exercise,1.6573524916554168,29.0,0.23,0.1105454111934163,1.6533748456754436,88.7,100.0,62.253374845675445,80.3,71.7
10257,adaptive,7,61.62139690576818,Medium,Problem Solving,Practice Questions,Practice Questions,3.9252251720554554,40.3,0.23,0.3638291211978201,5.444081251281687,60.33254421098816,64.45335949778348,73.1,63.2,64.75817754251005
10260,adaptive,7,67.99079860284289,Medium,Advanced Topics,Advanced Practice,Advanced Practice,5.133686811255535,69.4,0.23,0.8194390888126086,12.259220106467447,71.29972456671783,66.97995008963052,79.7,72.7,69.9795454501191
10261,adaptive,7,52.564397421677164,Medium,Problem Solving,Advanced Practice,Advanced Practice,2.5013167693354825,34.3,0.23,0.1973288799328762,2.9533858757256772,58.4,51.521875484256235,65.5,59.8,49.03151039146944
10262,adaptive,7,74.80243324355067,Low,Advanced Topics,Advanced Practice,Advanced Practice,5.119163727176335,61.7,0.23,0.7264605245235937,10.873840892013163,93.8,82.0,77.2,76.0418722755802,76.33196861643296
10266,adaptive,7,73.35896873185848,Low,Advanced Topics,Advanced Practice,Advanced Practice,4.304699679028376,58.4,0.23,0.5782072608870914,8.669578994485288,90.8,81.3,88.4,88.4,70.46957899448529
10276,adaptive,7,86.14296362070857,Low,Advanced Topics,Advanced Practice,Advanced Practice,5.922657219069209,78.7,0.23,1.0720601832237175,16.042467064250513,100.0,100.0,86.47795502268158,92.0,84.96451204156895
10278,adaptive,7,52.77769401025271,Medium,Advanced Topics,Advanced Practice,Advanced Practice,2.863578187599052,32.3,0.23,0.21273522355673355,3.1861722113356707,63.4,66.3,47.3,45.6,30.186172211335673
10281,adaptive,7,57.56563080004566,Medium,Conceptual Understanding,Concept Review,Concept Review,3.5247124468701005,44.8,0.23,0.36318637052549513,5.433770943711719,56.1574332011706,58.3,67.8,61.4,53.476337742541126
10282,adaptive,7,61.05467671090659,Medium,Problem Solving,Practice Questions,Practice Questions,3.92019239028455,48.4,0.23,0.4363958168864761,6.526963522128164,69.2,53.92696352212816,78.0,63.3,62.4
10290,adaptive,7,64.14774760391738,Medium,Advanced Topics,Advanced Practice,Advanced Practice,3.2191757449861087,35.7,0.23,0.26432652042080945,3.9594393128466967,77.2,64.7,90.0,75.1,59.9594393128467
10293,adaptive,7,69.34248269051243,Low,Advanced Topics,Advanced Practice,Advanced Practice,3.751082938907379,60.9,0.23,0.5254141872527566,7.878847635633308,79.0,80.4,85.2,66.1,62.3788476356333
10295,adaptive,7,79.23158819703589,Low,Application Skills,Advanced Practice,Advanced Practice,4.083078168513015,53.5,0.23,0.5024227686355265,7.516750457666857,100.0,92.6,86.09890467215442,85.6670740214377,86.65077176407475
10297,adaptive,7,72.60546864868995,Low,Advanced Topics,Advanced Practice,Advanced Practice,4.436591524611274,63.2,0.23,0.6449029440174949,9.671592580489186,100.0,80.1,81.0,76.3,61.271592580489184
10299,adaptive,7,66.75466751135758,Medium,Application Skills,Application Exercise,Application Exercise,3.0366780255783077,40.7,0.23,0.2842634299743854,4.257740587622177,76.6,80.7,71.87891579223688,92.0,73.57882479538529
10300,adaptive,7,108.21953494925461,Low,Conceptual Understanding,Concept Review,Concept Review,6.783315480765699,99.0,0.23,0.0,6.70770024242278,100.0,100.0,100.0,96.00770024242277,100.0
10308,adaptive,7,63.7293498281842,Low,Critical Thinking,Critical Thinking Activity,Critical Thinking Activity,3.029793368385854,37.2,0.23,0.2592291205990937,3.8741197448055105,100.0,67.3,73.5,67.57411974480551,78.3
10310,adaptive,7,75.85543432982155,Low,Critical Thinking,Critical Thinking Activity,Critical Thinking Activity,4.291329296194297,53.4,0.23,0.5270610641585837,7.862600609407384,75.97483120132814,98.5,87.5,76.38776940807925,87.8
10311,adaptive,7,72.68647011080648,Low,Conceptual Understanding,Concept Review,Concept Review,3.836240763180353,46.2,0.23,0.40763894349554436,6.087930038379721,79.62647740538299,89.4,80.96145263299672,83.6,81.3
10313,adaptive,7,70.76666446836532,Low,Conceptual Understanding,Concept Review,Concept Review,5.327972704808436,73.8,0.23,0.904370086914184,13.520922101085073,78.08609630801146,80.4,78.79478473238588,83.0,76.74004106068774
10315,adaptive,7,42.99168680820243,Medium,Advanced Topics,Advanced Practice,Advanced Practice,1.2032285833368177,12.6,0.23,0.03486956434510098,0.5218081018469497,57.4,43.6,49.2,48.3,30.121808101846952
10319,adaptive,7,66.91417973566097,Low,Application Skills,Application Exercise,Application Exercise,2.7404993901023795,44.8,0.23,0.2823810571561492,4.223438420074579,79.6,74.8,74.72343842007459,80.1,82.1
10320,adaptive,7,92.33818009267809,Low,Application Skills,Application Exercise,Application Exercise,5.492377237501431,85.6,0.23,0.0,5.799999999999995,100.0,100.0,100.0,100.0,100.0
10322,adaptive,7,85.68719335863261,Low,Problem Solving,Practice Questions,Practice Questions,4.777003523377642,62.0,0.23,0.6812007024336518,10.188393114659835,97.4,90.68872272484641,90.89967038981341,96.3,93.1
10328,adaptive,7,60.73278863875067,Medium,Advanced Topics,Advanced Practice,Advanced Practice,2.534708103328249,25.7,0.23,0.1498265959877328,2.243346010895025,78.5,82.9,59.7,62.6,60.04334601089502
10329,adaptive,7,70.31164196795307,Low,Application Skills,Application Exercise,Application Exercise,3.647671759154533,46.2,0.23,0.3876016011277607,5.797171773389117,88.6,66.8,57.59717177338911,86.8,73.6
10333,adaptive,7,75.78788141539296,Low,Advanced Topics,Advanced Practice,Advanced Practice,4.514816317406209,56.0,0.23,0.5815083416819198,8.703540268209329,96.2,78.3,89.0,76.8245148805925,78.37902538761684
10347,adaptive,7,70.72202846913541,Low,Advanced Topics,Advanced Practice,Advanced Practice,4.066844951060498,53.3,0.23,0.4985545225505063,7.473643904354033,83.8,80.5,90.4,76.5,77.87364390435404
10352,adaptive,7,30.340762089705535,High,Advanced Topics,Guided Review,Advanced Practice,1.55312593668534,17.1,0.23,0.061084443089834434,0.9142782677869723,26.4,36.9,32.6,31.6,28.514278267786974
10356,adaptive,7,75.32977175909102,Low,Advanced Topics,Concept Review,Concept Review,4.133717883731776,47.7,0.23,0.4535101890242132,6.7796910427561965,81.33834224849602,83.5,82.2,81.3,80.84134879426018
10362,adaptive,7,68.7475292852601,Low,Problem Solving,Practice Questions,Practice Questions,2.4812221607546485,22.1,0.23,0.1261205224311588,1.886324335492114,88.1,59.78632433549212,77.9,100.0,70.5
10364,adaptive,7,53.78908818722638,Medium,Advanced Topics,Advanced Practice,Advanced Practice,3.375258076866727,30.7,0.23,0.23832697280755957,3.5692201934909877,67.1,47.4,61.6,45.3,46.069220193490985
10366,adaptive,7,74.50808326707595,Low,Conceptual Understanding,Concept Review,Concept Review,5.297816660331099,73.0,0.23,0.8895034172695916,13.241406092073387,84.1414060920734,84.4,83.7,82.0,90.8
10371,adaptive,7,74.51533892586069,Low,Advanced Topics,Advanced Practice,Advanced Practice,3.6396221404958466,51.4,0.23,0.430276129449419,6.44958406495992,89.8,79.0,87.5,72.0,71.54958406495992
10372,adaptive,7,51.673894867505716,Medium,Problem Solving,Practice Questions,Practice Questions,1.9360303243190669,11.9,0.23,0.052989149976612866,0.7925333735632533,47.3,36.79253337356326,57.0,55.6,39.8
10378,adaptive,7,96.59861992255452,Low,Critical Thinking,Critical Thinking Activity,Critical Thinking Activity,4.532457429124935,60.9,0.23,0.6348613120975296,9.48310887992191,100.0,100.0,99.6,92.1831088799219,100.0
10383,adaptive,7,85.1624142659469,Low,Critical Thinking,Critical Thinking Activity,Critical Thinking Activity,5.971388879881579,75.3,0.23,1.0341848401066909,15.483050989184092,98.3,93.4989405056171,100.0,94.51226124926862,95.97184923429838
10409,adaptive,7,71.66321135925898,Low,Advanced Topics,Critical Thinking Activity,Critical Thinking Activity,2.642315428808045,31.1,0.23,0.18900482262263946,2.8287551213856106,94.6,89.5,100.0,74.36294966787324,74.46580545351237
10412,adaptive,7,50.2131338696512,Medium,Advanced Topics,Advanced Practice,Advanced Practice,2.732944560174818,35.3,0.23,0.22188776884059347,3.3221312960885605,70.8,57.046471947731305,67.3,80.4,57.77565934835726
10426,adaptive,7,51.53298179903318,Medium,Advanced Topics,Advanced Practice,Advanced Practice,2.0974370821949764,25.8,0.23,0.12446191645744992,1.8635699157590757,61.1,80.9,80.4,59.1,51.16356991575907
10430,adaptive,7,63.5138498501115,Medium,Critical Thinking,Critical Thinking Activity,Critical Thinking Activity,3.9643551339430907,54.7,0.23,0.4987555194013803,7.451032354447716,71.3,71.5,67.4,62.651032354447715,67.9
10433,adaptive,7,81.71508561681367,Low,Application Skills,Application Exercise,Application Exercise,5.7977145016645455,83.9,0.23,1.1187849673862076,16.70799522919912,83.2,90.6,74.17494224626714,77.233052982932,98.5
10437,adaptive,7,68.25134786496236,Low,Application Skills,Application Exercise,Application Exercise,3.5972101674442074,39.3,0.23,0.3251518270352819,4.863140369571173,92.8,75.8,68.56314036957117,92.0,71.3
10440,adaptive,7,93.18113220834783,Low,Conceptual Understanding,Concept Review,Concept Review,6.0086880267339176,79.5,0.23,0.0,14.033938569206054,100.0,97.4594902535712,99.1286102340011,98.14583808163374,97.4
10446,adaptive,7,71.35691650381239,Low,Problem Solving,Practice Questions,Practice Questions,4.024278206286944,44.4,0.23,0.4109592904260227,6.150119689701124,84.9,79.75233680630143,88.1,89.2,76.8977828833997
10452,adaptive,7,80.69191430780853,Low,Critical Thinking,Critical Thinking Activity,Critical Thinking Activity,5.370878256538947,64.1,0.23,0.7918285813615368,11.80566428070985,73.74291531432372,100.0,72.9,75.26274896638614,80.0
10463,adaptive,7,61.89558783112577,Medium,Advanced Topics,Advanced Practice,Advanced Practice,4.014715490307585,49.5,0.23,0.45707535857151854,6.843197993700122,64.9,68.9,56.963434178025864,69.0,59.87976381567425
10480,adaptive,7,98.80390566931081,Low,Conceptual Understanding,Concept Review,Concept Review,5.805397495363804,87.1,0.23,0.0,0.0,100.0,100.0,98.3,100.0,100.0
10487,adaptive,7,49.00792878300269,Medium,Problem Solving,Practice Questions,Practice Questions,3.06779054374536,42.2,0.23,0.2977597501759247,4.453450176544266,52.8,34.65345017654426,40.6,39.9,45.5
10494,adaptive,7,63.05236872135045,Medium,Advanced Topics,Advanced Practice,Advanced Practice,4.217280636000297,46.9,0.23,0.45491806220535197,6.815732513592334,80.9,62.83403424693672,69.7,75.5,64.48169826665563
10495,adaptive,7,29.459445770066907,High,Advanced Topics,Advanced Practice,Advanced Practice,1.3849368202079377,19.1,0.23,0.06084027451173471,0.9107014948219335,40.0,33.5,39.1,17.6,10.310701494821934
10500,adaptive,7,78.45218174591437,Low,Advanced Topics,Advanced Practice,Advanced Practice,3.999673729835922,44.4,0.23,0.4084466812908443,6.120541405908335,97.8,98.0,98.5,84.3,84.82054140590833
10514,adaptive,7,44.26023456012401,Medium,Advanced Topics,Application Exercise,Application Exercise,2.95134961756337,25.1,0.23,0.1703814134219334,2.5488421970912314,56.4,59.1,49.30780868374768,49.17037801275649,50.37065550058707
10522,adaptive,7,46.06387425247432,Medium,Problem Solving,Practice Questions,Practice Questions,0.7791724716905271,0.0,0.23,0.0,0.0,45.4,44.0,55.0,44.8,45.7
10523,adaptive,7,73.73748180434448,Low,Application Skills,Application Exercise,Application Exercise,3.8990945266919765,42.0,0.23,0.37665253127844495,5.633411772164568,95.0,94.6,79.13341177216455,100.0,87.9
10527,adaptive,7,86.0883269259526,Low,Conceptual Understanding,Concept Review,Concept Review,4.782052518786623,69.3,0.23,0.7622113509693998,11.365847347838233,88.59336666942592,100.0,87.2,86.3724806784123,89.0
10528,adaptive,7,64.69393901677111,Medium,Critical Thinking,Advanced Practice,Advanced Practice,4.262188645348583,64.7,0.23,0.6342562923143227,9.488052411321068,68.9,73.2,65.46765904031668,65.90326077583076,65.61713259517363
10529,adaptive,7,77.32563265160825,Low,Advanced Topics,Advanced Practice,Advanced Practice,4.560535628975914,45.1,0.23,0.47306436079367153,7.086193344407645,75.9,99.5,75.6,73.45525718772299,74.23093615668466
10530,adaptive,7,68.50050322656232,Low,Application Skills,Application Exercise,Application Exercise,3.1289109876187076,34.4,0.23,0.24755943734039212,3.702628106308474,100.0,81.9,71.80262810630845,85.2,74.1
10535,adaptive,7,69.45975301778361,Low,Problem Solving,Practice Questions,Practice Questions,5.065204032533398,71.8,0.23,0.8364677939325653,12.501006841731739,79.6,79.0864177886564,81.06351694759378,79.25107210548154,81.9
10543,adaptive,7,78.88580122868035,Low,Advanced Topics,Advanced Practice,Advanced Practice,5.069012247414905,70.7,0.23,0.8242720815521378,12.36555383481847,100.0,100.0,100.0,87.0,79.36555383481848
10544,adaptive,7,68.97278013207608,Low,Application Skills,Application Exercise,Application Exercise,2.8471969117804394,34.1,0.23,0.2233056537909399,3.339875865394927,83.3,88.2,78.63987586539493,89.4,81.5
10549,adaptive,7,67.2574427796545,Medium,Advanced Topics,Advanced Practice,Advanced Practice,3.2083612591062742,31.7,0.23,0.23392161940143846,3.5033946861616867,69.5,71.8,66.4,63.4,61.503394686161684
10550,adaptive,7,55.54145023235025,Medium,Problem Solving,Advanced Practice,Advanced Practice,2.2300294522958493,27.5,0.23,0.14104936285771247,2.112087391765725,65.0,55.7,74.9,63.6,57.71208739176573
10555,adaptive,7,85.74546468823088,Low,Application Skills,Critical Thinking Activity,Critical Thinking Activity,4.3900932809938364,44.8,0.23,0.4523552116736049,6.763684015004188,97.1,97.5,80.49395032047667,80.56973369452751,83.4
10560,adaptive,7,43.77651562145379,Medium,Advanced Topics,Advanced Practice,Advanced Practice,1.9462510158024506,21.7,0.23,0.09713738819870033,1.4541846239241392,62.5,55.4,61.7,44.3,44.054184623924144
10571,adaptive,7,60.80021837144274,Medium,Critical Thinking,Critical Thinking Activity,Critical Thinking Activity,3.082879729323819,37.1,0.23,0.26306212730320144,3.935792271876153,66.1,59.0,71.8,56.68839519308388,58.84739707879227
10579,adaptive,7,61.21596407007938,Medium,Application Skills,Advanced Practice,Advanced Practice,3.0961135798692583,35.3,0.23,0.25137346154958506,3.7626794076591157,76.8,99.1,57.2267147515882,68.3,57.63596465607092
10584,adaptive,7,71.75157674873866,Low,Advanced Topics,Advanced Practice,Advanced Practice,3.650973507564168,39.2,0.23,0.3291717714419854,4.9246572775648625,72.8,73.22280026134526,100.0,92.4,73.2018570162196
10585,adaptive,7,81.22461377027018,Low,Critical Thinking,Critical Thinking Activity,Critical Thinking Activity,4.756549845630662,57.8,0.23,0.6323357364781402,9.47562688294938,96.8,84.2,91.9,78.01224165145193,76.26338523149744
10590,adaptive,7,86.105610123439,Low,Problem Solving,Practice Questions,Practice Questions,3.9192834397090635,56.6,0.23,0.510212318181326,7.631001628451136,100.0,91.33100162845115,100.0,90.2,100.0
10591,adaptive,7,69.26173437433035,Medium,Conceptual Understanding,Concept Review,Concept Review,5.830610679516191,83.4,0.23,1.1184277405447958,16.769079651187127,59.618427740544796,72.9,58.35925842095007,59.1,59.69139348969225
10596,adaptive,7,77.41766000808163,Low,Advanced Topics,Advanced Practice,Advanced Practice,5.417507192818318,75.7,0.23,0.9432421773415974,14.153345556189867,86.6,79.5,92.5,92.1,69.55334555618987
10600,adaptive,7,36.379376069960905,Medium,Advanced Topics,Advanced Practice,Advanced Practice,1.156021446012205,17.0,0.23,0.045200438539077216,0.6765323545711481,39.8,45.1,36.8,41.9,33.776532354571145
10602,adaptive,7,37.110943921876725,Medium,Advanced Topics,Advanced Practice,Advanced Practice,0.5776436590260388,9.2,0.23,0.01222293982499098,0.18288450134345274,53.6,57.2,55.9,57.1,47.28288450134345
10605,adaptive,7,74.6438427827325,Low,Critical Thinking,Critical Thinking Activity,Critical Thinking Activity,3.8496726322999337,56.9,0.23,0.5038066573890922,7.532044599822929,100.0,78.37713622677492,80.380574975786,83.17433339726198,99.9
10614,adaptive,7,69.01674130116658,Low,Advanced Topics,Advanced Practice,Advanced Practice,2.892563137265862,35.4,0.23,0.23551249063618646,3.5277786564372526,74.2,79.0,78.5,91.0,62.92777865643726
10618,adaptive,7,80.27885023574443,Low,Application Skills,Application Exercise,Application Exercise,2.638783398351885,42.3,0.23,0.2567272368256549,3.8397464986097947,79.9,95.1,77.63974649860978,89.0,100.0
10622,adaptive,7,57.42240412756913,Medium,Critical Thinking,Critical Thinking Activity,Critical Thinking Activity,2.6935772967528946,39.4,0.23,0.24409197463174728,3.6477290556103976,65.7,46.9,62.4,45.74772905561039,62.6
10627,adaptive,7,90.98657816684255,Low,Conceptual Understanding,Concept Review,Concept Review,4.564894095782291,54.3,0.23,0.0,0.0,100.0,100.0,100.0,98.3,100.0
10636,adaptive,7,55.050134096404925,Medium,Application Skills,Application Exercise,Application Exercise,4.221919735244045,51.0,0.23,0.4952311849441265,7.423094863256979,57.8,66.4,49.095231184944126,49.2,51.12786367831286
10637,adaptive,7,46.898856229744474,Medium,Critical Thinking,Critical Thinking Activity,Critical Thinking Activity,2.1202529491129667,23.8,0.23,0.11606264643444382,1.7350207052466013,62.0,50.8,63.5,48.6350207052466,47.1
10644,adaptive,7,85.46501900074927,Low,Advanced Topics,Advanced Practice,Advanced Practice,5.552779772481198,71.4,0.23,0.9118774942368625,13.6802012621846,99.3,81.1,100.0,76.0,80.0802012621846
10645,adaptive,7,55.521341443859754,Medium,Problem Solving,Practice Questions,Practice Questions,1.2860898281446436,10.5,0.23,0.03105906934969314,0.46453564592584523,85.5,51.26453564592584,68.8,96.7,65.2
10650,adaptive,7,63.42835886535153,Medium,Advanced Topics,Critical Thinking Activity,Critical Thinking Activity,2.2319787632507686,24.6,0.23,0.1262853584247285,1.89077538417848,76.0,71.8,75.8,55.72628535842473,54.964490025753754
10651,adaptive,7,77.58148996091214,Low,Problem Solving,Practice Questions,Practice Questions,3.434919804139411,44.5,0.23,0.35156404195366875,5.25817523617661,98.9,93.65817523617662,100.0,97.1,95.1
10653,adaptive,7,85.2737788780963,Low,Application Skills,Application Exercise,Application Exercise,5.375798342828022,75.4,0.23,0.0,10.444152293775181,100.0,98.02610308700288,100.0,99.99670597568185,98.82134323109044
10657,adaptive,7,76.88770632337236,Low,Conceptual Understanding,Concept Review,Concept Review,4.108297950124312,53.6,0.23,0.5064709712913252,7.566471168638117,87.00647097129132,98.4,100.0,89.4600001973468,90.7
10661,adaptive,7,50.0617918414751,Medium,Advanced Topics,Advanced Practice,Advanced Practice,2.5285545323681506,26.3,0.23,0.15295226366294945,2.288940172615062,53.8,47.611068370139435,52.6,58.4,45.57787180247561
10663,adaptive,7,90.54676723018432,Low,Critical Thinking,Critical Thinking Activity,Critical Thinking Activity,4.530879905872175,68.6,0.23,0.7148822315485117,10.676668736850994,100.0,100.0,100.0,90.576668736851,100.0
10669,adaptive,7,81.6693562098745,Low,Critical Thinking,Advanced Practice,Advanced Practice,4.6239275875194,58.3,0.23,0.6200224502104764,9.278587285855837,86.1,89.1,97.4,79.51711788946744,83.66146939638838
10671,adaptive,7,63.04634160950084,Medium,Application Skills,Application Exercise,Application Exercise,3.2500966733855483,49.0,0.23,0.36628589509055126,5.473017172472804,67.16605490406155,68.1,69.10696226841125,76.7,72.7
10678,adaptive,7,70.38854159496944,Low,Critical Thinking,Critical Thinking Activity,Critical Thinking Activity,2.6906282569714017,41.7,0.23,0.25805815612612715,3.857243524414671,86.9,80.66197527006267,82.0,83.49526825435198,88.4
10679,adaptive,7,45.23403459608406,Medium,Advanced Topics,Advanced Practice,Advanced Practice,1.9058548320947446,24.5,0.23,0.10739491978853886,1.6068391587503632,68.4,50.7,44.079037975081405,49.4,42.427801183668954
10680,adaptive,7,81.05461663506571,Low,Critical Thinking,Critical Thinking Activity,Critical Thinking Activity,4.8509643010956776,58.8,0.23,0.6560444120801795,9.77878521731116,88.5107030830605,99.1,93.2,91.06808213425064,93.5
10688,adaptive,7,86.43534300559224,Low,Critical Thinking,Critical Thinking Activity,Critical Thinking Activity,5.208685609124165,70.0,0.23,0.8385983830689906,12.52398240704541,98.8,92.1,92.2,87.62398240704539,100.0
10690,adaptive,7,83.78977525990113,Low,Advanced Topics,Advanced Practice,Advanced Practice,4.796152340204967,65.6,0.23,0.7236434650901252,10.853576372335578,100.0,95.6,89.7,100.0,92.5535763723356
10693,adaptive,7,71.42654635671643,Low,Critical Thinking,Critical Thinking Activity,Critical Thinking Activity,4.792234034900451,65.6,0.23,0.72305227118578,10.806670399462632,72.9,77.2,69.4774396120176,69.52923078744503,89.7
10698,adaptive,7,74.74046378638752,Low,Conceptual Understanding,Concept Review,Concept Review,3.5316247762161073,49.8,0.23,0.4045123018677929,6.0403906074406715,89.06024204202704,99.7,90.2627110566052,89.01743750880846,91.2
10714,adaptive,7,58.196135352050376,Medium,Conceptual Understanding,Concept Review,Concept Review,2.143011152450157,22.3,0.23,0.10991504200916856,1.6415820669530152,56.04158206695302,66.9,54.2,76.0,61.2
10715,adaptive,7,51.359797186418476,Medium,Advanced Topics,Concept Review,Concept Review,3.0025244934240023,39.2,0.23,0.27070760832710805,4.043810828246858,52.20898124676549,64.1,55.13482958148137,69.9,51.7
10717,adaptive,7,100.66062487003987,Low,Conceptual Understanding,Concept Review,Concept Review,6.511328880250151,100.0,0.23,0.0,0.0,100.0,100.0,100.0,100.0,100.0
10722,adaptive,7,67.23506680040981,Medium,Application Skills,Application Exercise,Application Exercise,4.639395688707051,70.6,0.23,0.753345071932251,11.283745034480315,67.5,63.52069827574249,65.25334507193224,65.9,66.00970168680556
10738,adaptive,7,85.18044535584008,Low,Application Skills,Concept Review,Concept Review,4.997796749167814,68.1,0.23,0.0,10.00345995844431,100.0,97.58911986757865,100.0,98.8117608277944,98.80257926307125
10741,adaptive,7,35.53025830132397,High,Advanced Topics,Advanced Practice,Advanced Practice,1.6511956144093403,9.3,0.23,0.0353190741922158,0.5284603337148781,58.6,37.4,42.7,56.4,29.228460333714875
10742,adaptive,7,68.12911839164084,Low,Advanced Topics,Advanced Practice,Advanced Practice,4.573359089613741,64.1,0.23,0.6742503305817538,10.098841190474918,73.7,83.2,68.9,63.21070216023584,64.98813903023908
10750,adaptive,7,95.29874627909558,Low,Conceptual Understanding,Concept Review,Concept Review,5.382268563969849,60.3,0.23,0.0,0.0,100.0,100.0,100.0,100.0,100.0
10754,adaptive,7,63.325204948297284,Medium,Application Skills,Application Exercise,Application Exercise,2.6259900764483315,38.5,0.23,0.2325314212694998,3.477861257248171,77.6,96.6,62.57786125724818,80.4,77.8
10762,adaptive,7,36.56752599386785,Medium,Advanced Topics,Advanced Practice,Advanced Practice,2.056391198191096,32.2,0.23,0.1522963321380326,2.280958740193674,35.8,40.3,53.4,54.5,14.080958740193674
10765,adaptive,7,53.038691917930535,Medium,Application Skills,Application Exercise,Application Exercise,2.8325998057124857,36.8,0.23,0.23975124755550478,3.5858447460475498,64.8,70.8,58.38584474604755,59.7,65.2
10768,adaptive,7,53.80604601842283,Medium,Conceptual Understanding,Advanced Practice,Advanced Practice,4.395332353934632,57.7,0.23,0.583304556690665,8.7224407881891,52.879884218409764,60.6,54.4,50.58462383644888,50.95793273333046
10788,adaptive,7,86.74448274101215,Low,Problem Solving,Practice Questions,Practice Questions,4.0695653159565035,58.3,0.23,0.5456880132166075,8.161594632457085,100.0,81.56159463245709,100.0,100.0,88.9
10801,adaptive,7,76.28945798155557,Low,Problem Solving,Practice Questions,Practice Questions,3.807400898596869,46.0,0.23,0.4028230150715487,6.018551835906454,83.01900798287015,79.72647197544478,80.97307187759154,84.7,88.3
10803,adaptive,7,99.48594853429978,Low,Conceptual Understanding,Concept Review,Concept Review,5.370773753310041,73.3,0.23,0.0,0.0,100.0,100.0,100.0,100.0,100.0
10811,adaptive,7,73.27653315515141,Low,Advanced Topics,Advanced Practice,Advanced Practice,3.8677298545726138,45.3,0.23,0.4029787735479206,6.0314608179812295,75.9,70.16433312488122,76.2,72.6,69.76712769310001
10812,adaptive,7,68.32009776706343,Low,Advanced Topics,Advanced Practice,Advanced Practice,4.525546111615591,54.2,0.23,0.5641545782739996,8.457355246092627,82.1,73.8,75.3,73.5,66.85735524609262
10817,adaptive,7,88.27462959723341,Low,Application Skills,Concept Review,Concept Review,3.6320838343235726,47.7,0.23,0.0,0.0,100.0,100.0,95.8,100.0,94.1
10821,adaptive,7,79.81621301517562,Low,Critical Thinking,Critical Thinking Activity,Critical Thinking Activity,4.20901323579687,59.4,0.23,0.5750353882745683,8.575324650876649,76.1540318227142,89.5,81.4,69.62129282816245,86.1
10823,adaptive,7,41.80341380774811,Medium,Advanced Topics,Guided Review,Advanced Practice,2.134613782581336,20.3,0.23,0.09966511750872259,1.490839459720674,44.9,29.752488501581894,32.6,35.2,28.038350958138782
10824,adaptive,7,40.74972115694458,Medium,Problem Solving,Practice Questions,Practice Questions,1.6408532280664132,16.5,0.23,0.06227038000512038,0.9313482922504962,54.3,42.831348292250496,58.2,51.7,40.8
10827,adaptive,7,81.32140021243522,Low,Advanced Topics,Advanced Practice,Advanced Practice,5.384536090324167,59.9,0.23,0.7418275371639604,11.123597887689714,86.9,93.7,88.6,97.5,79.62359788768971
10830,adaptive,7,81.86754131541116,Low,Advanced Topics,Advanced Practice,Advanced Practice,4.368251352323686,59.6,0.23,0.5987998953765308,8.978803628073177,95.8,96.1,100.0,91.0,89.07880362807316
10838,adaptive,7,64.78023766030671,Medium,Conceptual Understanding,Concept Review,Concept Review,3.1905202249142137,42.8,0.23,0.3140748109405552,4.684512924760069,67.58451292476006,74.3,79.3,75.5,74.8
10846,adaptive,7,66.68678543231738,Medium,Problem Solving,Advanced Practice,Advanced Practice,3.5611833237169273,53.0,0.23,0.4341082471610935,6.486182352539016,77.21095914184491,73.28816357822662,94.8,73.90951988839414,75.87753974407335
10850,adaptive,7,48.82153357975666,Medium,Advanced Topics,Advanced Practice,Advanced Practice,2.3514371790539457,23.9,0.23,0.1292585017325954,1.9318051888728867,46.625964188606886,48.6,51.4,83.0,48.205841000266005
10860,adaptive,7,98.23811385268056,Low,Conceptual Understanding,Concept Review,Concept Review,6.034688430708864,80.9,0.23,0.0,0.0,100.0,100.0,100.0,100.0,100.0
10866,adaptive,7,104.12216413782772,Low,Conceptual Understanding,Concept Review,Concept Review,6.1325647464936806,83.9,0.23,0.0,0.0,100.0,100.0,100.0,100.0,100.0
10867,adaptive,7,81.50077643650573,Low,Application Skills,Concept Review,Concept Review,5.2955945515576115,72.7,0.23,0.8854763649659483,13.216699942788477,92.05687067823851,96.8,92.19891070726312,91.66091855728683,92.0
10868,adaptive,7,90.3093335689808,Low,Problem Solving,Practice Questions,Practice Questions,5.959629549039241,91.4,0.23,1.2528333237990295,18.73191697505399,100.0,95.89590577430202,97.65810374721913,96.47790745353284,99.5
10880,adaptive,7,63.64141157746477,Medium,Advanced Topics,Advanced Practice,Advanced Practice,4.231395472864504,51.4,0.23,0.5002355728020418,7.498234641086251,77.3,72.3,70.1,70.2,64.09823464108625
10884,adaptive,7,96.80298636017697,Low,Conceptual Understanding,Concept Review,Concept Review,5.385335560825377,71.0,0.23,0.0,3.820409505945091,100.0,100.0,100.0,98.12040950594509,100.0
10885,adaptive,7,56.42667812105698,Medium,Advanced Topics,Critical Thinking Activity,Critical Thinking Activity,3.3406489886182125,31.8,0.23,0.24433506702753607,3.6519480833781786,70.5,73.2,62.8,58.75194808337818,61.1
10893,adaptive,7,63.031150830665474,Medium,Problem Solving,Practice Questions,Practice Questions,3.7790393653222303,45.1,0.23,0.39199975336487497,5.862952832935521,65.5,55.16295283293552,75.6,59.0,71.6
10894,adaptive,7,46.455472551683876,Medium,Advanced Topics,Advanced Practice,Advanced Practice,1.9243305988238586,13.6,0.23,0.060193061131210306,0.9008018657405301,54.0,61.0,70.5,46.1,40.100801865740536
10900,adaptive,7,100.67709792724179,Low,Conceptual Understanding,Concept Review,Concept Review,6.492620087005345,87.9,0.23,0.0,5.7011403586457,100.0,100.0,100.0,95.4011403586457,100.0
10902,adaptive,7,85.47843887793373,Low,Application Skills,Application Exercise,Application Exercise,4.956057480437085,61.0,0.23,0.6953348645053231,10.393336084637815,93.2,100.0,90.79799789800317,88.69533818663464,98.1
10903,adaptive,7,44.67704237219054,Medium,Advanced Topics,Advanced Practice,Advanced Practice,1.5707215159984385,28.4,0.23,0.10259952942501799,1.5363947939556102,61.9,57.2,55.9,59.0,41.13639479395562
10915,adaptive,7,74.24471174067722,Low,Advanced Topics,Advanced Practice,Advanced Practice,3.813601995820495,36.2,0.23,0.3175205021720145,4.756352201621574,83.2,80.8,90.5,93.6,70.35635220162156
10918,adaptive,7,38.21390810924418,High,Application Skills,Application Exercise,Application Exercise,1.8917151855780479,24.4,0.23,0.10616305621464005,1.5878300581667903,53.8,58.4,27.38783005816679,39.0,30.7
10925,adaptive,7,73.99253072037857,Low,Application Skills,Application Exercise,Application Exercise,2.717052478843144,41.6,0.23,0.25996758117571206,3.888210779323693,81.1,94.4,83.68821077932368,91.4,95.3
10937,adaptive,7,74.33701794251476,Low,Application Skills,Application Exercise,Application Exercise,4.925839838770624,64.4,0.23,0.7296153969187049,10.92125673548214,73.1,75.2,75.04836809809986,83.1,76.07288863738229
10939,adaptive,7,101.57599107909621,Low,Conceptual Understanding,Concept Review,Concept Review,5.80795881648581,76.5,0.23,0.0,0.0,100.0,100.0,100.0,100.0,100.0
10942,adaptive,7,56.03107261648201,Medium,Advanced Topics,Advanced Practice,Advanced Practice,3.5271061502325445,42.5,0.23,0.3447746261852312,5.1660010202980455,77.8,70.9,71.7,78.1,58.26600102029805
10943,adaptive,7,57.692840109664466,Medium,Application Skills,Application Exercise,Application Exercise,2.623517398093341,39.1,0.23,0.23593291961053417,3.5287358411314673,68.8,55.8,55.32873584113147,61.1,63.0
10948,adaptive,7,49.831575413515964,Medium,Advanced Topics,Advanced Practice,Advanced Practice,2.668984348513387,35.2,0.23,0.21608097285564384,3.2366832254374547,52.8,52.5,54.6,68.5,32.13668322543745
10949,adaptive,7,92.05120895210861,Low,Conceptual Understanding,Concept Review,Concept Review,4.712820022042393,63.9,0.23,0.0,0.7000000000000028,100.0,100.0,100.0,100.0,100.0
10960,adaptive,7,68.0453364889926,Low,Conceptual Understanding,Concept Review,Concept Review,3.251940343931744,45.7,0.23,0.3418114495506656,5.097259730101233,72.69725973010122,80.7,85.7,87.2,95.3
10974,adaptive,7,72.17840441898824,Low,Advanced Topics,Advanced Practice,Advanced Practice,4.326434172420765,51.0,0.23,0.5074907284249558,7.606855008023884,100.0,90.3,79.1,83.9,75.70685500802388
10975,adaptive,7,59.33508339319159,Medium,Advanced Topics,Advanced Practice,Advanced Practice,3.7813525242192974,45.6,0.23,0.39658825274011994,5.931580823591359,82.0,66.3,59.934992570851236,64.5,61.79658825274012
10978,adaptive,7,65.47592783534262,Medium,Advanced Topics,Advanced Practice,Advanced Practice,3.859615311533187,54.5,0.23,0.48380277930068505,7.25287824784205,82.2,69.0,72.5,70.3,63.35287824784204
10979,adaptive,7,44.638462868783705,Medium,Advanced Topics,Advanced Practice,Advanced Practice,2.5058543781142673,29.0,0.23,0.16714048702022163,2.502938949904974,49.6,50.8,40.4,37.0,31.202938949904976
10986,adaptive,7,74.98139208702466,Low,Problem Solving,Practice Questions,Practice Questions,3.4775910617235612,28.3,0.23,0.22635640220758663,3.3855044504091216,100.0,77.88550445040912,89.2,77.6,80.0
10987,adaptive,7,93.59085625639636,Low,Critical Thinking,Critical Thinking Activity,Critical Thinking Activity,6.132063566674988,79.6,0.23,1.1226581977868568,16.76679311574872,100.0,98.5179031017498,100.0,99.04889001399891,97.4
10990,adaptive,7,56.32704821481859,Medium,Advanced Topics,Practice Questions,Practice Questions,3.2858608144366177,46.4,0.23,0.3506670661166758,5.253713054319358,60.1,49.7623197089493,58.1,59.4,51.39139334537006
10996,adaptive,7,78.82820784316546,Low,Conceptual Understanding,Concept Review,Concept Review,4.116749122255914,53.8,0.23,0.5094065363879468,7.606084267369535,90.82174490039245,94.2,90.7,92.3,88.8843393669771
10999,adaptive,7,88.93571442414157,Low,Critical Thinking,Critical Thinking Activity,Critical Thinking Activity,5.557691100400407,81.0,0.23,1.035397852004596,15.459478273967303,100.0,100.0,95.3,91.05947827396731,97.6
10011,adaptive,8,53.41128579260716,Medium,Advanced Topics,Advanced Practice,Advanced Practice,2.187802487709515,30.0,0.2,0.13126814926257088,2.3923449179008043,56.2,55.5,63.5,59.4,39.792344917900806
10024,adaptive,8,98.38600501553194,Low,Conceptual Understanding,Concept Review,Concept Review,6.5539225628509135,86.8,0.2,0.0,9.784744229433901,100.0,100.0,97.9847442294339,94.6,100.0
10026,adaptive,8,90.61418664686992,Low,Critical Thinking,Critical Thinking Activity,Critical Thinking Activity,5.55303776467076,76.4,0.2,0.8485041704416922,15.395594038857885,93.90989752924001,88.4447603023735,100.0,90.24093620724436,100.0
10031,adaptive,8,78.74879300982226,Low,Critical Thinking,Critical Thinking Activity,Critical Thinking Activity,3.2171352881316353,22.4,0.2,0.14412766090829726,2.6218007128631915,95.7,100.0,93.6,84.1218007128632,96.2
10040,adaptive,8,82.51616060969033,Low,Critical Thinking,Critical Thinking Activity,Critical Thinking Activity,4.155072386685089,59.2,0.2,0.4919605705835146,8.941758224114528,95.6,100.0,77.4,73.54175822411453,93.8
10045,adaptive,8,90.50075165678349,Low,Conceptual Understanding,Concept Review,Concept Review,5.133588655626812,65.0,0.2,0.6673665252314857,12.09194009580101,93.491940095801,100.0,99.8,100.0,92.2
10055,adaptive,8,64.89010846506808,Medium,Advanced Topics,Advanced Practice,Advanced Practice,4.2256381717883436,68.6,0.2,0.5797575571693607,10.584605260632097,72.1,58.6,57.6,57.4,49.2846052606321
10056,adaptive,8,96.49297271055661,Low,Conceptual Understanding,Concept Review,Concept Review,5.767919157307695,71.9,0.2,0.0,0.0,100.0,100.0,96.1,98.2,100.0
10060,adaptive,8,88.72062371723425,Low,Problem Solving,Advanced Practice,Advanced Practice,5.147203205565606,69.3,0.2,0.7134023642913929,12.974002094230965,89.77802507504445,86.42642712782835,99.7,87.43050799279706,89.2390418985611
10061,adaptive,8,52.640530095581035,Medium,Advanced Topics,Advanced Practice,Advanced Practice,3.01313842648653,36.9,0.2,0.22236961587470594,4.053930994457298,56.1,42.0,48.8,62.1,37.453930994457295
10064,adaptive,8,92.94766098410534,Low,Conceptual Understanding,Concept Review,Concept Review,5.5813806830375245,75.3,0.2,0.0,7.224191099925164,100.0,96.80011110460765,100.0,97.42407999531751,100.0
10067,adaptive,8,83.37393445015617,Low,Problem Solving,Practice Questions,Practice Questions,5.365333414752847,75.9,0.2,0.8144576123594822,14.812103579620292,100.0,93.48176742998217,97.3,93.43033614963811,94.9
10068,adaptive,8,56.29079615448566,Medium,Critical Thinking,Critical Thinking Activity,Critical Thinking Activity,3.1687027757031316,45.0,0.2,0.28518324981328186,5.185079498490977,59.4,53.7,68.2,48.08507949849097,63.9
10071,adaptive,8,84.42178284680611,Low,Critical Thinking,Critical Thinking Activity,Critical Thinking Activity,4.671139557571617,56.0,0.2,0.5231676304480212,9.499869621877865,80.48152252509384,92.0,90.1,81.61834709678402,89.8
10073,adaptive,8,79.48195376892437,Low,Advanced Topics,Advanced Practice,Advanced Practice,4.050930204370277,57.7,0.2,0.46747734558433013,8.517755451788723,95.0,89.61257649131636,92.1,96.6,89.00517896047236
10077,adaptive,8,68.05019151894214,Medium,Advanced Topics,Advanced Practice,Advanced Practice,3.3934625731032098,45.0,0.2,0.3054116315792889,5.569891336466106,77.4,71.9,67.3,71.5,65.16989133646611
10079,adaptive,8,52.90978666573544,Medium,Critical Thinking,Critical Thinking Activity,Critical Thinking Activity,3.410859914618661,33.4,0.2,0.22784544229652656,4.143669813962867,65.5,60.3,61.1,51.44366981396286,54.3
10087,adaptive,8,66.5583658833334,Medium,Problem Solving,Practice Questions,Practice Questions,3.66276761403065,48.7,0.2,0.3567535656065854,6.492914894039854,62.0,53.892914894039855,76.5,66.2,56.2
10089,adaptive,8,80.70167165428639,Low,Conceptual Understanding,Concept Review,Concept Review,3.366021521887081,36.0,0.2,0.24235354957586985,4.4180689410342975,84.34235354957586,98.0,94.7,92.9,81.47571539145844
10097,adaptive,8,81.05487631378513,Low,Advanced Topics,Advanced Practice,Advanced Practice,5.8085105187218655,77.2,0.2,0.896834024090656,16.294203076262093,86.13499033920446,92.2,86.42751684532811,87.7,85.83169589172952
10102,adaptive,8,55.574297527236055,Medium,Advanced Topics,Advanced Practice,Advanced Practice,4.0839855517817725,53.9,0.2,0.4402536424820751,8.032305553867312,63.5,55.6,61.4,60.0,48.93230555386731
10108,adaptive,8,80.28247606541537,Low,Application Skills,Application Exercise,Application Exercise,4.5891045215748445,58.0,0.2,0.532336124502682,9.67265922696442,89.01813872643864,92.9,88.23233612450268,91.2221843760231,93.4
10111,adaptive,8,67.87386358252512,Low,Critical Thinking,Critical Thinking Activity,Critical Thinking Activity,3.039042213789285,31.4,0.2,0.19085185102596713,3.4741757967268168,92.2,82.6,83.5,66.09543197799862,67.1787438187282
10121,adaptive,8,100.72704168122517,Low,Conceptual Understanding,Concept Review,Concept Review,6.563404781438525,88.9,0.2,0.0,0.0,100.0,100.0,100.0,100.0,100.0
10137,adaptive,8,60.054805476792694,Medium,Advanced Topics,Advanced Practice,Advanced Practice,2.73500098825794,31.9,0.2,0.17449306305085657,3.1803885087267156,74.3,65.1,84.3,62.8,55.580388508726706
10138,adaptive,8,58.87732427520575,Medium,Advanced Topics,Advanced Practice,Advanced Practice,3.4179861586980724,35.3,0.2,0.2413098228040839,4.398901711425903,75.4,49.5,56.3,48.6,48.198901711425904
10140,adaptive,8,62.245444945864854,Medium,Advanced Topics,Advanced Practice,Advanced Practice,3.657434311408114,41.0,0.2,0.2999096135354653,5.468552670180104,70.5,70.0,81.7,67.3,61.0685526701801
10159,adaptive,8,56.604598995191715,Medium,Advanced Topics,Advanced Practice,Advanced Practice,2.9019485332407595,43.0,0.2,0.24956757385870532,4.551030402440468,63.9,58.2,63.6,65.4,56.45103040244047
10169,adaptive,8,76.24761092162825,Low,Critical Thinking,Critical Thinking Activity,Critical Thinking Activity,3.199836849145762,46.5,0.2,0.2975848269705559,5.409060220804979,83.84209153708034,87.0,90.0,86.36696868372464,93.1
10175,adaptive,8,72.80100733993893,Low,Advanced Topics,Application Exercise,Application Exercise,4.328618133093209,42.6,0.2,0.3687982649395414,6.719661869724831,100.0,90.7,70.0534964598232,77.0,67.76616540990165
10185,adaptive,8,86.18500797451571,Low,Advanced Topics,Advanced Practice,Advanced Practice,4.393510236808413,57.3,0.2,0.5034962731382441,9.177839374480106,100.0,94.64479550912819,96.2,100.0,96.33304386535193
10199,adaptive,8,70.74423383609366,Low,Conceptual Understanding,Advanced Practice,Advanced Practice,3.581898153765687,48.7,0.2,0.348876880176778,6.348350935310417,66.63923568579112,80.2,77.4,81.0,67.60911524951926
10200,adaptive,8,57.19186997535225,Medium,Advanced Topics,Advanced Practice,Advanced Practice,3.1830843048120157,47.6,0.2,0.30302962581810394,5.527104594481194,64.5,63.0,90.8,69.1,48.0271045944812
10209,adaptive,8,59.54804215984821,Medium,Critical Thinking,Critical Thinking Activity,Critical Thinking Activity,3.53061817731258,50.1,0.2,0.3537679413667205,6.438576532874313,72.8,56.2848085915076,64.9,57.25376794136672,65.5
10210,adaptive,8,41.72847653537992,Medium,Problem Solving,Practice Questions,Practice Questions,2.7927041323359623,39.1,0.2,0.21838946314867225,3.974688229305835,61.6,28.574688229305835,48.6,58.3,33.6
10211,adaptive,8,66.77378730973281,Medium,Advanced Topics,Advanced Practice,Advanced Practice,3.6497304168198434,61.4,0.2,0.44818689518547683,8.179841017379307,82.9,72.0,74.5,67.5,62.97984101737931
10214,adaptive,8,67.44751464438642,Low,Critical Thinking,Critical Thinking Activity,Critical Thinking Activity,4.501177489802547,66.2,0.2,0.5959558996498573,10.84594835983052,73.8,73.78534928459733,84.2,75.31378286403896,73.14681621119422
10216,adaptive,8,62.35717514810719,Medium,Conceptual Understanding,Concept Review,Concept Review,3.604931856044605,58.9,0.2,0.4246609726420545,7.714612935920833,77.79754075880335,75.433556238402,79.9,78.58351593871548,79.3
10219,adaptive,8,87.40158646203548,Low,Application Skills,Application Exercise,Application Exercise,3.0797397158851596,44.1,0.2,0.2716330429410711,4.937632187921699,89.92445807996138,93.1,86.71317410796034,100.0,99.1
10222,adaptive,8,69.78217710019607,Low,Problem Solving,Practice Questions,Practice Questions,4.493645786037625,59.4,0.2,0.5338451193812699,9.708411050194071,83.3,70.8424638316997,77.5,69.96594721849439,72.2
10236,adaptive,8,50.76516064381255,Medium,Application Skills,Practice Questions,Practice Questions,2.703005033342923,32.4,0.2,0.17515472616062144,3.18781601612331,79.4,47.936078628717354,45.75173738740596,59.7,48.4
10238,adaptive,8,58.38894003205333,Medium,Critical Thinking,Critical Thinking Activity,Critical Thinking Activity,2.4730912853025115,21.8,0.2,0.10782678003918951,1.9614843239793127,51.7,60.5,67.2,55.161484323979316,72.0
10245,adaptive,8,66.03178034916397,Medium,Critical Thinking,Critical Thinking Activity,Critical Thinking Activity,3.256470711590681,38.6,0.2,0.2513995389348006,4.571497013494559,93.4,69.4,69.4,66.77149701349457,88.1
10248,adaptive,8,50.206456912268344,Medium,Problem Solving,Practice Questions,Practice Questions,1.0213799780987074,10.6,0.2,0.021653255535692598,0.3940892507496052,85.5,45.4940892507496,71.2,61.4,59.9
10255,adaptive,8,57.920058063929766,Medium,Application Skills,Application Exercise,Application Exercise,1.6573524916554168,29.0,0.2,0.09612644451601417,1.7495012901914577,88.7,100.0,62.34950129019146,80.3,71.7
10257,adaptive,8,61.634422020758585,Medium,Advanced Topics,Concept Review,Concept Review,3.9252251720554554,40.3,0.2,0.3163731488676697,5.7604544001493565,60.64891735985583,64.45335949778348,73.1,63.2,64.75817754251005
10260,adaptive,8,68.00417422367933,Medium,Problem Solving,Practice Questions,Practice Questions,5.131746750116987,69.4,0.2,0.7122864489162378,12.971506555383685,71.29972456671783,67.69223653854675,79.7,72.7,69.9795454501191
10261,adaptive,8,52.56761840089831,Medium,Problem Solving,Practice Questions,Practice Questions,2.5008495837975975,34.3,0.2,0.17155828144851518,3.1249441571741925,58.4,51.69343376570475,65.5,59.8,49.03151039146944
10262,adaptive,8,74.81429118474645,Low,Critical Thinking,Critical Thinking Activity,Critical Thinking Activity,5.117443797224788,61.7,0.2,0.6314925645775389,11.505333456590702,93.8,82.0,77.2,76.67336484015775,76.33196861643296
10266,adaptive,8,73.36840675012255,Low,Advanced Topics,Advanced Practice,Advanced Practice,4.3033307457517145,58.4,0.2,0.5026290311038002,9.17220802558909,90.8,81.3,88.4,88.4,70.97220802558908
10276,adaptive,8,86.16046274995493,Low,Advanced Topics,Advanced Practice,Advanced Practice,5.920119065436984,78.7,0.2,0.9318267408997815,16.974293805150293,100.0,100.0,86.47795502268158,92.0,85.89633878246873
10278,adaptive,8,52.78116646565263,Medium,Advanced Topics,Advanced Practice,Advanced Practice,2.863074526807594,32.3,0.2,0.18495461443177055,3.3711268257674414,63.4,66.3,47.3,45.6,30.371126825767444
10281,adaptive,8,57.56990175864628,Medium,Advanced Topics,Advanced Practice,Advanced Practice,3.526012987475906,44.8,0.2,0.3159307636778412,5.74970170738956,56.1574332011706,58.3,67.8,61.4,53.79226850621897
10282,adaptive,8,61.0702997200752,Medium,Problem Solving,Practice Questions,Practice Questions,3.92019239028455,48.4,0.2,0.37947462337954446,6.906438145507709,69.2,54.306438145507705,78.0,63.3,62.4
10290,adaptive,8,64.15206217880456,Medium,Advanced Topics,Advanced Practice,Advanced Practice,3.218549939337883,35.7,0.2,0.22980446566872487,4.189243778515421,77.2,64.7,90.0,75.1,60.189243778515426
10293,adaptive,8,69.35105897280934,Low,Advanced Topics,Advanced Practice,Advanced Practice,3.7498389957513263,60.9,0.2,0.45673038968251156,8.33557802531582,79.0,80.4,85.2,66.1,62.83557802531581
10295,adaptive,8,79.239789192747,Low,Application Skills,Application Exercise,Application Exercise,4.081888658637468,53.5,0.2,0.4367620864742092,7.953512544141066,100.0,92.6,86.53566675862862,85.6670740214377,86.65077176407475
10297,adaptive,8,72.61599533380084,Low,Advanced Topics,Advanced Practice,Advanced Practice,4.435064686122722,63.2,0.2,0.5605921763259121,10.232184756815098,100.0,80.1,81.0,76.3,61.832184756815096
10299,adaptive,8,66.76212134036469,Medium,Advanced Topics,Advanced Practice,Advanced Practice,3.0366780255783077,40.7,0.2,0.2471855912820743,4.504926178904251,76.6,80.7,71.87891579223688,92.0,73.82601038666736
10300,adaptive,8,108.21953494925461,Low,Conceptual Understanding,Concept Review,Concept Review,6.783315480765699,99.0,0.2,0.0,6.70770024242278,100.0,100.0,100.0,96.00770024242277,100.0
10308,adaptive,8,63.72269544706367,Low,Critical Thinking,Critical Thinking Activity,Critical Thinking Activity,3.0300971565392194,37.2,0.2,0.22543922844651798,4.099558973252028,100.0,67.3,73.5,67.79955897325203,78.3
10310,adaptive,8,75.84190473412413,Low,Conceptual Understanding,Concept Review,Concept Review,4.291946954067847,53.4,0.2,0.4583799346944461,8.320980544101829,76.43321113602259,98.5,87.5,76.38776940807925,87.8
10311,adaptive,8,72.69126381782019,Low,Application Skills,Application Exercise,Application Exercise,3.8377004848041474,46.2,0.2,0.35460352479590324,6.442533563175624,79.62647740538299,89.4,81.31605615779263,83.6,81.3
10313,adaptive,8,70.77729957891547,Low,Advanced Topics,Advanced Practice,Advanced Practice,5.331211179916976,73.8,0.2,0.7868867701557457,14.30780887124082,78.08609630801146,80.4,78.79478473238588,83.0,77.52692783084349
10315,adaptive,8,42.99225598055189,Medium,Advanced Topics,Advanced Practice,Advanced Practice,1.2031460279795887,12.6,0.2,0.030319279905085636,0.5521273817520354,57.4,43.6,49.2,48.3,30.152127381752038
10319,adaptive,8,66.92158420592673,Low,Application Skills,Application Exercise,Application Exercise,2.7404993901023795,44.8,0.2,0.2455487453531732,4.468987165427753,79.6,74.8,74.96898716542776,80.1,82.1
10320,adaptive,8,92.33818009267809,Low,Application Skills,Application Exercise,Application Exercise,5.492377237501431,85.6,0.2,0.0,5.799999999999995,100.0,100.0,100.0,100.0,100.0
10322,adaptive,8,85.71158040453903,Low,Problem Solving,Practice Questions,Practice Questions,4.777003523377642,62.0,0.2,0.5923484368988277,10.780741551558663,97.4,91.28107116174525,90.89967038981341,96.3,93.1
10328,adaptive,8,60.73523424302621,Medium,Advanced Topics,Advanced Practice,Advanced Practice,2.5343533817139576,25.7,0.2,0.13026576382009744,2.3736117747151226,78.5,82.9,59.7,62.6,60.17361177471512
10329,adaptive,8,70.3218054844418,Low,Application Skills,Application Exercise,Application Exercise,3.647671759154533,46.2,0.2,0.33704487054587884,6.134216643934995,88.6,66.8,57.93421664393499,86.8,73.6
10333,adaptive,8,75.79737331686283,Low,Critical Thinking,Critical Thinking Activity,Critical Thinking Activity,4.513439568663269,56.0,0.2,0.5055052316902863,9.209045499899615,96.2,78.3,89.0,77.3300201122828,78.37902538761684
10347,adaptive,8,70.73016632385942,Low,Advanced Topics,Advanced Practice,Advanced Practice,4.065664599442113,53.3,0.2,0.43339984630052913,7.907043750654561,83.8,80.5,90.4,76.5,78.30704375065457
10352,adaptive,8,30.34175916485234,High,Advanced Topics,Guided Review,Advanced Practice,1.5529813163519606,17.1,0.2,0.053111961019237056,0.9673902288062094,26.4,36.9,32.6,31.6,28.56739022880621
10356,adaptive,8,75.33510489766525,Low,Advanced Topics,Advanced Practice,Advanced Practice,4.135341866523638,47.7,0.2,0.39451161406635515,7.174202656822551,81.33834224849602,83.5,82.2,81.3,81.23586040832654
10362,adaptive,8,68.75204441121238,Low,Problem Solving,Practice Questions,Practice Questions,2.4812221607546485,22.1,0.2,0.10967001950535547,1.9959943549974695,88.1,59.89599435499748,77.9,100.0,70.5
10364,adaptive,8,53.792978374144354,Medium,Advanced Topics,Advanced Practice,Advanced Practice,3.374693826387925,30.7,0.2,0.2072062009402186,3.776426394431206,67.1,47.4,61.6,45.3,46.276426394431205
10366,adaptive,8,74.51854355022141,Low,Application Skills,Application Exercise,Application Exercise,5.301001899114945,73.0,0.2,0.7739462772707819,14.015352369344168,84.1414060920734,84.4,84.47394627727078,82.0,90.8
10371,adaptive,8,74.52236227932413,Low,Advanced Topics,Advanced Practice,Advanced Practice,3.63860344123072,51.4,0.2,0.3740484337585181,6.823632498718438,89.8,79.0,87.5,72.0,71.92363249871843
10372,adaptive,8,51.67579188380121,Medium,Problem Solving,Practice Questions,Practice Questions,1.9360303243190669,11.9,0.2,0.0460775217187938,0.838610895282047,47.3,36.83861089528205,57.0,55.6,39.8
10378,adaptive,8,96.58232310713652,Low,Critical Thinking,Critical Thinking Activity,Critical Thinking Activity,4.533201417088939,60.9,0.2,0.5521439326014329,10.035252812523343,100.0,100.0,99.6,92.73525281252334,100.0
10383,adaptive,8,85.13586686240195,Low,Advanced Topics,Advanced Practice,Advanced Practice,5.972600831309291,75.3,0.2,0.8994736851951792,16.38252467437927,98.3,93.4989405056171,100.0,94.51226124926862,96.87132291949355
10409,adaptive,8,71.65835962763083,Low,Advanced Topics,Advanced Practice,Advanced Practice,2.6425369217711387,31.1,0.2,0.16436579653416483,2.9931209179197755,94.6,89.5,100.0,74.36294966787324,74.63017125004654
10412,adaptive,8,50.21675572111616,Medium,Problem Solving,Practice Questions,Practice Questions,2.732419230295729,35.3,0.2,0.19290879765887847,3.515040093747439,70.8,57.239380745390186,67.3,80.4,57.77565934835726
10426,adaptive,8,51.53501337822661,Medium,Advanced Topics,Advanced Practice,Advanced Practice,2.0971424126696325,25.8,0.2,0.10821254849375304,1.9717824642528288,61.1,80.9,80.4,59.1,51.27178246425282
10430,adaptive,8,63.50104685442801,Medium,Critical Thinking,Critical Thinking Activity,Critical Thinking Activity,3.964939620816593,54.7,0.2,0.4337643945173353,7.8847967489650514,71.3,71.5,67.4,63.08479674896505,67.9
10433,adaptive,8,81.74442189775341,Low,Critical Thinking,Critical Thinking Activity,Critical Thinking Activity,5.7977145016645455,83.9,0.2,0.9728564933793109,17.68085172257843,83.2,90.6,74.17494224626714,78.2059094763113,98.5
10437,adaptive,8,68.25987385129936,Low,Application Skills,Application Exercise,Application Exercise,3.5972101674442074,39.3,0.2,0.2827407191611147,5.145881088732288,92.8,75.8,68.84588108873228,92.0,71.3
10440,adaptive,8,93.18113220834783,Low,Conceptual Understanding,Concept Review,Concept Review,6.0086880267339176,79.5,0.2,0.0,14.033938569206054,100.0,97.4594902535712,99.1286102340011,98.14583808163374,97.4
10446,adaptive,8,71.3716288830649,Low,Advanced Topics,Advanced Practice,Advanced Practice,4.024278206286944,44.4,0.2,0.3573559047182806,6.507475594419405,84.9,79.75233680630143,88.1,89.2,77.25513878811797
10452,adaptive,8,80.67158816099936,Low,Application Skills,Application Exercise,Application Exercise,5.371806192960433,64.1,0.2,0.6886655539375274,12.494329834647377,73.74291531432372,100.0,73.58866555393753,75.26274896638614,80.0
10463,adaptive,8,61.90304862567829,Medium,Application Skills,Application Exercise,Application Exercise,4.013633342588909,49.5,0.2,0.397349700916302,7.240547694616424,64.9,68.9,57.360783878942165,69.0,59.87976381567425
10480,adaptive,8,98.80390566931081,Low,Conceptual Understanding,Concept Review,Concept Review,5.805397495363804,87.1,0.2,0.0,0.0,100.0,100.0,98.3,100.0,100.0
10487,adaptive,8,49.01858860861749,Medium,Problem Solving,Practice Questions,Practice Questions,3.06779054374536,42.2,0.2,0.25892152189210843,4.712371698436374,52.8,34.91237169843637,40.6,39.9,45.5
10494,adaptive,8,63.05979430257397,Medium,Problem Solving,Practice Questions,Practice Questions,4.216203595783693,46.9,0.2,0.3954798972845104,7.211212410876844,80.9,63.22951414422123,69.7,75.5,64.48169826665563
10495,adaptive,8,29.460438859674866,High,Advanced Topics,Advanced Practice,Advanced Practice,1.3847927779553162,19.1,0.2,0.05289908411789308,0.9636005789398266,40.0,33.5,39.1,17.6,10.363600578939828
10500,adaptive,8,78.45884877951752,Low,Advanced Topics,Advanced Practice,Advanced Practice,3.9987067128308027,44.4,0.2,0.3550851560993753,6.47562656200771,97.8,98.0,98.5,84.3,85.17562656200771
10514,adaptive,8,44.26470222563326,Medium,Advanced Topics,Critical Thinking Activity,Critical Thinking Activity,2.95134961756337,25.1,0.2,0.1481577508016812,2.6969999478929125,56.4,59.1,49.30780868374768,49.31853576355817,50.37065550058707
10522,adaptive,8,46.06387425247432,Medium,Problem Solving,Practice Questions,Practice Questions,0.7791724716905271,0.0,0.2,0.0,0.0,45.4,44.0,55.0,44.8,45.7
10523,adaptive,8,73.74735821920198,Low,Application Skills,Application Exercise,Application Exercise,3.8990945266919765,42.0,0.2,0.32752394024212605,5.960935712406694,95.0,94.6,79.46093571240668,100.0,87.9
10527,adaptive,8,86.0972902940443,Low,Application Skills,Application Exercise,Application Exercise,4.784781935121017,69.3,0.2,0.6631707762077729,12.029018124046006,88.59336666942592,100.0,87.86317077620778,86.3724806784123,89.0
10528,adaptive,8,64.70429191766996,Medium,Critical Thinking,Critical Thinking Activity,Critical Thinking Activity,4.260687013315894,64.7,0.2,0.5513328995230767,10.039385310844144,68.9,73.2,65.46765904031668,66.45459367535383,65.61713259517363
10529,adaptive,8,77.33335443301652,Low,Critical Thinking,Critical Thinking Activity,Critical Thinking Activity,4.559415626531635,45.1,0.2,0.4112592895131535,7.4974526339207985,75.9,99.5,75.6,73.86651647723615,74.23093615668466
10530,adaptive,8,68.50699461982806,Low,Application Skills,Application Exercise,Application Exercise,3.1289109876187076,34.4,0.2,0.21526907594816708,3.917897182256641,100.0,81.9,72.01789718225662,85.2,74.1
10535,adaptive,8,69.48969863941466,Low,Application Skills,Application Exercise,Application Exercise,5.065204032533398,71.8,0.2,0.727363299071796,13.228370140803534,79.6,79.0864177886564,81.79088024666558,79.25107210548154,81.9
10543,adaptive,8,78.89925573796535,Low,Advanced Topics,Advanced Practice,Advanced Practice,5.067060743935462,70.7,0.2,0.7164823891924744,13.082036224010945,100.0,100.0,100.0,87.0,80.08203622401096
10544,adaptive,8,68.97863555343588,Low,Application Skills,Application Exercise,Application Exercise,2.8471969117804394,34.1,0.2,0.194178829383426,3.534054694778353,83.3,88.2,78.83405469477836,89.4,81.5
10549,adaptive,8,67.26126105843724,Medium,Advanced Topics,Advanced Practice,Advanced Practice,3.2078074385118422,31.7,0.2,0.20337499160165085,3.7067696777633374,69.5,71.8,66.4,63.4,61.70676967776333
10550,adaptive,8,55.543752566742846,Medium,Problem Solving,Practice Questions,Practice Questions,2.229695511199759,27.5,0.2,0.12263325311598677,2.234720644881712,65.0,55.82263325311599,74.9,63.6,57.71208739176573
10555,adaptive,8,85.73385278300442,Low,Application Skills,Application Exercise,Application Exercise,4.3906233917857955,44.8,0.2,0.3933998559040073,7.157083870908195,97.1,97.5,80.88735017638068,80.56973369452751,83.4
10560,adaptive,8,43.7781011851538,Medium,Advanced Topics,Advanced Practice,Advanced Practice,1.9460210384014245,21.7,0.2,0.08445731306662183,1.538641936990761,62.5,55.4,61.7,44.3,44.138641936990766
10571,adaptive,8,60.79346559748969,Medium,Advanced Topics,Critical Thinking Activity,Critical Thinking Activity,3.0831880093414696,37.1,0.2,0.22877255029313703,4.1645648221692895,66.1,59.0,71.8,56.917167743377014,58.84739707879227
10579,adaptive,8,61.22006721350509,Medium,Application Skills,Application Exercise,Application Exercise,3.0955184412059062,35.3,0.2,0.21854360194913697,3.981223009608253,76.8,99.1,57.445258353537334,68.3,57.63596465607092
10584,adaptive,8,71.7569497860577,Low,Problem Solving,Advanced Practice,Advanced Practice,3.6501941776903553,39.2,0.2,0.2861752235309239,5.210832501095786,72.8,73.22280026134526,100.0,92.4,73.48803223975052
10585,adaptive,8,81.2083817860821,Low,Advanced Topics,Critical Thinking Activity,Critical Thinking Activity,4.757290873896498,57.8,0.2,0.5499428250224351,10.025569707971815,96.8,84.2,91.9,78.56218447647437,76.26338523149744
10590,adaptive,8,86.12387576993798,Low,Problem Solving,Practice Questions,Practice Questions,3.9192834397090635,56.6,0.2,0.44366288537506604,8.074664513826201,100.0,91.77466451382621,100.0,90.2,100.0
10591,adaptive,8,69.27488673621754,Medium,Advanced Topics,Advanced Practice,Advanced Practice,5.834615677526257,83.4,0.2,0.9732138950113797,17.742293546198507,59.618427740544796,72.9,58.35925842095007,59.1,60.66460738470363
10596,adaptive,8,77.43305645413028,Low,Advanced Topics,Advanced Practice,Advanced Practice,5.415274021960981,75.7,0.2,0.8198724869248926,14.973218043114759,86.6,79.5,92.5,92.1,70.37321804311476
10600,adaptive,8,36.38011387211825,Medium,Advanced Topics,Advanced Practice,Advanced Practice,1.1559144318174317,17.0,0.2,0.03930109068179269,0.7158334452529408,39.8,45.1,36.8,41.9,33.815833445252935
10602,adaptive,8,37.11114343567932,Medium,Advanced Topics,Advanced Practice,Advanced Practice,0.5776147206328415,9.2,0.2,0.010628110859644282,0.193512612203097,53.6,57.2,55.9,57.1,47.293512612203095
10605,adaptive,8,74.63091012492933,Low,Problem Solving,Practice Questions,Practice Questions,3.8502630385542456,56.9,0.2,0.43815993378747314,7.970204533610402,100.0,78.8152961605624,80.380574975786,83.17433339726198,99.9
10614,adaptive,8,69.02058554757855,Low,Advanced Topics,Advanced Practice,Advanced Practice,2.8920055502078807,35.4,0.2,0.20475399295471797,3.7325326493919704,74.2,79.0,78.5,91.0,63.13253264939198
10618,adaptive,8,80.28558202296355,Low,Application Skills,Application Exercise,Application Exercise,2.638783398351885,42.3,0.2,0.22324107550056949,4.062987574110364,79.9,95.1,77.86298757411035,89.0,100.0
10622,adaptive,8,57.416138315210134,Medium,Critical Thinking,Critical Thinking Activity,Critical Thinking Activity,2.6938633458281425,39.4,0.2,0.21227643165125765,3.860005487261655,65.7,46.9,62.4,45.96000548726165,62.6
10627,adaptive,8,90.98657816684255,Low,Conceptual Understanding,Concept Review,Concept Review,4.564894095782291,54.3,0.2,0.0,0.0,100.0,100.0,100.0,98.3,100.0
10636,adaptive,8,55.06311982788609,Medium,Advanced Topics,Advanced Practice,Advanced Practice,4.221919735244045,51.0,0.2,0.4306358129948926,7.853730676251871,57.8,66.4,49.095231184944126,49.2,51.55849949130776
10637,adaptive,8,46.89587691522361,Medium,Critical Thinking,Critical Thinking Activity,Critical Thinking Activity,2.1203889618300313,23.8,0.2,0.10093051458310952,1.8359512198297108,62.0,50.8,63.5,48.735951219829715,47.1
10644,adaptive,8,85.4799034842682,Low,Critical Thinking,Critical Thinking Activity,Critical Thinking Activity,5.550620859007534,71.4,0.2,0.792628658666276,14.472829920850875,99.3,81.1,100.0,76.79262865866627,80.0802012621846
10645,adaptive,8,55.52245336131277,Medium,Problem Solving,Practice Questions,Practice Questions,1.2860898281446436,10.5,0.2,0.027007886391037513,0.49154353231688275,85.5,51.29154353231688,68.8,96.7,65.2
10650,adaptive,8,63.4251171350129,Medium,Advanced Topics,Advanced Practice,Advanced Practice,2.232126755867278,24.6,0.2,0.10982063638867011,2.00059602056715,76.0,71.8,75.8,55.72628535842473,55.07431066214242
10651,adaptive,8,77.59407598497162,Low,Problem Solving,Practice Questions,Practice Questions,3.434919804139411,44.5,0.2,0.3057078625684076,5.563883098745018,98.9,93.96388309874503,100.0,97.1,95.1
10653,adaptive,8,85.2737788780963,Low,Application Skills,Application Exercise,Application Exercise,5.375798342828022,75.4,0.2,0.0,10.444152293775181,100.0,98.02610308700288,100.0,99.99670597568185,98.82134323109044
10657,adaptive,8,76.89366226425106,Low,Conceptual Understanding,Concept Review,Concept Review,4.110111581133849,53.6,0.2,0.44060396149754866,8.007075130135666,87.44707493278887,98.4,100.0,89.4600001973468,90.7
10661,adaptive,8,50.06428846570594,Medium,Advanced Topics,Practice Questions,Practice Questions,2.528192410586512,26.3,0.2,0.13298292079685056,2.4219230934119125,53.8,47.744051290936284,52.6,58.4,45.57787180247561
10663,adaptive,8,90.52841628714974,Low,Critical Thinking,Critical Thinking Activity,Critical Thinking Activity,4.531717669594453,68.6,0.2,0.621751664268359,11.298420401119353,100.0,100.0,100.0,91.19842040111936,100.0
10669,adaptive,8,81.67947677321754,Low,Critical Thinking,Critical Thinking Activity,Critical Thinking Activity,4.622459654786995,58.3,0.2,0.5389787957481637,9.817566081604001,86.1,89.1,97.4,80.0560966852156,83.66146939638838
10671,adaptive,8,63.055946195043084,Medium,Conceptual Understanding,Concept Review,Concept Review,3.2500966733855483,49.0,0.2,0.31850947399178375,5.791526646464588,67.48456437805334,68.1,69.10696226841125,76.7,72.7
10678,adaptive,8,70.38191727236958,Low,Problem Solving,Critical Thinking Activity,Critical Thinking Activity,2.690930672882582,41.7,0.2,0.22442361811840736,4.081667142533078,86.9,80.66197527006267,82.0,83.71969187247039,88.4
10679,adaptive,8,45.2357875924281,Medium,Advanced Topics,Advanced Practice,Advanced Practice,1.9056005694982885,24.5,0.2,0.09337442790541614,1.7002135866557793,68.4,50.7,44.079037975081405,49.4,42.52117561157437
10680,adaptive,8,81.03777605195573,Low,Conceptual Understanding,Concept Review,Concept Review,4.851733113334097,58.8,0.2,0.5705638141280898,10.34934903143925,89.0812668971886,99.1,93.2,91.06808213425064,93.5
10688,adaptive,8,86.41381628345891,Low,Critical Thinking,Critical Thinking Activity,Critical Thinking Activity,5.209668354633694,70.0,0.2,0.7293535696487171,13.253335976694128,98.8,92.1,92.2,88.35333597669411,100.0
10690,adaptive,8,83.80158721852254,Low,Application Skills,Advanced Practice,Advanced Practice,4.794439079776032,65.6,0.2,0.6290304072666153,11.482606779602193,100.0,95.6,89.7,100.0,93.18260677960221
10693,adaptive,8,71.40798568972262,Low,Application Skills,Application Exercise,Application Exercise,4.793081373014867,65.6,0.2,0.6288522761395505,11.435522675602183,72.9,77.2,70.10629188815716,69.52923078744503,89.7
10698,adaptive,8,74.7452207250695,Low,Application Skills,Application Exercise,Application Exercise,3.533073301592667,49.8,0.2,0.35189410083862965,6.392284708279301,89.06024204202704,99.7,90.61460515744383,89.01743750880846,91.2
10714,adaptive,8,58.19742791871065,Medium,Conceptual Understanding,Concept Review,Concept Review,2.1434047492008137,22.3,0.2,0.0955958518143563,1.7371779187673715,56.13717791876738,66.9,54.2,76.0,61.2
10715,adaptive,8,51.36298062357875,Medium,Advanced Topics,Advanced Practice,Advanced Practice,3.003493875167101,39.2,0.2,0.23547391981310076,4.279284748059959,52.20898124676549,64.1,55.13482958148137,69.9,51.935473919813106
10717,adaptive,8,100.66062487003987,Low,Conceptual Understanding,Concept Review,Concept Review,6.511328880250151,100.0,0.2,0.0,0.0,100.0,100.0,100.0,100.0,100.0
10722,adaptive,8,67.25482067923284,Medium,Application Skills,Advanced Practice,Advanced Practice,4.639395688707051,70.6,0.2,0.6550826712454356,11.938827705725751,67.5,63.52069827574249,65.25334507193224,65.9,66.664784358051
10738,adaptive,8,85.18044535584008,Low,Application Skills,Concept Review,Concept Review,4.997796749167814,68.1,0.2,0.0,10.00345995844431,100.0,97.58911986757865,100.0,98.8117608277944,98.80257926307125
10741,adaptive,8,35.5308348109769,High,Advanced Topics,Advanced Practice,Advanced Practice,1.6511119948161022,9.3,0.2,0.03071068310357951,0.5591710168184576,58.6,37.4,42.7,56.4,29.259171016818453
10742,adaptive,8,68.14012411115537,Low,Critical Thinking,Critical Thinking Activity,Critical Thinking Activity,4.571762769787322,64.1,0.2,0.5860999870867347,10.684941177561653,73.7,83.2,68.9,63.79680214732257,64.98813903023908
10750,adaptive,8,95.29874627909558,Low,Conceptual Understanding,Concept Review,Concept Review,5.382268563969849,60.3,0.2,0.0,0.0,100.0,100.0,100.0,100.0,100.0
10754,adaptive,8,63.331302283621355,Medium,Application Skills,Application Exercise,Application Exercise,2.6259900764483315,38.5,0.2,0.20220123588652156,3.6800624931346926,77.6,96.6,62.7800624931347,80.4,77.8
10762,adaptive,8,36.570011911395184,Medium,Advanced Topics,Advanced Practice,Advanced Practice,2.056030629358637,32.2,0.2,0.13240837253069623,2.4133671127243703,35.8,40.3,53.4,54.5,14.21336711272437
10765,adaptive,8,53.04497856832268,Medium,Application Skills,Application Exercise,Application Exercise,2.8325998057124857,36.8,0.2,0.20847934570043894,3.794324091747989,64.8,70.8,58.59432409174799,59.7,65.2
10768,adaptive,8,53.81556723932745,Medium,Conceptual Understanding,Concept Review,Concept Review,4.39395135256696,57.7,0.2,0.5070619860862273,9.229502774275328,53.38694620449599,60.6,54.4,50.58462383644888,50.95793273333046
10788,adaptive,8,86.76401842055762,Low,Problem Solving,Practice Questions,Practice Questions,4.0695653159565035,58.3,0.2,0.4745113158405283,8.636105948297613,100.0,82.03610594829762,100.0,100.0,88.9
10801,adaptive,8,76.3038790814247,Low,Conceptual Understanding,Concept Review,Concept Review,3.807400898596869,46.0,0.2,0.35028088267091195,6.368832718577366,83.36928886554107,79.72647197544478,80.97307187759154,84.7,88.3
10803,adaptive,8,99.48594853429978,Low,Conceptual Understanding,Concept Review,Concept Review,5.370773753310041,73.3,0.2,0.0,0.0,100.0,100.0,100.0,100.0,100.0
10811,adaptive,8,73.28311093665305,Low,Advanced Topics,Advanced Practice,Advanced Practice,3.866775783099952,45.3,0.2,0.35032988594885567,6.381790703930085,75.9,70.16433312488122,76.2,72.6,70.11745757904886
10812,adaptive,8,68.32930640481962,Low,Advanced Topics,Advanced Practice,Advanced Practice,4.524210448735475,54.2,0.2,0.4904244126429255,8.947779658735552,82.1,73.8,75.3,73.5,67.34777965873555
10817,adaptive,8,88.27462959723341,Low,Application Skills,Concept Review,Concept Review,3.6320838343235726,47.7,0.2,0.0,0.0,100.0,100.0,95.8,100.0,94.1
10821,adaptive,8,79.80145192420511,Low,Conceptual Understanding,Concept Review,Concept Review,4.209687114326875,59.4,0.2,0.5001108291820328,9.075435480058681,76.65414265189624,89.5,81.4,69.62129282816245,86.1
10823,adaptive,8,41.805040631316345,Medium,Problem Solving,Guided Review,Practice Questions,2.1343778206605695,20.3,0.2,0.08665573951881914,1.5774951992394932,44.9,29.839144241100712,32.6,35.2,28.038350958138782
10824,adaptive,8,40.75195044210294,Medium,Problem Solving,Practice Questions,Practice Questions,1.6408532280664132,16.5,0.2,0.05414815652619164,0.9854964487766879,54.3,42.885496448776685,58.2,51.7,40.8
10827,adaptive,8,81.33350898781416,Low,Advanced Topics,Advanced Practice,Advanced Practice,5.382779778237026,59.9,0.2,0.6448570174327957,11.76845490512251,86.9,93.7,88.6,97.5,80.26845490512251
10830,adaptive,8,81.8773154651519,Low,Advanced Topics,Advanced Practice,Advanced Practice,4.366833665002386,59.6,0.2,0.5205265728682845,9.499330200941461,95.8,96.1,100.0,91.0,89.59933020094144
10838,adaptive,8,64.78393108226273,Medium,Conceptual Understanding,Concept Review,Concept Review,3.191644901053073,42.8,0.2,0.27320480353014304,4.957717728290212,67.85771772829021,74.3,79.3,75.5,74.8
10846,adaptive,8,66.69387133704817,Medium,Problem Solving,Practice Questions,Practice Questions,3.5601555517302863,53.0,0.2,0.3773764884834104,6.863558841022426,77.21095914184491,73.66554006671002,94.8,73.90951988839414,75.87753974407335
10850,adaptive,8,48.82364345312329,Medium,Advanced Topics,Concept Review,Concept Review,2.351131153384116,23.9,0.2,0.11238406913176076,2.0441892580046472,46.73834825773865,48.6,51.4,83.0,48.205841000266005
10860,adaptive,8,98.23811385268056,Low,Conceptual Understanding,Concept Review,Concept Review,6.034688430708864,80.9,0.2,0.0,0.0,100.0,100.0,100.0,100.0,100.0
10866,adaptive,8,104.12216413782772,Low,Conceptual Understanding,Concept Review,Concept Review,6.1325647464936806,83.9,0.2,0.0,0.0,100.0,100.0,100.0,100.0,100.0
10867,adaptive,8,81.51118936277034,Low,Application Skills,Application Exercise,Application Exercise,5.298765369797439,72.7,0.2,0.7704404847685478,13.987140427557025,92.05687067823851,96.8,92.96935119203167,91.66091855728683,92.0
10868,adaptive,8,90.35418511371853,Low,Critical Thinking,Critical Thinking Activity,Critical Thinking Activity,5.959629549039241,91.4,0.2,1.0894202815643734,19.821337256618364,100.0,95.89590577430202,97.65810374721913,97.56732773509721,99.5
10880,adaptive,8,63.649576871800924,Medium,Advanced Topics,Advanced Practice,Advanced Practice,4.230211141279445,51.4,0.2,0.434865705323527,7.933100346409778,77.3,72.3,70.1,70.2,64.53310034640978
10884,adaptive,8,96.80298636017697,Low,Conceptual Understanding,Concept Review,Concept Review,5.385335560825377,71.0,0.2,0.0,3.820409505945091,100.0,100.0,100.0,98.12040950594509,100.0
10885,adaptive,8,56.4204060685447,Medium,Advanced Topics,Advanced Practice,Advanced Practice,3.3409353225711387,31.8,0.2,0.21248348651552443,3.864431569893703,70.5,73.2,62.8,58.75194808337818,61.312483486515525
10893,adaptive,8,63.04518445680013,Medium,Problem Solving,Practice Questions,Practice Questions,3.7790393653222303,45.1,0.2,0.3408693507520652,6.203822183687587,65.5,55.50382218368758,75.6,59.0,71.6
10894,adaptive,8,46.456455076893704,Medium,Advanced Topics,Advanced Practice,Advanced Practice,1.9241880888797942,13.6,0.2,0.052337916017530406,0.9531397817580605,54.0,61.0,70.5,46.1,40.153139781758064
10900,adaptive,8,100.67709792724179,Low,Conceptual Understanding,Concept Review,Concept Review,6.492620087005345,87.9,0.2,0.0,5.7011403586457,100.0,100.0,100.0,95.4011403586457,100.0
10902,adaptive,8,85.49667163894408,Low,Critical Thinking,Critical Thinking Activity,Critical Thinking Activity,4.956057480437085,61.0,0.2,0.6046390126133244,10.997975097251139,93.2,100.0,90.79799789800317,89.29997719924796,98.1
10903,adaptive,8,44.6787170938658,Medium,Advanced Topics,Advanced Practice,Advanced Practice,1.5704786067174576,28.4,0.2,0.0892031848615516,1.6255979788171617,61.9,57.2,55.9,59.0,41.22559797881717
10915,adaptive,8,74.24989459551394,Low,Advanced Topics,Advanced Practice,Advanced Practice,3.8128502508825663,36.2,0.2,0.27605035816389784,5.0324025597854725,83.2,80.8,90.5,93.6,70.63240255978546
10918,adaptive,8,38.21669186960325,High,Application Skills,Application Exercise,Application Exercise,1.8917151855780479,24.4,0.2,0.09231570105620873,1.6801457592229991,53.8,58.4,27.480145759223,39.0,30.7
10925,adaptive,8,73.9993474744635,Low,Application Skills,Application Exercise,Application Exercise,2.717052478843144,41.6,0.2,0.22605876623974963,4.114269545563443,81.1,94.4,83.91426954556343,91.4,95.3
10937,adaptive,8,74.35614959237235,Low,Advanced Topics,Application Exercise,Application Exercise,4.925839838770624,64.4,0.2,0.6344481712336565,11.555704906715796,73.1,75.2,75.68281626933351,83.1,76.07288863738229
10939,adaptive,8,101.57599107909621,Low,Conceptual Understanding,Concept Review,Concept Review,5.80795881648581,76.5,0.2,0.0,0.0,100.0,100.0,100.0,100.0,100.0
10942,adaptive,8,56.03670033761081,Medium,Advanced Topics,Advanced Practice,Advanced Practice,3.5262898798557085,42.5,0.2,0.29973463978773524,5.465735660085781,77.8,70.9,71.7,78.1,58.565735660085785
10943,adaptive,8,57.6990266375625,Medium,Application Skills,Application Exercise,Application Exercise,2.623517398093341,39.1,0.2,0.20515906053089927,3.7338949016623664,68.8,55.8,55.533894901662364,61.1,63.0
10948,adaptive,8,49.83510248124112,Medium,Advanced Topics,Advanced Practice,Advanced Practice,2.6684727665008374,35.2,0.2,0.18786048276165898,3.4245437081991135,52.8,52.5,54.6,68.5,32.32454370819911
10949,adaptive,8,92.05120895210861,Low,Conceptual Understanding,Concept Review,Concept Review,4.712820022042393,63.9,0.2,0.0,0.7000000000000028,100.0,100.0,100.0,100.0,100.0
10960,adaptive,8,68.04935608517992,Low,Conceptual Understanding,Concept Review,Concept Review,3.2531643426986214,45.7,0.2,0.297339220922654,5.394598951023887,72.99459895102387,80.7,85.7,87.2,95.3
10974,adaptive,8,72.18668813849112,Low,Advanced Topics,Advanced Practice,Advanced Practice,4.325232663908622,51.0,0.2,0.44117373171867946,8.048028739742563,100.0,90.3,79.1,83.9,76.14802873974256
10975,adaptive,8,59.34155686287257,Medium,Application Skills,Application Exercise,Application Exercise,3.7804135826095426,45.6,0.2,0.3447737187339903,6.2763545423253495,82.0,66.3,60.279766289585226,64.5,61.79658825274012
10978,adaptive,8,65.48382489886313,Medium,Advanced Topics,Advanced Practice,Advanced Practice,3.8584698853707584,54.5,0.2,0.4205732175054127,7.673451465347463,82.2,69.0,72.5,70.3,63.773451465347456
10979,adaptive,8,44.64119108594019,Medium,Advanced Topics,Advanced Practice,Advanced Practice,2.505458665036904,29.0,0.2,0.14531660257214044,2.6482555524771145,49.6,50.8,40.4,37.0,31.348255552477116
10986,adaptive,8,74.9894956664134,Low,Problem Solving,Practice Questions,Practice Questions,3.4775910617235612,28.3,0.2,0.1968316540935536,3.582336104502675,100.0,78.08233610450267,89.2,77.6,80.0
10987,adaptive,8,93.5620377521369,Low,Conceptual Understanding,Concept Review,Concept Review,6.133379199193349,79.6,0.2,0.0,16.76679311574872,100.0,98.5179031017498,100.0,99.04889001399891,97.4
10990,adaptive,8,56.33960212706312,Medium,Advanced Topics,Advanced Practice,Advanced Practice,3.2858608144366177,46.4,0.2,0.3049278835797181,5.558640937899076,60.1,49.7623197089493,58.1,59.4,51.69632122894978
10996,adaptive,8,78.8341983053754,Low,Conceptual Understanding,Concept Review,Concept Review,4.118573265283299,53.8,0.2,0.4431584833444829,8.049242750714017,91.26490338373692,94.2,90.7,92.3,88.8843393669771
10999,adaptive,8,88.90913588272348,Low,Critical Thinking,Critical Thinking Activity,Critical Thinking Activity,5.558904473345284,81.0,0.2,0.9005425246819361,16.360020798649238,100.0,100.0,95.3,91.96002079864925,97.6
10011,adaptive,9,53.41342846924586,Medium,Advanced Topics,Advanced Practice,Advanced Practice,2.187491704103277,30.0,0.18,0.11812455202157696,2.510469469922381,56.2,55.5,63.5,59.4,39.91046946992238
10024,adaptive,9,98.38600501553194,Low,Conceptual Understanding,Concept Review,Concept Review,6.5539225628509135,86.8,0.18,0.0,9.784744229433901,100.0,100.0,97.9847442294339,94.6,100.0
10026,adaptive,9,90.59240564433662,Low,Problem Solving,Practice Questions,Practice Questions,5.554032118678773,76.4,0.18,0.7637904969607048,16.15938453581859,93.90989752924001,89.2085507993342,100.0,90.24093620724436,100.0
10031,adaptive,9,78.74509326967163,Low,Critical Thinking,Critical Thinking Activity,Critical Thinking Activity,3.217304189973585,22.4,0.18,0.12972170493973492,2.7515224178029265,95.7,100.0,93.6,84.25152241780295,96.2
10040,adaptive,9,82.50353203954602,Low,Critical Thinking,Critical Thinking Activity,Critical Thinking Activity,4.155648910622372,59.2,0.18,0.44282594791592006,9.384584172030449,95.6,100.0,77.4,73.98458417203045,93.8
10045,adaptive,9,90.50859967926456,Low,Conceptual Understanding,Concept Review,Concept Review,5.13597844041902,65.0,0.18,0.6009094775290253,12.692849573330037,94.09284957333003,100.0,99.8,100.0,92.2
10055,adaptive,9,64.89957178866057,Medium,Advanced Topics,Advanced Practice,Advanced Practice,4.224265568111268,68.6,0.18,0.5216123123503793,11.106217572982477,72.1,58.6,57.6,57.4,49.806217572982476
10056,adaptive,9,96.49297271055661,Low,Conceptual Understanding,Concept Review,Concept Review,5.767919157307695,71.9,0.18,0.0,0.0,100.0,100.0,96.1,98.2,100.0
10060,adaptive,9,88.73226851140974,Low,Problem Solving,Practice Questions,Practice Questions,5.145514191431419,69.3,0.18,0.6418514402391551,13.61585353447012,89.77802507504445,87.0682785680675,99.7,87.43050799279706,89.2390418985611
10061,adaptive,9,52.64415981218608,Medium,Advanced Topics,Advanced Practice,Advanced Practice,3.0126119558115985,36.9,0.18,0.20009768610500636,4.254028680562304,56.1,42.0,48.8,62.1,37.6540286805623
10064,adaptive,9,92.94766098410534,Low,Conceptual Understanding,Concept Review,Concept Review,5.5813806830375245,75.3,0.18,0.0,7.224191099925164,100.0,96.80011110460765,100.0,97.42407999531751,100.0
10067,adaptive,9,83.40309210532371,Low,Critical Thinking,Critical Thinking Activity,Critical Thinking Activity,5.365333414752847,75.9,0.18,0.733011851123534,15.545115430743826,100.0,93.48176742998217,97.3,94.16334800076164,94.9
10068,adaptive,9,56.28347553391239,Medium,Critical Thinking,Critical Thinking Activity,Critical Thinking Activity,3.1690369792549213,45.0,0.18,0.25669199531964865,5.441771493810626,59.4,53.7,68.2,48.34177149381062,63.9
10071,adaptive,9,84.40835319509537,Low,Conceptual Understanding,Concept Review,Concept Review,4.671752652767045,56.0,0.18,0.4709126673989182,9.970782289276784,80.95243519249276,92.0,90.1,81.61834709678402,89.8
10073,adaptive,9,79.48958435405208,Low,Problem Solving,Practice Questions,Practice Questions,4.049823429451066,57.7,0.18,0.4206146613827877,8.93837011317151,95.0,90.03319115269915,92.1,96.6,89.00517896047236
10077,adaptive,9,68.05517672191672,Medium,Advanced Topics,Advanced Practice,Advanced Practice,3.392739496494128,45.0,0.18,0.2748118992160244,5.84470323568213,77.4,71.9,67.3,71.5,65.44470323568213
10079,adaptive,9,52.90393789995591,Medium,Critical Thinking,Critical Thinking Activity,Critical Thinking Activity,3.411126924536405,33.4,0.18,0.20507695070312867,4.348746764665996,65.5,60.3,61.1,51.648746764665994,54.3
10087,adaptive,9,66.57113769280254,Medium,Problem Solving,Practice Questions,Practice Questions,3.66276761403065,48.7,0.18,0.3210782090459268,6.813993103085781,62.0,54.213993103085784,76.5,66.2,56.2
10089,adaptive,9,80.7045216565468,Low,Conceptual Understanding,Advanced Practice,Advanced Practice,3.366889370071275,36.0,0.18,0.2181744311806186,4.636243372214916,84.34235354957586,98.0,94.7,92.9,81.69388982263905
10097,adaptive,9,81.06951524427214,Low,Application Skills,Application Exercise,Application Exercise,5.8063872213815015,77.2,0.18,0.8068555682831734,17.101058644545265,86.13499033920446,92.2,87.23437241361128,87.7,85.83169589172952
10102,adaptive,9,55.58148374262912,Medium,Advanced Topics,Advanced Practice,Advanced Practice,4.082943230278509,53.9,0.18,0.396127152201621,8.428432706068932,63.5,55.6,61.4,60.0,49.32843270606893
10108,adaptive,9,80.29643474608952,Low,Conceptual Understanding,Concept Review,Concept Review,4.5891045215748445,58.0,0.18,0.4791025120524137,10.151761739016834,89.49724123849104,92.9,88.23233612450268,91.2221843760231,93.4
10111,adaptive,9,67.86896443789449,Low,Advanced Topics,Advanced Practice,Advanced Practice,3.0392658712674865,31.4,0.18,0.17177930704403832,3.645955103770855,92.2,82.6,83.5,66.09543197799862,67.35052312577223
10121,adaptive,9,100.72704168122517,Low,Conceptual Understanding,Concept Review,Concept Review,6.563404781438525,88.9,0.18,0.0,0.0,100.0,100.0,100.0,100.0,100.0
10137,adaptive,9,60.057653709299316,Medium,Advanced Topics,Advanced Practice,Advanced Practice,2.7345878676060296,31.9,0.18,0.15702003535793824,3.3374085440846537,74.3,65.1,84.3,62.8,55.737408544084644
10138,adaptive,9,58.88126315088059,Medium,Advanced Topics,Advanced Practice,Advanced Practice,3.417414846179591,35.3,0.18,0.21714253932625116,4.616044250752154,75.4,49.5,56.3,48.6,48.41604425075216
10140,adaptive,9,62.25034033995896,Medium,Advanced Topics,Advanced Practice,Advanced Practice,3.6567242610892547,41.0,0.18,0.26986625046838697,5.738418920648491,70.5,70.0,81.7,67.3,61.338418920648486
10159,adaptive,9,56.60867266129647,Medium,Advanced Topics,Advanced Practice,Advanced Practice,2.901357670102675,43.0,0.18,0.22456508366594702,4.775595486106416,63.9,58.2,63.6,65.4,56.67559548610642
10169,adaptive,9,76.23997195402394,Low,Conceptual Understanding,Concept Review,Concept Review,3.200185585988467,46.5,0.18,0.2678555335472347,5.676915754352214,84.10994707062757,87.0,90.0,86.36696868372464,93.1
10175,adaptive,9,72.81067780372398,Low,Advanced Topics,Advanced Practice,Advanced Practice,4.328618133093209,42.6,0.18,0.3319184384455872,7.0515803081704185,100.0,90.7,70.0534964598232,77.0,68.09808384834723
10185,adaptive,9,86.19322649293156,Low,Problem Solving,Practice Questions,Practice Questions,4.3923181853597395,57.3,0.18,0.4530236976380035,9.63086307211811,100.0,95.09781920676619,96.2,100.0,96.33304386535193
10199,adaptive,9,70.7499285178968,Low,Conceptual Understanding,Concept Review,Concept Review,3.5810721711068054,48.7,0.18,0.3139167865192226,6.6622677218296396,66.95315247231035,80.2,77.4,81.0,67.60911524951926
10200,adaptive,9,57.196816297089256,Medium,Advanced Topics,Advanced Practice,Advanced Practice,3.1823668677152206,47.6,0.18,0.2726651932258401,5.799769787707033,64.5,63.0,90.8,69.1,48.29976978770704
10209,adaptive,9,59.538960978287136,Medium,Problem Solving,Practice Questions,Practice Questions,3.53103275461539,50.1,0.18,0.31842853381121583,6.757005066685529,72.8,56.60323712531881,64.9,57.25376794136672,65.5
10210,adaptive,9,41.736294897639766,Medium,Problem Solving,Practice Questions,Practice Questions,2.7927041323359623,39.1,0.18,0.196550516833805,4.1712387461396405,61.6,28.77123874613964,48.6,58.3,33.6
10211,adaptive,9,66.78110301880224,Medium,Advanced Topics,Advanced Practice,Advanced Practice,3.6486693129623067,61.4,0.18,0.4032509324685941,8.583091949847901,82.9,72.0,74.5,67.5,63.3830919498479
10214,adaptive,9,67.43221652634269,Low,Problem Solving,Practice Questions,Practice Questions,4.501875884881864,66.2,0.18,0.5364435304425229,11.382391890273043,73.8,74.32179281503986,84.2,75.31378286403896,73.14681621119422
10216,adaptive,9,62.36216902888203,Medium,Problem Solving,Practice Questions,Practice Questions,3.6064525321586967,58.9,0.18,0.38235609745946497,8.096969033380297,77.79754075880335,75.81591233586147,79.9,78.58351593871548,79.3
10219,adaptive,9,87.40870910266128,Low,Conceptual Understanding,Concept Review,Concept Review,3.0797397158851596,44.1,0.18,0.24446973864696395,5.182101926568663,90.16892781860835,93.1,86.71317410796034,100.0,99.1
10222,adaptive,9,69.80128880308591,Low,Critical Thinking,Critical Thinking Activity,Critical Thinking Activity,4.493645786037625,59.4,0.18,0.48046060744314284,10.188871657637215,83.3,70.8424638316997,77.5,70.44640782593754,72.2
10236,adaptive,9,50.77143119863192,Medium,Application Skills,Application Exercise,Application Exercise,2.703005033342923,32.4,0.18,0.15763925354455927,3.345455269667869,79.4,47.936078628717354,45.90937664095052,59.7,48.4
10238,adaptive,9,58.386172131256835,Medium,Critical Thinking,Concept Review,Concept Review,2.4732176464856828,21.8,0.18,0.09704906044809818,2.058533384427411,51.7970490604481,60.5,67.2,55.161484323979316,72.0
10245,adaptive,9,66.02532695248642,Medium,Critical Thinking,Critical Thinking Activity,Critical Thinking Activity,3.2567653243313845,38.6,0.18,0.2262800547345446,4.797777068229104,93.4,69.4,69.4,66.99777706822911,88.1
10248,adaptive,9,50.20723210074787,Medium,Problem Solving,Practice Questions,Practice Questions,1.0213799780987074,10.6,0.18,0.019487929982123335,0.41357718073172856,85.5,45.51357718073173,71.2,61.4,59.9
10255,adaptive,9,57.92257864872869,Medium,Application Skills,Application Exercise,Application Exercise,1.6573524916554168,29.0,0.18,0.08651380006441274,1.8360150902558705,88.7,100.0,62.43601509025587,80.3,71.7
10257,adaptive,9,61.63814247045279,Medium,Advanced Topics,Advanced Practice,Advanced Practice,3.926358078353931,40.3,0.18,0.2848180150037941,6.045272415153151,60.64891735985583,64.45335949778348,73.1,63.2,65.04299555751385
10260,adaptive,9,68.02967414208251,Medium,Advanced Topics,Advanced Practice,Advanced Practice,5.131746750116987,69.4,0.18,0.641057804024614,13.6125643594083,71.29972456671783,67.69223653854675,79.7,72.7,70.62060325414372
10261,adaptive,9,52.57376020267621,Medium,Problem Solving,Practice Questions,Practice Questions,2.5008495837975975,34.3,0.18,0.15440245330366364,3.279346610477856,58.4,51.84783621900841,65.5,59.8,49.03151039146944
10262,adaptive,9,74.79808084468216,Low,Advanced Topics,Advanced Practice,Advanced Practice,5.118183837385452,61.7,0.18,0.5684254969800283,12.07375895357073,93.8,82.0,77.2,76.67336484015775,76.90039411341299
10266,adaptive,9,73.37661111263493,Low,Advanced Topics,Advanced Practice,Advanced Practice,4.302140747539934,58.4,0.18,0.45224103538139776,9.624449060970488,90.8,81.3,88.4,88.4,71.42444906097047
10276,adaptive,9,86.17567286299652,Low,Application Skills,Application Exercise,Application Exercise,5.917912921170058,78.7,0.18,0.8383315444129504,17.81262534956324,100.0,100.0,87.31628656709454,92.0,85.89633878246873
10278,adaptive,9,52.78418546099757,Medium,Advanced Topics,Advanced Practice,Advanced Practice,2.8626366379336643,32.3,0.18,0.1664336941294632,3.5375605198969047,63.4,66.3,47.3,45.6,30.537560519896907
10281,adaptive,9,57.57505866434337,Medium,Advanced Topics,Concept Review,Concept Review,3.5252650063197093,44.8,0.18,0.2842773701096213,6.033979077499182,56.44171057128022,58.3,67.8,61.4,53.79226850621897
10282,adaptive,9,61.0838849454392,Medium,Problem Solving,Practice Questions,Practice Questions,3.92019239028455,48.4,0.18,0.34152716104159,7.247965306549299,69.2,54.647965306549295,78.0,63.3,62.4
10290,adaptive,9,64.155813253706,Medium,Advanced Topics,Advanced Practice,Advanced Practice,3.218005866301344,35.7,0.18,0.2067890569685244,4.396032835483946,77.2,64.7,90.0,75.1,60.39603283548395
10293,adaptive,9,69.3585141364698,Low,Advanced Topics,Advanced Practice,Advanced Practice,3.748757664762954,60.9,0.18,0.410938815211315,8.746516840527136,79.0,80.4,85.2,66.1,63.24651684052713
10295,adaptive,9,79.25124177357901,Low,Application Skills,Advanced Practice,Advanced Practice,4.081888658637468,53.5,0.18,0.3930858778267882,8.346598421967855,100.0,92.6,86.53566675862862,85.6670740214377,87.04385764190154
10297,adaptive,9,72.62514582283264,Low,Advanced Topics,Advanced Practice,Advanced Practice,4.433737457399182,63.2,0.18,0.504381973153731,10.736566729968828,100.0,80.1,81.0,76.3,62.33656672996883
10299,adaptive,9,66.76615612561031,Medium,Application Skills,Application Exercise,Application Exercise,3.0360928018976185,40.7,0.18,0.22242415866701953,4.72735033757127,76.6,80.7,72.1013399509039,92.0,73.82601038666736
10300,adaptive,9,108.21953494925461,Low,Conceptual Understanding,Concept Review,Concept Review,6.783315480765699,99.0,0.18,0.0,6.70770024242278,100.0,100.0,100.0,96.00770024242277,100.0
10308,adaptive,9,63.71690844851145,Low,Critical Thinking,Critical Thinking Activity,Critical Thinking Activity,3.030361346637722,37.2,0.18,0.2029129957708619,4.30247196902289,100.0,67.3,73.5,68.00247196902289,78.3
10310,adaptive,9,75.84729513939071,Low,Critical Thinking,Critical Thinking Activity,Critical Thinking Activity,4.293588375019559,53.4,0.18,0.41269971460688004,8.73368025870871,76.43321113602259,98.5,87.5,76.80046912268612,87.8
10311,adaptive,9,72.70056207345364,Low,Conceptual Understanding,Concept Review,Concept Review,3.8377004848041474,46.2,0.18,0.3191431723163129,6.761676735491937,79.9456205776993,89.4,81.31605615779263,83.6,81.3
10313,adaptive,9,70.79014385156796,Low,Application Skills,Application Exercise,Application Exercise,5.329348187945934,73.8,0.18,0.7079506132867378,15.015759484527557,78.08609630801146,80.4,79.50273534567262,83.0,77.52692783084349
10315,adaptive,9,42.99275087907159,Medium,Advanced Topics,Advanced Practice,Advanced Practice,1.2030742456378682,12.6,0.18,0.02728572389106685,0.5794131056431022,57.4,43.6,49.2,48.3,30.179413105643103
10319,adaptive,9,66.92802287572304,Low,Application Skills,Application Exercise,Application Exercise,2.7404993901023795,44.8,0.18,0.22099387081785588,4.689981036245609,79.6,74.8,75.18998103624561,80.1,82.1
10320,adaptive,9,92.33818009267809,Low,Application Skills,Application Exercise,Application Exercise,5.492377237501431,85.6,0.18,0.0,5.799999999999995,100.0,100.0,100.0,100.0,100.0
10322,adaptive,9,85.73278653141419,Low,Application Skills,Application Exercise,Application Exercise,4.777003523377642,62.0,0.18,0.5331135932089449,11.313855144767608,97.4,91.28107116174525,91.43278398302235,96.3,93.1
10328,adaptive,9,60.73736055782937,Medium,Advanced Topics,Advanced Practice,Advanced Practice,2.5340449713030795,25.7,0.18,0.11722492037248046,2.4908366950876033,78.5,82.9,59.7,62.6,60.2908366950876
10329,adaptive,9,70.33064332486678,Low,Application Skills,Application Exercise,Application Exercise,3.647671759154533,46.2,0.18,0.30334038349129094,6.437557027426286,88.6,66.8,58.23755702742628,86.8,73.6
10333,adaptive,9,75.78439705685656,Low,Advanced Topics,Critical Thinking Activity,Critical Thinking Activity,4.514031965460731,56.0,0.18,0.4550144221184417,9.664059922018057,96.2,78.3,89.0,77.78503453440123,78.37902538761684
10347,adaptive,9,70.73724066543505,Low,Advanced Topics,Advanced Practice,Advanced Practice,4.064638504628308,53.3,0.18,0.38996141813403973,8.297005168788601,83.8,80.5,90.4,76.5,78.6970051687886
10352,adaptive,9,30.342626105985822,High,Advanced Topics,Guided Review,Advanced Practice,1.5528555712502534,17.1,0.18,0.0477968944830828,1.0151871232892922,26.4,36.9,32.6,31.6,28.615187123289292
10356,adaptive,9,75.34154447058454,Low,Advanced Topics,Concept Review,Concept Review,4.134407841455021,47.7,0.18,0.35498025726732807,7.529182914089879,81.69332250576335,83.5,82.2,81.3,81.23586040832654
10362,adaptive,9,68.75597060769263,Low,Problem Solving,Practice Questions,Practice Questions,2.4812221607546485,22.1,0.18,0.09870301755481992,2.0946973725522895,88.1,59.994697372552295,77.9,100.0,70.5
10364,adaptive,9,53.7963605798709,Medium,Advanced Topics,Advanced Practice,Advanced Practice,3.3742032558213038,30.7,0.18,0.18645847191668521,3.9628848663478915,67.1,47.4,61.6,45.3,46.46288486634789
10366,adaptive,9,74.53883762467194,Low,Conceptual Understanding,Concept Review,Concept Review,5.301001899114945,73.0,0.18,0.6965516495437037,14.711904018887871,84.8379577416171,84.4,84.47394627727078,82.0,90.8
10371,adaptive,9,74.5284678338342,Low,Critical Thinking,Critical Thinking Activity,Critical Thinking Activity,3.6377178637177887,51.4,0.18,0.3365616567511698,7.160194155469608,89.8,79.0,87.5,72.33656165675117,71.92363249871843
10372,adaptive,9,51.6774414631886,Medium,Problem Solving,Practice Questions,Practice Questions,1.9360303243190669,11.9,0.18,0.04146976954691441,0.8800806648289614,47.3,36.88008066482897,57.0,55.6,39.8
10378,adaptive,9,96.56814963714817,Low,Critical Thinking,Critical Thinking Activity,Critical Thinking Activity,4.533848469338661,60.9,0.18,0.497000469208904,10.532253281732247,100.0,100.0,99.6,93.23225328173224,100.0
10383,adaptive,9,85.15054887980847,Low,Conceptual Understanding,Concept Review,Concept Review,5.970471284445323,75.3,0.18,0.809237677893719,17.19176235227299,99.10923767789372,93.4989405056171,100.0,94.51226124926862,96.87132291949355
10409,adaptive,9,71.66104255379695,Low,Advanced Topics,Critical Thinking Activity,Critical Thinking Activity,2.642147777905883,31.1,0.18,0.14790743260717132,3.141028350526947,94.6,89.5,100.0,74.51085710048041,74.63017125004654
10412,adaptive,9,50.223661873278736,Medium,Advanced Topics,Advanced Practice,Advanced Practice,2.732419230295729,35.3,0.18,0.1736179178929906,3.6886580116404297,70.8,57.239380745390186,67.3,80.4,57.94927726625025
10426,adaptive,9,51.53677972064078,Medium,Advanced Topics,Advanced Practice,Advanced Practice,2.0968862142982077,25.8,0.18,0.09737939579200876,2.0691618600448374,61.1,80.9,80.4,59.1,51.369161860044834
10430,adaptive,9,63.48991217329743,Medium,Critical Thinking,Critical Thinking Activity,Critical Thinking Activity,3.9654479452058498,54.7,0.18,0.390438004684968,8.27523475365002,71.3,71.5,67.4,63.475234753650014,67.9
10433,adaptive,9,81.7194487856757,Low,Application Skills,Application Exercise,Application Exercise,5.798854582983072,83.9,0.18,0.8757430191221036,18.556594741700536,83.2,90.6,75.05068526538923,78.2059094763113,98.5
10437,adaptive,9,68.26728775246197,Low,Application Skills,Application Exercise,Application Exercise,3.5972101674442074,39.3,0.18,0.25446664724500323,5.400347735977292,92.8,75.8,69.1003477359773,92.0,71.3
10440,adaptive,9,93.18113220834783,Low,Conceptual Understanding,Concept Review,Concept Review,6.0086880267339176,79.5,0.18,0.0,14.033938569206054,100.0,97.4594902535712,99.1286102340011,98.14583808163374,97.4
10446,adaptive,9,71.37746196712257,Low,Advanced Topics,Practice Questions,Practice Questions,4.023432149132923,44.4,0.18,0.3215526973587032,6.8290282917781076,84.9,80.07388950366013,88.1,89.2,77.25513878811797
10452,adaptive,9,80.68964604231952,Low,Conceptual Understanding,Concept Review,Concept Review,5.371806192960433,64.1,0.18,0.6197989985437746,13.114128833191153,74.3627143128675,100.0,73.58866555393753,75.26274896638614,80.0
10463,adaptive,9,61.91346775249641,Medium,Advanced Topics,Advanced Practice,Advanced Practice,4.013633342588909,49.5,0.18,0.35761473082467177,7.598162425441096,64.9,68.9,57.360783878942165,69.0,60.237378546498924
10480,adaptive,9,98.80390566931081,Low,Conceptual Understanding,Concept Review,Concept Review,5.805397495363804,87.1,0.18,0.0,0.0,100.0,100.0,98.3,100.0,100.0
10487,adaptive,9,49.02785802219558,Medium,Problem Solving,Practice Questions,Practice Questions,3.06779054374536,42.2,0.18,0.23302936970289756,4.9454010681392715,52.8,35.145401068139265,40.6,39.9,45.5
10494,adaptive,9,63.07395251817135,Medium,Advanced Topics,Advanced Practice,Advanced Practice,4.216203595783693,46.9,0.18,0.3559319075560593,7.567144318432904,80.9,63.22951414422123,69.7,75.5,64.83763017421168
10495,adaptive,9,29.461302326040354,High,Advanced Topics,Advanced Practice,Advanced Practice,1.3846675368498294,19.1,0.18,0.04760486991689713,1.0112054488567237,40.0,33.5,39.1,17.6,10.411205448856725
10500,adaptive,9,78.46464479837661,Low,Advanced Topics,Advanced Practice,Advanced Practice,3.9978660317824755,44.4,0.18,0.3195094532600554,6.795136015267765,97.8,98.0,98.5,84.3,85.49513601526776
10514,adaptive,9,44.26089903354776,Medium,Advanced Topics,Advanced Practice,Advanced Practice,2.9515232422295297,25.1,0.18,0.13334982008393015,2.8303497679768426,56.4,59.1,49.30780868374768,49.31853576355817,50.504005320671
10522,adaptive,9,46.06387425247432,Medium,Problem Solving,Practice Questions,Practice Questions,0.7791724716905271,0.0,0.18,0.0,0.0,45.4,44.0,55.0,44.8,45.7
10523,adaptive,9,73.7559464060346,Low,Application Skills,Application Exercise,Application Exercise,3.8990945266919765,42.0,0.18,0.2947715462179134,6.255707258624607,95.0,94.6,79.7557072586246,100.0,87.9
10527,adaptive,9,86.11467966266203,Low,Conceptual Understanding,Concept Review,Concept Review,4.784781935121017,69.3,0.18,0.5968536985869956,12.625871822633002,89.19022036801292,100.0,87.86317077620778,86.3724806784123,89.0
10528,adaptive,9,64.69013926680562,Medium,Critical Thinking,Critical Thinking Activity,Critical Thinking Activity,4.261333115123626,64.7,0.18,0.4962748545872974,10.535660165431441,68.9,73.2,65.46765904031668,66.95086852994113,65.61713259517363
10529,adaptive,9,77.32279745529175,Low,Advanced Topics,Critical Thinking Activity,Critical Thinking Activity,4.559897577401302,45.1,0.18,0.3701724853334377,7.867625119254236,75.9,99.5,75.6,74.23668896256959,74.23093615668466
10530,adaptive,9,68.51263930962435,Low,Application Skills,Application Exercise,Application Exercise,3.1289109876187076,34.4,0.18,0.19374216835335034,4.111639350609991,100.0,81.9,72.21163935060997,85.2,74.1
10535,adaptive,9,69.50877123576592,Low,Critical Thinking,Critical Thinking Activity,Critical Thinking Activity,5.065204032533398,71.8,0.18,0.6546269691646163,13.88299710996815,79.6,79.0864177886564,81.79088024666558,79.90569907464615,81.9
10543,adaptive,9,78.91095080707379,Low,Advanced Topics,Advanced Practice,Advanced Practice,5.065364437695373,70.7,0.18,0.6446182783411132,13.726654502352059,100.0,100.0,100.0,87.0,80.72665450235208
10544,adaptive,9,68.98372722418351,Low,Application Skills,Application Exercise,Application Exercise,2.8471969117804394,34.1,0.18,0.1747609464450834,3.708815641223436,83.3,88.2,79.00881564122345,89.4,81.5
10549,adaptive,9,67.26458072772373,Medium,Advanced Topics,Advanced Practice,Advanced Practice,3.207325938516119,31.7,0.18,0.18301001805172976,3.889779695815067,69.5,71.8,66.4,63.4,61.889779695815065
10550,adaptive,9,55.5481428481426,Medium,Problem Solving,Advanced Practice,Advanced Practice,2.229695511199759,27.5,0.18,0.11036992780438808,2.3450905726860998,65.0,55.82263325311599,74.9,63.6,57.82245731957011
10555,adaptive,9,85.74416833874649,Low,Application Skills,Application Exercise,Application Exercise,4.3906233917857955,44.8,0.18,0.3540598703136065,7.511143741221802,97.1,97.5,81.24141004669428,80.56973369452751,83.4
10560,adaptive,9,43.779479773278126,Medium,Advanced Topics,Advanced Practice,Advanced Practice,1.9458210816832453,21.7,0.18,0.07600377145054756,1.6146457084413084,62.5,55.4,61.7,44.3,44.21464570844131
10571,adaptive,9,60.787593032956636,Medium,Advanced Topics,Practice Questions,Practice Questions,3.0834561057283016,37.1,0.18,0.20591319874053596,4.370478020909825,66.1,59.20591319874054,71.8,56.917167743377014,58.84739707879227
10579,adaptive,9,61.22579776646322,Medium,Application Skills,Application Exercise,Application Exercise,3.0955184412059062,35.3,0.18,0.19668924175422325,4.177912251362476,76.8,99.1,57.641947595291555,68.3,57.63596465607092
10584,adaptive,9,71.76162099510178,Low,Problem Solving,Practice Questions,Practice Questions,3.6495166441951055,39.2,0.18,0.25750989441440664,5.468342395510192,72.8,73.48031015575967,100.0,92.4,73.48803223975052
10585,adaptive,9,81.19426481826713,Low,Advanced Topics,Advanced Practice,Advanced Practice,4.757935346689076,57.8,0.18,0.49501559346953145,10.520585301441347,96.8,84.2,91.9,78.56218447647437,76.75840082496697
10590,adaptive,9,86.13975894080666,Low,Problem Solving,Practice Questions,Practice Questions,3.9192834397090635,56.6,0.18,0.3992965968375594,8.47396111066376,100.0,92.17396111066377,100.0,90.2,100.0
10591,adaptive,9,69.29077240756293,Medium,Critical Thinking,Critical Thinking Activity,Critical Thinking Activity,5.8323115471973725,83.4,0.18,0.8755466094652695,18.617840155663778,59.618427740544796,72.9,58.35925842095007,59.97554660946527,60.66460738470363
10596,adaptive,9,77.44643914928001,Low,Advanced Topics,Advanced Practice,Advanced Practice,5.413332934731725,75.7,0.18,0.7376207456865448,15.710838788801304,86.6,79.5,92.5,92.1,71.1108387888013
10600,adaptive,9,36.38075537982102,Medium,Advanced Topics,Advanced Practice,Advanced Practice,1.1558213846101708,17.0,0.18,0.03536813436907123,0.7512015796220121,39.8,45.1,36.8,41.9,33.85120157962201
10602,adaptive,9,37.11131691725105,Medium,Advanced Topics,Advanced Practice,Advanced Practice,0.5775895580733099,9.2,0.18,0.00956488308169401,0.20307749528479102,53.6,57.2,55.9,57.1,47.30307749528479
10605,adaptive,9,74.64659628964034,Low,Application Skills,Application Exercise,Application Exercise,3.8502630385542456,56.9,0.18,0.3943439404087258,8.364548474019127,100.0,78.8152961605624,80.77491891619474,83.17433339726198,99.9
10614,adaptive,9,69.02392772616375,Low,Advanced Topics,Advanced Practice,Advanced Practice,2.8915207853606613,35.4,0.18,0.1842477044431813,3.9167803538351516,74.2,79.0,78.5,91.0,63.31678035383516
10618,adaptive,9,80.29143575098018,Low,Application Skills,Application Exercise,Application Exercise,2.638783398351885,42.3,0.18,0.2009169679505125,4.263904542060876,79.9,95.1,78.06390454206087,89.0,100.0
10622,adaptive,9,57.41068920410777,Medium,Critical Thinking,Critical Thinking Activity,Critical Thinking Activity,2.6941121105696397,39.4,0.18,0.19106643088159883,4.051071918143254,65.7,46.9,62.4,46.151071918143245,62.6
10627,adaptive,9,90.98657816684255,Low,Conceptual Understanding,Concept Review,Concept Review,4.564894095782291,54.3,0.18,0.0,0.0,100.0,100.0,100.0,98.3,100.0
10636,adaptive,9,55.070149052427425,Medium,Critical Thinking,Critical Thinking Activity,Critical Thinking Activity,4.220900184410964,51.0,0.18,0.3874786369289265,8.241209313180798,57.8,66.4,49.095231184944126,49.58747863692893,51.55849949130776
10637,adaptive,9,46.8932860407525,Medium,Advanced Topics,Advanced Practice,Advanced Practice,2.120507241344974,23.8,0.18,0.09084253021921869,1.9267937500489294,62.0,50.8,63.5,48.735951219829715,47.19084253021922
10644,adaptive,9,85.45955679956847,Low,Critical Thinking,Critical Thinking Activity,Critical Thinking Activity,5.551549733032042,71.4,0.18,0.713485171689278,15.186315092540154,99.3,81.1,100.0,77.50611383035555,80.0802012621846
10645,adaptive,9,55.52342024605453,Medium,Problem Solving,Practice Questions,Practice Questions,1.2860898281446436,10.5,0.18,0.024307097751933758,0.5158506300688165,85.5,51.315850630068816,68.8,96.7,65.2
10650,adaptive,9,63.426909726082094,Medium,Advanced Topics,Critical Thinking Activity,Critical Thinking Activity,2.231866750271039,24.6,0.18,0.09882705970200162,2.0994230802691516,76.0,71.8,75.8,55.825112418126736,55.07431066214242
10651,adaptive,9,77.60502035371901,Low,Problem Solving,Practice Questions,Practice Questions,3.434919804139411,44.5,0.18,0.2751370763115668,5.839020175056585,98.9,94.2390201750566,100.0,97.1,95.1
10653,adaptive,9,85.2737788780963,Low,Application Skills,Application Exercise,Application Exercise,5.375798342828022,75.4,0.18,0.0,10.444152293775181,100.0,98.02610308700288,100.0,99.99670597568185,98.82134323109044
10657,adaptive,9,76.8988436296093,Low,Critical Thinking,Critical Thinking Activity,Critical Thinking Activity,4.111689347783455,53.6,0.18,0.39669578827414775,8.403770918409814,87.44707493278887,98.4,100.0,89.85669598562095,90.7
10661,adaptive,9,50.0690492661318,Medium,Advanced Topics,Advanced Practice,Advanced Practice,2.528192410586512,26.3,0.18,0.11968462871716548,2.541607722129078,53.8,47.744051290936284,52.6,58.4,45.69755643119278
10663,adaptive,9,90.51245599485387,Low,Critical Thinking,Critical Thinking Activity,Critical Thinking Activity,4.532446294486222,68.6,0.18,0.5596664684431586,11.858086869562511,100.0,100.0,100.0,91.75808686956252,100.0
10669,adaptive,9,81.66564125074807,Low,Critical Thinking,Critical Thinking Activity,Critical Thinking Activity,4.6230912789374194,58.3,0.18,0.4851471988116927,10.302713280415693,86.1,89.1,97.4,80.5412438840273,83.66146939638838
10671,adaptive,9,63.05969176725538,Medium,Conceptual Understanding,Concept Review,Concept Review,3.2512372296890812,49.0,0.18,0.286759123658577,6.0782857701231645,67.77132350171192,68.1,69.10696226841125,76.7,72.7
10678,adaptive,9,70.37615634441536,Low,Problem Solving,Practice Questions,Practice Questions,2.691193672796952,41.7,0.18,0.20200099708013924,4.2836681396132175,86.9,80.8639762671428,82.0,83.71969187247039,88.4
10679,adaptive,9,45.23731173371027,Medium,Advanced Topics,Application Exercise,Application Exercise,1.9053795010852892,24.5,0.18,0.08402723599786124,1.7842408226536406,68.4,50.7,44.163065211079264,49.4,42.52117561157437
10680,adaptive,9,81.04448570470406,Low,Critical Thinking,Critical Thinking Activity,Critical Thinking Activity,4.853776255557202,58.8,0.18,0.5137236788881742,10.863072710327424,89.0812668971886,99.1,93.2,91.58180581313881,93.5
10688,adaptive,9,86.39509386287267,Low,Critical Thinking,Critical Thinking Activity,Critical Thinking Activity,5.21052307718015,70.0,0.18,0.6565259077246988,13.909861884418827,98.8,92.1,92.2,89.00986188441881,100.0
10690,adaptive,9,83.8118548178317,Low,Application Skills,Application Exercise,Application Exercise,4.792949820275522,65.6,0.18,0.5659515147781337,12.048558294380326,100.0,95.6,90.26595151477814,100.0,93.18260677960221
10693,adaptive,9,71.42447517392219,Low,Critical Thinking,Critical Thinking Activity,Critical Thinking Activity,4.793081373014867,65.6,0.18,0.5659670485255953,12.001489724127778,72.9,77.2,70.10629188815716,70.09519783597062,89.7
10698,adaptive,9,74.75444793539513,Low,Conceptual Understanding,Concept Review,Concept Review,3.533073301592667,49.8,0.18,0.31670469075476665,6.708989399034068,89.3769467327818,99.7,90.61460515744383,89.01743750880846,91.2
10714,adaptive,9,58.19855209615403,Medium,Conceptual Understanding,Concept Review,Concept Review,2.143747070105784,22.3,0.18,0.08605000739404617,1.8232279261614177,56.22322792616142,66.9,54.2,76.0,61.2
10715,adaptive,9,51.366824240403105,Medium,Advanced Topics,Application Exercise,Application Exercise,3.0029363794273842,39.2,0.18,0.21188719093239622,4.4911719389923555,52.20898124676549,64.1,55.346716772413764,69.9,51.935473919813106
10717,adaptive,9,100.66062487003987,Low,Conceptual Understanding,Concept Review,Concept Review,6.511328880250151,100.0,0.18,0.0,0.0,100.0,100.0,100.0,100.0,100.0
10722,adaptive,9,67.26551352699508,Medium,Application Skills,Application Exercise,Application Exercise,4.6378447492286075,70.6,0.18,0.5893773107319714,12.528205016457722,67.5,63.52069827574249,65.84272238266422,65.9,66.664784358051
10738,adaptive,9,85.18044535584008,Low,Application Skills,Concept Review,Concept Review,4.997796749167814,68.1,0.18,0.0,10.00345995844431,100.0,97.58911986757865,100.0,98.8117608277944,98.80257926307125
10741,adaptive,9,35.53133609833118,High,Advanced Topics,Advanced Practice,Advanced Practice,1.651039285808635,9.3,0.18,0.027638397644436548,0.5868094144628941,58.6,37.4,42.7,56.4,29.28680941446289
10742,adaptive,9,68.12507899323113,Low,Critical Thinking,Critical Thinking Activity,Critical Thinking Activity,4.572449614815971,64.1,0.18,0.5275692365574667,11.21251041411912,73.7,83.2,68.9,64.32437138388003,64.98813903023908
10750,adaptive,9,95.29874627909558,Low,Conceptual Understanding,Concept Review,Concept Review,5.382268563969849,60.3,0.18,0.0,0.0,100.0,100.0,100.0,100.0,100.0
10754,adaptive,9,63.33660431433793,Medium,Application Skills,Application Exercise,Application Exercise,2.6259900764483315,38.5,0.18,0.1819811122978694,3.8620436054325618,77.6,96.6,62.96204360543257,80.4,77.8
10762,adaptive,9,36.57217319978223,Medium,Advanced Topics,Advanced Practice,Advanced Practice,2.0557171462194113,32.2,0.18,0.11914936579487707,2.5325164785192475,35.8,40.3,53.4,54.5,14.332516478519247
10765,adaptive,9,53.05044522083759,Medium,Application Skills,Application Exercise,Application Exercise,2.8325998057124857,36.8,0.18,0.18763141113039503,3.981955502878384,64.8,70.8,58.78195550287839,59.7,65.2
10768,adaptive,9,53.82153013035607,Medium,Critical Thinking,Concept Review,Concept Review,4.395767099952005,57.7,0.18,0.4565443710010153,9.686047145276344,53.84349057549701,60.6,54.4,50.58462383644888,50.95793273333046
10788,adaptive,9,86.78100596798846,Low,Problem Solving,Practice Questions,Practice Questions,4.0695653159565035,58.3,0.18,0.4270601842564754,9.06316613255409,100.0,82.4631661325541,100.0,100.0,88.9
10801,adaptive,9,76.30799827550764,Low,Problem Solving,Practice Questions,Practice Questions,3.808655225709122,46.0,0.18,0.3153566526887153,6.684189371266081,83.36928886554107,80.0418286281335,80.97307187759154,84.7,88.3
10803,adaptive,9,99.48594853429978,Low,Conceptual Understanding,Concept Review,Concept Review,5.370773753310041,73.3,0.18,0.0,0.0,100.0,100.0,100.0,100.0,100.0
10811,adaptive,9,73.28882933572152,Low,Problem Solving,Practice Questions,Practice Questions,3.865946360380582,45.3,0.18,0.3152292662254326,6.697019970155518,75.9,70.47956239110665,76.2,72.6,70.11745757904886
10812,adaptive,9,68.33731155258717,Low,Advanced Topics,Advanced Practice,Advanced Practice,4.523049345540188,54.2,0.18,0.44126869415090075,9.389048352886453,82.1,73.8,75.3,73.5,67.78904835288645
10817,adaptive,9,88.27462959723341,Low,Application Skills,Concept Review,Concept Review,3.6320838343235726,47.7,0.18,0.0,0.0,100.0,100.0,95.8,100.0,94.1
10821,adaptive,9,79.80733307179351,Low,Critical Thinking,Critical Thinking Activity,Critical Thinking Activity,4.211477970189151,59.4,0.18,0.450291224572624,9.525726704631305,76.65414265189624,89.5,81.4,70.07158405273508,86.1
10823,adaptive,9,41.808142914520324,Medium,Advanced Topics,Guided Review,Advanced Practice,2.1343778206605695,20.3,0.18,0.07799016556693722,1.6554853648064305,44.9,29.839144241100712,32.6,35.2,28.11634112370572
10824,adaptive,9,40.753888950936286,Medium,Problem Solving,Practice Questions,Practice Questions,1.6408532280664132,16.5,0.18,0.04873334087357247,1.0342297896502604,54.3,42.93422978965026,58.2,51.7,40.8
10827,adaptive,9,81.34403492327007,Low,Advanced Topics,Advanced Practice,Advanced Practice,5.381253048481854,59.9,0.18,0.5802067036873134,12.348661608809824,86.9,93.7,88.6,97.5,80.84866160880982
10830,adaptive,9,81.88581196741671,Low,Advanced Topics,Advanced Practice,Advanced Practice,4.365601293506579,59.6,0.18,0.46834170676738573,9.967671907708848,95.8,96.1,100.0,91.0,90.06767190770883
10838,adaptive,9,64.78714388566083,Medium,Conceptual Understanding,Concept Review,Concept Review,3.192623225047385,42.8,0.18,0.24595969325765055,5.203677421547862,68.10367742154786,74.3,79.3,75.5,74.8
10846,adaptive,9,66.70738144899573,Medium,Conceptual Understanding,Concept Review,Concept Review,3.5601555517302863,53.0,0.18,0.3396388396350693,7.203197680657495,77.55059798147998,73.66554006671002,94.8,73.90951988839414,75.87753974407335
10850,adaptive,9,48.82496505477353,Medium,Advanced Topics,Advanced Practice,Advanced Practice,2.3515335915183995,23.9,0.18,0.10116297510712152,2.145352233111769,46.73834825773865,48.6,51.4,83.0,48.30700397537313
10860,adaptive,9,98.23811385268056,Low,Conceptual Understanding,Concept Review,Concept Review,6.034688430708864,80.9,0.18,0.0,0.0,100.0,100.0,100.0,100.0,100.0
10866,adaptive,9,104.12216413782772,Low,Conceptual Understanding,Concept Review,Concept Review,6.1325647464936806,83.9,0.18,0.0,0.0,100.0,100.0,100.0,100.0,100.0
10867,adaptive,9,81.53139150989189,Low,Critical Thinking,Critical Thinking Activity,Critical Thinking Activity,5.298765369797439,72.7,0.18,0.6933964362916929,14.680536863848717,92.05687067823851,96.8,92.96935119203167,92.35431499357853,92.0
10868,adaptive,9,90.32621982287,Low,Application Skills,Application Exercise,Application Exercise,5.960906230358109,91.4,0.18,0.980688293018516,20.80202554963688,100.0,95.89590577430202,98.63879204023765,97.56732773509721,99.5
10880,adaptive,9,63.65667514044418,Medium,Advanced Topics,Advanced Practice,Advanced Practice,4.229181575974466,51.4,0.18,0.3912838794091576,8.324384225818935,77.3,72.3,70.1,70.2,64.92438422581894
10884,adaptive,9,96.80298636017697,Low,Conceptual Understanding,Concept Review,Concept Review,5.385335560825377,71.0,0.18,0.0,3.820409505945091,100.0,100.0,100.0,98.12040950594509,100.0
10885,adaptive,9,56.42387441486652,Medium,Advanced Topics,Critical Thinking Activity,Critical Thinking Activity,3.3404322577791365,31.8,0.18,0.19120634243527776,4.055637912328981,70.5,73.2,62.8,58.94315442581346,61.312483486515525
10893,adaptive,9,63.05738760996069,Medium,Problem Solving,Practice Questions,Practice Questions,3.7790393653222303,45.1,0.18,0.30678241567685866,6.510604599364445,65.5,55.81060459936444,75.6,59.0,71.6
10894,adaptive,9,46.45730938336941,Medium,Advanced Topics,Advanced Practice,Advanced Practice,1.9240641763665587,13.6,0.18,0.04710109103745336,1.0002408727955139,54.0,61.0,70.5,46.1,40.20024087279552
10900,adaptive,9,100.67709792724179,Low,Conceptual Understanding,Concept Review,Concept Review,6.492620087005345,87.9,0.18,0.0,5.7011403586457,100.0,100.0,100.0,95.4011403586457,100.0
10902,adaptive,9,85.48115062640903,Low,Critical Thinking,Critical Thinking Activity,Critical Thinking Activity,4.956766051174315,61.0,0.18,0.5442529124189397,11.54222800967008,93.2,100.0,90.79799789800317,89.8442301116669,98.1
10903,adaptive,9,44.68017314837235,Medium,Advanced Topics,Advanced Practice,Advanced Practice,1.5702674139213766,28.4,0.18,0.08027207019966076,1.7058700490168226,61.9,57.2,55.9,59.0,41.30587004901683
10915,adaptive,9,74.25440053741123,Low,Advanced Topics,Advanced Practice,Advanced Practice,3.8121966884891343,36.2,0.18,0.24840273622195203,5.280805296007425,83.2,80.8,90.5,93.6,70.88080529600741
10918,adaptive,9,38.219112530785054,High,Application Skills,Application Exercise,Application Exercise,1.8917151855780479,24.4,0.18,0.08308413095058785,1.763229890173587,53.8,58.4,27.563229890173588,39.0,30.7
10925,adaptive,9,74.00527508671128,Low,Application Skills,Application Exercise,Application Exercise,2.717052478843144,41.6,0.18,0.20345288961577465,4.317722435179217,81.1,94.4,84.1177224351792,91.4,95.3
10937,adaptive,9,74.37278580963982,Low,Advanced Topics,Advanced Practice,Advanced Practice,4.925839838770624,64.4,0.18,0.5710033541102907,12.126708260826087,73.1,75.2,75.68281626933351,83.1,76.64389199149258
10939,adaptive,9,101.57599107909621,Low,Conceptual Understanding,Concept Review,Concept Review,5.80795881648581,76.5,0.18,0.0,0.0,100.0,100.0,100.0,100.0,100.0
10942,adaptive,9,56.04159287562625,Medium,Advanced Topics,Advanced Practice,Advanced Practice,3.5255802437955452,42.5,0.18,0.2697068886503592,5.73544254873614,77.8,70.9,71.7,78.1,58.83544254873615
10943,adaptive,9,57.70440622703904,Medium,Application Skills,Application Exercise,Application Exercise,2.623517398093341,39.1,0.18,0.18464315447780935,3.918538056140176,68.8,55.8,55.718538056140176,61.1,63.0
10948,adaptive,9,49.838168908779025,Medium,Advanced Topics,Advanced Practice,Advanced Practice,2.6680279978449963,35.2,0.18,0.16904625394345899,3.5935899621425724,52.8,52.5,54.6,68.5,32.493589962142565
10949,adaptive,9,92.05120895210861,Low,Conceptual Understanding,Concept Review,Concept Review,4.712820022042393,63.9,0.18,0.0,0.7000000000000028,100.0,100.0,100.0,100.0,100.0
10960,adaptive,9,68.05285270180973,Low,Conceptual Understanding,Concept Review,Concept Review,3.25422909006221,45.7,0.18,0.2676928849485174,5.662291835972405,73.26229183597239,80.7,85.7,87.2,95.3
10974,adaptive,9,72.19388937240714,Low,Advanced Topics,Advanced Practice,Advanced Practice,4.324188164050194,51.0,0.18,0.39696047345980784,8.444989213202371,100.0,90.3,79.1,83.9,76.54498921320237
10975,adaptive,9,59.35059736571115,Medium,Advanced Topics,Advanced Practice,Advanced Practice,3.7804135826095426,45.6,0.18,0.31029634686059127,6.5866508891859405,82.0,66.3,60.279766289585226,64.5,62.10688459960071
10978,adaptive,9,65.49068987268255,Medium,Advanced Topics,Advanced Practice,Advanced Practice,3.8574741582125895,54.5,0.18,0.3784182149206551,8.051869680268117,82.2,69.0,72.5,70.3,64.1518696802681
10979,adaptive,9,44.64356307405229,Medium,Advanced Topics,Advanced Practice,Advanced Practice,2.5051146210471984,29.0,0.18,0.13076698321866373,2.7790225356957783,49.6,50.8,40.4,37.0,31.47902253569578
10986,adaptive,9,74.99654225718625,Low,Problem Solving,Practice Questions,Practice Questions,3.4775910617235612,28.3,0.18,0.17714848868419822,3.7594845931868734,100.0,78.25948459318687,89.2,77.6,80.0
10987,adaptive,9,93.5620377521369,Low,Conceptual Understanding,Concept Review,Concept Review,6.133379199193349,79.6,0.18,0.0,16.76679311574872,100.0,98.5179031017498,100.0,99.04889001399891,97.4
10990,adaptive,9,56.34457943386835,Medium,Advanced Topics,Advanced Practice,Advanced Practice,3.285138883124005,46.4,0.18,0.27437479951851684,5.833015737417593,60.1,49.7623197089493,58.1,59.4,51.970696028468296
10996,adaptive,9,78.83940971111493,Low,Advanced Topics,Advanced Practice,Advanced Practice,4.120160179466128,53.8,0.18,0.39899631177949973,8.448239062493517,91.26490338373692,94.2,90.7,92.3,89.2833356787566
10999,adaptive,9,88.88601906174046,Low,Critical Thinking,Critical Thinking Activity,Critical Thinking Activity,5.559959810608196,81.0,0.18,0.8106421403866749,17.170662939035914,100.0,100.0,95.3,92.77066293903593,97.6
10011,adaptive,10,53.415356604284675,Medium,Advanced Topics,Advanced Practice,Advanced Practice,2.187212038590594,30.0,0.16,0.10498617785234851,2.6154556477747297,56.2,55.5,63.5,59.4,40.01545564777473
10024,adaptive,10,98.38600501553194,Low,Conceptual Understanding,Concept Review,Concept Review,6.5539225628509135,86.8,0.16,0.0,9.784744229433901,100.0,100.0,97.9847442294339,94.6,100.0
10026,adaptive,10,90.61974941225365,Low,Critical Thinking,Concept Review,Concept Review,5.554032118678773,76.4,0.16,0.6789248861872932,16.83830942200588,94.5888224154273,89.2085507993342,100.0,90.24093620724436,100.0
10031,adaptive,10,78.74176332872102,Low,Critical Thinking,Critical Thinking Activity,Critical Thinking Activity,3.217456209612058,22.4,0.16,0.11531363055249613,2.8668360483554225,95.7,100.0,93.6,84.36683604835544,96.2
10040,adaptive,10,82.49216474940252,Low,Critical Thinking,Critical Thinking Activity,Critical Thinking Activity,4.156167854160308,59.2,0.16,0.39367221914606443,9.778256391176512,95.6,100.0,77.4,74.37825639117652,93.8
10045,adaptive,10,90.51566618756313,Low,Conceptual Understanding,Concept Review,Concept Review,5.138130247973937,65.0,0.16,0.5343655457892894,13.227215119119325,94.62721511911931,100.0,99.8,100.0,92.2
10055,adaptive,10,64.90808601334044,Medium,Advanced Topics,Advanced Practice,Advanced Practice,4.223030626075436,68.6,0.16,0.46351984151803977,11.569737414500516,72.1,58.6,57.6,57.4,50.26973741450052
10056,adaptive,10,96.49297271055661,Low,Conceptual Understanding,Concept Review,Concept Review,5.767919157307695,71.9,0.16,0.0,0.0,100.0,100.0,96.1,98.2,100.0
10060,adaptive,10,88.75524685021986,Low,Conceptual Understanding,Concept Review,Concept Review,5.145514191431419,69.3,0.16,0.5705346135459157,14.186388148016036,90.34855968859037,87.0682785680675,99.7,87.43050799279706,89.2390418985611
10061,adaptive,10,52.647425986348544,Medium,Advanced Topics,Advanced Practice,Advanced Practice,3.0121382149930005,36.9,0.16,0.17783664021318676,4.431865320775491,56.1,42.0,48.8,62.1,37.831865320775485
10064,adaptive,10,92.94766098410534,Low,Conceptual Understanding,Concept Review,Concept Review,5.5813806830375245,75.3,0.16,0.0,7.224191099925164,100.0,96.80011110460765,100.0,97.42407999531751,100.0
10067,adaptive,10,83.38427577708109,Low,Problem Solving,Practice Questions,Practice Questions,5.366192424404746,75.9,0.16,0.6516704080197124,16.19678583876354,100.0,94.13343783800188,97.3,94.16334800076164,94.9
10068,adaptive,10,56.2768862805002,Medium,Critical Thinking,Critical Thinking Activity,Critical Thinking Activity,3.1693377941751804,45.0,0.16,0.228192321180613,5.669963814991239,59.4,53.7,68.2,48.56996381499123,63.9
10071,adaptive,10,84.41389098139516,Low,Critical Thinking,Critical Thinking Activity,Critical Thinking Activity,4.673438952406688,56.0,0.16,0.41874013013563927,10.389522419412422,80.95243519249276,92.0,90.1,82.03708722691967,89.8
10073,adaptive,10,79.50464239644607,Low,Advanced Topics,Advanced Practice,Advanced Practice,4.049823429451066,57.7,0.16,0.3738796990069224,9.312249812178433,95.0,90.03319115269915,92.1,96.6,89.37905865947928
10077,adaptive,10,68.05966244857468,Medium,Advanced Topics,Advanced Practice,Advanced Practice,3.392088866211343,45.0,0.16,0.24423039836721672,6.088933634049346,77.4,71.9,67.3,71.5,65.68893363404935
10079,adaptive,10,52.89867359868505,Medium,Critical Thinking,Critical Thinking Activity,Critical Thinking Activity,3.411367252274307,33.4,0.16,0.18230346596153893,4.531050230627534,65.5,60.3,61.1,51.83105023062753,54.3
10087,adaptive,10,66.58263232132475,Medium,Problem Solving,Practice Questions,Practice Questions,3.66276761403065,48.7,0.16,0.2854028524852683,7.099395955571049,62.0,54.49939595557105,76.5,66.2,56.2
10089,adaptive,10,80.70808289557911,Low,Conceptual Understanding,Concept Review,Concept Review,3.366372831696261,36.0,0.16,0.19390307510570462,4.830146447320621,84.53625662468157,98.0,94.7,92.9,81.69388982263905
10097,adaptive,10,81.09067225148885,Low,Advanced Topics,Concept Review,Concept Review,5.8063872213815015,77.2,0.16,0.7172049495850431,17.818263594130308,86.8521952887895,92.2,87.23437241361128,87.7,85.83169589172952
10102,adaptive,10,55.587949685812944,Medium,Advanced Topics,Advanced Practice,Advanced Practice,4.0820053803462795,53.9,0.16,0.3520321440010632,8.780464850069995,63.5,55.6,61.4,60.0,49.680464850069995
10108,adaptive,10,80.30206884241164,Low,Application Skills,Application Exercise,Application Exercise,4.590820148376495,58.0,0.16,0.42602810976933875,10.577789848786173,89.49724123849104,92.9,88.65836423427201,91.2221843760231,93.4
10111,adaptive,10,67.87176837403806,Low,Critical Thinking,Critical Thinking Activity,Critical Thinking Activity,3.0388591755623966,31.4,0.16,0.1526722849802548,3.7986273887511097,92.2,82.6,83.5,66.24810426297887,67.35052312577223
10121,adaptive,10,100.72704168122517,Low,Conceptual Understanding,Concept Review,Concept Review,6.563404781438525,88.9,0.16,0.0,0.0,100.0,100.0,100.0,100.0,100.0
10137,adaptive,10,60.06021673135349,Medium,Advanced Topics,Advanced Practice,Advanced Practice,2.7342161151808275,31.9,0.16,0.13955439051882945,3.476962934603483,74.3,65.1,84.3,62.8,55.876962934603476
10138,adaptive,10,58.88480754644719,Medium,Advanced Topics,Advanced Practice,Advanced Practice,3.416900750857774,35.3,0.16,0.19298655440844706,4.809030805160601,75.4,49.5,56.3,48.6,48.60903080516061
10140,adaptive,10,62.25474533929582,Medium,Advanced Topics,Advanced Practice,Advanced Practice,3.6560853398658386,41.0,0.16,0.23983919829519898,5.97825811894369,70.5,70.0,81.7,67.3,61.57825811894369
10159,adaptive,10,56.612338214298795,Medium,Advanced Topics,Advanced Practice,Advanced Practice,2.9008260015530016,43.0,0.16,0.19957682890684653,4.975172315013262,63.9,58.2,63.6,65.4,56.875172315013266
10169,adaptive,10,76.24312185167311,Low,Critical Thinking,Critical Thinking Activity,Critical Thinking Activity,3.2011447546856946,46.5,0.16,0.23816516974861568,5.915080924100829,84.10994707062757,87.0,90.0,86.60513385347325,93.1
10175,adaptive,10,72.81609567460893,Low,Advanced Topics,Advanced Practice,Advanced Practice,4.327832300354221,42.6,0.16,0.2949850495921437,7.346565357762562,100.0,90.7,70.0534964598232,77.0,68.39306889793937
10185,adaptive,10,86.20944478171418,Low,Advanced Topics,Advanced Practice,Advanced Practice,4.3923181853597395,57.3,0.16,0.4026877312337809,10.033550803351892,100.0,95.09781920676619,96.2,100.0,96.73573159658571
10199,adaptive,10,70.75362008153483,Low,Conceptual Understanding,Advanced Practice,Advanced Practice,3.5821962813731725,48.7,0.16,0.2791247342445976,6.9413924560742375,66.95315247231035,80.2,77.4,81.0,67.88823998376387
10200,adaptive,10,57.201266983283844,Medium,Advanced Topics,Advanced Practice,Advanced Practice,3.1817213198612873,47.6,0.16,0.24231989572063564,6.042089683427669,64.5,63.0,90.8,69.1,48.542089683427676
10209,adaptive,10,59.55036074819962,Medium,Critical Thinking,Practice Questions,Practice Questions,3.53103275461539,50.1,0.16,0.2830475856099697,7.040052652295499,72.8,56.886284710928784,64.9,57.25376794136672,65.5
10210,adaptive,10,41.743331423673624,Medium,Problem Solving,Practice Questions,Practice Questions,2.7927041323359623,39.1,0.16,0.1747115705189378,4.345950316658579,61.6,28.94595031665858,48.6,58.3,33.6
10211,adaptive,10,66.78768524272624,Medium,Advanced Topics,Advanced Practice,Advanced Practice,3.6477145971404155,61.4,0.16,0.35835148202307443,8.941443431870976,82.9,72.0,74.5,67.5,63.74144343187098
10214,adaptive,10,67.45142125258029,Low,Advanced Topics,Advanced Practice,Advanced Practice,4.501875884881864,66.2,0.16,0.476838693726687,11.85923058399973,73.8,74.32179281503986,84.2,75.31378286403896,73.62365490492091
10216,adaptive,10,62.375857411275106,Medium,Conceptual Understanding,Practice Questions,Practice Questions,3.6064525321586967,58.9,0.16,0.33987208663063556,8.436841120010932,77.79754075880335,76.1557844224921,79.9,78.58351593871548,79.3
10219,adaptive,10,87.41158399064608,Low,Application Skills,Application Exercise,Application Exercise,3.080615141968856,44.1,0.16,0.2173682044173225,5.399470130985986,90.16892781860835,93.1,86.93054231237767,100.0,99.1
10222,adaptive,10,69.78895543564656,Low,Problem Solving,Practice Questions,Practice Questions,4.494208833276927,59.4,0.16,0.42712960751463913,10.616001265151853,83.3,71.26959343921435,77.5,70.44640782593754,72.2
10236,adaptive,10,50.77556474490214,Medium,Application Skills,Practice Questions,Practice Questions,2.703005033342923,32.4,0.16,0.14012378092849714,3.485579050596366,79.4,48.07620240964585,45.90937664095052,59.7,48.4
10238,adaptive,10,58.387313397981146,Medium,Critical Thinking,Critical Thinking Activity,Critical Thinking Activity,2.4735651712115843,21.8,0.16,0.08627795317186006,2.144811337599271,51.7970490604481,60.5,67.2,55.247762277151175,72.0
10245,adaptive,10,66.01951837002201,Medium,Critical Thinking,Critical Thinking Activity,Critical Thinking Activity,3.2570304997862576,38.6,0.16,0.20115420366679929,4.998931271895904,93.4,69.4,69.4,67.19893127189592,88.1
10248,adaptive,10,50.20792977037945,Medium,Problem Solving,Practice Questions,Practice Questions,1.0213799780987074,10.6,0.16,0.017322604428554076,0.43089978516028266,85.5,45.53089978516029,71.2,61.4,59.9
10255,adaptive,10,57.924847175047724,Medium,Application Skills,Application Exercise,Application Exercise,1.6573524916554168,29.0,0.16,0.07690115561281133,1.912916245868682,88.7,100.0,62.51291624586868,80.3,71.7
10257,adaptive,10,61.64279152592023,Medium,Advanced Topics,Practice Questions,Practice Questions,3.9256837581146224,40.3,0.16,0.25312808872323084,6.2984005038763815,60.64891735985583,64.70648758650671,73.1,63.2,65.04299555751385
10260,adaptive,10,68.0401380633647,Medium,Conceptual Understanding,Concept Review,Concept Review,5.130229015180821,69.4,0.16,0.5696606298456784,14.182224989253978,71.8693851965635,67.69223653854675,79.7,72.7,70.62060325414372
10261,adaptive,10,52.57928782427632,Medium,Problem Solving,Advanced Practice,Advanced Practice,2.5008495837975975,34.3,0.16,0.13724662515881214,3.416593235636668,58.4,51.84783621900841,65.5,59.8,49.16875701662825
10262,adaptive,10,74.80735919620966,Low,Advanced Topics,Advanced Practice,Advanced Practice,5.116838062901532,61.7,0.16,0.5051342535696393,12.57889320714037,93.8,82.0,77.2,76.67336484015775,77.40552836698262
10266,adaptive,10,73.3839929970221,Low,Advanced Topics,Advanced Practice,Advanced Practice,4.301070045312058,58.4,0.16,0.40189198503395873,10.026341046004447,90.8,81.3,88.4,88.4,71.82634104600443
10276,adaptive,10,86.19765521923517,Low,Advanced Topics,Advanced Practice,Advanced Practice,5.917912921170058,78.7,0.16,0.7451835950337338,18.557808944596974,100.0,100.0,87.31628656709454,92.0,86.64152237750247
10278,adaptive,10,52.786902141245655,Medium,Advanced Topics,Advanced Practice,Advanced Practice,2.8622425982221915,32.3,0.16,0.14792069747612283,3.6854812173730274,63.4,66.3,47.3,45.6,30.68548121737303
10281,adaptive,10,57.57840167767583,Medium,Advanced Topics,Advanced Practice,Advanced Practice,3.526282980266816,44.8,0.16,0.2527639640255253,6.286743041524707,56.44171057128022,58.3,67.8,61.4,54.04503247024449
10282,adaptive,10,61.096111648266806,Medium,Problem Solving,Practice Questions,Practice Questions,3.92019239028455,48.4,0.16,0.30357969870363555,7.551545005252934,69.2,54.95154500525293,78.0,63.3,62.4
10290,adaptive,10,64.15918865043396,Medium,Advanced Topics,Advanced Practice,Advanced Practice,3.2175162833429787,35.7,0.16,0.18378453010455098,4.579817365588497,77.2,64.7,90.0,75.1,60.579817365588504
10293,adaptive,10,69.36522184892127,Low,Advanced Topics,Advanced Practice,Advanced Practice,3.7477847475118775,60.9,0.16,0.36518414579755737,9.111700986324694,79.0,80.4,85.2,66.1,63.611700986324685
10295,adaptive,10,79.2576580743508,Low,Application Skills,Application Exercise,Application Exercise,4.0809580090674205,53.5,0.16,0.3493300055761712,8.695928427544025,100.0,92.6,86.8849967642048,85.6670740214377,87.04385764190154
10297,adaptive,10,72.63337879843968,Low,Advanced Topics,Advanced Practice,Advanced Practice,4.4325433090134645,63.2,0.16,0.44821877940744154,11.18478550937627,100.0,80.1,81.0,76.3,62.78478550937627
10299,adaptive,10,66.77198843279771,Medium,Advanced Topics,Application Exercise,Application Exercise,3.0360928018976185,40.7,0.16,0.19771036325957295,4.925060700830843,76.6,80.7,72.29905031416348,92.0,73.82601038666736
10300,adaptive,10,108.21953494925461,Low,Conceptual Understanding,Concept Review,Concept Review,6.783315480765699,99.0,0.16,0.0,6.70770024242278,100.0,100.0,100.0,96.00770024242277,100.0
10308,adaptive,10,63.71169969570988,Low,Critical Thinking,Critical Thinking Activity,Critical Thinking Activity,3.0305991384573163,37.2,0.16,0.18038126072097949,4.48285322974387,100.0,67.3,73.5,68.18285322974387,78.3
10310,adaptive,10,75.83670118612272,Low,Conceptual Understanding,Concept Review,Concept Review,4.294072013909762,53.4,0.16,0.3668855128684501,9.100565771577159,76.80009664889104,98.5,87.5,76.80046912268612,87.8
10311,adaptive,10,72.70431509776087,Low,Application Skills,Application Exercise,Application Exercise,3.8388433103294073,46.2,0.16,0.2837672974995498,7.045444032991487,79.9456205776993,89.4,81.59982345529218,83.6,81.3
10313,adaptive,10,70.80870741712191,Low,Advanced Topics,Advanced Practice,Advanced Practice,5.329348187945934,73.8,0.16,0.6292894340326559,15.645048918560212,78.08609630801146,80.4,79.50273534567262,83.0,78.15621726487615
10315,adaptive,10,42.99319626116527,Medium,Advanced Topics,Advanced Practice,Advanced Practice,1.2030096453847428,12.6,0.16,0.024252674450956416,0.6036657800940587,57.4,43.6,49.2,48.3,30.20366578009406
10319,adaptive,10,66.93381767853973,Low,Application Skills,Application Exercise,Application Exercise,2.7404993901023795,44.8,0.16,0.19643899628253855,4.8864200325281475,79.6,74.8,75.38642003252815,80.1,82.1
10320,adaptive,10,92.33818009267809,Low,Application Skills,Application Exercise,Application Exercise,5.492377237501431,85.6,0.16,0.0,5.799999999999995,100.0,100.0,100.0,100.0,100.0
10322,adaptive,10,85.74676559852635,Low,Problem Solving,Practice Questions,Practice Questions,4.777003523377642,62.0,0.16,0.4738787495190621,11.78773389428667,97.4,91.7549499112643,91.43278398302235,96.3,93.1
10328,adaptive,10,60.73927400827235,Medium,Advanced Topics,Application Exercise,Application Exercise,2.533767435711247,25.7,0.16,0.1041885169564465,2.59502521204405,78.5,82.9,59.80418851695645,62.6,60.2908366950876
10329,adaptive,10,70.33859738124927,Low,Application Skills,Application Exercise,Application Exercise,3.647671759154533,46.2,0.16,0.2696358964367031,6.707192923862989,88.6,66.8,58.50719292386298,86.8,73.6
10333,adaptive,10,75.7727168900099,Low,Advanced Topics,Advanced Practice,Advanced Practice,4.514565192556247,56.0,0.16,0.4045050412530397,10.068564963271097,96.2,78.3,89.0,77.78503453440123,78.78353042886988
10347,adaptive,10,70.74360596596931,Low,Advanced Topics,Advanced Practice,Advanced Practice,4.063715252365652,53.3,0.16,0.3465536367217428,8.643558805510343,83.8,80.5,90.4,76.5,79.04355880551034
10352,adaptive,10,30.343406289829254,High,Advanced Topics,Guided Review,Advanced Practice,1.5527424098221547,17.1,0.16,0.04248303233273416,1.0576701556220263,26.4,36.9,32.6,31.6,28.657670155622025
10356,adaptive,10,75.34571892784908,Low,Advanced Topics,Advanced Practice,Advanced Practice,4.13567899664228,47.7,0.16,0.31563502102373886,7.844817935113618,81.69332250576335,83.5,82.2,81.3,81.55149542935028
10362,adaptive,10,68.75950418452484,Low,Problem Solving,Practice Questions,Practice Questions,2.4812221607546485,22.1,0.16,0.08773601560428437,2.182433388156574,88.1,60.08243338815658,77.9,100.0,70.5
10364,adaptive,10,53.79940412252849,Medium,Advanced Topics,Advanced Practice,Advanced Practice,3.373761806493029,30.7,0.16,0.16571917993493757,4.128604046282829,67.1,47.4,61.6,45.3,46.62860404628283
10366,adaptive,10,74.54702885512502,Low,Application Skills,Critical Thinking Activity,Critical Thinking Activity,5.303496193443671,73.0,0.16,0.6194483553942207,15.331352374282092,84.8379577416171,84.4,84.47394627727078,82.61944835539423,90.8
10371,adaptive,10,74.51982833558105,Low,Advanced Topics,Advanced Practice,Advanced Practice,3.638112277138479,51.4,0.16,0.29919835367186853,7.459392509141476,89.8,79.0,87.5,72.33656165675117,72.2228308523903
10372,adaptive,10,51.678926084637254,Medium,Problem Solving,Practice Questions,Practice Questions,1.9360303243190669,11.9,0.16,0.036862017375035035,0.9169426822039964,47.3,36.916942682204,57.0,55.6,39.8
10378,adaptive,10,96.55539169339727,Low,Critical Thinking,Critical Thinking Activity,Critical Thinking Activity,4.534430899485451,60.9,0.16,0.4418349468458624,10.97408822857811,100.0,100.0,99.6,93.6740882285781,100.0
10383,adaptive,10,85.16006526285815,Low,Problem Solving,Practice Questions,Practice Questions,5.973369098199528,75.3,0.16,0.7196715089510792,17.91143386122407,99.10923767789372,94.21861201456818,100.0,94.51226124926862,96.87132291949355
10409,adaptive,10,71.65724578735013,Low,Advanced Topics,Advanced Practice,Advanced Practice,2.642321109226519,31.1,0.16,0.13148189839511157,3.2725102489220586,94.6,89.5,100.0,74.51085710048041,74.76165314844165
10412,adaptive,10,50.22649582088003,Medium,Problem Solving,Practice Questions,Practice Questions,2.732008181591733,35.3,0.16,0.15430382209630109,3.8429618337367306,70.8,57.39368456748649,67.3,80.4,57.94927726625025
10426,adaptive,10,51.538369234606094,Medium,Advanced Topics,Advanced Practice,Advanced Practice,2.0966556639326583,25.8,0.16,0.08654994580714014,2.1557118058519773,61.1,80.9,80.4,59.1,51.455711805851976
10430,adaptive,10,63.479889675512034,Medium,Critical Thinking,Critical Thinking Activity,Critical Thinking Activity,3.9659054958088564,54.7,0.16,0.3470960489931912,8.62233080264321,71.3,71.5,67.4,63.82233080264321,67.9
10433,adaptive,10,81.74241212893548,Low,Critical Thinking,Critical Thinking Activity,Critical Thinking Activity,5.798854582983072,83.9,0.16,0.7784382392196477,19.335032980920182,83.2,90.6,75.05068526538923,78.98434771553096,98.5
10437,adaptive,10,68.27396026350831,Low,Application Skills,Application Exercise,Application Exercise,3.5972101674442074,39.3,0.16,0.22619257532889175,5.626540311306183,92.8,75.8,69.32654031130619,92.0,71.3
10440,adaptive,10,93.18113220834783,Low,Conceptual Understanding,Concept Review,Concept Review,6.0086880267339176,79.5,0.16,0.0,14.033938569206054,100.0,97.4594902535712,99.1286102340011,98.14583808163374,97.4
10446,adaptive,10,71.3889735823687,Low,Advanced Topics,Advanced Practice,Advanced Practice,4.023432149132923,44.4,0.16,0.28582461987440283,7.114852911652511,84.9,80.07388950366013,88.1,89.2,77.54096340799238
10452,adaptive,10,80.69693468550196,Low,Critical Thinking,Critical Thinking Activity,Critical Thinking Activity,5.374025642340864,64.1,0.16,0.5511600698784789,13.665288903069632,74.3627143128675,100.0,73.58866555393753,75.81390903626462,80.0
10463,adaptive,10,61.91930506134626,Medium,Application Skills,Application Exercise,Application Exercise,4.012786672651732,49.5,0.16,0.31781270447401716,7.915975129915113,64.9,68.9,57.67859658341618,69.0,60.237378546498924
10480,adaptive,10,98.80390566931081,Low,Conceptual Understanding,Concept Review,Concept Review,5.805397495363804,87.1,0.16,0.0,0.0,100.0,100.0,98.3,100.0,100.0
10487,adaptive,10,49.036200494415866,Medium,Problem Solving,Practice Questions,Practice Questions,3.06779054374536,42.2,0.16,0.20713721751368674,5.152538285652958,52.8,35.352538285652955,40.6,39.9,45.5
10494,adaptive,10,63.07976235846828,Medium,Problem Solving,Practice Questions,Practice Questions,4.215360910010893,46.9,0.16,0.3163206826872174,7.883465001120121,80.9,63.54583482690845,69.7,75.5,64.83763017421168
10495,adaptive,10,29.46207937548634,High,Advanced Topics,Advanced Practice,Advanced Practice,1.3845548300490527,19.1,0.16,0.04231199560629905,1.0535174444630226,40.0,33.5,39.1,17.6,10.453517444463024
10500,adaptive,10,78.4698601186595,Low,Advanced Topics,Advanced Practice,Advanced Practice,3.9971095779079517,44.4,0.16,0.2839546644145809,7.079090679682346,97.8,98.0,98.5,84.3,85.77909067968234
10514,adaptive,10,44.26307568908738,Medium,Advanced Topics,Application Exercise,Application Exercise,2.951207530168305,25.1,0.16,0.11852049441155912,2.9488702623884016,56.4,59.1,49.42632917815924,49.31853576355817,50.504005320671
10522,adaptive,10,46.06387425247432,Medium,Problem Solving,Practice Questions,Practice Questions,0.7791724716905271,0.0,0.16,0.0,0.0,45.4,44.0,55.0,44.8,45.7
10523,adaptive,10,73.76367577418395,Low,Application Skills,Application Exercise,Application Exercise,3.8990945266919765,42.0,0.16,0.2620191521937008,6.517726410818308,95.0,94.6,80.0177264108183,100.0,87.9
10527,adaptive,10,86.12169847626345,Low,Critical Thinking,Critical Thinking Activity,Critical Thinking Activity,4.786919219264181,69.3,0.16,0.5307736030320124,13.156645425665014,89.19022036801292,100.0,87.86317077620778,86.90325428144432,89.0
10528,adaptive,10,64.67739994949694,Medium,Application Skills,Advanced Practice,Advanced Practice,4.261914694929507,64.7,0.16,0.4411934092191026,10.976853574650544,68.9,73.2,65.46765904031668,66.95086852994113,66.05832600439273
10529,adaptive,10,77.31329517101115,Low,Advanced Topics,Advanced Practice,Advanced Practice,4.5603313790339515,45.1,0.16,0.32907351231109,8.196698631565326,75.9,99.5,75.6,74.23668896256959,74.56000966899575
10530,adaptive,10,68.51771953044101,Low,Advanced Topics,Advanced Practice,Advanced Practice,3.1289109876187076,34.4,0.16,0.17221526075853366,4.2838546113685245,100.0,81.9,72.21163935060997,85.2,74.27221526075853
10535,adaptive,10,69.49196703824933,Low,Problem Solving,Practice Questions,Practice Questions,5.065971183683879,71.8,0.16,0.581978769581604,14.464975879549753,79.6,79.66839655823802,81.79088024666558,79.90569907464615,81.9
10543,adaptive,10,78.92147284561582,Low,Advanced Topics,Advanced Practice,Advanced Practice,5.063838273166391,70.7,0.16,0.5728213854605823,14.29947588781264,100.0,100.0,100.0,87.0,81.29947588781266
10544,adaptive,10,68.98830972785639,Low,Application Skills,Application Exercise,Application Exercise,2.8471969117804394,34.1,0.16,0.1553430635067408,3.864158704730177,83.3,88.2,79.16415870473018,89.4,81.5
10549,adaptive,10,67.2675679816199,Medium,Advanced Topics,Advanced Practice,Advanced Practice,3.2068926535668965,31.7,0.16,0.162653595388913,4.052433291203981,69.5,71.8,66.4,63.4,62.052433291203975
10550,adaptive,10,55.54994440523966,Medium,Problem Solving,Practice Questions,Practice Questions,2.2294342051298863,27.5,0.16,0.098095105025715,2.443185677711815,65.0,55.9207283581417,74.9,63.6,57.82245731957011
10555,adaptive,10,85.75345233891434,Low,Critical Thinking,Critical Thinking Activity,Critical Thinking Activity,4.3906233917857955,44.8,0.16,0.3147198847232058,7.825863625945008,97.1,97.5,81.24141004669428,80.88445357925072,83.4
10560,adaptive,10,43.78072037510313,Medium,Advanced Topics,Advanced Practice,Advanced Practice,1.9456411391281643,21.7,0.16,0.06755266035052986,1.6821983687918383,62.5,55.4,61.7,44.3,44.28219836879184
10571,adaptive,10,60.79496474383785,Medium,Advanced Topics,Advanced Practice,Advanced Practice,3.0834561057283016,37.1,0.16,0.18303395443603196,4.553511975345857,66.1,59.20591319874054,71.8,56.917167743377014,59.030431033228304
10579,adaptive,10,61.230955264125534,Medium,Application Skills,Advanced Practice,Advanced Practice,3.0955184412059062,35.3,0.16,0.17483488155930957,4.3527471329217855,76.8,99.1,57.641947595291555,68.3,57.810799537630224
10584,adaptive,10,71.77083987229027,Low,Problem Solving,Advanced Practice,Advanced Practice,3.6495166441951055,39.2,0.16,0.22889768392391702,5.69724007943411,72.8,73.48031015575967,100.0,92.4,73.71692992367444
10585,adaptive,10,81.20234490741197,Low,Advanced Topics,Advanced Practice,Advanced Practice,4.756763373654135,57.8,0.16,0.4399054767955344,10.960490778236881,96.8,84.2,91.9,78.56218447647437,77.1983063017625
10590,adaptive,10,86.15405379458848,Low,Critical Thinking,Critical Thinking Activity,Critical Thinking Activity,3.9192834397090635,56.6,0.16,0.35493030830005284,8.828891418963813,100.0,92.17396111066377,100.0,90.55493030830006,100.0
10591,adaptive,10,69.26829722879171,Medium,Application Skills,Concept Review,Concept Review,5.833337591983778,83.4,0.16,0.7784005682743154,19.396240723938092,60.39682830881911,72.9,58.35925842095007,59.97554660946527,60.66460738470363
10596,adaptive,10,77.45847925762985,Low,Advanced Topics,Advanced Practice,Advanced Practice,5.411586582424116,75.7,0.16,0.6554513668632089,16.36629015566451,86.6,79.5,92.5,92.1,71.7662901556645
10600,adaptive,10,36.38133269027822,Medium,Advanced Topics,Advanced Practice,Advanced Practice,1.1557376488646236,17.0,0.16,0.031436064049117765,0.7826376436711299,39.8,45.1,36.8,41.9,33.882637643671124
10602,adaptive,10,37.11147304386399,Medium,Advanced Topics,Advanced Practice,Advanced Practice,0.5775669127562693,9.2,0.16,0.008501784955772284,0.2115792802405633,53.6,57.2,55.9,57.1,47.311579280240565
10605,adaptive,10,74.65693660074564,Low,Problem Solving,Practice Questions,Practice Questions,3.8502630385542456,56.9,0.16,0.3505279470299785,8.715076421049107,100.0,79.16582410759237,80.77491891619474,83.17433339726198,99.9
10614,adaptive,10,69.0269351826889,Low,Advanced Topics,Advanced Practice,Advanced Practice,2.8910845701298564,35.4,0.16,0.16375103005215508,4.0805313838873065,74.2,79.0,78.5,91.0,63.48053138388732
10618,adaptive,10,80.29670410619515,Low,Application Skills,Application Exercise,Application Exercise,2.638783398351885,42.3,0.16,0.17859286040045558,4.442497402461332,79.9,95.1,78.24249740246132,89.0,100.0
10622,adaptive,10,57.40578455123741,Medium,Critical Thinking,Critical Thinking Activity,Critical Thinking Activity,2.6943360195119435,39.4,0.16,0.16985094267003292,4.220922860813287,65.7,46.9,62.4,46.320922860813276,62.6
10627,adaptive,10,90.98657816684255,Low,Conceptual Understanding,Concept Review,Concept Review,4.564894095782291,54.3,0.16,0.0,0.0,100.0,100.0,100.0,98.3,100.0
10636,adaptive,10,55.06020252126523,Medium,Application Skills,Application Exercise,Application Exercise,4.221354266958901,51.0,0.16,0.3444625081838463,8.585671821364645,57.8,66.4,49.43969369312797,49.58747863692893,51.55849949130776
10637,adaptive,10,46.89476885412646,Medium,Critical Thinking,Critical Thinking Activity,Critical Thinking Activity,2.1202921673205446,23.8,0.16,0.08074072573156635,2.0075344757804956,62.0,50.8,63.5,48.81669194556128,47.19084253021922
10644,adaptive,10,85.44124171889662,Low,Advanced Topics,Advanced Practice,Advanced Practice,5.552385859553091,71.4,0.16,0.6343045605953452,15.820619653135498,99.3,81.1,100.0,77.50611383035555,80.71450582277994
10645,adaptive,10,55.5242904423221,Medium,Problem Solving,Practice Questions,Practice Questions,1.2860898281446436,10.5,0.16,0.02160630911283001,0.5374569391816465,85.5,51.33745693918165,68.8,96.7,65.2
10650,adaptive,10,63.42437284705107,Medium,Advanced Topics,Advanced Practice,Advanced Practice,2.231982564767111,24.6,0.16,0.08785083374923351,2.1872739140183852,76.0,71.8,75.8,55.825112418126736,55.16216149589166
10651,adaptive,10,77.61487028559165,Low,Problem Solving,Practice Questions,Practice Questions,3.434919804139411,44.5,0.16,0.24456629005472608,6.083586465111311,98.9,94.48358646511132,100.0,97.1,95.1
10653,adaptive,10,85.2737788780963,Low,Application Skills,Application Exercise,Application Exercise,5.375798342828022,75.4,0.16,0.0,10.444152293775181,100.0,98.02610308700288,100.0,99.99670597568185,98.82134323109044
10657,adaptive,10,76.88866049525315,Low,Conceptual Understanding,Concept Review,Concept Review,4.1121542318238316,53.6,0.16,0.35265834692121184,8.756429265331025,87.79973327971008,98.4,100.0,89.85669598562095,90.7
10661,adaptive,10,50.07100286614372,Medium,Advanced Topics,Practice Questions,Practice Questions,2.52790905151782,26.3,0.16,0.10637441288786986,2.6479821350169477,53.8,47.85042570382415,52.6,58.4,45.69755643119278
10663,adaptive,10,90.49808942225278,Low,Critical Thinking,Critical Thinking Activity,Critical Thinking Activity,4.533102162324512,68.6,0.16,0.49755329333673837,12.355640162899249,100.0,100.0,100.0,92.25564016289925,100.0
10669,adaptive,10,81.65318757905798,Low,Advanced Topics,Advanced Practice,Advanced Practice,4.623659818348797,58.3,0.16,0.43129498785557574,10.73400826827127,86.1,89.1,97.4,80.5412438840273,84.09276438424396
10671,adaptive,10,63.06306396523661,Medium,Application Skills,Application Exercise,Application Exercise,3.2522640905921034,49.0,0.16,0.25497750470242087,6.333263274825585,67.77132350171192,68.1,69.36193977311368,76.7,72.7
10678,adaptive,10,70.38338799812819,Low,Problem Solving,Practice Questions,Practice Questions,2.691193672796952,41.7,0.16,0.17955644184901268,4.46322458146223,86.9,81.04353270899182,82.0,83.71969187247039,88.4
10679,adaptive,10,45.239515058454245,Medium,Advanced Topics,Advanced Practice,Advanced Practice,1.9053795010852892,24.5,0.16,0.07469087644254334,1.858931699096184,68.4,50.7,44.163065211079264,49.4,42.59586648801692
10680,adaptive,10,81.03129847812218,Low,Conceptual Understanding,Concept Review,Concept Review,4.854378283475165,58.8,0.16,0.45669990890934353,11.319772619236767,89.53796680609794,99.1,93.2,91.58180581313881,93.5
10688,adaptive,10,86.37824091982597,Low,Critical Thinking,Critical Thinking Activity,Critical Thinking Activity,5.21129245367876,70.0,0.16,0.5836647548120211,14.493526639230849,98.8,92.1,92.2,89.59352663923083,100.0
10690,adaptive,10,83.82669494629229,Low,Application Skills,Application Exercise,Application Exercise,4.792949820275522,65.6,0.16,0.5030680131361188,12.551626307516445,100.0,95.6,90.76901952791425,100.0,93.18260677960221
10693,adaptive,10,71.40994686616939,Low,Critical Thinking,Application Exercise,Application Exercise,4.793744624443333,65.6,0.16,0.5031514357815722,12.50464115990935,72.9,77.2,70.60944332393873,70.09519783597062,89.7
10698,adaptive,10,74.75817228391868,Low,Application Skills,Critical Thinking Activity,Critical Thinking Activity,3.534207395115449,49.8,0.16,0.281605645242799,6.9905950442768665,89.3769467327818,99.7,90.61460515744383,89.29904315405126,91.2
10714,adaptive,10,58.19956401744015,Medium,Conceptual Understanding,Concept Review,Concept Review,2.144055208124796,22.3,0.16,0.07649988982589272,1.8997278159873103,56.29972781598731,66.9,54.2,76.0,61.2
10715,adaptive,10,51.37238025191731,Medium,Advanced Topics,Application Exercise,Application Exercise,3.0029363794273842,39.2,0.16,0.18834416971768556,4.679516108710041,52.20898124676549,64.1,55.53506094213145,69.9,51.935473919813106
10717,adaptive,10,100.66062487003987,Low,Conceptual Understanding,Concept Review,Concept Review,6.511328880250151,100.0,0.16,0.0,0.0,100.0,100.0,100.0,100.0,100.0
10722,adaptive,10,67.28096791623982,Medium,Problem Solving,Practice Questions,Practice Questions,4.6378447492286075,70.6,0.16,0.5238909428728635,13.052095959330586,67.5,64.04458921861536,65.84272238266422,65.9,66.664784358051
10738,adaptive,10,85.18044535584008,Low,Application Skills,Concept Review,Concept Review,4.997796749167814,68.1,0.16,0.0,10.00345995844431,100.0,97.58911986757865,100.0,98.8117608277944,98.80257926307125
10741,adaptive,10,35.531787237082625,High,Advanced Topics,Advanced Practice,Advanced Practice,1.650973850583572,9.3,0.16,0.024566490896683557,0.6113759053595778,58.6,37.4,42.7,56.4,29.311375905359576
10742,adaptive,10,68.11153635280783,Low,Advanced Topics,Advanced Practice,Advanced Practice,4.573067868211947,64.1,0.16,0.4690138405638172,11.681524254682937,73.7,83.2,68.9,64.32437138388003,65.4571528708029
10750,adaptive,10,95.29874627909558,Low,Conceptual Understanding,Concept Review,Concept Review,5.382268563969849,60.3,0.16,0.0,0.0,100.0,100.0,100.0,100.0,100.0
10754,adaptive,10,63.341376141982856,Medium,Application Skills,Application Exercise,Application Exercise,2.6259900764483315,38.5,0.16,0.16176098870921723,4.023804594141779,77.6,96.6,63.12380459414179,80.4,77.8
10762,adaptive,10,36.57411806275195,Medium,Advanced Topics,Advanced Practice,Advanced Practice,2.055435054411226,32.2,0.16,0.10589601400326636,2.638412492522514,35.8,40.3,53.4,54.5,14.438412492522513
10765,adaptive,10,53.05536520810101,Medium,Application Skills,Application Exercise,Application Exercise,2.8325998057124857,36.8,0.16,0.16678347656035114,4.148738979438735,64.8,70.8,58.948738979438744,59.7,65.2
10768,adaptive,10,53.82689894996532,Medium,Critical Thinking,Critical Thinking Activity,Critical Thinking Activity,4.397401947900676,57.7,0.16,0.4059681478301904,10.092015293106535,53.84349057549701,60.6,54.4,50.990591984279064,50.95793273333046
10788,adaptive,10,86.79629476067623,Low,Problem Solving,Practice Questions,Practice Questions,4.0695653159565035,58.3,0.16,0.3796090526724226,9.442775185226512,100.0,82.84277518522651,100.0,100.0,88.9
10801,adaptive,10,76.31928807180195,Low,Application Skills,Application Exercise,Application Exercise,3.808655225709122,46.0,0.16,0.28031702461219143,6.9645063958782725,83.36928886554107,80.0418286281335,81.25338890220372,84.7,88.3
10803,adaptive,10,99.48594853429978,Low,Conceptual Understanding,Concept Review,Concept Review,5.370773753310041,73.3,0.16,0.0,0.0,100.0,100.0,100.0,100.0,100.0
10811,adaptive,10,73.30011457156907,Low,Advanced Topics,Advanced Practice,Advanced Practice,3.865946360380582,45.3,0.16,0.28020379220038455,6.977223762355902,75.9,70.47956239110665,76.2,72.6,70.39766137124924
10812,adaptive,10,68.3445143365653,Low,Advanced Topics,Advanced Practice,Advanced Practice,4.522004620853671,54.2,0.16,0.39214824072043036,9.781196593606884,82.1,73.8,75.3,73.5,68.18119659360688
10817,adaptive,10,88.27462959723341,Low,Application Skills,Concept Review,Concept Review,3.6320838343235726,47.7,0.16,0.0,0.0,100.0,100.0,95.8,100.0,94.1
10821,adaptive,10,79.79577414887385,Low,Conceptual Understanding,Concept Review,Concept Review,4.212005662214157,59.4,0.16,0.40030901813683345,9.92603572276814,77.05445167003307,89.5,81.4,70.07158405273508,86.1
10823,adaptive,10,41.8094159400543,Medium,Problem Solving,Guided Review,Practice Questions,2.134193175222646,20.3,0.16,0.06931859433123154,1.724803959137662,44.9,29.908462835431944,32.6,35.2,28.11634112370572
10824,adaptive,10,40.7556336088863,Medium,Problem Solving,Practice Questions,Practice Questions,1.6408532280664132,16.5,0.16,0.04331852522095331,1.0775483148712137,54.3,42.977548314871214,58.2,51.7,40.8
10827,adaptive,10,81.35350557823544,Low,Advanced Topics,Advanced Practice,Advanced Practice,5.379879381428969,59.9,0.16,0.5156076399161524,12.864269248725977,86.9,93.7,88.6,97.5,81.36426924872598
10830,adaptive,10,81.89345666142404,Low,Advanced Topics,Advanced Practice,Advanced Practice,4.364492472171027,59.6,0.16,0.41619800214622915,10.383869909855077,95.8,96.1,100.0,91.0,90.48386990985506
10838,adaptive,10,64.79003629504778,Medium,Conceptual Understanding,Concept Review,Concept Review,3.193503986536342,42.8,0.16,0.2186911529980087,5.422368574545871,68.32236857454586,74.3,79.3,75.5,74.8
10846,adaptive,10,66.71137549596712,Medium,Critical Thinking,Critical Thinking Activity,Critical Thinking Activity,3.5613717705592443,53.0,0.16,0.30200432614342393,7.505202006800919,77.55059798147998,73.66554006671002,94.8,74.21152421453756,75.87753974407335
10850,adaptive,10,48.82661632771888,Medium,Advanced Topics,Concept Review,Concept Review,2.3512940833483054,23.9,0.16,0.08991348574723919,2.235265718859008,46.82826174348589,48.6,51.4,83.0,48.30700397537313
10860,adaptive,10,98.23811385268056,Low,Conceptual Understanding,Concept Review,Concept Review,6.034688430708864,80.9,0.16,0.0,0.0,100.0,100.0,100.0,100.0,100.0
10866,adaptive,10,104.12216413782772,Low,Conceptual Understanding,Concept Review,Concept Review,6.1325647464936806,83.9,0.16,0.0,0.0,100.0,100.0,100.0,100.0,100.0
10867,adaptive,10,81.51359210470147,Low,Application Skills,Advanced Practice,Advanced Practice,5.299577954519574,72.7,0.16,0.6164469076697168,15.296983771518434,92.05687067823851,96.8,92.96935119203167,92.35431499357853,92.61644690766971
10868,adaptive,10,90.3519349943435,Low,Critical Thinking,Critical Thinking Activity,Critical Thinking Activity,5.960906230358109,91.4,0.16,0.8717229271275698,21.67374847676445,100.0,95.89590577430202,98.63879204023765,98.43905066222477,99.5
10880,adaptive,10,63.66306202737921,Medium,Advanced Topics,Advanced Practice,Advanced Practice,4.2282551927216465,51.4,0.16,0.34773170704942824,8.672115932868364,77.3,72.3,70.1,70.2,65.27211593286837
10884,adaptive,10,96.80298636017697,Low,Conceptual Understanding,Concept Review,Concept Review,5.385335560825377,71.0,0.16,0.0,3.820409505945091,100.0,100.0,100.0,98.12040950594509,100.0
10885,adaptive,10,56.41896617048299,Medium,Advanced Topics,Advanced Practice,Advanced Practice,3.340656330682466,31.8,0.16,0.1699725941051239,4.225610506434105,70.5,73.2,62.8,58.94315442581346,61.48245608062065
10893,adaptive,10,63.0683704478052,Medium,Problem Solving,Practice Questions,Practice Questions,3.7790393653222303,45.1,0.16,0.27269548060165216,6.783300079966097,65.5,56.083300079966094,75.6,59.0,71.6
10894,adaptive,10,46.458078209684025,Medium,Advanced Topics,Advanced Practice,Advanced Practice,1.9239526622863146,13.6,0.16,0.04186520993135021,1.042106082726864,54.0,61.0,70.5,46.1,40.24210608272687
10900,adaptive,10,100.67709792724179,Low,Conceptual Understanding,Concept Review,Concept Review,6.492620087005345,87.9,0.16,0.0,5.7011403586457,100.0,100.0,100.0,95.4011403586457,100.0
10902,adaptive,10,85.46717971798321,Low,Application Skills,Application Exercise,Application Exercise,4.9574038560121565,61.0,0.16,0.48384261634678644,12.026070626016866,93.2,100.0,91.28184051434997,89.8442301116669,98.1
10903,adaptive,10,44.68148342120337,Medium,Advanced Topics,Advanced Practice,Advanced Practice,1.5700773659653646,28.4,0.16,0.07134431550946617,1.7772143645262888,61.9,57.2,55.9,59.0,41.377214364526296
10915,adaptive,10,74.25845518998982,Low,Advanced Topics,Advanced Practice,Advanced Practice,3.81160858315973,36.2,0.16,0.22076836913661158,5.501573665144036,83.2,80.8,90.5,93.6,71.10157366514402
10918,adaptive,10,38.22129112584867,High,Application Skills,Application Exercise,Application Exercise,1.8917151855780479,24.4,0.16,0.07385256084496698,1.837082451018554,53.8,58.4,27.637082451018554,39.0,30.7
10925,adaptive,10,74.01060993773427,Low,Application Skills,Application Exercise,Application Exercise,2.717052478843144,41.6,0.16,0.1808470129917997,4.498569448171017,81.1,94.4,84.29856944817101,91.4,95.3
10937,adaptive,10,74.38210623926686,Low,Conceptual Understanding,Concept Review,Concept Review,4.924487961086958,64.4,0.16,0.5074192395104001,12.634127500336486,73.60741923951039,75.2,75.68281626933351,83.1,76.64389199149258
10939,adaptive,10,101.57599107909621,Low,Conceptual Understanding,Concept Review,Concept Review,5.80795881648581,76.5,0.16,0.0,0.0,100.0,100.0,100.0,100.0,100.0
10942,adaptive,10,56.04599527371638,Medium,Advanced Topics,Advanced Practice,Advanced Practice,3.5249416998688363,42.5,0.16,0.23969603559108088,5.975138584327221,77.8,70.9,71.7,78.1,59.07513858432723
10943,adaptive,10,57.70924785756793,Medium,Application Skills,Application Exercise,Application Exercise,2.623517398093341,39.1,0.16,0.16412724842471943,4.0826653045648955,68.8,55.8,55.882665304564895,61.1,63.0
10948,adaptive,10,49.84092823357503,Medium,Advanced Topics,Advanced Practice,Advanced Practice,2.6676277727735176,35.2,0.16,0.15024079616260452,3.743830758305177,52.8,52.5,54.6,68.5,32.64383075830517
10949,adaptive,10,92.05120895210861,Low,Conceptual Understanding,Concept Review,Concept Review,4.712820022042393,63.9,0.16,0.0,0.7000000000000028,100.0,100.0,100.0,100.0,100.0
10960,adaptive,10,68.05600068676203,Low,Conceptual Understanding,Concept Review,Concept Review,3.2551876763281458,45.7,0.16,0.23801932289311403,5.900311158865519,73.5003111588655,80.7,85.7,87.2,95.3
10974,adaptive,10,72.20036891780904,Low,Advanced Topics,Advanced Practice,Advanced Practice,4.323248341190126,51.0,0.16,0.3527770646411143,8.797766277843484,100.0,90.3,79.1,83.9,76.89776627784349
10975,adaptive,10,59.355662301396066,Medium,Advanced Topics,Application Exercise,Application Exercise,3.779678941203981,45.6,0.16,0.27576537555024244,6.862416264736183,82.0,66.3,60.55553166513547,64.5,62.10688459960071
10978,adaptive,10,65.49686675468573,Medium,Advanced Topics,Advanced Practice,Advanced Practice,3.8565782350342723,54.5,0.16,0.3362936220949886,8.388163302363106,82.2,69.0,72.5,70.3,64.48816330236309
10979,adaptive,10,44.64569757020867,Medium,Advanced Topics,Advanced Practice,Advanced Practice,2.5048050239754804,29.0,0.16,0.11622295311246228,2.8952454888082406,49.6,50.8,40.4,37.0,31.595245488808242
10986,adaptive,10,75.0028841888818,Low,Problem Solving,Practice Questions,Practice Questions,3.4775910617235612,28.3,0.16,0.15746532327484286,3.916949916461716,100.0,78.41694991646172,89.2,77.6,80.0
10987,adaptive,10,93.5620377521369,Low,Conceptual Understanding,Concept Review,Concept Review,6.133379199193349,79.6,0.16,0.0,16.76679311574872,100.0,98.5179031017498,100.0,99.04889001399891,97.4
10990,adaptive,10,56.34905802579243,Medium,Problem Solving,Practice Questions,Practice Questions,3.284489287695608,46.4,0.16,0.24384048471852193,6.076856222136115,60.1,50.006160193667824,58.1,59.4,51.970696028468296
10996,adaptive,10,78.8459224872985,Low,Conceptual Understanding,Concept Review,Concept Review,4.119215536661708,53.8,0.16,0.35458207339583975,8.802821135889356,91.61948545713277,94.2,90.7,92.3,89.2833356787566
10999,adaptive,10,88.86520997307777,Low,Critical Thinking,Critical Thinking Activity,Critical Thinking Activity,5.560909794461473,81.0,0.16,0.720693909362207,17.89135684839812,100.0,100.0,95.3,93.49135684839814,97.6
