student_id,activity,estimated_gain,observed_activity,observed_gain
10001,Concept Review,2.1783487543398814,Advanced Practice,0.89
10001,Practice Questions,2.8635231844883746,Advanced Practice,0.89
10001,Application Exercise,4.232146314578449,Advanced Practice,0.89
10001,Critical Thinking Activity,2.6423778164194767,Advanced Practice,0.89
10001,Advanced Practice,2.8201862457086073,Advanced Practice,0.89
10002,Concept Review,4.5380547255639385,Practice Questions,5.57
10002,Practice Questions,4.911740424993788,Practice Questions,5.57
10002,Application Exercise,6.196730124308742,Practice Questions,5.57
10002,Critical Thinking Activity,4.794945318279606,Practice Questions,5.57
10002,Advanced Practice,5.297885353528203,Practice Questions,5.57
10003,Concept Review,4.726164409244762,Practice Questions,2.87
10003,Practice Questions,5.274511905486348,Practice Questions,2.87
10003,Application Exercise,6.282218158750334,Practice Questions,2.87
10003,Critical Thinking Activity,5.350111883267914,Practice Questions,2.87
10003,Advanced Practice,5.238352483872938,Practice Questions,2.87
10004,Concept Review,4.32549299612233,Critical Thinking Activity,4.6
10004,Practice Questions,4.066238793932972,Critical Thinking Activity,4.6
10004,Application Exercise,5.461193315559658,Critical Thinking Activity,4.6
10004,Critical Thinking Activity,4.47739651499389,Critical Thinking Activity,4.6
10004,Advanced Practice,4.386527253378751,Critical Thinking Activity,4.6
10005,Concept Review,1.5054588480540958,Advanced Practice,1.88
10005,Practice Questions,1.704091860828185,Advanced Practice,1.88
10005,Application Exercise,1.8663614739939762,Advanced Practice,1.88
10005,Critical Thinking Activity,1.702762665780105,Advanced Practice,1.88
10005,Advanced Practice,1.6633923043015897,Advanced Practice,1.88
10006,Concept Review,3.1532881797903385,Practice Questions,5.84
10006,Practice Questions,3.4580638574881926,Practice Questions,5.84
10006,Application Exercise,3.5298357225561374,Practice Questions,5.84
10006,Critical Thinking Activity,3.4583102919742976,Practice Questions,5.84
10006,Advanced Practice,3.0836267040567824,Practice Questions,5.84
10007,Concept Review,5.4436522828127725,Critical Thinking Activity,3.87
10007,Practice Questions,4.8327157924282655,Critical Thinking Activity,3.87
10007,Application Exercise,6.236791471604791,Critical Thinking Activity,3.87
10007,Critical Thinking Activity,5.6453941277254955,Critical Thinking Activity,3.87
10007,Advanced Practice,6.44470641715239,Critical Thinking Activity,3.87
10008,Concept Review,2.1309509450592103,Advanced Practice,2.15
10008,Practice Questions,2.949655810882278,Advanced Practice,2.15
10008,Application Exercise,3.8822272729959315,Advanced Practice,2.15
10008,Critical Thinking Activity,2.7420170071721706,Advanced Practice,2.15
10008,Advanced Practice,3.1730952594752564,Advanced Practice,2.15
10009,Concept Review,4.852567667423665,Application Exercise,5.89
10009,Practice Questions,4.122127021621701,Application Exercise,5.89
10009,Application Exercise,4.647358441371611,Application Exercise,5.89
10009,Critical Thinking Activity,4.495441074762519,Application Exercise,5.89
10009,Advanced Practice,4.944648973095446,Application Exercise,5.89
10010,Concept Review,3.1974740309564993,Critical Thinking Activity,3.63
10010,Practice Questions,3.435401728532115,Critical Thinking Activity,3.63
10010,Application Exercise,4.4058289388598375,Critical Thinking Activity,3.63
10010,Critical Thinking Activity,3.378981670764265,Critical Thinking Activity,3.63
10010,Advanced Practice,3.0855861369806754,Critical Thinking Activity,3.63
10011,Concept Review,1.7288246166101326,Advanced Practice,2.59
10011,Practice Questions,2.8070697691292135,Advanced Practice,2.59
10011,Application Exercise,3.318850773368046,Advanced Practice,2.59
10011,Critical Thinking Activity,1.981238988619529,Advanced Practice,2.59
10011,Advanced Practice,2.005376438680555,Advanced Practice,2.59
10012,Concept Review,3.9758769250116934,Advanced Practice,2.74
10012,Practice Questions,3.6302830631328105,Advanced Practice,2.74
10012,Application Exercise,4.536933246705963,Advanced Practice,2.74
10012,Critical Thinking Activity,4.0759789528093195,Advanced Practice,2.74
10012,Advanced Practice,4.406804801336414,Advanced Practice,2.74
10013,Concept Review,1.7354044419833043,Advanced Practice,2.03
10013,Practice Questions,3.218698123096948,Advanced Practice,2.03
10013,Application Exercise,3.7946215686796263,Advanced Practice,2.03
10013,Critical Thinking Activity,2.4264357908018996,Advanced Practice,2.03
10013,Advanced Practice,2.8554549542596384,Advanced Practice,2.03
10014,Concept Review,4.140868093495333,Critical Thinking Activity,5.87
10014,Practice Questions,4.257784822143587,Critical Thinking Activity,5.87
10014,Application Exercise,4.8344577431070235,Critical Thinking Activity,5.87
10014,Critical Thinking Activity,4.103611719860434,Critical Thinking Activity,5.87
10014,Advanced Practice,3.886607493076512,Critical Thinking Activity,5.87
10015,Concept Review,3.445663698630718,Application Exercise,3.95
10015,Practice Questions,4.118296619593498,Application Exercise,3.95
10015,Application Exercise,4.289430899325638,Application Exercise,3.95
10015,Critical Thinking Activity,3.752633773951709,Application Exercise,3.95
10015,Advanced Practice,3.9781362166076666,Application Exercise,3.95
10016,Concept Review,1.1911787900532915,Application Exercise,2.63
10016,Practice Questions,1.5797933861495825,Application Exercise,2.63
10016,Application Exercise,2.716122496970798,Application Exercise,2.63
10016,Critical Thinking Activity,2.3181404646828208,Application Exercise,2.63
10016,Advanced Practice,2.5442779487873324,Application Exercise,2.63
10017,Concept Review,3.161095035134287,Critical Thinking Activity,3.12
10017,Practice Questions,3.3976556151446142,Critical Thinking Activity,3.12
10017,Application Exercise,4.429592440234933,Critical Thinking Activity,3.12
10017,Critical Thinking Activity,3.212918704130115,Critical Thinking Activity,3.12
10017,Advanced Practice,3.3833517304301943,Critical Thinking Activity,3.12
10018,Concept Review,2.7752707133130317,Advanced Practice,1.19
10018,Practice Questions,3.130615508088375,Advanced Practice,1.19
10018,Application Exercise,3.131443522744088,Advanced Practice,1.19
10018,Critical Thinking Activity,3.1669955103590883,Advanced Practice,1.19
10018,Advanced Practice,2.944272028511487,Advanced Practice,1.19
10019,Concept Review,4.395041345909221,Concept Review,5.94
10019,Practice Questions,4.168358610776888,Concept Review,5.94
10019,Application Exercise,4.307653451609183,Concept Review,5.94
10019,Critical Thinking Activity,4.576873029915702,Concept Review,5.94
10019,Advanced Practice,4.369891374274128,Concept Review,5.94
10020,Concept Review,4.896520040727967,Application Exercise,6.03
10020,Practice Questions,4.901915569575539,Application Exercise,6.03
10020,Application Exercise,5.458247887476045,Application Exercise,6.03
10020,Critical Thinking Activity,5.039606297121649,Application Exercise,6.03
10020,Advanced Practice,4.915628758380657,Application Exercise,6.03
10021,Concept Review,3.948239707879863,Advanced Practice,7.17
10021,Practice Questions,4.211172343674791,Advanced Practice,7.17
10021,Application Exercise,5.129095536354088,Advanced Practice,7.17
10021,Critical Thinking Activity,3.6993505360839394,Advanced Practice,7.17
10021,Advanced Practice,3.5786612666106574,Advanced Practice,7.17
10022,Concept Review,3.234345939305061,Critical Thinking Activity,1.42
10022,Practice Questions,2.8392951182240633,Critical Thinking Activity,1.42
10022,Application Exercise,3.3914048947168425,Critical Thinking Activity,1.42
10022,Critical Thinking Activity,3.2218927542693434,Critical Thinking Activity,1.42
10022,Advanced Practice,3.08505361130889,Critical Thinking Activity,1.42
10023,Concept Review,4.561253079538451,Critical Thinking Activity,5.71
10023,Practice Questions,4.005647672119581,Critical Thinking Activity,5.71
10023,Application Exercise,5.0688765937448155,Critical Thinking Activity,5.71
10023,Critical Thinking Activity,4.693727914578608,Critical Thinking Activity,5.71
10023,Advanced Practice,4.69221872540942,Critical Thinking Activity,5.71
10024,Concept Review,5.409725542341099,Application Exercise,4.44
10024,Practice Questions,5.922258097674326,Application Exercise,4.44
10024,Application Exercise,6.475224616357405,Application Exercise,4.44
10024,Critical Thinking Activity,6.606456087943777,Application Exercise,4.44
10024,Advanced Practice,6.350211064502653,Application Exercise,4.44
10025,Concept Review,1.965579110355625,Advanced Practice,2.64
10025,Practice Questions,3.1326265883054676,Advanced Practice,2.64
10025,Application Exercise,3.370224253699811,Advanced Practice,2.64
10025,Critical Thinking Activity,2.813106918019425,Advanced Practice,2.64
10025,Advanced Practice,2.1547245822241288,Advanced Practice,2.64
10026,Concept Review,5.735481561477329,Critical Thinking Activity,7.24
10026,Practice Questions,5.558275864300976,Critical Thinking Activity,7.24
10026,Application Exercise,6.332673482697629,Critical Thinking Activity,7.24
10026,Critical Thinking Activity,5.767039066161999,Critical Thinking Activity,7.24
10026,Advanced Practice,5.702575233717028,Critical Thinking Activity,7.24
10027,Concept Review,1.0256624705915813,Advanced Practice,0.0
10027,Practice Questions,1.28857809593225,Advanced Practice,0.0
10027,Application Exercise,2.0635636517250724,Advanced Practice,0.0
10027,Critical Thinking Activity,1.8528464223668375,Advanced Practice,0.0
10027,Advanced Practice,1.3798622654264623,Advanced Practice,0.0
10028,Concept Review,5.082669891073982,Concept Review,5.29
10028,Practice Questions,5.13273636662711,Concept Review,5.29
10028,Application Exercise,5.81613199618646,Concept Review,5.29
10028,Critical Thinking Activity,5.524719401022485,Concept Review,5.29
10028,Advanced Practice,5.641690339836263,Concept Review,5.29
10029,Concept Review,4.775064240134254,Advanced Practice,4.07
10029,Practice Questions,4.793487697580927,Advanced Practice,4.07
10029,Application Exercise,4.401886465965399,Advanced Practice,4.07
10029,Critical Thinking Activity,4.797142765406135,Advanced Practice,4.07
10029,Advanced Practice,4.863983244345938,Advanced Practice,4.07
10030,Concept Review,2.8493560314371615,Concept Review,2.03
10030,Practice Questions,2.8684256710497253,Concept Review,2.03
10030,Application Exercise,3.9345326533472393,Concept Review,2.03
10030,Critical Thinking Activity,3.758338186129063,Concept Review,2.03
10030,Advanced Practice,2.6371437010139616,Concept Review,2.03
10031,Concept Review,3.296825552838497,Critical Thinking Activity,3.55
10031,Practice Questions,2.7874948963890747,Critical Thinking Activity,3.55
10031,Application Exercise,3.389703135595311,Critical Thinking Activity,3.55
10031,Critical Thinking Activity,3.3981538309611903,Critical Thinking Activity,3.55
10031,Advanced Practice,3.0549370713073087,Critical Thinking Activity,3.55
10032,Concept Review,3.3379457918148296,Critical Thinking Activity,6.24
10032,Practice Questions,3.829936317304375,Critical Thinking Activity,6.24
10032,Application Exercise,4.823061413952507,Critical Thinking Activity,6.24
10032,Critical Thinking Activity,4.569098685452855,Critical Thinking Activity,6.24
10032,Advanced Practice,4.725363850187046,Critical Thinking Activity,6.24
10033,Concept Review,1.8441823581073347,Critical Thinking Activity,2.28
10033,Practice Questions,2.3819476573131118,Critical Thinking Activity,2.28
10033,Application Exercise,3.278674001166813,Critical Thinking Activity,2.28
10033,Critical Thinking Activity,2.0113547261221427,Critical Thinking Activity,2.28
10033,Advanced Practice,2.6922957247210095,Critical Thinking Activity,2.28
10034,Concept Review,2.387824017747505,Advanced Practice,3.36
10034,Practice Questions,2.901946214570013,Advanced Practice,3.36
10034,Application Exercise,3.501899365142175,Advanced Practice,3.36
10034,Critical Thinking Activity,2.6304342956928286,Advanced Practice,3.36
10034,Advanced Practice,3.047839287837535,Advanced Practice,3.36
10035,Concept Review,3.8294519690288853,Critical Thinking Activity,4.43
10035,Practice Questions,4.259549342995207,Critical Thinking Activity,4.43
10035,Application Exercise,5.229307615326161,Critical Thinking Activity,4.43
10035,Critical Thinking Activity,4.286312522916419,Critical Thinking Activity,4.43
10035,Advanced Practice,4.342767582029781,Critical Thinking Activity,4.43
10036,Concept Review,3.1642442726599964,Advanced Practice,3.61
10036,Practice Questions,3.6988322229518906,Advanced Practice,3.61
10036,Application Exercise,4.654934631449801,Advanced Practice,3.61
10036,Critical Thinking Activity,4.148013547877916,Advanced Practice,3.61
10036,Advanced Practice,4.099973526905913,Advanced Practice,3.61
10037,Concept Review,3.7508825613056644,Critical Thinking Activity,2.67
10037,Practice Questions,4.044459042361393,Critical Thinking Activity,2.67
10037,Application Exercise,4.2412584159891535,Critical Thinking Activity,2.67
10037,Critical Thinking Activity,3.8799276127091913,Critical Thinking Activity,2.67
10037,Advanced Practice,4.307340538698664,Critical Thinking Activity,2.67
10038,Concept Review,4.095561140126929,Critical Thinking Activity,6.64
10038,Practice Questions,4.70657531927462,Critical Thinking Activity,6.64
10038,Application Exercise,5.027049979864968,Critical Thinking Activity,6.64
10038,Critical Thinking Activity,4.834876807754062,Critical Thinking Activity,6.64
10038,Advanced Practice,4.981319283527492,Critical Thinking Activity,6.64
10039,Concept Review,4.894867121731754,Critical Thinking Activity,5.63
10039,Practice Questions,5.492609949163336,Critical Thinking Activity,5.63
10039,Application Exercise,6.335302075829296,Critical Thinking Activity,5.63
10039,Critical Thinking Activity,5.279269090008305,Critical Thinking Activity,5.63
10039,Advanced Practice,5.323594045537317,Critical Thinking Activity,5.63
10040,Concept Review,3.137001609098219,Critical Thinking Activity,4.51
10040,Practice Questions,3.615768733028846,Critical Thinking Activity,4.51
10040,Application Exercise,5.092169410486102,Critical Thinking Activity,4.51
10040,Critical Thinking Activity,4.4140536564543815,Critical Thinking Activity,4.51
10040,Advanced Practice,4.209797665051926,Critical Thinking Activity,4.51
10041,Concept Review,3.044169650638416,Critical Thinking Activity,2.79
10041,Practice Questions,3.6343109167345,Critical Thinking Activity,2.79
10041,Application Exercise,4.603402437106756,Critical Thinking Activity,2.79
10041,Critical Thinking Activity,4.069415335536715,Critical Thinking Activity,2.79
10041,Advanced Practice,4.302431362387824,Critical Thinking Activity,2.79
10042,Concept Review,3.675685027333415,Application Exercise,4.19
10042,Practice Questions,4.528513201065361,Application Exercise,4.19
10042,Application Exercise,5.119143642456493,Application Exercise,4.19
10042,Critical Thinking Activity,4.761120585352566,Application Exercise,4.19
10042,Advanced Practice,5.049658627346606,Application Exercise,4.19
10043,Concept Review,1.5794575833641944,Critical Thinking Activity,1.65
10043,Practice Questions,1.9743981117595826,Critical Thinking Activity,1.65
10043,Application Exercise,3.2380769671786798,Critical Thinking Activity,1.65
10043,Critical Thinking Activity,1.9756781705152409,Critical Thinking Activity,1.65
10043,Advanced Practice,2.0896151355614547,Critical Thinking Activity,1.65
10044,Concept Review,1.929198658153746,Advanced Practice,0.75
10044,Practice Questions,3.2925644037687922,Advanced Practice,0.75
10044,Application Exercise,3.373300442270901,Advanced Practice,0.75
10044,Critical Thinking Activity,2.5444434550224555,Advanced Practice,0.75
10044,Advanced Practice,3.1269488001745755,Advanced Practice,0.75
10045,Concept Review,4.512457505207669,Concept Review,2.61
10045,Practice Questions,4.8940197575087865,Concept Review,2.61
10045,Application Exercise,5.072514712007287,Concept Review,2.61
10045,Critical Thinking Activity,5.185893318942441,Concept Review,2.61
10045,Advanced Practice,4.725221167794314,Concept Review,2.61
10046,Concept Review,3.0100025008192004,Advanced Practice,2.52
10046,Practice Questions,3.3814322446996803,Advanced Practice,2.52
10046,Application Exercise,3.6441518428082276,Advanced Practice,2.52
10046,Critical Thinking Activity,2.674339592995624,Advanced Practice,2.52
10046,Advanced Practice,3.2851062661771815,Advanced Practice,2.52
10047,Concept Review,2.041406034146069,Advanced Practice,3.62
10047,Practice Questions,2.2970544361764897,Advanced Practice,3.62
10047,Application Exercise,2.5432852236884327,Advanced Practice,3.62
10047,Critical Thinking Activity,2.1450997707750608,Advanced Practice,3.62
10047,Advanced Practice,2.7376238268558115,Advanced Practice,3.62
10048,Concept Review,2.8083252756564656,Advanced Practice,2.72
10048,Practice Questions,3.7932138982819614,Advanced Practice,2.72
10048,Application Exercise,4.713605515825652,Advanced Practice,2.72
10048,Critical Thinking Activity,4.08749038031582,Advanced Practice,2.72
10048,Advanced Practice,3.770466994305382,Advanced Practice,2.72
10049,Concept Review,2.0803464621324586,Advanced Practice,1.3
10049,Practice Questions,3.1053443548137896,Advanced Practice,1.3
10049,Application Exercise,3.6063347542343713,Advanced Practice,1.3
10049,Critical Thinking Activity,3.3161977090387516,Advanced Practice,1.3
10049,Advanced Practice,2.758784091150852,Advanced Practice,1.3
10050,Concept Review,4.340920648303943,Advanced Practice,2.52
10050,Practice Questions,4.131456085754715,Advanced Practice,2.52
10050,Application Exercise,4.4462676370750085,Advanced Practice,2.52
10050,Critical Thinking Activity,3.59228748528348,Advanced Practice,2.52
10050,Advanced Practice,3.3252926176258457,Advanced Practice,2.52
10051,Concept Review,2.4311737026362685,Advanced Practice,1.91
10051,Practice Questions,2.9391602539903063,Advanced Practice,1.91
10051,Application Exercise,4.241136366541558,Advanced Practice,1.91
10051,Critical Thinking Activity,2.5795936940786626,Advanced Practice,1.91
10051,Advanced Practice,3.0648868118814496,Advanced Practice,1.91
10052,Concept Review,1.9130294231203597,Advanced Practice,1.63
10052,Practice Questions,2.71455242512922,Advanced Practice,1.63
10052,Application Exercise,3.622271543433949,Advanced Practice,1.63
10052,Critical Thinking Activity,2.359944556855753,Advanced Practice,1.63
10052,Advanced Practice,2.550761577949391,Advanced Practice,1.63
10053,Concept Review,3.850569427056296,Advanced Practice,7.39
10053,Practice Questions,4.283598607902284,Advanced Practice,7.39
10053,Application Exercise,5.20071208003457,Advanced Practice,7.39
10053,Critical Thinking Activity,4.423805049829664,Advanced Practice,7.39
10053,Advanced Practice,4.615833526695408,Advanced Practice,7.39
10054,Concept Review,2.3251138672090748,Application Exercise,5.12
10054,Practice Questions,3.5191225931028387,Application Exercise,5.12
10054,Application Exercise,4.6029368731821,Application Exercise,5.12
10054,Critical Thinking Activity,3.4834268210221153,Application Exercise,5.12
10054,Advanced Practice,3.7165824067696587,Application Exercise,5.12
10055,Concept Review,3.684884474435523,Advanced Practice,6.08
10055,Practice Questions,4.797321268778038,Advanced Practice,6.08
10055,Application Exercise,4.966583096534528,Advanced Practice,6.08
10055,Critical Thinking Activity,4.030804265040899,Advanced Practice,6.08
10055,Advanced Practice,4.414956697244097,Advanced Practice,6.08
10056,Concept Review,5.465240932527261,Application Exercise,7.66
10056,Practice Questions,5.274458522198461,Application Exercise,7.66
10056,Application Exercise,6.022299500071335,Application Exercise,7.66
10056,Critical Thinking Activity,6.132857783301567,Application Exercise,7.66
10056,Advanced Practice,6.178154841016658,Application Exercise,7.66
10057,Concept Review,5.112099880182203,Practice Questions,3.26
10057,Practice Questions,4.914627270835526,Practice Questions,3.26
10057,Application Exercise,5.842159531320041,Practice Questions,3.26
10057,Critical Thinking Activity,5.27259817836773,Practice Questions,3.26
10057,Advanced Practice,5.14170662918198,Practice Questions,3.26
10058,Concept Review,3.2406405588314353,Practice Questions,1.74
10058,Practice Questions,3.5161529759458636,Practice Questions,1.74
10058,Application Exercise,3.4323459887768166,Practice Questions,1.74
10058,Critical Thinking Activity,3.8375227799003855,Practice Questions,1.74
10058,Advanced Practice,3.5447332964854024,Practice Questions,1.74
10059,Concept Review,3.170107838120122,Application Exercise,2.0
10059,Practice Questions,3.0283054984277338,Application Exercise,2.0
10059,Application Exercise,3.5610354534062463,Application Exercise,2.0
10059,Critical Thinking Activity,3.6372139286261893,Application Exercise,2.0
10059,Advanced Practice,4.059095289422844,Application Exercise,2.0
10060,Concept Review,5.654281259465789,Critical Thinking Activity,7.52
10060,Practice Questions,5.361625008909028,Critical Thinking Activity,7.52
10060,Application Exercise,6.242123614539615,Critical Thinking Activity,7.52
10060,Critical Thinking Activity,5.23996760503017,Critical Thinking Activity,7.52
10060,Advanced Practice,5.414900760251476,Critical Thinking Activity,7.52
10061,Concept Review,2.491823609846117,Advanced Practice,1.97
10061,Practice Questions,3.1538646613966366,Advanced Practice,1.97
10061,Application Exercise,3.841884607300234,Advanced Practice,1.97
10061,Critical Thinking Activity,3.074075580273407,Advanced Practice,1.97
10061,Advanced Practice,2.649450588707431,Advanced Practice,1.97
10062,Concept Review,1.4125797911569031,Concept Review,0.27
10062,Practice Questions,2.1722759902962077,Concept Review,0.27
10062,Application Exercise,3.2971829428087163,Concept Review,0.27
10062,Critical Thinking Activity,2.2885407758641634,Concept Review,0.27
10062,Advanced Practice,2.3186328918808226,Concept Review,0.27
10063,Concept Review,4.132206772683607,Practice Questions,3.44
10063,Practice Questions,4.347506385936764,Practice Questions,3.44
10063,Application Exercise,4.937103427251094,Practice Questions,3.44
10063,Critical Thinking Activity,3.996112874090992,Practice Questions,3.44
10063,Advanced Practice,3.9702758704984085,Practice Questions,3.44
10064,Concept Review,5.207064917929577,Practice Questions,5.21
10064,Practice Questions,5.646971972685987,Practice Questions,5.21
10064,Application Exercise,6.699612895708405,Practice Questions,5.21
10064,Critical Thinking Activity,5.849209017834567,Practice Questions,5.21
10064,Advanced Practice,5.895081601225794,Practice Questions,5.21
10065,Concept Review,2.51368585514948,Critical Thinking Activity,3.47
10065,Practice Questions,2.7517887482255388,Critical Thinking Activity,3.47
10065,Application Exercise,3.5713306551133277,Critical Thinking Activity,3.47
10065,Critical Thinking Activity,2.584453849193311,Critical Thinking Activity,3.47
10065,Advanced Practice,3.0418839617551945,Critical Thinking Activity,3.47
10066,Concept Review,2.5735438911291952,Advanced Practice,2.93
10066,Practice Questions,2.604355134454978,Advanced Practice,2.93
10066,Application Exercise,3.7809391632763067,Advanced Practice,2.93
10066,Critical Thinking Activity,2.8828232794414905,Advanced Practice,2.93
10066,Advanced Practice,2.728273917421737,Advanced Practice,2.93
10067,Concept Review,5.449447219247118,Practice Questions,4.09
10067,Practice Questions,5.031511499529263,Practice Questions,4.09
10067,Application Exercise,6.306812316634941,Practice Questions,4.09
10067,Critical Thinking Activity,5.445597970893472,Practice Questions,4.09
10067,Advanced Practice,5.553399761851275,Practice Questions,4.09
10068,Concept Review,3.3152095156330312,Critical Thinking Activity,4.31
10068,Practice Questions,3.029979852816525,Critical Thinking Activity,4.31
10068,Application Exercise,3.619057277236102,Critical Thinking Activity,4.31
10068,Critical Thinking Activity,3.3424935493357744,Critical Thinking Activity,4.31
10068,Advanced Practice,3.4895884155885986,Critical Thinking Activity,4.31
10069,Concept Review,5.563455869974161,Advanced Practice,4.36
10069,Practice Questions,5.103944368572394,Advanced Practice,4.36
10069,Application Exercise,5.4531547265662095,Advanced Practice,4.36
10069,Critical Thinking Activity,5.4379242978748685,Advanced Practice,4.36
10069,Advanced Practice,5.088131978657778,Advanced Practice,4.36
10070,Concept Review,0.22382702271367894,Application Exercise,1.41
10070,Practice Questions,1.216481244481661,Application Exercise,1.41
10070,Application Exercise,2.127601264793721,Application Exercise,1.41
10070,Critical Thinking Activity,1.6463276276395065,Application Exercise,1.41
10070,Advanced Practice,1.7278925446416653,Application Exercise,1.41
10071,Concept Review,3.7029390830900697,Critical Thinking Activity,5.67
10071,Practice Questions,4.443247776062179,Critical Thinking Activity,5.67
10071,Application Exercise,6.231474884127825,Critical Thinking Activity,5.67
10071,Critical Thinking Activity,4.874845890446019,Critical Thinking Activity,5.67
10071,Advanced Practice,4.801403859961425,Critical Thinking Activity,5.67
10072,Concept Review,3.551935417308847,Advanced Practice,3.24
10072,Practice Questions,4.5464213181868045,Advanced Practice,3.24
10072,Application Exercise,5.456199312429204,Advanced Practice,3.24
10072,Critical Thinking Activity,4.100728902842802,Advanced Practice,3.24
10072,Advanced Practice,4.017184054201615,Advanced Practice,3.24
10073,Concept Review,4.447577621192159,Practice Questions,3.4
10073,Practice Questions,3.9490754075061516,Practice Questions,3.4
10073,Application Exercise,3.9297295948599307,Practice Questions,3.4
10073,Critical Thinking Activity,4.002806941137205,Practice Questions,3.4
10073,Advanced Practice,3.964163871974115,Practice Questions,3.4
10074,Concept Review,3.8386347524725717,Critical Thinking Activity,5.2
10074,Practice Questions,3.5441452290535986,Critical Thinking Activity,5.2
10074,Application Exercise,4.604973725097576,Critical Thinking Activity,5.2
10074,Critical Thinking Activity,4.589861675691907,Critical Thinking Activity,5.2
10074,Advanced Practice,4.480243800655495,Critical Thinking Activity,5.2
10075,Concept Review,2.711801799660342,Concept Review,2.37
10075,Practice Questions,3.6461135529409434,Concept Review,2.37
10075,Application Exercise,4.201638963886824,Concept Review,2.37
10075,Critical Thinking Activity,3.6371230016004463,Concept Review,2.37
10075,Advanced Practice,3.4651814196605253,Concept Review,2.37
10076,Concept Review,4.430281336540834,Practice Questions,3.68
10076,Practice Questions,3.858299656136039,Practice Questions,3.68
10076,Application Exercise,4.660818371223112,Practice Questions,3.68
10076,Critical Thinking Activity,4.79635745819594,Practice Questions,3.68
10076,Advanced Practice,4.581796992663241,Practice Questions,3.68
10077,Concept Review,2.6219945621073135,Advanced Practice,4.38
10077,Practice Questions,3.3020606416871408,Advanced Practice,4.38
10077,Application Exercise,3.8147283618329206,Advanced Practice,4.38
10077,Critical Thinking Activity,3.3205650823174047,Advanced Practice,4.38
10077,Advanced Practice,3.3650798985187937,Advanced Practice,4.38
10078,Concept Review,2.7046787914931825,Application Exercise,6.91
10078,Practice Questions,3.5329785197044146,Application Exercise,6.91
10078,Application Exercise,4.759802226144146,Application Exercise,6.91
10078,Critical Thinking Activity,4.026231891057648,Application Exercise,6.91
10078,Advanced Practice,4.184725691001131,Application Exercise,6.91
10079,Concept Review,2.8085798335748944,Critical Thinking Activity,4.1
10079,Practice Questions,2.819279084142349,Critical Thinking Activity,4.1
10079,Application Exercise,4.221026889651187,Critical Thinking Activity,4.1
10079,Critical Thinking Activity,3.1963551164196624,Critical Thinking Activity,4.1
10079,Advanced Practice,3.3614018379440758,Critical Thinking Activity,4.1
10080,Concept Review,0.7343142454608205,Application Exercise,2.6
10080,Practice Questions,1.6183213777516907,Application Exercise,2.6
10080,Application Exercise,2.2829635328439775,Application Exercise,2.6
10080,Critical Thinking Activity,1.8293281839841422,Application Exercise,2.6
10080,Advanced Practice,1.764088343273631,Application Exercise,2.6
10081,Concept Review,3.8210619612313774,Application Exercise,5.05
10081,Practice Questions,4.005034547029532,Application Exercise,5.05
10081,Application Exercise,4.6609625426067804,Application Exercise,5.05
10081,Critical Thinking Activity,4.035657386880862,Application Exercise,5.05
10081,Advanced Practice,4.118509350826283,Application Exercise,5.05
10082,Concept Review,2.864965420744995,Practice Questions,1.6
10082,Practice Questions,3.0934055945165753,Practice Questions,1.6
10082,Application Exercise,4.179618730446084,Practice Questions,1.6
10082,Critical Thinking Activity,3.2008523412732974,Practice Questions,1.6
10082,Advanced Practice,3.6122088857798986,Practice Questions,1.6
10083,Concept Review,2.8850987588738235,Critical Thinking Activity,4.11
10083,Practice Questions,3.7220374802334084,Critical Thinking Activity,4.11
10083,Application Exercise,4.8929632566977155,Critical Thinking Activity,4.11
10083,Critical Thinking Activity,3.7197166182229346,Critical Thinking Activity,4.11
10083,Advanced Practice,4.029761949526371,Critical Thinking Activity,4.11
10084,Concept Review,2.6244531585776896,Advanced Practice,3.47
10084,Practice Questions,3.7313689155334346,Advanced Practice,3.47
10084,Application Exercise,4.6809535213414515,Advanced Practice,3.47
10084,Critical Thinking Activity,3.582558288930568,Advanced Practice,3.47
10084,Advanced Practice,4.032821246420633,Advanced Practice,3.47
10085,Concept Review,5.022927581759312,Advanced Practice,4.58
10085,Practice Questions,4.457998336008753,Advanced Practice,4.58
10085,Application Exercise,4.668658216702884,Advanced Practice,4.58
10085,Critical Thinking Activity,4.452656200179206,Advanced Practice,4.58
10085,Advanced Practice,4.27031115371634,Advanced Practice,4.58
10086,Concept Review,2.5454442835203857,Advanced Practice,3.24
10086,Practice Questions,2.6636270683061567,Advanced Practice,3.24
10086,Application Exercise,2.8984670479490693,Advanced Practice,3.24
10086,Critical Thinking Activity,2.9888237625138707,Advanced Practice,3.24
10086,Advanced Practice,2.8110166738193394,Advanced Practice,3.24
10087,Concept Review,3.8936285735502465,Practice Questions,4.31
10087,Practice Questions,3.86543627672193,Practice Questions,4.31
10087,Application Exercise,4.818719112184794,Practice Questions,4.31
10087,Critical Thinking Activity,4.35467034886194,Practice Questions,4.31
10087,Advanced Practice,3.7427451245100176,Practice Questions,4.31
10088,Concept Review,4.957827449906388,Critical Thinking Activity,5.12
10088,Practice Questions,4.8787711186062435,Critical Thinking Activity,5.12
10088,Application Exercise,5.400498571176014,Critical Thinking Activity,5.12
10088,Critical Thinking Activity,5.5899467416184905,Critical Thinking Activity,5.12
10088,Advanced Practice,5.27442426694193,Critical Thinking Activity,5.12
10089,Concept Review,2.65131303082097,Advanced Practice,3.4
10089,Practice Questions,3.38522977207873,Advanced Practice,3.4
10089,Application Exercise,3.465869860497505,Advanced Practice,3.4
10089,Critical Thinking Activity,3.428958860837516,Advanced Practice,3.4
10089,Advanced Practice,3.320590267971202,Advanced Practice,3.4
10090,Concept Review,4.706205885483627,Practice Questions,2.75
10090,Practice Questions,4.1104301313113,Practice Questions,2.75
10090,Application Exercise,4.525780011153737,Practice Questions,2.75
10090,Critical Thinking Activity,4.496257492773289,Practice Questions,2.75
10090,Advanced Practice,4.18202978041761,Practice Questions,2.75
10091,Concept Review,6.305094182539866,Practice Questions,5.63
10091,Practice Questions,6.159458739113193,Practice Questions,5.63
10091,Application Exercise,7.350213422644064,Practice Questions,5.63
10091,Critical Thinking Activity,6.321015526320635,Practice Questions,5.63
10091,Advanced Practice,6.143658344242378,Practice Questions,5.63
10092,Concept Review,2.8521690587853263,Critical Thinking Activity,5.2
10092,Practice Questions,2.4400508128423297,Critical Thinking Activity,5.2
10092,Application Exercise,3.412536728962806,Critical Thinking Activity,5.2
10092,Critical Thinking Activity,3.0329295111289953,Critical Thinking Activity,5.2
10092,Advanced Practice,3.2338014554743744,Critical Thinking Activity,5.2
10093,Concept Review,5.192648913718946,Concept Review,5.45
10093,Practice Questions,4.440223046177531,Concept Review,5.45
10093,Application Exercise,4.35441569162203,Concept Review,5.45
10093,Critical Thinking Activity,4.8539593694582805,Concept Review,5.45
10093,Advanced Practice,4.8264661686921055,Concept Review,5.45
10094,Concept Review,4.649332415688165,Concept Review,4.75
10094,Practice Questions,4.497120353443094,Concept Review,4.75
10094,Application Exercise,4.928527837277599,Concept Review,4.75
10094,Critical Thinking Activity,4.610903228204663,Concept Review,4.75
10094,Advanced Practice,4.597584720636801,Concept Review,4.75
10095,Concept Review,2.4834275890037505,Advanced Practice,5.78
10095,Practice Questions,2.9704406478984406,Advanced Practice,5.78
10095,Application Exercise,3.988547927432038,Advanced Practice,5.78
10095,Critical Thinking Activity,3.2835552472320453,Advanced Practice,5.78
10095,Advanced Practice,3.05021987382902,Advanced Practice,5.78
10096,Concept Review,5.691113489050945,Critical Thinking Activity,3.42
10096,Practice Questions,5.35934472767659,Critical Thinking Activity,3.42
10096,Application Exercise,6.556713964010989,Critical Thinking Activity,3.42
10096,Critical Thinking Activity,5.111577754926376,Critical Thinking Activity,3.42
10096,Advanced Practice,5.571172062317005,Critical Thinking Activity,3.42
10097,Concept Review,4.735605324566857,Concept Review,4.17
10097,Practice Questions,5.575633781854808,Concept Review,4.17
10097,Application Exercise,6.220111261835417,Concept Review,4.17
10097,Critical Thinking Activity,5.565303565817068,Concept Review,4.17
10097,Advanced Practice,5.766344165130905,Concept Review,4.17
10098,Concept Review,5.090898962341849,Concept Review,7.87
10098,Practice Questions,4.697755261684315,Concept Review,7.87
10098,Application Exercise,5.273540839380879,Concept Review,7.87
10098,Critical Thinking Activity,5.128005710511539,Concept Review,7.87
10098,Advanced Practice,4.926968980237602,Concept Review,7.87
10099,Concept Review,5.014406231756835,Critical Thinking Activity,4.98
10099,Practice Questions,4.725013432291564,Critical Thinking Activity,4.98
10099,Application Exercise,5.46694794368338,Critical Thinking Activity,4.98
10099,Critical Thinking Activity,5.221673992085188,Critical Thinking Activity,4.98
10099,Advanced Practice,5.078372828978448,Critical Thinking Activity,4.98
10100,Concept Review,4.809671338772246,Critical Thinking Activity,4.37
10100,Practice Questions,4.963221371839918,Critical Thinking Activity,4.37
10100,Application Exercise,4.985999406686467,Critical Thinking Activity,4.37
10100,Critical Thinking Activity,4.492596872413371,Critical Thinking Activity,4.37
10100,Advanced Practice,4.58675604938609,Critical Thinking Activity,4.37
10101,Concept Review,2.7176349755107534,Application Exercise,1.63
10101,Practice Questions,2.853004956320291,Application Exercise,1.63
10101,Application Exercise,2.804054034970691,Application Exercise,1.63
10101,Critical Thinking Activity,3.008992548724569,Application Exercise,1.63
10101,Advanced Practice,3.1500381232216803,Application Exercise,1.63
10102,Concept Review,3.789627996769583,Advanced Practice,4.93
10102,Practice Questions,4.372932726777086,Advanced Practice,4.93
10102,Application Exercise,5.637484927717813,Advanced Practice,4.93
10102,Critical Thinking Activity,3.6017647667996386,Advanced Practice,4.93
10102,Advanced Practice,4.3841420970346,Advanced Practice,4.93
10103,Concept Review,5.3276094947741575,Critical Thinking Activity,6.52
10103,Practice Questions,5.287479742950697,Critical Thinking Activity,6.52
10103,Application Exercise,5.603682971909619,Critical Thinking Activity,6.52
10103,Critical Thinking Activity,5.612088920364477,Critical Thinking Activity,6.52
10103,Advanced Practice,5.486985312596786,Critical Thinking Activity,6.52
10104,Concept Review,5.072619224085867,Advanced Practice,3.21
10104,Practice Questions,5.4306726042307965,Advanced Practice,3.21
10104,Application Exercise,6.192591656594208,Advanced Practice,3.21
10104,Critical Thinking Activity,5.466287385062726,Advanced Practice,3.21
10104,Advanced Practice,4.905993146620265,Advanced Practice,3.21
10105,Concept Review,5.556428835959987,Concept Review,5.08
10105,Practice Questions,4.860458902863371,Concept Review,5.08
10105,Application Exercise,5.458882748750899,Concept Review,5.08
10105,Critical Thinking Activity,5.491766748894653,Concept Review,5.08
10105,Advanced Practice,5.509000788737934,Concept Review,5.08
10106,Concept Review,5.132387753410798,Practice Questions,4.83
10106,Practice Questions,5.111831599701992,Practice Questions,4.83
10106,Application Exercise,5.776375776825326,Practice Questions,4.83
10106,Critical Thinking Activity,5.368401988221749,Practice Questions,4.83
10106,Advanced Practice,5.3036870527298925,Practice Questions,4.83
10107,Concept Review,4.279608213338454,Critical Thinking Activity,4.71
10107,Practice Questions,4.6108716462764,Critical Thinking Activity,4.71
10107,Application Exercise,5.455305834466152,Critical Thinking Activity,4.71
10107,Critical Thinking Activity,4.4967596613509935,Critical Thinking Activity,4.71
10107,Advanced Practice,4.337936437158872,Critical Thinking Activity,4.71
10108,Concept Review,3.9317165094469306,Critical Thinking Activity,3.09
10108,Practice Questions,4.4114276437139885,Critical Thinking Activity,3.09
10108,Application Exercise,4.884276836743334,Critical Thinking Activity,3.09
10108,Critical Thinking Activity,4.5170931305667885,Critical Thinking Activity,3.09
10108,Advanced Practice,4.554933466629973,Critical Thinking Activity,3.09
10109,Concept Review,3.5706258352225513,Application Exercise,6.42
10109,Practice Questions,3.839052679966406,Application Exercise,6.42
10109,Application Exercise,4.664531786182827,Application Exercise,6.42
10109,Critical Thinking Activity,4.401253099128181,Application Exercise,6.42
10109,Advanced Practice,4.688284314167441,Application Exercise,6.42
10110,Concept Review,4.164048391900508,Application Exercise,5.66
10110,Practice Questions,4.07916505689659,Application Exercise,5.66
10110,Application Exercise,3.562538744926197,Application Exercise,5.66
10110,Critical Thinking Activity,3.971711461392475,Application Exercise,5.66
10110,Advanced Practice,3.6691883144614446,Application Exercise,5.66
10111,Concept Review,2.1844351622551317,Critical Thinking Activity,2.59
10111,Practice Questions,3.785526524095042,Critical Thinking Activity,2.59
10111,Application Exercise,3.604052121412443,Critical Thinking Activity,2.59
10111,Critical Thinking Activity,2.5926796994335284,Critical Thinking Activity,2.59
10111,Advanced Practice,3.2110374291858808,Critical Thinking Activity,2.59
10112,Concept Review,4.52535226285002,Critical Thinking Activity,4.41
10112,Practice Questions,4.489015885091801,Critical Thinking Activity,4.41
10112,Application Exercise,5.690406193487518,Critical Thinking Activity,4.41
10112,Critical Thinking Activity,4.954388969586002,Critical Thinking Activity,4.41
10112,Advanced Practice,4.909202474788729,Critical Thinking Activity,4.41
10113,Concept Review,4.423590886538728,Concept Review,3.99
10113,Practice Questions,3.5621003438701346,Concept Review,3.99
10113,Application Exercise,3.3873235583792347,Concept Review,3.99
10113,Critical Thinking Activity,3.920323501917456,Concept Review,3.99
10113,Advanced Practice,3.85288850897338,Concept Review,3.99
10114,Concept Review,3.7229234566507374,Application Exercise,3.43
10114,Practice Questions,4.623192451335061,Application Exercise,3.43
10114,Application Exercise,5.273176005781371,Application Exercise,3.43
10114,Critical Thinking Activity,4.597161062249121,Application Exercise,3.43
10114,Advanced Practice,4.548653695729545,Application Exercise,3.43
10115,Concept Review,1.501909730102355,Advanced Practice,1.04
10115,Practice Questions,1.520094437377189,Advanced Practice,1.04
10115,Application Exercise,2.50002407505925,Advanced Practice,1.04
10115,Critical Thinking Activity,1.9518122494862653,Advanced Practice,1.04
10115,Advanced Practice,1.8302958981094262,Advanced Practice,1.04
10116,Concept Review,4.322458694524671,Practice Questions,4.07
10116,Practice Questions,4.062035469309869,Practice Questions,4.07
10116,Application Exercise,5.065138033728061,Practice Questions,4.07
10116,Critical Thinking Activity,4.3658288609002955,Practice Questions,4.07
10116,Advanced Practice,4.6337325628773876,Practice Questions,4.07
10117,Concept Review,3.7873451186844465,Advanced Practice,6.5
10117,Practice Questions,4.523204320039012,Advanced Practice,6.5
10117,Application Exercise,5.464602272826426,Advanced Practice,6.5
10117,Critical Thinking Activity,4.616711856866872,Advanced Practice,6.5
10117,Advanced Practice,4.062286353609282,Advanced Practice,6.5
10118,Concept Review,0.20059534784589106,Advanced Practice,2.5
10118,Practice Questions,1.6655284307462779,Advanced Practice,2.5
10118,Application Exercise,1.8191752416577014,Advanced Practice,2.5
10118,Critical Thinking Activity,0.4135498132473119,Advanced Practice,2.5
10118,Advanced Practice,0.8972742943107272,Advanced Practice,2.5
10119,Concept Review,4.05512483232617,Critical Thinking Activity,6.07
10119,Practice Questions,4.272294228069439,Critical Thinking Activity,6.07
10119,Application Exercise,4.950643899624508,Critical Thinking Activity,6.07
10119,Critical Thinking Activity,4.670811596302283,Critical Thinking Activity,6.07
10119,Advanced Practice,4.581469881598312,Critical Thinking Activity,6.07
10120,Concept Review,3.5357873077576656,Practice Questions,3.39
10120,Practice Questions,2.669641002485485,Practice Questions,3.39
10120,Application Exercise,3.526539987365567,Practice Questions,3.39
10120,Critical Thinking Activity,3.342951172721075,Practice Questions,3.39
10120,Advanced Practice,3.1230596059618003,Practice Questions,3.39
10121,Concept Review,6.167828120251022,Concept Review,5.04
10121,Practice Questions,6.1029748144487685,Concept Review,5.04
10121,Application Exercise,6.580141409638206,Concept Review,5.04
10121,Critical Thinking Activity,6.573989917730727,Concept Review,5.04
10121,Advanced Practice,6.832146565315915,Concept Review,5.04
10122,Concept Review,6.154879217564785,Concept Review,6.26
10122,Practice Questions,6.203746820736107,Concept Review,6.26
10122,Application Exercise,6.509028773886297,Concept Review,6.26
10122,Critical Thinking Activity,6.132145172165135,Concept Review,6.26
10122,Advanced Practice,6.118876321697471,Concept Review,6.26
10123,Concept Review,4.277042710928889,Practice Questions,5.55
10123,Practice Questions,4.085688936337153,Practice Questions,5.55
10123,Application Exercise,5.34350152027897,Practice Questions,5.55
10123,Critical Thinking Activity,3.942259135219098,Practice Questions,5.55
10123,Advanced Practice,4.32328086741313,Practice Questions,5.55
10124,Concept Review,2.6089781987903375,Application Exercise,1.92
10124,Practice Questions,3.1629726638086275,Application Exercise,1.92
10124,Application Exercise,3.4342744622226817,Application Exercise,1.92
10124,Critical Thinking Activity,3.47247454439479,Application Exercise,1.92
10124,Advanced Practice,3.802279256416278,Application Exercise,1.92
10125,Concept Review,6.0858230556551325,Concept Review,7.69
10125,Practice Questions,6.26632586236977,Concept Review,7.69
10125,Application Exercise,6.837880632918697,Concept Review,7.69
10125,Critical Thinking Activity,6.390312359066198,Concept Review,7.69
10125,Advanced Practice,6.531954364902374,Concept Review,7.69
10126,Concept Review,4.924600208077192,Application Exercise,8.85
10126,Practice Questions,5.016751102320351,Application Exercise,8.85
10126,Application Exercise,6.04273922435553,Application Exercise,8.85
10126,Critical Thinking Activity,5.770546243975726,Application Exercise,8.85
10126,Advanced Practice,5.451306277236727,Application Exercise,8.85
10127,Concept Review,1.2606164517742382,Advanced Practice,3.06
10127,Practice Questions,1.5376764712990134,Advanced Practice,3.06
10127,Application Exercise,1.8694715983821095,Advanced Practice,3.06
10127,Critical Thinking Activity,1.4086397141251155,Advanced Practice,3.06
10127,Advanced Practice,1.283106504725922,Advanced Practice,3.06
10128,Concept Review,2.7958320777633334,Advanced Practice,5.9
10128,Practice Questions,3.54006686194714,Advanced Practice,5.9
10128,Application Exercise,4.657449528936855,Advanced Practice,5.9
10128,Critical Thinking Activity,3.7520246707774256,Advanced Practice,5.9
10128,Advanced Practice,3.797006926810777,Advanced Practice,5.9
10129,Concept Review,4.822419524047664,Concept Review,5.45
10129,Practice Questions,4.948846006089517,Concept Review,5.45
10129,Application Exercise,5.211419627476516,Concept Review,5.45
10129,Critical Thinking Activity,5.017208009467256,Concept Review,5.45
10129,Advanced Practice,4.8704219059453795,Concept Review,5.45
10130,Concept Review,2.992171528070404,Critical Thinking Activity,4.57
10130,Practice Questions,2.9782036525041273,Critical Thinking Activity,4.57
10130,Application Exercise,3.8572758057848637,Critical Thinking Activity,4.57
10130,Critical Thinking Activity,3.3499943192177817,Critical Thinking Activity,4.57
10130,Advanced Practice,3.4882861954979054,Critical Thinking Activity,4.57
10131,Concept Review,4.602784249076729,Concept Review,4.09
10131,Practice Questions,4.652055945290993,Concept Review,4.09
10131,Application Exercise,5.228257375416037,Concept Review,4.09
10131,Critical Thinking Activity,5.226234065012749,Concept Review,4.09
10131,Advanced Practice,5.223398295103824,Concept Review,4.09
10132,Concept Review,5.239004821154613,Application Exercise,6.83
10132,Practice Questions,5.3015306121238535,Application Exercise,6.83
10132,Application Exercise,6.147175532783819,Application Exercise,6.83
10132,Critical Thinking Activity,6.089123914441539,Application Exercise,6.83
10132,Advanced Practice,5.907060729323293,Application Exercise,6.83
10133,Concept Review,1.1095938964885486,Critical Thinking Activity,3.23
10133,Practice Questions,2.8262471572412715,Critical Thinking Activity,3.23
10133,Application Exercise,3.380823255086228,Critical Thinking Activity,3.23
10133,Critical Thinking Activity,2.1550254961909445,Critical Thinking Activity,3.23
10133,Advanced Practice,2.46269187106288,Critical Thinking Activity,3.23
10134,Concept Review,2.2216991587156567,Advanced Practice,2.49
10134,Practice Questions,1.7392992220626655,Advanced Practice,2.49
10134,Application Exercise,3.15487218856536,Advanced Practice,2.49
10134,Critical Thinking Activity,2.5920009686736645,Advanced Practice,2.49
10134,Advanced Practice,2.2367610346079836,Advanced Practice,2.49
10135,Concept Review,5.39946432126933,Critical Thinking Activity,6.91
10135,Practice Questions,5.0826277842194365,Critical Thinking Activity,6.91
10135,Application Exercise,5.1740471421590195,Critical Thinking Activity,6.91
10135,Critical Thinking Activity,4.85574976726576,Critical Thinking Activity,6.91
10135,Advanced Practice,4.947689461138793,Critical Thinking Activity,6.91
10136,Concept Review,4.002785723487557,Concept Review,3.21
10136,Practice Questions,3.887851376295767,Concept Review,3.21
10136,Application Exercise,4.167954356686423,Concept Review,3.21
10136,Critical Thinking Activity,4.1549957026898605,Concept Review,3.21
10136,Advanced Practice,3.8420362874491794,Concept Review,3.21
10137,Concept Review,2.1521388763500315,Advanced Practice,2.1
10137,Practice Questions,2.2831339152308967,Advanced Practice,2.1
10137,Application Exercise,3.470559469298344,Advanced Practice,2.1
10137,Critical Thinking Activity,2.9110663403045933,Advanced Practice,2.1
10137,Advanced Practice,2.4971474590736893,Advanced Practice,2.1
10138,Concept Review,2.684050240731443,Advanced Practice,3.37
10138,Practice Questions,3.8657950064800373,Advanced Practice,3.37
10138,Application Exercise,5.1443241056458575,Advanced Practice,3.37
10138,Critical Thinking Activity,3.5263052742162944,Advanced Practice,3.37
10138,Advanced Practice,3.494586939570489,Advanced Practice,3.37
10139,Concept Review,6.642789656933903,Concept Review,5.23
10139,Practice Questions,6.409084143919012,Concept Review,5.23
10139,Application Exercise,7.333968731228355,Concept Review,5.23
10139,Critical Thinking Activity,7.332424762975628,Concept Review,5.23
10139,Advanced Practice,6.8893647251489485,Concept Review,5.23
10140,Concept Review,3.262100916387241,Advanced Practice,3.78
10140,Practice Questions,3.5913040508090743,Advanced Practice,3.78
10140,Application Exercise,4.694712710858543,Advanced Practice,3.78
10140,Critical Thinking Activity,3.6371242547648035,Advanced Practice,3.78
10140,Advanced Practice,3.62998853694133,Advanced Practice,3.78
10141,Concept Review,1.8208693481862488,Practice Questions,0.0
10141,Practice Questions,2.6573346559980857,Practice Questions,0.0
10141,Application Exercise,3.55842163076184,Practice Questions,0.0
10141,Critical Thinking Activity,3.40768340858681,Practice Questions,0.0
10141,Advanced Practice,2.612944725389729,Practice Questions,0.0
10142,Concept Review,2.715877526197252,Advanced Practice,4.84
10142,Practice Questions,3.141817141248347,Advanced Practice,4.84
10142,Application Exercise,4.206166565095578,Advanced Practice,4.84
10142,Critical Thinking Activity,3.7450963011276164,Advanced Practice,4.84
10142,Advanced Practice,3.4722788121461603,Advanced Practice,4.84
10143,Concept Review,2.7772843883245217,Concept Review,3.38
10143,Practice Questions,3.1881310927998294,Concept Review,3.38
10143,Application Exercise,2.8308932830534435,Concept Review,3.38
10143,Critical Thinking Activity,3.166023342782607,Concept Review,3.38
10143,Advanced Practice,3.2660799675241554,Concept Review,3.38
10144,Concept Review,3.3868291205392245,Advanced Practice,2.76
10144,Practice Questions,3.995146652585623,Advanced Practice,2.76
10144,Application Exercise,4.258736030326461,Advanced Practice,2.76
10144,Critical Thinking Activity,3.1576908384120697,Advanced Practice,2.76
10144,Advanced Practice,3.3360148499035165,Advanced Practice,2.76
10145,Concept Review,2.6656789334975723,Advanced Practice,1.85
10145,Practice Questions,3.435235329224577,Advanced Practice,1.85
10145,Application Exercise,4.218158243925362,Advanced Practice,1.85
10145,Critical Thinking Activity,3.4901410816021485,Advanced Practice,1.85
10145,Advanced Practice,3.171820592738375,Advanced Practice,1.85
10146,Concept Review,4.4054498591106634,Concept Review,4.39
10146,Practice Questions,4.240468871860324,Concept Review,4.39
10146,Application Exercise,4.550721162165765,Concept Review,4.39
10146,Critical Thinking Activity,5.0497613760864475,Concept Review,4.39
10146,Advanced Practice,4.233964229727968,Concept Review,4.39
10147,Concept Review,3.11407059949952,Application Exercise,4.71
10147,Practice Questions,3.9192067422302594,Application Exercise,4.71
10147,Application Exercise,3.9484309454537523,Application Exercise,4.71
10147,Critical Thinking Activity,3.7131570505166063,Application Exercise,4.71
10147,Advanced Practice,3.376845531643216,Application Exercise,4.71
10148,Concept Review,5.2680455265481,Critical Thinking Activity,5.92
10148,Practice Questions,4.674342659645477,Critical Thinking Activity,5.92
10148,Application Exercise,4.636162672117075,Critical Thinking Activity,5.92
10148,Critical Thinking Activity,4.690923581287818,Critical Thinking Activity,5.92
10148,Advanced Practice,5.004068488168759,Critical Thinking Activity,5.92
10149,Concept Review,0.8355535117022441,Application Exercise,0.53
10149,Practice Questions,0.9673420576353031,Application Exercise,0.53
10149,Application Exercise,1.0215905566733392,Application Exercise,0.53
10149,Critical Thinking Activity,0.7972676788277768,Application Exercise,0.53
10149,Advanced Practice,1.3261447795300323,Application Exercise,0.53
10150,Concept Review,2.549759734383071,Critical Thinking Activity,1.81
10150,Practice Questions,2.7615132423483146,Critical Thinking Activity,1.81
10150,Application Exercise,3.5594788524171532,Critical Thinking Activity,1.81
10150,Critical Thinking Activity,2.852874838641889,Critical Thinking Activity,1.81
10150,Advanced Practice,3.1358053909696872,Critical Thinking Activity,1.81
10151,Concept Review,2.382201431226605,Advanced Practice,3.63
10151,Practice Questions,2.961755547837267,Advanced Practice,3.63
10151,Application Exercise,3.3397171722157957,Advanced Practice,3.63
10151,Critical Thinking Activity,2.711416428295653,Advanced Practice,3.63
10151,Advanced Practice,2.62549274921644,Advanced Practice,3.63
10152,Concept Review,3.8388438330585357,Practice Questions,2.27
10152,Practice Questions,3.256321388031014,Practice Questions,2.27
10152,Application Exercise,4.508514342374009,Practice Questions,2.27
10152,Critical Thinking Activity,3.3210664598285127,Practice Questions,2.27
10152,Advanced Practice,3.746794099721002,Practice Questions,2.27
10153,Concept Review,3.7826944321324016,Advanced Practice,4.39
10153,Practice Questions,5.036551572581975,Advanced Practice,4.39
10153,Application Exercise,5.953602364343867,Advanced Practice,4.39
10153,Critical Thinking Activity,4.540783298099279,Advanced Practice,4.39
10153,Advanced Practice,4.1431913319638,Advanced Practice,4.39
10154,Concept Review,2.252707291574237,Practice Questions,3.03
10154,Practice Questions,2.980527543148535,Practice Questions,3.03
10154,Application Exercise,3.6286171719673197,Practice Questions,3.03
10154,Critical Thinking Activity,2.989633371800386,Practice Questions,3.03
10154,Advanced Practice,3.027031396399895,Practice Questions,3.03
10155,Concept Review,4.292491155032874,Advanced Practice,5.62
10155,Practice Questions,4.7551303386952455,Advanced Practice,5.62
10155,Application Exercise,5.485760472609531,Advanced Practice,5.62
10155,Critical Thinking Activity,5.034833609959564,Advanced Practice,5.62
10155,Advanced Practice,5.161539379854844,Advanced Practice,5.62
10156,Concept Review,4.784239096878886,Advanced Practice,5.79
10156,Practice Questions,4.558791992248954,Advanced Practice,5.79
10156,Application Exercise,4.1254356314765666,Advanced Practice,5.79
10156,Critical Thinking Activity,4.329785322953192,Advanced Practice,5.79
10156,Advanced Practice,4.338009567324396,Advanced Practice,5.79
10157,Concept Review,3.592290954781828,Application Exercise,2.42
10157,Practice Questions,3.381151031651175,Application Exercise,2.42
10157,Application Exercise,4.30978779827916,Application Exercise,2.42
10157,Critical Thinking Activity,4.643802680704239,Application Exercise,2.42
10157,Advanced Practice,4.464383878745428,Application Exercise,2.42
10158,Concept Review,3.3418773922565257,Critical Thinking Activity,0.99
10158,Practice Questions,3.444611533775388,Critical Thinking Activity,0.99
10158,Application Exercise,4.6744525742643015,Critical Thinking Activity,0.99
10158,Critical Thinking Activity,3.7879362188165002,Critical Thinking Activity,0.99
10158,Advanced Practice,4.189045433114883,Critical Thinking Activity,0.99
10159,Concept Review,2.5652489427976852,Advanced Practice,2.05
10159,Practice Questions,3.2400751705822284,Advanced Practice,2.05
10159,Application Exercise,3.1943410004084543,Advanced Practice,2.05
10159,Critical Thinking Activity,2.887461309275786,Advanced Practice,2.05
10159,Advanced Practice,2.5263089110868626,Advanced Practice,2.05
10160,Concept Review,0.3547922674331887,Critical Thinking Activity,4.53
10160,Practice Questions,0.9646942815973762,Critical Thinking Activity,4.53
10160,Application Exercise,1.9125687263073146,Critical Thinking Activity,4.53
10160,Critical Thinking Activity,1.33363886855239,Critical Thinking Activity,4.53
10160,Advanced Practice,1.7899425285711774,Critical Thinking Activity,4.53
10161,Concept Review,1.5444631339540629,Application Exercise,5.89
10161,Practice Questions,2.7499193997060343,Application Exercise,5.89
10161,Application Exercise,3.4168952388244898,Application Exercise,5.89
10161,Critical Thinking Activity,2.6179326281579813,Application Exercise,5.89
10161,Advanced Practice,3.0842859200937713,Application Exercise,5.89
10162,Concept Review,6.865571587752686,Concept Review,8.99
10162,Practice Questions,5.981110662546061,Concept Review,8.99
10162,Application Exercise,6.338004750883197,Concept Review,8.99
10162,Critical Thinking Activity,6.579661174404775,Concept Review,8.99
10162,Advanced Practice,6.098584435924241,Concept Review,8.99
10163,Concept Review,2.986531945707307,Practice Questions,2.67
10163,Practice Questions,2.7939444899892267,Practice Questions,2.67
10163,Application Exercise,4.459729916645064,Practice Questions,2.67
10163,Critical Thinking Activity,3.0741410591135248,Practice Questions,2.67
10163,Advanced Practice,3.648120778599231,Practice Questions,2.67
10164,Concept Review,2.6129041143374385,Application Exercise,1.22
10164,Practice Questions,3.384691059439067,Application Exercise,1.22
10164,Application Exercise,3.5350260586892195,Application Exercise,1.22
10164,Critical Thinking Activity,3.4438462469094806,Application Exercise,1.22
10164,Advanced Practice,3.749542734830405,Application Exercise,1.22
10165,Concept Review,3.3354475055445696,Application Exercise,0.0
10165,Practice Questions,3.000825267326838,Application Exercise,0.0
10165,Application Exercise,3.088491861619742,Application Exercise,0.0
10165,Critical Thinking Activity,3.6402087122399673,Application Exercise,0.0
10165,Advanced Practice,3.318135849965275,Application Exercise,0.0
10166,Concept Review,3.1721582148497607,Advanced Practice,2.1
10166,Practice Questions,3.802291331377994,Advanced Practice,2.1
10166,Application Exercise,4.183786498575365,Advanced Practice,2.1
10166,Critical Thinking Activity,3.238993634363631,Advanced Practice,2.1
10166,Advanced Practice,3.0843286265072343,Advanced Practice,2.1
10167,Concept Review,4.198820094633025,Advanced Practice,3.76
10167,Practice Questions,4.031441989843448,Advanced Practice,3.76
10167,Application Exercise,5.211432047799876,Advanced Practice,3.76
10167,Critical Thinking Activity,4.71919453515066,Advanced Practice,3.76
10167,Advanced Practice,4.625986365042042,Advanced Practice,3.76
10168,Concept Review,5.104512960836297,Application Exercise,6.78
10168,Practice Questions,4.210207358257093,Application Exercise,6.78
10168,Application Exercise,4.733463865233092,Application Exercise,6.78
10168,Critical Thinking Activity,4.910215423875404,Application Exercise,6.78
10168,Advanced Practice,4.921411018447638,Application Exercise,6.78
10169,Concept Review,2.894036162965159,Critical Thinking Activity,4.67
10169,Practice Questions,3.2801764380499083,Critical Thinking Activity,4.67
10169,Application Exercise,3.5742694517502835,Critical Thinking Activity,4.67
10169,Critical Thinking Activity,3.6741890006001063,Critical Thinking Activity,4.67
10169,Advanced Practice,3.0099240974866923,Critical Thinking Activity,4.67
10170,Concept Review,4.418463963948143,Practice Questions,4.9
10170,Practice Questions,4.3699516827367635,Practice Questions,4.9
10170,Application Exercise,5.4465067495076855,Practice Questions,4.9
10170,Critical Thinking Activity,4.633355872561457,Practice Questions,4.9
10170,Advanced Practice,4.781562729162789,Practice Questions,4.9
10171,Concept Review,1.426760130996516,Concept Review,0.79
10171,Practice Questions,1.7257890670684506,Concept Review,0.79
10171,Application Exercise,1.8519904943399725,Concept Review,0.79
10171,Critical Thinking Activity,2.4883043709109796,Concept Review,0.79
10171,Advanced Practice,1.9190282716028695,Concept Review,0.79
10172,Concept Review,4.898427634119711,Critical Thinking Activity,3.82
10172,Practice Questions,5.167300627809274,Critical Thinking Activity,3.82
10172,Application Exercise,5.622526642690609,Critical Thinking Activity,3.82
10172,Critical Thinking Activity,4.895819796143029,Critical Thinking Activity,3.82
10172,Advanced Practice,5.21682994638642,Critical Thinking Activity,3.82
10173,Concept Review,3.569926340162895,Critical Thinking Activity,4.08
10173,Practice Questions,3.1966374894862306,Critical Thinking Activity,4.08
10173,Application Exercise,3.996893816621857,Critical Thinking Activity,4.08
10173,Critical Thinking Activity,3.4793216929690094,Critical Thinking Activity,4.08
10173,Advanced Practice,4.078682895629875,Critical Thinking Activity,4.08
10174,Concept Review,3.1833516159210076,Concept Review,4.5
10174,Practice Questions,3.1820482561730694,Concept Review,4.5
10174,Application Exercise,3.3500362051478527,Concept Review,4.5
10174,Critical Thinking Activity,3.186505381993221,Concept Review,4.5
10174,Advanced Practice,3.05216734557258,Concept Review,4.5
10175,Concept Review,3.0874615854475587,Advanced Practice,4.49
10175,Practice Questions,4.648359208278927,Advanced Practice,4.49
10175,Application Exercise,5.839355777235712,Advanced Practice,4.49
10175,Critical Thinking Activity,4.065089371752659,Advanced Practice,4.49
10175,Advanced Practice,4.090227513084364,Advanced Practice,4.49
10176,Concept Review,2.5409232716667476,Practice Questions,0.8
10176,Practice Questions,1.9496591651317765,Practice Questions,0.8
10176,Application Exercise,2.589122381147292,Practice Questions,0.8
10176,Critical Thinking Activity,2.6674772289236466,Practice Questions,0.8
10176,Advanced Practice,2.485858151918028,Practice Questions,0.8
10177,Concept Review,2.4933006163860947,Advanced Practice,3.81
10177,Practice Questions,3.0721879822501528,Advanced Practice,3.81
10177,Application Exercise,3.5458302923282425,Advanced Practice,3.81
10177,Critical Thinking Activity,2.7077183824505964,Advanced Practice,3.81
10177,Advanced Practice,2.6375692434178264,Advanced Practice,3.81
10178,Concept Review,2.7739171944656977,Practice Questions,2.79
10178,Practice Questions,1.958906824174723,Practice Questions,2.79
10178,Application Exercise,2.9548308466276136,Practice Questions,2.79
10178,Critical Thinking Activity,2.3496804319367026,Practice Questions,2.79
10178,Advanced Practice,2.1085902168703017,Practice Questions,2.79
10179,Concept Review,0.4489044191548497,Advanced Practice,0.0
10179,Practice Questions,0.7472143112611853,Advanced Practice,0.0
10179,Application Exercise,1.3763614639988173,Advanced Practice,0.0
10179,Critical Thinking Activity,1.2993133845346412,Advanced Practice,0.0
10179,Advanced Practice,1.0224778131517245,Advanced Practice,0.0
10180,Concept Review,5.620211671700608,Practice Questions,3.98
10180,Practice Questions,4.846746227344683,Practice Questions,3.98
10180,Application Exercise,5.211870239934697,Practice Questions,3.98
10180,Critical Thinking Activity,5.179232250170299,Practice Questions,3.98
10180,Advanced Practice,5.150242186944426,Practice Questions,3.98
10181,Concept Review,1.277080822905539,Practice Questions,3.32
10181,Practice Questions,1.9018612749441717,Practice Questions,3.32
10181,Application Exercise,3.0313550733694163,Practice Questions,3.32
10181,Critical Thinking Activity,2.7928317770933786,Practice Questions,3.32
10181,Advanced Practice,2.4559042190946974,Practice Questions,3.32
10182,Concept Review,3.3281278633759372,Advanced Practice,3.17
10182,Practice Questions,3.199678745184549,Advanced Practice,3.17
10182,Application Exercise,3.0409039397870945,Advanced Practice,3.17
10182,Critical Thinking Activity,2.9205219364353763,Advanced Practice,3.17
10182,Advanced Practice,3.521173306581166,Advanced Practice,3.17
10183,Concept Review,0.4160457455750417,Advanced Practice,3.59
10183,Practice Questions,1.1593673547289796,Advanced Practice,3.59
10183,Application Exercise,1.4868403461208564,Advanced Practice,3.59
10183,Critical Thinking Activity,0.8646903875553349,Advanced Practice,3.59
10183,Advanced Practice,1.3448206747167193,Advanced Practice,3.59
10184,Concept Review,2.631121719324586,Application Exercise,3.72
10184,Practice Questions,2.720733748533489,Application Exercise,3.72
10184,Application Exercise,3.6842473996641942,Application Exercise,3.72
10184,Critical Thinking Activity,3.704071967289296,Application Exercise,3.72
10184,Advanced Practice,3.3158791545383473,Application Exercise,3.72
10185,Concept Review,4.225978622554143,Advanced Practice,3.67
10185,Practice Questions,4.9111970376514815,Advanced Practice,3.67
10185,Application Exercise,5.60338423814919,Advanced Practice,3.67
10185,Critical Thinking Activity,4.537994835089496,Advanced Practice,3.67
10185,Advanced Practice,4.283593644257791,Advanced Practice,3.67
10186,Concept Review,4.009522605134802,Critical Thinking Activity,3.91
10186,Practice Questions,3.3521584885591764,Critical Thinking Activity,3.91
10186,Application Exercise,3.721830918256158,Critical Thinking Activity,3.91
10186,Critical Thinking Activity,3.8992314244466204,Critical Thinking Activity,3.91
10186,Advanced Practice,3.966913287541493,Critical Thinking Activity,3.91
10187,Concept Review,2.0822058993251122,Practice Questions,1.32
10187,Practice Questions,1.6702946445132816,Practice Questions,1.32
10187,Application Exercise,1.625527858297232,Practice Questions,1.32
10187,Critical Thinking Activity,1.54892517449447,Practice Questions,1.32
10187,Advanced Practice,1.3963181451168403,Practice Questions,1.32
10188,Concept Review,1.3620774032561664,Advanced Practice,0.89
10188,Practice Questions,2.6072197314231493,Advanced Practice,0.89
10188,Application Exercise,3.7907315138688475,Advanced Practice,0.89
10188,Critical Thinking Activity,2.383259536586607,Advanced Practice,0.89
10188,Advanced Practice,2.2512744292085975,Advanced Practice,0.89
10189,Concept Review,4.925406400819808,Critical Thinking Activity,3.56
10189,Practice Questions,5.153471339040491,Critical Thinking Activity,3.56
10189,Application Exercise,6.106913037173165,Critical Thinking Activity,3.56
10189,Critical Thinking Activity,4.86790227344416,Critical Thinking Activity,3.56
10189,Advanced Practice,4.74432680894715,Critical Thinking Activity,3.56
10190,Concept Review,2.2967605955242303,Application Exercise,4.19
10190,Practice Questions,2.966001512052317,Application Exercise,4.19
10190,Application Exercise,3.1226492920470297,Application Exercise,4.19
10190,Critical Thinking Activity,3.1437256867776164,Application Exercise,4.19
10190,Advanced Practice,3.0820233802685477,Application Exercise,4.19
10191,Concept Review,3.4789119171253784,Advanced Practice,4.86
10191,Practice Questions,3.4870889887356844,Advanced Practice,4.86
10191,Application Exercise,3.511885775098962,Advanced Practice,4.86
10191,Critical Thinking Activity,3.2559000073720052,Advanced Practice,4.86
10191,Advanced Practice,3.5151476839767355,Advanced Practice,4.86
10192,Concept Review,1.9056123214796648,Advanced Practice,3.13
10192,Practice Questions,2.366045799161792,Advanced Practice,3.13
10192,Application Exercise,2.8149628732114116,Advanced Practice,3.13
10192,Critical Thinking Activity,2.2476266723390315,Advanced Practice,3.13
10192,Advanced Practice,2.2629335262986965,Advanced Practice,3.13
10193,Concept Review,3.0227469566597303,Practice Questions,5.6
10193,Practice Questions,2.996278142936296,Practice Questions,5.6
10193,Application Exercise,3.10328215289023,Practice Questions,5.6
10193,Critical Thinking Activity,3.0634529926095353,Practice Questions,5.6
10193,Advanced Practice,2.970908094369677,Practice Questions,5.6
10194,Concept Review,5.656629440679639,Practice Questions,4.11
10194,Practice Questions,5.17305202979793,Practice Questions,4.11
10194,Application Exercise,5.9933629545566856,Practice Questions,4.11
10194,Critical Thinking Activity,5.125065484733388,Practice Questions,4.11
10194,Advanced Practice,4.876901565578796,Practice Questions,4.11
10195,Concept Review,3.7523666121800354,Advanced Practice,6.7
10195,Practice Questions,4.4386385706876625,Advanced Practice,6.7
10195,Application Exercise,4.861944917984134,Advanced Practice,6.7
10195,Critical Thinking Activity,3.96660782566,Advanced Practice,6.7
10195,Advanced Practice,4.2967828628791915,Advanced Practice,6.7
10196,Concept Review,1.7933212550688467,Advanced Practice,1.21
10196,Practice Questions,2.778592762590965,Advanced Practice,1.21
10196,Application Exercise,2.924367158232169,Advanced Practice,1.21
10196,Critical Thinking Activity,1.8189512448275018,Advanced Practice,1.21
10196,Advanced Practice,2.292496978854353,Advanced Practice,1.21
10197,Concept Review,3.040838069011449,Concept Review,2.12
10197,Practice Questions,3.7052158742015733,Concept Review,2.12
10197,Application Exercise,3.99485064394969,Concept Review,2.12
10197,Critical Thinking Activity,3.25612662911414,Concept Review,2.12
10197,Advanced Practice,3.481351431494465,Concept Review,2.12
10198,Concept Review,2.205857193304588,Practice Questions,0.0
10198,Practice Questions,2.5783035760712307,Practice Questions,0.0
10198,Application Exercise,2.935704178600897,Practice Questions,0.0
10198,Critical Thinking Activity,2.1088582498855106,Practice Questions,0.0
10198,Advanced Practice,2.5601608026467346,Practice Questions,0.0
10199,Concept Review,3.2978632076038688,Advanced Practice,3.0
10199,Practice Questions,4.138238920417574,Advanced Practice,3.0
10199,Application Exercise,4.461509629089189,Advanced Practice,3.0
10199,Critical Thinking Activity,3.773032911741295,Advanced Practice,3.0
10199,Advanced Practice,3.3691399605459456,Advanced Practice,3.0
10200,Concept Review,4.002812621117295,Advanced Practice,2.37
10200,Practice Questions,3.6680871289990717,Advanced Practice,2.37
10200,Application Exercise,4.162075929897167,Advanced Practice,2.37
10200,Critical Thinking Activity,3.1577062097042075,Advanced Practice,2.37
10200,Advanced Practice,2.9209215048263437,Advanced Practice,2.37
10201,Concept Review,3.8452109925427167,Application Exercise,5.07
10201,Practice Questions,3.98299033080609,Application Exercise,5.07
10201,Application Exercise,4.970761517462086,Application Exercise,5.07
10201,Critical Thinking Activity,4.594882834654921,Application Exercise,5.07
10201,Advanced Practice,4.382288751512549,Application Exercise,5.07
10202,Concept Review,1.9573771967281521,Concept Review,2.71
10202,Practice Questions,1.682249666140186,Concept Review,2.71
10202,Application Exercise,2.8464489169762324,Concept Review,2.71
10202,Critical Thinking Activity,2.734877988118754,Concept Review,2.71
10202,Advanced Practice,2.63387422116669,Concept Review,2.71
10203,Concept Review,0.8584532132495246,Advanced Practice,0.0
10203,Practice Questions,1.0423951774808144,Advanced Practice,0.0
10203,Application Exercise,1.8367099115771164,Advanced Practice,0.0
10203,Critical Thinking Activity,1.816482001609154,Advanced Practice,0.0
10203,Advanced Practice,1.9971056746737643,Advanced Practice,0.0
10204,Concept Review,4.695850219809038,Practice Questions,3.25
10204,Practice Questions,3.4183909012537463,Practice Questions,3.25
10204,Application Exercise,4.037247908445902,Practice Questions,3.25
10204,Critical Thinking Activity,3.8232466739097295,Practice Questions,3.25
10204,Advanced Practice,3.7348146116335483,Practice Questions,3.25
10205,Concept Review,2.9421960452157907,Critical Thinking Activity,2.32
10205,Practice Questions,3.2727547924560003,Critical Thinking Activity,2.32
10205,Application Exercise,3.901516285948758,Critical Thinking Activity,2.32
10205,Critical Thinking Activity,3.169146169053196,Critical Thinking Activity,2.32
10205,Advanced Practice,3.1495415909422526,Critical Thinking Activity,2.32
10206,Concept Review,3.090577178126957,Practice Questions,1.03
10206,Practice Questions,3.7818155551626487,Practice Questions,1.03
10206,Application Exercise,3.5604273245758487,Practice Questions,1.03
10206,Critical Thinking Activity,3.857832926077771,Practice Questions,1.03
10206,Advanced Practice,3.414973770183326,Practice Questions,1.03
10207,Concept Review,1.7063349732150699,Concept Review,0.94
10207,Practice Questions,1.9276076309519836,Concept Review,0.94
10207,Application Exercise,3.0618602709246576,Concept Review,0.94
10207,Critical Thinking Activity,2.7520285132302496,Concept Review,0.94
10207,Advanced Practice,2.689310709308109,Concept Review,0.94
10208,Concept Review,2.1384667811737,Application Exercise,1.72
10208,Practice Questions,2.6100990424448716,Application Exercise,1.72
10208,Application Exercise,2.7266378580559953,Application Exercise,1.72
10208,Critical Thinking Activity,2.7566410694835666,Application Exercise,1.72
10208,Advanced Practice,2.980798554748881,Application Exercise,1.72
10209,Concept Review,3.289881070518962,Practice Questions,5.69
10209,Practice Questions,3.546042521205365,Practice Questions,5.69
10209,Application Exercise,4.726154686435166,Practice Questions,5.69
10209,Critical Thinking Activity,3.486648494940193,Practice Questions,5.69
10209,Advanced Practice,3.7153807804762393,Practice Questions,5.69
10210,Concept Review,2.476428762602339,Practice Questions,2.94
10210,Practice Questions,2.3024941494797284,Practice Questions,2.94
10210,Application Exercise,4.1729556584429,Practice Questions,2.94
10210,Critical Thinking Activity,3.18680588718731,Practice Questions,2.94
10210,Advanced Practice,3.13497092409796,Practice Questions,2.94
10211,Concept Review,3.8612645791420945,Advanced Practice,4.9
10211,Practice Questions,4.19772267566057,Advanced Practice,4.9
10211,Application Exercise,3.9793889743750457,Advanced Practice,4.9
10211,Critical Thinking Activity,3.742490323029103,Advanced Practice,4.9
10211,Advanced Practice,3.865901382044026,Advanced Practice,4.9
10212,Concept Review,1.6237371132380356,Advanced Practice,0.0
10212,Practice Questions,1.8745990625163642,Advanced Practice,0.0
10212,Application Exercise,1.5395260725778126,Advanced Practice,0.0
10212,Critical Thinking Activity,1.0488211703728787,Advanced Practice,0.0
10212,Advanced Practice,1.4983361829834592,Advanced Practice,0.0
10213,Concept Review,4.551635058792963,Critical Thinking Activity,6.99
10213,Practice Questions,5.094206263290257,Critical Thinking Activity,6.99
10213,Application Exercise,5.651400404882931,Critical Thinking Activity,6.99
10213,Critical Thinking Activity,5.580935604316896,Critical Thinking Activity,6.99
10213,Advanced Practice,5.06087794760546,Critical Thinking Activity,6.99
10214,Concept Review,4.444466198836561,Critical Thinking Activity,6.4
10214,Practice Questions,4.3668075965711886,Critical Thinking Activity,6.4
10214,Application Exercise,5.690506587054653,Critical Thinking Activity,6.4
10214,Critical Thinking Activity,4.8966322142322705,Critical Thinking Activity,6.4
10214,Advanced Practice,4.671752894496299,Critical Thinking Activity,6.4
10215,Concept Review,2.6586226646213023,Critical Thinking Activity,0.0
10215,Practice Questions,3.4836877383006715,Critical Thinking Activity,0.0
10215,Application Exercise,4.346623239771376,Critical Thinking Activity,0.0
10215,Critical Thinking Activity,3.040183034432377,Critical Thinking Activity,0.0
10215,Advanced Practice,2.8915958194368345,Critical Thinking Activity,0.0
10216,Concept Review,3.4632560171118922,Practice Questions,2.32
10216,Practice Questions,3.2495176614240577,Practice Questions,2.32
10216,Application Exercise,3.975006717436406,Practice Questions,2.32
10216,Critical Thinking Activity,4.272093788982396,Practice Questions,2.32
10216,Advanced Practice,3.4813710955018724,Practice Questions,2.32
10217,Concept Review,4.3327482452161865,Critical Thinking Activity,5.1
10217,Practice Questions,4.19389060067869,Critical Thinking Activity,5.1
10217,Application Exercise,4.688244666251528,Critical Thinking Activity,5.1
10217,Critical Thinking Activity,4.183437688009519,Critical Thinking Activity,5.1
10217,Advanced Practice,4.283697112007488,Critical Thinking Activity,5.1
10218,Concept Review,2.0610509262598264,Advanced Practice,3.71
10218,Practice Questions,2.622863271324973,Advanced Practice,3.71
10218,Application Exercise,3.4770627226459236,Advanced Practice,3.71
10218,Critical Thinking Activity,2.7205898656956364,Advanced Practice,3.71
10218,Advanced Practice,3.216236212961289,Advanced Practice,3.71
10219,Concept Review,2.311176207164049,Application Exercise,2.47
10219,Practice Questions,3.1699305804203615,Application Exercise,2.47
10219,Application Exercise,2.496609975569081,Application Exercise,2.47
10219,Critical Thinking Activity,3.2991248695857687,Application Exercise,2.47
10219,Advanced Practice,2.756641372787904,Application Exercise,2.47
10220,Concept Review,2.772662671691637,Critical Thinking Activity,3.42
10220,Practice Questions,3.3412594401751843,Critical Thinking Activity,3.42
10220,Application Exercise,3.379434492713159,Critical Thinking Activity,3.42
10220,Critical Thinking Activity,3.493522768387665,Critical Thinking Activity,3.42
10220,Advanced Practice,3.6647452296105176,Critical Thinking Activity,3.42
10221,Concept Review,2.721747661286326,Critical Thinking Activity,2.83
10221,Practice Questions,3.5282023706223353,Critical Thinking Activity,2.83
10221,Application Exercise,4.147234708148534,Critical Thinking Activity,2.83
10221,Critical Thinking Activity,3.2900359981524643,Critical Thinking Activity,2.83
10221,Advanced Practice,3.722331506044849,Critical Thinking Activity,2.83
10222,Concept Review,4.331095134879785,Critical Thinking Activity,4.68
10222,Practice Questions,4.783206005005751,Critical Thinking Activity,4.68
10222,Application Exercise,5.66985647554953,Critical Thinking Activity,4.68
10222,Critical Thinking Activity,4.350042068623108,Critical Thinking Activity,4.68
10222,Advanced Practice,4.875579945061435,Critical Thinking Activity,4.68
10223,Concept Review,4.161482034680198,Critical Thinking Activity,6.63
10223,Practice Questions,4.280164387344782,Critical Thinking Activity,6.63
10223,Application Exercise,5.199933461991824,Critical Thinking Activity,6.63
10223,Critical Thinking Activity,4.836857415176876,Critical Thinking Activity,6.63
10223,Advanced Practice,4.680643377006339,Critical Thinking Activity,6.63
10224,Concept Review,0.3659088982988088,Critical Thinking Activity,0.24
10224,Practice Questions,1.0702972214873272,Critical Thinking Activity,0.24
10224,Application Exercise,1.9974361846021178,Critical Thinking Activity,0.24
10224,Critical Thinking Activity,0.9976083513808547,Critical Thinking Activity,0.24
10224,Advanced Practice,1.4545573711825752,Critical Thinking Activity,0.24
10225,Concept Review,3.76683509969579,Concept Review,5.0
10225,Practice Questions,3.3134731223397065,Concept Review,5.0
10225,Application Exercise,4.043558039164353,Concept Review,5.0
10225,Critical Thinking Activity,3.804212109103378,Concept Review,5.0
10225,Advanced Practice,3.523504306800204,Concept Review,5.0
10226,Concept Review,4.715509587345229,Critical Thinking Activity,3.72
10226,Practice Questions,4.118090596076038,Critical Thinking Activity,3.72
10226,Application Exercise,4.845598298959212,Critical Thinking Activity,3.72
10226,Critical Thinking Activity,4.552109570731747,Critical Thinking Activity,3.72
10226,Advanced Practice,4.697430971374819,Critical Thinking Activity,3.72
10227,Concept Review,2.4316874974269975,Advanced Practice,1.83
10227,Practice Questions,3.011177369304316,Advanced Practice,1.83
10227,Application Exercise,2.76339233828108,Advanced Practice,1.83
10227,Critical Thinking Activity,2.644598820676478,Advanced Practice,1.83
10227,Advanced Practice,2.6936983215334154,Advanced Practice,1.83
10228,Concept Review,2.7256319160106095,Advanced Practice,4.41
10228,Practice Questions,3.8316057163445967,Advanced Practice,4.41
10228,Application Exercise,4.423926457817716,Advanced Practice,4.41
10228,Critical Thinking Activity,2.79773002242996,Advanced Practice,4.41
10228,Advanced Practice,3.05419654869721,Advanced Practice,4.41
10229,Concept Review,3.1329230620212742,Critical Thinking Activity,4.9
10229,Practice Questions,3.1838436132116175,Critical Thinking Activity,4.9
10229,Application Exercise,3.6639140713266363,Critical Thinking Activity,4.9
10229,Critical Thinking Activity,3.699041436841146,Critical Thinking Activity,4.9
10229,Advanced Practice,3.2839991758216986,Critical Thinking Activity,4.9
10230,Concept Review,6.245543446837438,Concept Review,7.75
10230,Practice Questions,6.536667459030745,Concept Review,7.75
10230,Application Exercise,7.45425975149103,Concept Review,7.75
10230,Critical Thinking Activity,6.646663378469279,Concept Review,7.75
10230,Advanced Practice,6.2648212910911765,Concept Review,7.75
10231,Concept Review,3.363350734532048,Advanced Practice,1.96
10231,Practice Questions,4.533203842743063,Advanced Practice,1.96
10231,Application Exercise,5.605239437019347,Advanced Practice,1.96
10231,Critical Thinking Activity,3.6901644751412794,Advanced Practice,1.96
10231,Advanced Practice,3.8670481310295046,Advanced Practice,1.96
10232,Concept Review,4.611699127739816,Advanced Practice,3.39
10232,Practice Questions,4.2323763249185635,Advanced Practice,3.39
10232,Application Exercise,4.6155216560996415,Advanced Practice,3.39
10232,Critical Thinking Activity,4.031518527358382,Advanced Practice,3.39
10232,Advanced Practice,4.023143486632039,Advanced Practice,3.39
10233,Concept Review,6.3178421745836975,Practice Questions,7.46
10233,Practice Questions,5.913728073029877,Practice Questions,7.46
10233,Application Exercise,7.0627407743204085,Practice Questions,7.46
10233,Critical Thinking Activity,6.524850969101358,Practice Questions,7.46
10233,Advanced Practice,6.3910219189071285,Practice Questions,7.46
10234,Concept Review,4.214128042019049,Advanced Practice,4.18
10234,Practice Questions,4.518073042873393,Advanced Practice,4.18
10234,Application Exercise,5.288876657276904,Advanced Practice,4.18
10234,Critical Thinking Activity,4.398022098203997,Advanced Practice,4.18
10234,Advanced Practice,4.4475345628769825,Advanced Practice,4.18
10235,Concept Review,2.268358502552816,Practice Questions,0.78
10235,Practice Questions,2.3071780372650714,Practice Questions,0.78
10235,Application Exercise,3.7592620715016425,Practice Questions,0.78
10235,Critical Thinking Activity,2.399408480811849,Practice Questions,0.78
10235,Advanced Practice,2.785802490531546,Practice Questions,0.78
10236,Concept Review,2.06773446076257,Application Exercise,3.16
10236,Practice Questions,1.9317687990248487,Application Exercise,3.16
10236,Application Exercise,2.754153815112563,Application Exercise,3.16
10236,Critical Thinking Activity,2.6875733548076353,Application Exercise,3.16
10236,Advanced Practice,2.6944762959028536,Application Exercise,3.16
10237,Concept Review,6.367671856047573,Concept Review,5.63
10237,Practice Questions,6.512148462701439,Concept Review,5.63
10237,Application Exercise,6.843450074021137,Concept Review,5.63
10237,Critical Thinking Activity,6.702772860150372,Concept Review,5.63
10237,Advanced Practice,6.460042878839186,Concept Review,5.63
10238,Concept Review,2.2043593519040723,Concept Review,5.26
10238,Practice Questions,2.542595447051508,Concept Review,5.26
10238,Application Exercise,3.819810654273614,Concept Review,5.26
10238,Critical Thinking Activity,2.5239891752608994,Concept Review,5.26
10238,Advanced Practice,2.4825995295778247,Concept Review,5.26
10239,Concept Review,2.1892087301378584,Advanced Practice,4.57
10239,Practice Questions,2.2572880726728473,Advanced Practice,4.57
10239,Application Exercise,2.7911512709225037,Advanced Practice,4.57
10239,Critical Thinking Activity,2.3802970024609813,Advanced Practice,4.57
10239,Advanced Practice,2.7036121003283196,Advanced Practice,4.57
10240,Concept Review,3.453521370121546,Critical Thinking Activity,5.02
10240,Practice Questions,3.4017789725084793,Critical Thinking Activity,5.02
10240,Application Exercise,4.312850270476186,Critical Thinking Activity,5.02
10240,Critical Thinking Activity,4.099852549412378,Critical Thinking Activity,5.02
10240,Advanced Practice,4.132290117843383,Critical Thinking Activity,5.02
10241,Concept Review,6.780954294538906,Concept Review,8.75
10241,Practice Questions,6.177045940249565,Concept Review,8.75
10241,Application Exercise,6.847791729860164,Concept Review,8.75
10241,Critical Thinking Activity,7.070049699741676,Concept Review,8.75
10241,Advanced Practice,6.766945265838536,Concept Review,8.75
10242,Concept Review,5.200778972155861,Critical Thinking Activity,6.25
10242,Practice Questions,6.252984136736638,Critical Thinking Activity,6.25
10242,Application Exercise,7.191929779828788,Critical Thinking Activity,6.25
10242,Critical Thinking Activity,6.293153881016389,Critical Thinking Activity,6.25
10242,Advanced Practice,6.085106141670126,Critical Thinking Activity,6.25
10243,Concept Review,5.079141792412731,Concept Review,6.28
10243,Practice Questions,4.850020816837661,Concept Review,6.28
10243,Application Exercise,4.99366568452715,Concept Review,6.28
10243,Critical Thinking Activity,5.199424759330495,Concept Review,6.28
10243,Advanced Practice,4.920109312785842,Concept Review,6.28
10244,Concept Review,2.3136094010723074,Advanced Practice,5.04
10244,Practice Questions,2.6244612362022703,Advanced Practice,5.04
10244,Application Exercise,3.4468461369742713,Advanced Practice,5.04
10244,Critical Thinking Activity,2.8907146951634717,Advanced Practice,5.04
10244,Advanced Practice,2.814817805777353,Advanced Practice,5.04
10245,Concept Review,2.198339132815136,Critical Thinking Activity,3.33
10245,Practice Questions,2.6917461149062474,Critical Thinking Activity,3.33
10245,Application Exercise,4.064066721636302,Critical Thinking Activity,3.33
10245,Critical Thinking Activity,3.4726168876592007,Critical Thinking Activity,3.33
10245,Advanced Practice,3.246274440051243,Critical Thinking Activity,3.33
10246,Concept Review,3.0283695575699414,Concept Review,2.75
10246,Practice Questions,2.853696819383635,Concept Review,2.75
10246,Application Exercise,3.295587423583471,Concept Review,2.75
10246,Critical Thinking Activity,3.0899505188262975,Concept Review,2.75
10246,Advanced Practice,3.123742106320788,Concept Review,2.75
10247,Concept Review,7.152910034908209,Application Exercise,4.47
10247,Practice Questions,6.578656518811991,Application Exercise,4.47
10247,Application Exercise,6.3156564362775285,Application Exercise,4.47
10247,Critical Thinking Activity,6.712346655285389,Application Exercise,4.47
10247,Advanced Practice,6.579936353498502,Application Exercise,4.47
10248,Concept Review,0.9508973772356297,Practice Questions,0.77
10248,Practice Questions,0.968561574016447,Practice Questions,0.77
10248,Application Exercise,1.5999882398558452,Practice Questions,0.77
10248,Critical Thinking Activity,1.372825922005092,Practice Questions,0.77
10248,Advanced Practice,0.9728244790079348,Practice Questions,0.77
10249,Concept Review,5.4130652752339685,Practice Questions,6.89
10249,Practice Questions,5.607551433052795,Practice Questions,6.89
10249,Application Exercise,6.1894498395502975,Practice Questions,6.89
10249,Critical Thinking Activity,5.420108106178398,Practice Questions,6.89
10249,Advanced Practice,5.378849285704613,Practice Questions,6.89
10250,Concept Review,2.726852250395102,Application Exercise,4.87
10250,Practice Questions,3.3372922531666167,Application Exercise,4.87
10250,Application Exercise,3.8849878655599905,Application Exercise,4.87
10250,Critical Thinking Activity,3.4600080294700635,Application Exercise,4.87
10250,Advanced Practice,3.5595462552359756,Application Exercise,4.87
10251,Concept Review,2.100059865746978,Advanced Practice,3.75
10251,Practice Questions,3.4263276071458124,Advanced Practice,3.75
10251,Application Exercise,4.924424483571424,Advanced Practice,3.75
10251,Critical Thinking Activity,3.184857824536706,Advanced Practice,3.75
10251,Advanced Practice,3.375857974995645,Advanced Practice,3.75
10252,Concept Review,2.199281227110911,Critical Thinking Activity,1.96
10252,Practice Questions,1.934366970249619,Critical Thinking Activity,1.96
10252,Application Exercise,2.8942457142516553,Critical Thinking Activity,1.96
10252,Critical Thinking Activity,2.659760836587152,Critical Thinking Activity,1.96
10252,Advanced Practice,2.701307205123558,Critical Thinking Activity,1.96
10253,Concept Review,3.9240903962859375,Practice Questions,0.56
10253,Practice Questions,2.8530179790450836,Practice Questions,0.56
10253,Application Exercise,4.369639759381996,Practice Questions,0.56
10253,Critical Thinking Activity,3.9702868041983184,Practice Questions,0.56
10253,Advanced Practice,3.799247273766637,Practice Questions,0.56
10254,Concept Review,2.4027686378537205,Critical Thinking Activity,2.67
10254,Practice Questions,2.761032704602793,Critical Thinking Activity,2.67
10254,Application Exercise,3.8963540696680257,Critical Thinking Activity,2.67
10254,Critical Thinking Activity,2.9278789134940757,Critical Thinking Activity,2.67
10254,Advanced Practice,3.343533124515098,Critical Thinking Activity,2.67
10255,Concept Review,0.3631545419765865,Application Exercise,1.01
10255,Practice Questions,1.2601302205786027,Application Exercise,1.01
10255,Application Exercise,0.3810010455287225,Application Exercise,1.01
10255,Critical Thinking Activity,1.2107167741260043,Application Exercise,1.01
10255,Advanced Practice,1.414573480197319,Application Exercise,1.01
10256,Concept Review,5.151777879060577,Practice Questions,5.49
10256,Practice Questions,6.454472763594592,Practice Questions,5.49
10256,Application Exercise,6.341793540609127,Practice Questions,5.49
10256,Critical Thinking Activity,4.909740805931655,Practice Questions,5.49
10256,Advanced Practice,5.7330381701250115,Practice Questions,5.49
10257,Concept Review,4.316206459233958,Concept Review,4.87
10257,Practice Questions,4.258178655645328,Concept Review,4.87
10257,Application Exercise,5.253718523361334,Concept Review,4.87
10257,Critical Thinking Activity,4.126054434157823,Concept Review,4.87
10257,Advanced Practice,3.813488807522084,Concept Review,4.87
10258,Concept Review,3.8102521554983504,Practice Questions,6.23
10258,Practice Questions,3.8544510375853136,Practice Questions,6.23
10258,Application Exercise,4.477084359944677,Practice Questions,6.23
10258,Critical Thinking Activity,3.523379167953338,Practice Questions,6.23
10258,Advanced Practice,3.2885193855764245,Practice Questions,6.23
10259,Concept Review,4.458013917808793,Critical Thinking Activity,5.52
10259,Practice Questions,4.803190161104103,Critical Thinking Activity,5.52
10259,Application Exercise,5.70977067376952,Critical Thinking Activity,5.52
10259,Critical Thinking Activity,4.9452456319464755,Critical Thinking Activity,5.52
10259,Advanced Practice,5.251515505926959,Critical Thinking Activity,5.52
10260,Concept Review,5.251557721358887,Advanced Practice,5.06
10260,Practice Questions,4.9988157826921,Advanced Practice,5.06
10260,Application Exercise,5.465571188324736,Advanced Practice,5.06
10260,Critical Thinking Activity,5.115932851238792,Advanced Practice,5.06
10260,Advanced Practice,5.248963699607609,Advanced Practice,5.06
10261,Concept Review,3.118625047807198,Advanced Practice,2.3
10261,Practice Questions,2.5102691059508127,Advanced Practice,2.3
10261,Application Exercise,3.042100540756726,Advanced Practice,2.3
10261,Critical Thinking Activity,2.262293343574056,Advanced Practice,2.3
10261,Advanced Practice,2.4576245205392944,Advanced Practice,2.3
10262,Concept Review,4.390494595149734,Advanced Practice,5.24
10262,Practice Questions,4.791989022732925,Advanced Practice,5.24
10262,Application Exercise,5.5694875317796875,Advanced Practice,5.24
10262,Critical Thinking Activity,4.72242155830542,Advanced Practice,5.24
10262,Advanced Practice,5.211815471400667,Advanced Practice,5.24
10263,Concept Review,2.5856210444718126,Advanced Practice,2.24
10263,Practice Questions,3.245500435912628,Advanced Practice,2.24
10263,Application Exercise,4.406571823670479,Advanced Practice,2.24
10263,Critical Thinking Activity,3.283520701558785,Advanced Practice,2.24
10263,Advanced Practice,3.4683322680761455,Advanced Practice,2.24
10264,Concept Review,3.9780879620953167,Practice Questions,4.38
10264,Practice Questions,4.24935267331298,Practice Questions,4.38
10264,Application Exercise,5.163331298204948,Practice Questions,4.38
10264,Critical Thinking Activity,4.477253108204599,Practice Questions,4.38
10264,Advanced Practice,4.4033182207550805,Practice Questions,4.38
10265,Concept Review,2.6920404532342026,Practice Questions,3.32
10265,Practice Questions,3.1309546610614003,Practice Questions,3.32
10265,Application Exercise,3.756659784597317,Practice Questions,3.32
10265,Critical Thinking Activity,3.3268505673616198,Practice Questions,3.32
10265,Advanced Practice,2.7584997177424952,Practice Questions,3.32
10266,Concept Review,3.4327094324128,Advanced Practice,4.37
10266,Practice Questions,4.118862762671195,Advanced Practice,4.37
10266,Application Exercise,4.826068286959668,Advanced Practice,4.37
10266,Critical Thinking Activity,4.4260110978031495,Advanced Practice,4.37
10266,Advanced Practice,4.292385535667593,Advanced Practice,4.37
10267,Concept Review,3.026255616561875,Advanced Practice,3.51
10267,Practice Questions,2.657911471225491,Advanced Practice,3.51
10267,Application Exercise,3.5949078080077284,Advanced Practice,3.51
10267,Critical Thinking Activity,2.824693263757016,Advanced Practice,3.51
10267,Advanced Practice,3.099865420092662,Advanced Practice,3.51
10268,Concept Review,3.3629029425301136,Practice Questions,4.46
10268,Practice Questions,3.640804669882811,Practice Questions,4.46
10268,Application Exercise,4.178529121139194,Practice Questions,4.46
10268,Critical Thinking Activity,3.3224467511791884,Practice Questions,4.46
10268,Advanced Practice,3.5708775563614377,Practice Questions,4.46
10269,Concept Review,2.9827026373707204,Application Exercise,1.31
10269,Practice Questions,3.394427229044129,Application Exercise,1.31
10269,Application Exercise,3.8135024825452652,Application Exercise,1.31
10269,Critical Thinking Activity,3.623786499945113,Application Exercise,1.31
10269,Advanced Practice,3.767597602219405,Application Exercise,1.31
10270,Concept Review,1.7083574315476986,Application Exercise,3.71
10270,Practice Questions,1.967276736816288,Application Exercise,3.71
10270,Application Exercise,3.104661309905291,Application Exercise,3.71
10270,Critical Thinking Activity,2.287007763764701,Application Exercise,3.71
10270,Advanced Practice,3.2302781467480113,Application Exercise,3.71
10271,Concept Review,3.3697440976923696,Advanced Practice,2.75
10271,Practice Questions,3.8445822032467265,Advanced Practice,2.75
10271,Application Exercise,4.035302425632595,Advanced Practice,2.75
10271,Critical Thinking Activity,3.164363268202685,Advanced Practice,2.75
10271,Advanced Practice,3.623772605803831,Advanced Practice,2.75
10272,Concept Review,3.7361542686625873,Critical Thinking Activity,2.29
10272,Practice Questions,4.209123954641133,Critical Thinking Activity,2.29
10272,Application Exercise,5.341861724996667,Critical Thinking Activity,2.29
10272,Critical Thinking Activity,4.137764598806299,Critical Thinking Activity,2.29
10272,Advanced Practice,4.12681451417736,Critical Thinking Activity,2.29
10273,Concept Review,4.317676064088321,Critical Thinking Activity,2.96
10273,Practice Questions,4.187512472245013,Critical Thinking Activity,2.96
10273,Application Exercise,4.454256580830639,Critical Thinking Activity,2.96
10273,Critical Thinking Activity,4.385963946901222,Critical Thinking Activity,2.96
10273,Advanced Practice,4.478787503153573,Critical Thinking Activity,2.96
10274,Concept Review,5.476039027330019,Critical Thinking Activity,6.22
10274,Practice Questions,5.270582388690023,Critical Thinking Activity,6.22
10274,Application Exercise,5.906926921847158,Critical Thinking Activity,6.22
10274,Critical Thinking Activity,5.907760979953495,Critical Thinking Activity,6.22
10274,Advanced Practice,5.212171679315219,Critical Thinking Activity,6.22
10275,Concept Review,3.0318662242611567,Practice Questions,3.15
10275,Practice Questions,3.3172359792889106,Practice Questions,3.15
10275,Application Exercise,3.10220727401765,Practice Questions,3.15
10275,Critical Thinking Activity,2.6466103190292203,Practice Questions,3.15
10275,Advanced Practice,3.0252347640439994,Practice Questions,3.15
10276,Concept Review,5.334421851116507,Application Exercise,3.46
10276,Practice Questions,5.429167546476305,Application Exercise,3.46
10276,Application Exercise,5.561286787320602,Application Exercise,3.46
10276,Critical Thinking Activity,5.744031098346992,Application Exercise,3.46
10276,Advanced Practice,5.612732054193845,Application Exercise,3.46
10277,Concept Review,0.6809276096294661,Practice Questions,2.36
10277,Practice Questions,1.3430692667158155,Practice Questions,2.36
10277,Application Exercise,2.18119514095413,Practice Questions,2.36
10277,Critical Thinking Activity,2.0202607618061013,Practice Questions,2.36
10277,Advanced Practice,1.4038462758545398,Practice Questions,2.36
10278,Concept Review,1.4024279837874127,Advanced Practice,0.59
10278,Practice Questions,2.583799435337396,Advanced Practice,0.59
10278,Application Exercise,3.5393778623618584,Advanced Practice,0.59
10278,Critical Thinking Activity,2.2938629274185063,Advanced Practice,0.59
10278,Advanced Practice,2.8862104444009327,Advanced Practice,0.59
10279,Concept Review,1.2854115078851454,Advanced Practice,2.58
10279,Practice Questions,2.495632541406939,Advanced Practice,2.58
10279,Application Exercise,2.729099047683909,Advanced Practice,2.58
10279,Critical Thinking Activity,2.228534867472255,Advanced Practice,2.58
10279,Advanced Practice,2.004478419273886,Advanced Practice,2.58
10280,Concept Review,5.0810494277872795,Critical Thinking Activity,5.42
10280,Practice Questions,5.17614751937475,Critical Thinking Activity,5.42
10280,Application Exercise,6.07562934361775,Critical Thinking Activity,5.42
10280,Critical Thinking Activity,4.885421379553877,Critical Thinking Activity,5.42
10280,Advanced Practice,5.320278375034775,Critical Thinking Activity,5.42
10281,Concept Review,3.9243669087890876,Advanced Practice,4.9
10281,Practice Questions,3.2008590822652963,Advanced Practice,4.9
10281,Application Exercise,3.644560261892316,Advanced Practice,4.9
10281,Critical Thinking Activity,3.715765228920872,Advanced Practice,4.9
10281,Advanced Practice,3.703634626326254,Advanced Practice,4.9
10282,Concept Review,4.499337622930529,Practice Questions,6.44
10282,Practice Questions,4.1498211944261385,Practice Questions,6.44
10282,Application Exercise,5.678776105679531,Practice Questions,6.44
10282,Critical Thinking Activity,4.522679540632154,Practice Questions,6.44
10282,Advanced Practice,3.938320288274101,Practice Questions,6.44
10283,Concept Review,1.3126342170151313,Advanced Practice,0.0
10283,Practice Questions,1.581594034546466,Advanced Practice,0.0
10283,Application Exercise,1.5250927571922075,Advanced Practice,0.0
10283,Critical Thinking Activity,1.4295220453816389,Advanced Practice,0.0
10283,Advanced Practice,1.6637079845225757,Advanced Practice,0.0
10284,Concept Review,2.805735977395187,Advanced Practice,3.54
10284,Practice Questions,3.6447196731095044,Advanced Practice,3.54
10284,Application Exercise,4.303242747233387,Advanced Practice,3.54
10284,Critical Thinking Activity,3.7440081126102176,Advanced Practice,3.54
10284,Advanced Practice,3.8729208828921298,Advanced Practice,3.54
10285,Concept Review,2.9931140556761644,Practice Questions,2.14
10285,Practice Questions,2.6736413410783637,Practice Questions,2.14
10285,Application Exercise,3.865537355334567,Practice Questions,2.14
10285,Critical Thinking Activity,2.5782592836720033,Practice Questions,2.14
10285,Advanced Practice,2.7591047163286326,Practice Questions,2.14
10286,Concept Review,3.6246454442398677,Advanced Practice,4.71
10286,Practice Questions,4.425148385784569,Advanced Practice,4.71
10286,Application Exercise,5.711497455588872,Advanced Practice,4.71
10286,Critical Thinking Activity,4.223376487175145,Advanced Practice,4.71
10286,Advanced Practice,4.447496956102594,Advanced Practice,4.71
10287,Concept Review,0.39410853004196866,Practice Questions,1.53
10287,Practice Questions,1.6239702181282314,Practice Questions,1.53
10287,Application Exercise,2.5709133881862574,Practice Questions,1.53
10287,Critical Thinking Activity,1.9072640711136022,Practice Questions,1.53
10287,Advanced Practice,1.3116141330786748,Practice Questions,1.53
10288,Concept Review,3.423299051419282,Advanced Practice,2.95
10288,Practice Questions,3.4024756659878896,Advanced Practice,2.95
10288,Application Exercise,4.480595319865417,Advanced Practice,2.95
10288,Critical Thinking Activity,3.880158137723279,Advanced Practice,2.95
10288,Advanced Practice,3.428121855051833,Advanced Practice,2.95
10289,Concept Review,1.4566714326036516,Application Exercise,1.06
10289,Practice Questions,1.1541051346744675,Application Exercise,1.06
10289,Application Exercise,2.111652559420346,Application Exercise,1.06
10289,Critical Thinking Activity,1.6780549567700667,Application Exercise,1.06
10289,Advanced Practice,1.881270668459539,Application Exercise,1.06
10290,Concept Review,3.3562377964806864,Advanced Practice,1.28
10290,Practice Questions,3.6899033739526996,Advanced Practice,1.28
10290,Application Exercise,4.363850221124604,Advanced Practice,1.28
10290,Critical Thinking Activity,3.6031744614408563,Advanced Practice,1.28
10290,Advanced Practice,3.1245488119874048,Advanced Practice,1.28
10291,Concept Review,1.268304092921463,Critical Thinking Activity,3.2
10291,Practice Questions,1.8015078074558812,Critical Thinking Activity,3.2
10291,Application Exercise,2.9982599547352433,Critical Thinking Activity,3.2
10291,Critical Thinking Activity,2.032737034996108,Critical Thinking Activity,3.2
10291,Advanced Practice,1.5802675442668788,Critical Thinking Activity,3.2
10292,Concept Review,5.081110046451592,Critical Thinking Activity,5.57
10292,Practice Questions,4.516995059110134,Critical Thinking Activity,5.57
10292,Application Exercise,5.441480333800008,Critical Thinking Activity,5.57
10292,Critical Thinking Activity,4.800895626151796,Critical Thinking Activity,5.57
10292,Advanced Practice,5.18197944546964,Critical Thinking Activity,5.57
10293,Concept Review,3.90058440057134,Advanced Practice,5.44
10293,Practice Questions,3.952623230360385,Advanced Practice,5.44
10293,Application Exercise,4.552471912203214,Advanced Practice,5.44
10293,Critical Thinking Activity,3.541152970395957,Advanced Practice,5.44
10293,Advanced Practice,3.811462008338709,Advanced Practice,5.44
10294,Concept Review,4.166934587629816,Critical Thinking Activity,4.22
10294,Practice Questions,4.677910406534169,Critical Thinking Activity,4.22
10294,Application Exercise,4.938017775675847,Critical Thinking Activity,4.22
10294,Critical Thinking Activity,4.66717396609082,Critical Thinking Activity,4.22
10294,Advanced Practice,4.562823894614165,Critical Thinking Activity,4.22
10295,Concept Review,4.524128343911077,Critical Thinking Activity,3.22
10295,Practice Questions,3.9179090730197172,Critical Thinking Activity,3.22
10295,Application Exercise,4.120460067425614,Critical Thinking Activity,3.22
10295,Critical Thinking Activity,4.021285273134302,Critical Thinking Activity,3.22
10295,Advanced Practice,4.37353953889078,Critical Thinking Activity,3.22
10296,Concept Review,2.212228781360842,Critical Thinking Activity,0.3
10296,Practice Questions,1.7325370704614242,Critical Thinking Activity,0.3
10296,Application Exercise,1.9639331724905842,Critical Thinking Activity,0.3
10296,Critical Thinking Activity,1.5481591343843601,Critical Thinking Activity,0.3
10296,Advanced Practice,2.291909322721665,Critical Thinking Activity,0.3
10297,Concept Review,4.10681418266302,Advanced Practice,4.95
10297,Practice Questions,4.336442873000827,Advanced Practice,4.95
10297,Application Exercise,5.407179489399278,Advanced Practice,4.95
10297,Critical Thinking Activity,4.5286850156923,Advanced Practice,4.95
10297,Advanced Practice,4.635632170130657,Advanced Practice,4.95
10298,Concept Review,1.412125401638069,Advanced Practice,0.4
10298,Practice Questions,1.9528857133266215,Advanced Practice,0.4
10298,Application Exercise,2.325107590787441,Advanced Practice,0.4
10298,Critical Thinking Activity,1.3301748803802211,Advanced Practice,0.4
10298,Advanced Practice,1.9952784976270155,Advanced Practice,0.4
10299,Concept Review,2.6855205873372148,Advanced Practice,6.0
10299,Practice Questions,3.107039547832192,Advanced Practice,6.0
10299,Application Exercise,3.6859767298672717,Advanced Practice,6.0
10299,Critical Thinking Activity,2.998460293626486,Advanced Practice,6.0
10299,Advanced Practice,3.2696620153336573,Advanced Practice,6.0
10300,Concept Review,6.569214822899861,Critical Thinking Activity,5.1
10300,Practice Questions,6.037195063861221,Critical Thinking Activity,5.1
10300,Application Exercise,6.244959098209705,Critical Thinking Activity,5.1
10300,Critical Thinking Activity,6.932748694026449,Critical Thinking Activity,5.1
10300,Advanced Practice,7.126162589069201,Critical Thinking Activity,5.1
10301,Concept Review,2.8478230405809297,Critical Thinking Activity,3.82
10301,Practice Questions,3.1649280193829714,Critical Thinking Activity,3.82
10301,Application Exercise,3.6375606289626683,Critical Thinking Activity,3.82
10301,Critical Thinking Activity,3.0367511660356943,Critical Thinking Activity,3.82
10301,Advanced Practice,3.2776728736669627,Critical Thinking Activity,3.82
10302,Concept Review,3.5050303833710075,Application Exercise,7.09
10302,Practice Questions,4.378561683831544,Application Exercise,7.09
10302,Application Exercise,4.808484588884584,Application Exercise,7.09
10302,Critical Thinking Activity,4.9236220218235935,Application Exercise,7.09
10302,Advanced Practice,4.927843249098023,Application Exercise,7.09
10303,Concept Review,3.48854322578208,Advanced Practice,5.03
10303,Practice Questions,4.217429927423516,Advanced Practice,5.03
10303,Application Exercise,5.3524262881317926,Advanced Practice,5.03
10303,Critical Thinking Activity,4.181927402223222,Advanced Practice,5.03
10303,Advanced Practice,4.421620384372931,Advanced Practice,5.03
10304,Concept Review,3.2069892229241836,Advanced Practice,3.94
10304,Practice Questions,4.061252908135503,Advanced Practice,3.94
10304,Application Exercise,4.494455714903273,Advanced Practice,3.94
10304,Critical Thinking Activity,3.4227309877998215,Advanced Practice,3.94
10304,Advanced Practice,3.767644237668804,Advanced Practice,3.94
10305,Concept Review,3.1918854929340523,Advanced Practice,1.88
10305,Practice Questions,3.278543324574064,Advanced Practice,1.88
10305,Application Exercise,4.190057805878709,Advanced Practice,1.88
10305,Critical Thinking Activity,3.5762166420673136,Advanced Practice,1.88
10305,Advanced Practice,3.6020513852414036,Advanced Practice,1.88
10306,Concept Review,3.475279159628911,Critical Thinking Activity,1.79
10306,Practice Questions,3.3688764355267233,Critical Thinking Activity,1.79
10306,Application Exercise,3.9979949100169168,Critical Thinking Activity,1.79
10306,Critical Thinking Activity,3.4160227751742283,Critical Thinking Activity,1.79
10306,Advanced Practice,3.6948677829660816,Critical Thinking Activity,1.79
10307,Concept Review,5.310201507057736,Advanced Practice,5.83
10307,Practice Questions,4.994843044253409,Advanced Practice,5.83
10307,Application Exercise,6.073511336339654,Advanced Practice,5.83
10307,Critical Thinking Activity,5.083070323808105,Advanced Practice,5.83
10307,Advanced Practice,4.868699910309889,Advanced Practice,5.83
10308,Concept Review,2.6563172141129496,Critical Thinking Activity,5.18
10308,Practice Questions,2.6076985835488617,Critical Thinking Activity,5.18
10308,Application Exercise,3.767185156639809,Critical Thinking Activity,5.18
10308,Critical Thinking Activity,2.954769778278581,Critical Thinking Activity,5.18
10308,Advanced Practice,3.378523631532036,Critical Thinking Activity,5.18
10309,Concept Review,5.423752647132561,Advanced Practice,4.92
10309,Practice Questions,5.3929435710922435,Advanced Practice,4.92
10309,Application Exercise,6.6677472814885705,Advanced Practice,4.92
10309,Critical Thinking Activity,5.208802678597395,Advanced Practice,4.92
10309,Advanced Practice,5.952862853089325,Advanced Practice,4.92
10310,Concept Review,4.03354701465601,Concept Review,2.66
10310,Practice Questions,4.278852227443512,Concept Review,2.66
10310,Application Exercise,4.415900348855933,Concept Review,2.66
10310,Critical Thinking Activity,4.0424520109192255,Concept Review,2.66
10310,Advanced Practice,3.8828074459629813,Concept Review,2.66
10311,Concept Review,3.023472687455866,Concept Review,0.0
10311,Practice Questions,3.6403102305379367,Concept Review,0.0
10311,Application Exercise,4.277871067768834,Concept Review,0.0
10311,Critical Thinking Activity,3.9094919381348614,Concept Review,0.0
10311,Advanced Practice,3.6060694774497106,Concept Review,0.0
10312,Concept Review,0.5564435474339033,Concept Review,0.0
10312,Practice Questions,0.6664740758443601,Concept Review,0.0
10312,Application Exercise,1.6536052694281809,Concept Review,0.0
10312,Critical Thinking Activity,1.2038465624238968,Concept Review,0.0
10312,Advanced Practice,1.0651761265761555,Concept Review,0.0
10313,Concept Review,4.868810015270032,Concept Review,5.02
10313,Practice Questions,5.19994030997165,Concept Review,5.02
10313,Application Exercise,5.6429383652369705,Concept Review,5.02
10313,Critical Thinking Activity,5.53899181896789,Concept Review,5.02
10313,Advanced Practice,4.983891877913656,Concept Review,5.02
10314,Concept Review,2.47473226092864,Advanced Practice,5.72
10314,Practice Questions,3.6105313119604916,Advanced Practice,5.72
10314,Application Exercise,3.836979698670362,Advanced Practice,5.72
10314,Critical Thinking Activity,3.1357670189011575,Advanced Practice,5.72
10314,Advanced Practice,3.3568996616860862,Advanced Practice,5.72
10315,Concept Review,0.7170322101193674,Advanced Practice,2.3
10315,Practice Questions,1.515229186502173,Advanced Practice,2.3
10315,Application Exercise,1.789969961198543,Advanced Practice,2.3
10315,Critical Thinking Activity,1.3195335734521731,Advanced Practice,2.3
10315,Advanced Practice,1.3403267762633684,Advanced Practice,2.3
10316,Concept Review,3.802735631404757,Critical Thinking Activity,4.36
10316,Practice Questions,3.810229549212803,Critical Thinking Activity,4.36
10316,Application Exercise,5.334570842746951,Critical Thinking Activity,4.36
10316,Critical Thinking Activity,4.115206708204117,Critical Thinking Activity,4.36
10316,Advanced Practice,4.011649195887731,Critical Thinking Activity,4.36
10317,Concept Review,4.270136660665843,Advanced Practice,3.82
10317,Practice Questions,5.092302394856344,Advanced Practice,3.82
10317,Application Exercise,6.401358362082362,Advanced Practice,3.82
10317,Critical Thinking Activity,4.589293557146197,Advanced Practice,3.82
10317,Advanced Practice,4.361268088275597,Advanced Practice,3.82
10318,Concept Review,2.759544363860121,Application Exercise,2.37
10318,Practice Questions,2.5911605650701013,Application Exercise,2.37
10318,Application Exercise,2.908144004556455,Application Exercise,2.37
10318,Critical Thinking Activity,3.4209455945030975,Application Exercise,2.37
10318,Advanced Practice,3.3149355720810663,Application Exercise,2.37
10319,Concept Review,2.1513558551547036,Application Exercise,4.89
10319,Practice Questions,2.409959732615107,Application Exercise,4.89
10319,Application Exercise,2.8667556160375627,Application Exercise,4.89
10319,Critical Thinking Activity,2.991156867458421,Application Exercise,4.89
10319,Advanced Practice,2.686007241272972,Application Exercise,4.89
10320,Concept Review,5.089174649408673,Concept Review,5.83
10320,Practice Questions,5.35903217339621,Concept Review,5.83
10320,Application Exercise,6.014355484287588,Concept Review,5.83
10320,Critical Thinking Activity,5.810238430633958,Concept Review,5.83
10320,Advanced Practice,5.372339656901172,Concept Review,5.83
10321,Concept Review,3.294516337477514,Application Exercise,0.89
10321,Practice Questions,3.896832834167929,Application Exercise,0.89
10321,Application Exercise,3.9505703934474914,Application Exercise,0.89
10321,Critical Thinking Activity,4.006698910671133,Application Exercise,0.89
10321,Advanced Practice,4.054647358782885,Application Exercise,0.89
10322,Concept Review,5.228550694426667,Practice Questions,4.02
10322,Practice Questions,4.473216807296312,Practice Questions,4.02
10322,Application Exercise,4.930151919167308,Practice Questions,4.02
10322,Critical Thinking Activity,4.780880990846127,Practice Questions,4.02
10322,Advanced Practice,4.910980673243927,Practice Questions,4.02
10323,Concept Review,4.299667627222591,Advanced Practice,2.92
10323,Practice Questions,4.636894561739021,Advanced Practice,2.92
10323,Application Exercise,5.611774510099718,Advanced Practice,2.92
10323,Critical Thinking Activity,4.6063179877891685,Advanced Practice,2.92
10323,Advanced Practice,4.492849452166978,Advanced Practice,2.92
10324,Concept Review,4.515135642474328,Concept Review,4.14
10324,Practice Questions,4.320504042144227,Concept Review,4.14
10324,Application Exercise,4.878714697841099,Concept Review,4.14
10324,Critical Thinking Activity,4.911114320188512,Concept Review,4.14
10324,Advanced Practice,4.611861865244319,Concept Review,4.14
10325,Concept Review,5.718816805508935,Practice Questions,6.8
10325,Practice Questions,5.343332569550483,Practice Questions,6.8
10325,Application Exercise,5.753390440943411,Practice Questions,6.8
10325,Critical Thinking Activity,5.494805814828628,Practice Questions,6.8
10325,Advanced Practice,5.713296341201923,Practice Questions,6.8
10326,Concept Review,5.046098911209256,Critical Thinking Activity,4.86
10326,Practice Questions,5.121806833727422,Critical Thinking Activity,4.86
10326,Application Exercise,5.577381686394994,Critical Thinking Activity,4.86
10326,Critical Thinking Activity,5.209138318399507,Critical Thinking Activity,4.86
10326,Advanced Practice,5.178912267517353,Critical Thinking Activity,4.86
10327,Concept Review,3.4183407601450995,Advanced Practice,3.36
10327,Practice Questions,3.384639625703873,Advanced Practice,3.36
10327,Application Exercise,4.657497870282647,Advanced Practice,3.36
10327,Critical Thinking Activity,3.5537830443563108,Advanced Practice,3.36
10327,Advanced Practice,3.4688270197962545,Advanced Practice,3.36
10328,Concept Review,1.440816871344996,Advanced Practice,4.46
10328,Practice Questions,2.171520816025411,Advanced Practice,4.46
10328,Application Exercise,2.56365202558733,Advanced Practice,4.46
10328,Critical Thinking Activity,2.421651964242802,Advanced Practice,4.46
10328,Advanced Practice,2.449673751906792,Advanced Practice,4.46
10329,Concept Review,2.534906582319893,Application Exercise,2.74
10329,Practice Questions,3.41033445264479,Application Exercise,2.74
10329,Application Exercise,4.073536849133213,Application Exercise,2.74
10329,Critical Thinking Activity,3.6211232011928876,Application Exercise,2.74
10329,Advanced Practice,3.73242106001183,Application Exercise,2.74
10330,Concept Review,4.504346535353334,Concept Review,6.59
10330,Practice Questions,3.557901395195959,Concept Review,6.59
10330,Application Exercise,3.903467949294538,Concept Review,6.59
10330,Critical Thinking Activity,4.568969298790558,Concept Review,6.59
10330,Advanced Practice,3.590085455143334,Concept Review,6.59
10331,Concept Review,4.214655926970495,Advanced Practice,3.26
10331,Practice Questions,4.676874015748023,Advanced Practice,3.26
10331,Application Exercise,5.710718461306095,Advanced Practice,3.26
10331,Critical Thinking Activity,4.639613486102416,Advanced Practice,3.26
10331,Advanced Practice,4.349866947797454,Advanced Practice,3.26
10332,Concept Review,3.5550900287832317,Advanced Practice,3.68
10332,Practice Questions,3.6592811828245657,Advanced Practice,3.68
10332,Application Exercise,3.244463973566172,Advanced Practice,3.68
10332,Critical Thinking Activity,3.4359612700388893,Advanced Practice,3.68
10332,Advanced Practice,3.130320305900752,Advanced Practice,3.68
10333,Concept Review,3.1411895256134454,Critical Thinking Activity,3.63
10333,Practice Questions,4.178949826038177,Critical Thinking Activity,3.63
10333,Application Exercise,6.163243134743023,Critical Thinking Activity,3.63
10333,Critical Thinking Activity,4.938211332095119,Critical Thinking Activity,3.63
10333,Advanced Practice,4.693350538660317,Critical Thinking Activity,3.63
10334,Concept Review,4.345487196138729,Critical Thinking Activity,5.08
10334,Practice Questions,4.74086830550393,Critical Thinking Activity,5.08
10334,Application Exercise,5.98756413399609,Critical Thinking Activity,5.08
10334,Critical Thinking Activity,5.046845595019932,Critical Thinking Activity,5.08
10334,Advanced Practice,5.064153796031487,Critical Thinking Activity,5.08
10335,Concept Review,5.959187626873133,Advanced Practice,6.69
10335,Practice Questions,5.839558036276641,Advanced Practice,6.69
10335,Application Exercise,5.984253730414073,Advanced Practice,6.69
10335,Critical Thinking Activity,5.823975220401531,Advanced Practice,6.69
10335,Advanced Practice,5.694810134410327,Advanced Practice,6.69
10336,Concept Review,4.029014413489377,Advanced Practice,4.26
10336,Practice Questions,3.6065374342108356,Advanced Practice,4.26
10336,Application Exercise,3.9248021715809056,Advanced Practice,4.26
10336,Critical Thinking Activity,3.674079356955156,Advanced Practice,4.26
10336,Advanced Practice,3.8275603683708566,Advanced Practice,4.26
10337,Concept Review,4.067463137426458,Advanced Practice,3.18
10337,Practice Questions,4.335982645949253,Advanced Practice,3.18
10337,Application Exercise,5.060508347019663,Advanced Practice,3.18
10337,Critical Thinking Activity,4.14730449010739,Advanced Practice,3.18
10337,Advanced Practice,4.30413347787571,Advanced Practice,3.18
10338,Concept Review,5.144212446082589,Critical Thinking Activity,4.06
10338,Practice Questions,5.593354228236636,Critical Thinking Activity,4.06
10338,Application Exercise,6.155526205216651,Critical Thinking Activity,4.06
10338,Critical Thinking Activity,5.466089305777133,Critical Thinking Activity,4.06
10338,Advanced Practice,5.447922748745673,Critical Thinking Activity,4.06
10339,Concept Review,4.150618632264983,Critical Thinking Activity,7.96
10339,Practice Questions,4.034341119606862,Critical Thinking Activity,7.96
10339,Application Exercise,5.265096792635192,Critical Thinking Activity,7.96
10339,Critical Thinking Activity,4.905646360283147,Critical Thinking Activity,7.96
10339,Advanced Practice,4.4978194129743745,Critical Thinking Activity,7.96
10340,Concept Review,4.789868972373164,Application Exercise,4.67
10340,Practice Questions,5.016852276784068,Application Exercise,4.67
10340,Application Exercise,5.344088216018596,Application Exercise,4.67
10340,Critical Thinking Activity,5.564999278358366,Application Exercise,4.67
10340,Advanced Practice,5.172813700384886,Application Exercise,4.67
10341,Concept Review,3.7347919440330255,Advanced Practice,4.94
10341,Practice Questions,3.994226365228852,Advanced Practice,4.94
10341,Application Exercise,4.714605076176426,Advanced Practice,4.94
10341,Critical Thinking Activity,3.8923291485929465,Advanced Practice,4.94
10341,Advanced Practice,4.09295570253137,Advanced Practice,4.94
10342,Concept Review,2.255959007695223,Concept Review,0.53
10342,Practice Questions,2.510739291318204,Concept Review,0.53
10342,Application Exercise,2.0606648223799935,Concept Review,0.53
10342,Critical Thinking Activity,2.7981581092867103,Concept Review,0.53
10342,Advanced Practice,2.601820019446305,Concept Review,0.53
10343,Concept Review,1.8554722813785829,Practice Questions,1.76
10343,Practice Questions,2.5749543009555813,Practice Questions,1.76
10343,Application Exercise,2.9277271739055686,Practice Questions,1.76
10343,Critical Thinking Activity,2.490468896945634,Practice Questions,1.76
10343,Advanced Practice,2.173840925715848,Practice Questions,1.76
10344,Concept Review,0.6189345487314508,Advanced Practice,1.63
10344,Practice Questions,2.3894655823924724,Advanced Practice,1.63
10344,Application Exercise,3.149408845706255,Advanced Practice,1.63
10344,Critical Thinking Activity,2.214900852179018,Advanced Practice,1.63
10344,Advanced Practice,1.965732828365483,Advanced Practice,1.63
10345,Concept Review,3.412099376666054,Critical Thinking Activity,5.11
10345,Practice Questions,4.004288864543358,Critical Thinking Activity,5.11
10345,Application Exercise,4.386845026075189,Critical Thinking Activity,5.11
10345,Critical Thinking Activity,4.066206639104881,Critical Thinking Activity,5.11
10345,Advanced Practice,4.35206121392779,Critical Thinking Activity,5.11
10346,Concept Review,4.926024110132147,Practice Questions,1.22
10346,Practice Questions,4.7251588813110255,Practice Questions,1.22
10346,Application Exercise,5.84093911050582,Practice Questions,1.22
10346,Critical Thinking Activity,5.543138184692515,Practice Questions,1.22
10346,Advanced Practice,5.598557281897161,Practice Questions,1.22
10347,Concept Review,4.401839827704822,Advanced Practice,4.31
10347,Practice Questions,3.981100032532302,Advanced Practice,4.31
10347,Application Exercise,4.34187612081678,Advanced Practice,4.31
10347,Critical Thinking Activity,4.008829471221188,Advanced Practice,4.31
10347,Advanced Practice,4.370330163460784,Advanced Practice,4.31
10348,Concept Review,1.9540596225795221,Advanced Practice,0.13
10348,Practice Questions,1.5779975392513856,Advanced Practice,0.13
10348,Application Exercise,2.167440062212281,Advanced Practice,0.13
10348,Critical Thinking Activity,2.1285375453631232,Advanced Practice,0.13
10348,Advanced Practice,1.8853467237229022,Advanced Practice,0.13
10349,Concept Review,5.113959389654365,Advanced Practice,6.2
10349,Practice Questions,6.138374833227963,Advanced Practice,6.2
10349,Application Exercise,7.53204296115011,Advanced Practice,6.2
10349,Critical Thinking Activity,5.601557134141141,Advanced Practice,6.2
10349,Advanced Practice,6.001004533538014,Advanced Practice,6.2
10350,Concept Review,3.6221139487640714,Advanced Practice,2.1
10350,Practice Questions,4.048612186153525,Advanced Practice,2.1
10350,Application Exercise,4.465284951953545,Advanced Practice,2.1
10350,Critical Thinking Activity,3.2383459478376064,Advanced Practice,2.1
10350,Advanced Practice,3.4478678824976297,Advanced Practice,2.1
10351,Concept Review,4.73709236834312,Critical Thinking Activity,3.05
10351,Practice Questions,4.618928263167332,Critical Thinking Activity,3.05
10351,Application Exercise,6.159181476198133,Critical Thinking Activity,3.05
10351,Critical Thinking Activity,5.101136697124129,Critical Thinking Activity,3.05
10351,Advanced Practice,4.356873889650117,Critical Thinking Activity,3.05
10352,Concept Review,0.8076213357526969,Guided Review,1.0
10352,Practice Questions,1.0682685475764937,Guided Review,1.0
10352,Application Exercise,2.3494441264260626,Guided Review,1.0
10352,Critical Thinking Activity,1.5376448937511458,Guided Review,1.0
10352,Advanced Practice,1.6311055301442932,Guided Review,1.0
10353,Concept Review,3.363402070514558,Critical Thinking Activity,2.33
10353,Practice Questions,3.447198337201077,Critical Thinking Activity,2.33
10353,Application Exercise,4.539306774051165,Critical Thinking Activity,2.33
10353,Critical Thinking Activity,3.6884981913766817,Critical Thinking Activity,2.33
10353,Advanced Practice,3.8276607414739283,Critical Thinking Activity,2.33
10354,Concept Review,1.6539365136146302,Advanced Practice,1.43
10354,Practice Questions,1.974372086274773,Advanced Practice,1.43
10354,Application Exercise,2.575412079017919,Advanced Practice,1.43
10354,Critical Thinking Activity,1.8313500870929675,Advanced Practice,1.43
10354,Advanced Practice,2.218985549091227,Advanced Practice,1.43
10355,Concept Review,3.335855016549272,Critical Thinking Activity,2.45
10355,Practice Questions,4.441887122822608,Critical Thinking Activity,2.45
10355,Application Exercise,5.330897104468503,Critical Thinking Activity,2.45
10355,Critical Thinking Activity,4.390390322484355,Critical Thinking Activity,2.45
10355,Advanced Practice,4.325005596372283,Critical Thinking Activity,2.45
10356,Concept Review,3.4820291419113105,Concept Review,1.32
10356,Practice Questions,3.980026821499124,Concept Review,1.32
10356,Application Exercise,4.867036596955915,Concept Review,1.32
10356,Critical Thinking Activity,4.194613324384942,Concept Review,1.32
10356,Advanced Practice,3.976839332533448,Concept Review,1.32
10357,Concept Review,7.184461573121077,Concept Review,8.18
10357,Practice Questions,6.936420187717831,Concept Review,8.18
10357,Application Exercise,7.630581511482344,Concept Review,8.18
10357,Critical Thinking Activity,6.709394798673844,Concept Review,8.18
10357,Advanced Practice,6.231680935352008,Concept Review,8.18
10358,Concept Review,2.8299670331528106,Critical Thinking Activity,2.17
10358,Practice Questions,4.065421783168734,Critical Thinking Activity,2.17
10358,Application Exercise,5.162405430629356,Critical Thinking Activity,2.17
10358,Critical Thinking Activity,3.9824935152847183,Critical Thinking Activity,2.17
10358,Advanced Practice,4.25046599641343,Critical Thinking Activity,2.17
10359,Concept Review,4.009699384309378,Practice Questions,3.32
10359,Practice Questions,3.9279968129904574,Practice Questions,3.32
10359,Application Exercise,4.759137171062584,Practice Questions,3.32
10359,Critical Thinking Activity,4.077878409815337,Practice Questions,3.32
10359,Advanced Practice,3.569443179023661,Practice Questions,3.32
10360,Concept Review,3.2450062466198144,Application Exercise,4.94
10360,Practice Questions,3.7789831088259325,Application Exercise,4.94
10360,Application Exercise,3.9824496775061538,Application Exercise,4.94
10360,Critical Thinking Activity,4.168748278404645,Application Exercise,4.94
10360,Advanced Practice,3.7315717369102823,Application Exercise,4.94
10361,Concept Review,3.9741330871542004,Practice Questions,3.2
10361,Practice Questions,4.177775415911726,Practice Questions,3.2
10361,Application Exercise,4.138501424837049,Practice Questions,3.2
10361,Critical Thinking Activity,4.469224881918536,Practice Questions,3.2
10361,Advanced Practice,4.19190115130923,Practice Questions,3.2
10362,Concept Review,3.014757737678348,Practice Questions,1.41
10362,Practice Questions,2.6774995244285655,Practice Questions,1.41
10362,Application Exercise,2.641468447519487,Practice Questions,1.41
10362,Critical Thinking Activity,2.872181575848192,Practice Questions,1.41
10362,Advanced Practice,2.445626112942456,Practice Questions,1.41
10363,Concept Review,5.106113675208618,Advanced Practice,6.04
10363,Practice Questions,4.9488702422870325,Advanced Practice,6.04
10363,Application Exercise,5.655883278191679,Advanced Practice,6.04
10363,Critical Thinking Activity,5.435844569244824,Advanced Practice,6.04
10363,Advanced Practice,5.82057747676492,Advanced Practice,6.04
10364,Concept Review,2.995366735482821,Advanced Practice,4.98
10364,Practice Questions,3.252178500055877,Advanced Practice,4.98
10364,Application Exercise,4.6297836397333825,Advanced Practice,4.98
10364,Critical Thinking Activity,3.191775756778022,Advanced Practice,4.98
10364,Advanced Practice,3.84312667190079,Advanced Practice,4.98
10365,Concept Review,1.9721992833887234,Advanced Practice,0.79
10365,Practice Questions,2.4019673275649316,Advanced Practice,0.79
10365,Application Exercise,2.9311725946349387,Advanced Practice,0.79
10365,Critical Thinking Activity,2.688610571256029,Advanced Practice,0.79
10365,Advanced Practice,2.585582943937481,Advanced Practice,0.79
10366,Concept Review,5.375043099556348,Concept Review,4.76
10366,Practice Questions,4.877562990423175,Concept Review,4.76
10366,Application Exercise,5.700845712177323,Concept Review,4.76
10366,Critical Thinking Activity,5.784484829852858,Concept Review,4.76
10366,Advanced Practice,4.85620425812804,Concept Review,4.76
10367,Concept Review,1.7863196969149664,Application Exercise,0.05
10367,Practice Questions,2.330975341158135,Application Exercise,0.05
10367,Application Exercise,3.002724668920063,Application Exercise,0.05
10367,Critical Thinking Activity,2.2851930284480138,Application Exercise,0.05
10367,Advanced Practice,2.5902499238744245,Application Exercise,0.05
10368,Concept Review,4.958728087501349,Practice Questions,3.4
10368,Practice Questions,4.204892573020292,Practice Questions,3.4
10368,Application Exercise,5.610032187803075,Practice Questions,3.4
10368,Critical Thinking Activity,4.5768223916594115,Practice Questions,3.4
10368,Advanced Practice,4.198695207976551,Practice Questions,3.4
10369,Concept Review,2.5122371751407857,Critical Thinking Activity,3.82
10369,Practice Questions,3.3337107055804545,Critical Thinking Activity,3.82
10369,Application Exercise,4.303857763711934,Critical Thinking Activity,3.82
10369,Critical Thinking Activity,3.9147379857350555,Critical Thinking Activity,3.82
10369,Advanced Practice,4.229113723367302,Critical Thinking Activity,3.82
10370,Concept Review,3.1210140485165163,Advanced Practice,2.99
10370,Practice Questions,4.129260950276551,Advanced Practice,2.99
10370,Application Exercise,4.871640905941657,Advanced Practice,2.99
10370,Critical Thinking Activity,3.887728506568294,Advanced Practice,2.99
10370,Advanced Practice,4.2802670583211855,Advanced Practice,2.99
10371,Concept Review,3.2444888389614324,Advanced Practice,3.02
10371,Practice Questions,4.085068012529842,Advanced Practice,3.02
10371,Application Exercise,4.926394588706557,Advanced Practice,3.02
10371,Critical Thinking Activity,3.592364683957043,Advanced Practice,3.02
10371,Advanced Practice,3.718332447307966,Advanced Practice,3.02
10372,Concept Review,1.1478089362988353,Practice Questions,0.0
10372,Practice Questions,1.9362505617204468,Practice Questions,0.0
10372,Application Exercise,2.786890357128927,Practice Questions,0.0
10372,Critical Thinking Activity,2.215650001203139,Practice Questions,0.0
10372,Advanced Practice,1.9295204223330176,Practice Questions,0.0
10373,Concept Review,4.228277717568968,Critical Thinking Activity,4.65
10373,Practice Questions,4.075199412170438,Critical Thinking Activity,4.65
10373,Application Exercise,5.197002786674524,Critical Thinking Activity,4.65
10373,Critical Thinking Activity,4.310055212294487,Critical Thinking Activity,4.65
10373,Advanced Practice,4.884133580792271,Critical Thinking Activity,4.65
10374,Concept Review,6.125365664436249,Critical Thinking Activity,7.81
10374,Practice Questions,5.53074076385618,Critical Thinking Activity,7.81
10374,Application Exercise,5.984844079365478,Critical Thinking Activity,7.81
10374,Critical Thinking Activity,5.979688083380866,Critical Thinking Activity,7.81
10374,Advanced Practice,6.017768361882175,Critical Thinking Activity,7.81
10375,Concept Review,2.52092697873563,Critical Thinking Activity,1.0
10375,Practice Questions,2.3636382371629976,Critical Thinking Activity,1.0
10375,Application Exercise,2.728359198483281,Critical Thinking Activity,1.0
10375,Critical Thinking Activity,2.31966155768666,Critical Thinking Activity,1.0
10375,Advanced Practice,2.231262335080185,Critical Thinking Activity,1.0
10376,Concept Review,2.2050029537745566,Practice Questions,1.42
10376,Practice Questions,2.478970044682736,Practice Questions,1.42
10376,Application Exercise,2.5171749951898,Practice Questions,1.42
10376,Critical Thinking Activity,2.0585530727910024,Practice Questions,1.42
10376,Advanced Practice,2.189625913761467,Practice Questions,1.42
10377,Concept Review,2.599694798473813,Advanced Practice,3.53
10377,Practice Questions,2.81749832021071,Advanced Practice,3.53
10377,Application Exercise,3.9413371030359423,Advanced Practice,3.53
10377,Critical Thinking Activity,2.7374491763549385,Advanced Practice,3.53
10377,Advanced Practice,2.840114051342818,Advanced Practice,3.53
10378,Concept Review,4.256718790088388,Critical Thinking Activity,6.47
10378,Practice Questions,3.9719170591211035,Critical Thinking Activity,6.47
10378,Application Exercise,5.029938151324927,Critical Thinking Activity,6.47
10378,Critical Thinking Activity,4.762500909830497,Critical Thinking Activity,6.47
10378,Advanced Practice,4.9755494159498,Critical Thinking Activity,6.47
10379,Concept Review,3.489083534902367,Critical Thinking Activity,1.88
10379,Practice Questions,3.5563026807712843,Critical Thinking Activity,1.88
10379,Application Exercise,3.8824032773967336,Critical Thinking Activity,1.88
10379,Critical Thinking Activity,4.1814225031437715,Critical Thinking Activity,1.88
10379,Advanced Practice,4.104376967794243,Critical Thinking Activity,1.88
10380,Concept Review,4.822525795081427,Practice Questions,3.78
10380,Practice Questions,4.357266210194871,Practice Questions,3.78
10380,Application Exercise,5.535737507876576,Practice Questions,3.78
10380,Critical Thinking Activity,4.5897962817163185,Practice Questions,3.78
10380,Advanced Practice,4.391727682705064,Practice Questions,3.78
10381,Concept Review,5.606051291048347,Practice Questions,6.53
10381,Practice Questions,6.0026672242305334,Practice Questions,6.53
10381,Application Exercise,7.044710161083276,Practice Questions,6.53
10381,Critical Thinking Activity,6.354632957110926,Practice Questions,6.53
10381,Advanced Practice,6.299798668179914,Practice Questions,6.53
10382,Concept Review,3.838819895994952,Application Exercise,5.03
10382,Practice Questions,4.695495208630009,Application Exercise,5.03
10382,Application Exercise,4.907555049156491,Application Exercise,5.03
10382,Critical Thinking Activity,4.5661374941264175,Application Exercise,5.03
10382,Advanced Practice,4.881486731002575,Application Exercise,5.03
10383,Concept Review,6.16296323809649,Advanced Practice,2.09
10383,Practice Questions,5.971993450228064,Advanced Practice,2.09
10383,Application Exercise,7.10518517674689,Advanced Practice,2.09
10383,Critical Thinking Activity,5.804366002296709,Advanced Practice,2.09
10383,Advanced Practice,6.065377866381305,Advanced Practice,2.09
10384,Concept Review,0.7643710922295277,Application Exercise,3.15
10384,Practice Questions,1.9424010594070413,Application Exercise,3.15
10384,Application Exercise,2.4932961202208572,Application Exercise,3.15
10384,Critical Thinking Activity,2.400449893351894,Application Exercise,3.15
10384,Advanced Practice,2.2705737166054707,Application Exercise,3.15
10385,Concept Review,4.6378926234870965,Advanced Practice,7.83
10385,Practice Questions,5.923090303641295,Advanced Practice,7.83
10385,Application Exercise,7.281361551731923,Advanced Practice,7.83
10385,Critical Thinking Activity,5.673771792097842,Advanced Practice,7.83
10385,Advanced Practice,6.039784622299624,Advanced Practice,7.83
10386,Concept Review,5.6274098054659145,Concept Review,6.21
10386,Practice Questions,5.735002041936639,Concept Review,6.21
10386,Application Exercise,6.265409037227421,Concept Review,6.21
10386,Critical Thinking Activity,6.452269127482724,Concept Review,6.21
10386,Advanced Practice,6.291827548282196,Concept Review,6.21
10387,Concept Review,5.688606721741358,Critical Thinking Activity,4.79
10387,Practice Questions,5.947582872431304,Critical Thinking Activity,4.79
10387,Application Exercise,7.676021399265104,Critical Thinking Activity,4.79
10387,Critical Thinking Activity,6.561778665196727,Critical Thinking Activity,4.79
10387,Advanced Practice,6.759559341008138,Critical Thinking Activity,4.79
10388,Concept Review,2.133208075081005,Application Exercise,2.16
10388,Practice Questions,2.4479580483566488,Application Exercise,2.16
10388,Application Exercise,2.6449217641194473,Application Exercise,2.16
10388,Critical Thinking Activity,2.956386723856548,Application Exercise,2.16
10388,Advanced Practice,2.474590723320426,Application Exercise,2.16
10389,Concept Review,1.7964517994367695,Critical Thinking Activity,5.28
10389,Practice Questions,2.9818152111949554,Critical Thinking Activity,5.28
10389,Application Exercise,4.446255069330746,Critical Thinking Activity,5.28
10389,Critical Thinking Activity,2.7927842311668885,Critical Thinking Activity,5.28
10389,Advanced Practice,2.7289659774425457,Critical Thinking Activity,5.28
10390,Concept Review,0.85686036300224,Advanced Practice,2.96
10390,Practice Questions,1.6216815986584296,Advanced Practice,2.96
10390,Application Exercise,3.081526412921647,Advanced Practice,2.96
10390,Critical Thinking Activity,1.5938289676257775,Advanced Practice,2.96
10390,Advanced Practice,2.062638511076848,Advanced Practice,2.96
10391,Concept Review,3.2896352538732776,Application Exercise,4.88
10391,Practice Questions,4.099348698255453,Application Exercise,4.88
10391,Application Exercise,4.722694761558313,Application Exercise,4.88
10391,Critical Thinking Activity,3.681139135873637,Application Exercise,4.88
10391,Advanced Practice,3.795795956402871,Application Exercise,4.88
10392,Concept Review,2.409882119895207,Critical Thinking Activity,3.46
10392,Practice Questions,2.972685597269022,Critical Thinking Activity,3.46
10392,Application Exercise,3.9872809547168275,Critical Thinking Activity,3.46
10392,Critical Thinking Activity,2.840446984338878,Critical Thinking Activity,3.46
10392,Advanced Practice,2.973060385803847,Critical Thinking Activity,3.46
10393,Concept Review,4.333092423584793,Critical Thinking Activity,4.15
10393,Practice Questions,4.514408114430707,Critical Thinking Activity,4.15
10393,Application Exercise,4.891056180853384,Critical Thinking Activity,4.15
10393,Critical Thinking Activity,4.435461151287709,Critical Thinking Activity,4.15
10393,Advanced Practice,4.956394514298885,Critical Thinking Activity,4.15
10394,Concept Review,5.290888503444533,Concept Review,5.5
10394,Practice Questions,5.415313633932948,Concept Review,5.5
10394,Application Exercise,6.375034500148699,Concept Review,5.5
10394,Critical Thinking Activity,6.057817482845923,Concept Review,5.5
10394,Advanced Practice,5.6779244611281605,Concept Review,5.5
10395,Concept Review,3.8099949740248666,Critical Thinking Activity,3.97
10395,Practice Questions,3.6459942789415725,Critical Thinking Activity,3.97
10395,Application Exercise,4.011115901687052,Critical Thinking Activity,3.97
10395,Critical Thinking Activity,3.8907445123755573,Critical Thinking Activity,3.97
10395,Advanced Practice,4.159995414770752,Critical Thinking Activity,3.97
10396,Concept Review,3.7046200379112406,Concept Review,4.72
10396,Practice Questions,3.8494084879413197,Concept Review,4.72
10396,Application Exercise,3.4844871019718644,Concept Review,4.72
10396,Critical Thinking Activity,3.5255684567401544,Concept Review,4.72
10396,Advanced Practice,3.5877024064455107,Concept Review,4.72
10397,Concept Review,2.7581756208484625,Concept Review,5.12
10397,Practice Questions,3.003309583857361,Concept Review,5.12
10397,Application Exercise,3.674758865478391,Concept Review,5.12
10397,Critical Thinking Activity,2.9043777981020065,Concept Review,5.12
10397,Advanced Practice,2.540844958472279,Concept Review,5.12
10398,Concept Review,5.421904440513648,Advanced Practice,7.0
10398,Practice Questions,5.411083748378617,Advanced Practice,7.0
10398,Application Exercise,6.6008983285032095,Advanced Practice,7.0
10398,Critical Thinking Activity,5.822070488781653,Advanced Practice,7.0
10398,Advanced Practice,5.402407025530488,Advanced Practice,7.0
10399,Concept Review,1.4954638125077033,Application Exercise,0.0
10399,Practice Questions,1.7070189377263554,Application Exercise,0.0
10399,Application Exercise,2.1364713897397074,Application Exercise,0.0
10399,Critical Thinking Activity,2.0894899901647666,Application Exercise,0.0
10399,Advanced Practice,1.9816804268928319,Application Exercise,0.0
10400,Concept Review,3.0509145415164785,Advanced Practice,4.49
10400,Practice Questions,3.7704684739388337,Advanced Practice,4.49
10400,Application Exercise,4.418466319757561,Advanced Practice,4.49
10400,Critical Thinking Activity,4.069851311719373,Advanced Practice,4.49
10400,Advanced Practice,4.297351961531513,Advanced Practice,4.49
10401,Concept Review,2.4216462953245457,Advanced Practice,4.18
10401,Practice Questions,2.8736009405948812,Advanced Practice,4.18
10401,Application Exercise,3.229770585244638,Advanced Practice,4.18
10401,Critical Thinking Activity,3.0684804506334427,Advanced Practice,4.18
10401,Advanced Practice,2.868804442162026,Advanced Practice,4.18
10402,Concept Review,3.538063969579862,Application Exercise,5.36
10402,Practice Questions,4.150573731271752,Application Exercise,5.36
10402,Application Exercise,4.20263489291348,Application Exercise,5.36
10402,Critical Thinking Activity,3.62808476045089,Application Exercise,5.36
10402,Advanced Practice,4.2750201877048175,Application Exercise,5.36
10403,Concept Review,6.3952765907717115,Concept Review,5.23
10403,Practice Questions,6.170927148224087,Concept Review,5.23
10403,Application Exercise,6.4752131418079495,Concept Review,5.23
10403,Critical Thinking Activity,6.1849496071266366,Concept Review,5.23
10403,Advanced Practice,6.071691432399586,Concept Review,5.23
10404,Concept Review,3.9028549488822915,Concept Review,8.29
10404,Practice Questions,3.293174180892992,Concept Review,8.29
10404,Application Exercise,3.164868552672044,Concept Review,8.29
10404,Critical Thinking Activity,3.693067973782852,Concept Review,8.29
10404,Advanced Practice,3.5009987625291306,Concept Review,8.29
10405,Concept Review,1.9349274279613937,Advanced Practice,0.0
10405,Practice Questions,2.213460066433575,Advanced Practice,0.0
10405,Application Exercise,3.0473162887739815,Advanced Practice,0.0
10405,Critical Thinking Activity,2.0766392480835054,Advanced Practice,0.0
10405,Advanced Practice,2.01682194551,Advanced Practice,0.0
10406,Concept Review,1.62344965957277,Critical Thinking Activity,0.6
10406,Practice Questions,1.81013196970855,Critical Thinking Activity,0.6
10406,Application Exercise,2.1287982442420734,Critical Thinking Activity,0.6
10406,Critical Thinking Activity,1.906694311870612,Critical Thinking Activity,0.6
10406,Advanced Practice,2.370730621597197,Critical Thinking Activity,0.6
10407,Concept Review,3.1301829853571053,Advanced Practice,3.9
10407,Practice Questions,3.474106670593491,Advanced Practice,3.9
10407,Application Exercise,4.792425174139663,Advanced Practice,3.9
10407,Critical Thinking Activity,3.407183385875249,Advanced Practice,3.9
10407,Advanced Practice,3.647196912688111,Advanced Practice,3.9
10408,Concept Review,5.958204742798813,Application Exercise,9.6
10408,Practice Questions,6.191492884626811,Application Exercise,9.6
10408,Application Exercise,7.036230794244332,Application Exercise,9.6
10408,Critical Thinking Activity,6.287176147510007,Application Exercise,9.6
10408,Advanced Practice,6.154640462316912,Application Exercise,9.6
10409,Concept Review,2.445880847444043,Advanced Practice,1.51
10409,Practice Questions,3.189152483480122,Advanced Practice,1.51
10409,Application Exercise,3.505228102168192,Advanced Practice,1.51
10409,Critical Thinking Activity,2.4885290694570594,Advanced Practice,1.51
10409,Advanced Practice,2.5522725752719757,Advanced Practice,1.51
10410,Concept Review,2.8991795696262193,Advanced Practice,2.63
10410,Practice Questions,2.8845764152072575,Advanced Practice,2.63
10410,Application Exercise,3.9719691357914355,Advanced Practice,2.63
10410,Critical Thinking Activity,3.3745581332164742,Advanced Practice,2.63
10410,Advanced Practice,3.1374744807376,Advanced Practice,2.63
10411,Concept Review,1.4370605464290138,Advanced Practice,3.94
10411,Practice Questions,2.177859755029975,Advanced Practice,3.94
10411,Application Exercise,2.4103329397588347,Advanced Practice,3.94
10411,Critical Thinking Activity,1.4981448505432162,Advanced Practice,3.94
10411,Advanced Practice,2.1917891176095217,Advanced Practice,3.94
10412,Concept Review,2.768685185535997,Advanced Practice,2.76
10412,Practice Questions,2.63754934324628,Advanced Practice,2.76
10412,Application Exercise,2.338618175247107,Advanced Practice,2.76
10412,Critical Thinking Activity,2.3473626757939066,Advanced Practice,2.76
10412,Advanced Practice,2.632340316447129,Advanced Practice,2.76
10413,Concept Review,4.13432293376897,Application Exercise,4.11
10413,Practice Questions,4.53121866834422,Application Exercise,4.11
10413,Application Exercise,4.971388503086418,Application Exercise,4.11
10413,Critical Thinking Activity,4.530519359630354,Application Exercise,4.11
10413,Advanced Practice,4.5660343019251926,Application Exercise,4.11
10414,Concept Review,4.38950452990384,Practice Questions,5.42
10414,Practice Questions,4.2982410997588225,Practice Questions,5.42
10414,Application Exercise,5.208689398772169,Practice Questions,5.42
10414,Critical Thinking Activity,4.802337954495237,Practice Questions,5.42
10414,Advanced Practice,4.882592719126035,Practice Questions,5.42
10415,Concept Review,4.715453616160589,Practice Questions,4.76
10415,Practice Questions,3.981950397605366,Practice Questions,4.76
10415,Application Exercise,5.017334230808277,Practice Questions,4.76
10415,Critical Thinking Activity,4.883798247284208,Practice Questions,4.76
10415,Advanced Practice,4.625390915161981,Practice Questions,4.76
10416,Concept Review,2.69694919362775,Practice Questions,5.35
10416,Practice Questions,3.7907236006724236,Practice Questions,5.35
10416,Application Exercise,5.238524757183985,Practice Questions,5.35
10416,Critical Thinking Activity,4.259909673912291,Practice Questions,5.35
10416,Advanced Practice,3.851147490762294,Practice Questions,5.35
10417,Concept Review,2.602776727503194,Advanced Practice,4.38
10417,Practice Questions,2.6339276325160905,Advanced Practice,4.38
10417,Application Exercise,3.6257244284948507,Advanced Practice,4.38
10417,Critical Thinking Activity,2.567347999380802,Advanced Practice,4.38
10417,Advanced Practice,2.631901548768645,Advanced Practice,4.38
10418,Concept Review,1.9858712332441888,Application Exercise,2.97
10418,Practice Questions,2.699637174230537,Application Exercise,2.97
10418,Application Exercise,3.527379234421815,Application Exercise,2.97
10418,Critical Thinking Activity,2.769951975137079,Application Exercise,2.97
10418,Advanced Practice,2.611324098338107,Application Exercise,2.97
10419,Concept Review,2.493001415588778,Critical Thinking Activity,3.62
10419,Practice Questions,2.8630374565968983,Critical Thinking Activity,3.62
10419,Application Exercise,4.463346113239804,Critical Thinking Activity,3.62
10419,Critical Thinking Activity,3.2155691976837915,Critical Thinking Activity,3.62
10419,Advanced Practice,3.6337293172491583,Critical Thinking Activity,3.62
10420,Concept Review,3.956243225244583,Practice Questions,4.55
10420,Practice Questions,4.237488449087131,Practice Questions,4.55
10420,Application Exercise,4.781216707564258,Practice Questions,4.55
10420,Critical Thinking Activity,4.23527056114678,Practice Questions,4.55
10420,Advanced Practice,4.276389698684224,Practice Questions,4.55
10421,Concept Review,-0.12134666157279383,Guided Review,1.81
10421,Practice Questions,0.9648806021148593,Guided Review,1.81
10421,Application Exercise,2.1046008957602695,Guided Review,1.81
10421,Critical Thinking Activity,1.2730076354668487,Guided Review,1.81
10421,Advanced Practice,1.352329328818798,Guided Review,1.81
10422,Concept Review,3.0878187717440593,Advanced Practice,3.31
10422,Practice Questions,3.080443716577858,Advanced Practice,3.31
10422,Application Exercise,3.465671243036358,Advanced Practice,3.31
10422,Critical Thinking Activity,2.583220134103827,Advanced Practice,3.31
10422,Advanced Practice,3.2239923635684224,Advanced Practice,3.31
10423,Concept Review,3.869218656376058,Practice Questions,3.42
10423,Practice Questions,3.547519877040027,Practice Questions,3.42
10423,Application Exercise,4.201400384566281,Practice Questions,3.42
10423,Critical Thinking Activity,3.8772961451523758,Practice Questions,3.42
10423,Advanced Practice,3.695866192878487,Practice Questions,3.42
10424,Concept Review,2.980147025443866,Application Exercise,6.2
10424,Practice Questions,3.8162966390849404,Application Exercise,6.2
10424,Application Exercise,4.1742973055054335,Application Exercise,6.2
10424,Critical Thinking Activity,3.9593865404313187,Application Exercise,6.2
10424,Advanced Practice,4.303449662234059,Application Exercise,6.2
10425,Concept Review,6.464620870452503,Concept Review,8.61
10425,Practice Questions,5.532732451079472,Concept Review,8.61
10425,Application Exercise,6.237942453238743,Concept Review,8.61
10425,Critical Thinking Activity,6.3788869530922225,Concept Review,8.61
10425,Advanced Practice,6.667830356130225,Concept Review,8.61
10426,Concept Review,1.2508899303972396,Advanced Practice,0.0
10426,Practice Questions,1.552414180931851,Advanced Practice,0.0
10426,Application Exercise,2.3040827262522616,Advanced Practice,0.0
10426,Critical Thinking Activity,2.308718139970283,Advanced Practice,0.0
10426,Advanced Practice,1.9595499873990954,Advanced Practice,0.0
10427,Concept Review,2.4765608769762997,Advanced Practice,2.42
10427,Practice Questions,2.8750811424155414,Advanced Practice,2.42
10427,Application Exercise,3.8560715023363787,Advanced Practice,2.42
10427,Critical Thinking Activity,2.5094573862687053,Advanced Practice,2.42
10427,Advanced Practice,2.5192411632860736,Advanced Practice,2.42
10428,Concept Review,4.865637178918888,Application Exercise,4.33
10428,Practice Questions,4.887635426266371,Application Exercise,4.33
10428,Application Exercise,5.700787915408533,Application Exercise,4.33
10428,Critical Thinking Activity,5.317532838284839,Application Exercise,4.33
10428,Advanced Practice,5.454333106394708,Application Exercise,4.33
10429,Concept Review,2.408576344865338,Advanced Practice,2.11
10429,Practice Questions,2.2473373287186433,Advanced Practice,2.11
10429,Application Exercise,2.9443009615498106,Advanced Practice,2.11
10429,Critical Thinking Activity,2.3374656446688906,Advanced Practice,2.11
10429,Advanced Practice,2.566383453447324,Advanced Practice,2.11
10430,Concept Review,3.3385411018164795,Critical Thinking Activity,4.52
10430,Practice Questions,3.4994733428921325,Critical Thinking Activity,4.52
10430,Application Exercise,4.769836106311715,Critical Thinking Activity,4.52
10430,Critical Thinking Activity,3.639581785394606,Critical Thinking Activity,4.52
10430,Advanced Practice,4.308063977833802,Critical Thinking Activity,4.52
10431,Concept Review,2.530051606519138,Practice Questions,4.25
10431,Practice Questions,3.1015530741447863,Practice Questions,4.25
10431,Application Exercise,4.472798801058592,Practice Questions,4.25
10431,Critical Thinking Activity,3.389196471511456,Practice Questions,4.25
10431,Advanced Practice,3.7876670670757924,Practice Questions,4.25
10432,Concept Review,2.7258865938361083,Advanced Practice,3.69
10432,Practice Questions,3.834106421191681,Advanced Practice,3.69
10432,Application Exercise,4.009553228033922,Advanced Practice,3.69
10432,Critical Thinking Activity,3.566832867145611,Advanced Practice,3.69
10432,Advanced Practice,3.7727726059675906,Advanced Practice,3.69
10433,Concept Review,5.567529780514514,Critical Thinking Activity,3.31
10433,Practice Questions,5.035946183279939,Critical Thinking Activity,3.31
10433,Application Exercise,6.163046986823841,Critical Thinking Activity,3.31
10433,Critical Thinking Activity,5.3477201473420655,Critical Thinking Activity,3.31
10433,Advanced Practice,5.970070010808597,Critical Thinking Activity,3.31
10434,Concept Review,4.258931967162385,Critical Thinking Activity,3.35
10434,Practice Questions,4.49677098607361,Critical Thinking Activity,3.35
10434,Application Exercise,5.251756343887351,Critical Thinking Activity,3.35
10434,Critical Thinking Activity,4.490382067153796,Critical Thinking Activity,3.35
10434,Advanced Practice,4.571175321172916,Critical Thinking Activity,3.35
10435,Concept Review,2.0728473171600585,Critical Thinking Activity,4.06
10435,Practice Questions,2.3517065835977053,Critical Thinking Activity,4.06
10435,Application Exercise,2.7940030284689974,Critical Thinking Activity,4.06
10435,Critical Thinking Activity,2.4299893054157797,Critical Thinking Activity,4.06
10435,Advanced Practice,2.5666988979015044,Critical Thinking Activity,4.06
10436,Concept Review,1.7425881051529095,Application Exercise,0.0
10436,Practice Questions,2.7902896908251957,Application Exercise,0.0
10436,Application Exercise,2.4409337907687387,Application Exercise,0.0
10436,Critical Thinking Activity,2.1199685579692846,Application Exercise,0.0
10436,Advanced Practice,2.4549357683114112,Application Exercise,0.0
10437,Concept Review,2.04000670868737,Application Exercise,5.22
10437,Practice Questions,3.199469995704263,Application Exercise,5.22
10437,Application Exercise,4.011884173032212,Application Exercise,5.22
10437,Critical Thinking Activity,3.5775280727986507,Application Exercise,5.22
10437,Advanced Practice,3.4966520455517127,Application Exercise,5.22
10438,Concept Review,1.014610072726327,Concept Review,1.35
10438,Practice Questions,0.2945962526293453,Concept Review,1.35
10438,Application Exercise,0.32306587522053176,Concept Review,1.35
10438,Critical Thinking Activity,0.70881065316747,Concept Review,1.35
10438,Advanced Practice,-0.011557798565140942,Concept Review,1.35
10439,Concept Review,2.9784303821627294,Advanced Practice,5.21
10439,Practice Questions,3.6133475684612972,Advanced Practice,5.21
10439,Application Exercise,3.8474053676068705,Advanced Practice,5.21
10439,Critical Thinking Activity,3.4046767159093028,Advanced Practice,5.21
10439,Advanced Practice,3.56899970452495,Advanced Practice,5.21
10440,Concept Review,6.329695964606914,Practice Questions,5.84
10440,Practice Questions,6.148210420309554,Practice Questions,5.84
10440,Application Exercise,6.315085213595197,Practice Questions,5.84
10440,Critical Thinking Activity,6.221666584369984,Practice Questions,5.84
10440,Advanced Practice,5.933180218009728,Practice Questions,5.84
10441,Concept Review,5.143660880708836,Advanced Practice,1.51
10441,Practice Questions,5.59588107757822,Advanced Practice,1.51
10441,Application Exercise,5.917320022639233,Advanced Practice,1.51
10441,Critical Thinking Activity,4.904340883518955,Advanced Practice,1.51
10441,Advanced Practice,4.383618104774832,Advanced Practice,1.51
10442,Concept Review,3.4045378391089063,Critical Thinking Activity,4.3
10442,Practice Questions,3.2040851828474977,Critical Thinking Activity,4.3
10442,Application Exercise,3.8622734185893526,Critical Thinking Activity,4.3
10442,Critical Thinking Activity,3.4322010309285598,Critical Thinking Activity,4.3
10442,Advanced Practice,3.9779310929825478,Critical Thinking Activity,4.3
10443,Concept Review,3.0189925112681775,Advanced Practice,5.73
10443,Practice Questions,3.939730257781708,Advanced Practice,5.73
10443,Application Exercise,4.775188171519784,Advanced Practice,5.73
10443,Critical Thinking Activity,3.6936053210761965,Advanced Practice,5.73
10443,Advanced Practice,4.12198943591016,Advanced Practice,5.73
10444,Concept Review,1.7767399336194127,Application Exercise,4.39
10444,Practice Questions,3.0188231783446615,Application Exercise,4.39
10444,Application Exercise,3.225305966457542,Application Exercise,4.39
10444,Critical Thinking Activity,2.7760360403572264,Application Exercise,4.39
10444,Advanced Practice,2.5917733871673434,Application Exercise,4.39
10445,Concept Review,4.538288179402989,Application Exercise,4.08
10445,Practice Questions,4.914111081256488,Application Exercise,4.08
10445,Application Exercise,5.133217489998466,Application Exercise,4.08
10445,Critical Thinking Activity,4.934821045782295,Application Exercise,4.08
10445,Advanced Practice,5.062154566774405,Application Exercise,4.08
10446,Concept Review,4.036234923994284,Practice Questions,3.99
10446,Practice Questions,3.7835309639122747,Practice Questions,3.99
10446,Application Exercise,4.907882599875954,Practice Questions,3.99
10446,Critical Thinking Activity,4.2723128123247776,Practice Questions,3.99
10446,Advanced Practice,4.252495318163648,Practice Questions,3.99
10447,Concept Review,1.1255282178565817,Critical Thinking Activity,0.78
10447,Practice Questions,1.9342927436100474,Critical Thinking Activity,0.78
10447,Application Exercise,3.7314757743629383,Critical Thinking Activity,0.78
10447,Critical Thinking Activity,1.4481044462219388,Critical Thinking Activity,0.78
10447,Advanced Practice,2.0532233511192173,Critical Thinking Activity,0.78
10448,Concept Review,3.094465898100364,Practice Questions,2.31
10448,Practice Questions,3.8270143639641354,Practice Questions,2.31
10448,Application Exercise,4.895699976971187,Practice Questions,2.31
10448,Critical Thinking Activity,3.5950110137061873,Practice Questions,2.31
10448,Advanced Practice,3.793314635157407,Practice Questions,2.31
10449,Concept Review,6.14217025348,Practice Questions,7.15
10449,Practice Questions,5.608280239711639,Practice Questions,7.15
10449,Application Exercise,5.666399381631542,Practice Questions,7.15
10449,Critical Thinking Activity,5.5451534440258,Practice Questions,7.15
10449,Advanced Practice,5.35804600105181,Practice Questions,7.15
10450,Concept Review,2.4906944421878765,Critical Thinking Activity,0.59
10450,Practice Questions,2.616737758109522,Critical Thinking Activity,0.59
10450,Application Exercise,3.3998923879006915,Critical Thinking Activity,0.59
10450,Critical Thinking Activity,2.200005441011508,Critical Thinking Activity,0.59
10450,Advanced Practice,2.475841057912829,Critical Thinking Activity,0.59
10451,Concept Review,3.585760872586494,Critical Thinking Activity,2.25
10451,Practice Questions,3.3302149090172892,Critical Thinking Activity,2.25
10451,Application Exercise,3.2561588282197396,Critical Thinking Activity,2.25
10451,Critical Thinking Activity,3.5239418184582902,Critical Thinking Activity,2.25
10451,Advanced Practice,3.5887806987497366,Critical Thinking Activity,2.25
10452,Concept Review,4.3254175111227156,Concept Review,3.91
10452,Practice Questions,5.183861657291386,Concept Review,3.91
10452,Application Exercise,6.019549830621688,Concept Review,3.91
10452,Critical Thinking Activity,4.8629921402630245,Concept Review,3.91
10452,Advanced Practice,5.409287622010485,Concept Review,3.91
10453,Concept Review,3.988093474718912,Advanced Practice,2.17
10453,Practice Questions,4.3637432414469846,Advanced Practice,2.17
10453,Application Exercise,3.8273958171989784,Advanced Practice,2.17
10453,Critical Thinking Activity,3.8569606666298544,Advanced Practice,2.17
10453,Advanced Practice,4.145838183331724,Advanced Practice,2.17
10454,Concept Review,4.820087561328959,Critical Thinking Activity,4.83
10454,Practice Questions,4.213787914952071,Critical Thinking Activity,4.83
10454,Application Exercise,3.7802502500478194,Critical Thinking Activity,4.83
10454,Critical Thinking Activity,4.031617764534169,Critical Thinking Activity,4.83
10454,Advanced Practice,4.21299204875501,Critical Thinking Activity,4.83
10455,Concept Review,1.3326405906665708,Advanced Practice,3.63
10455,Practice Questions,2.0909014354873467,Advanced Practice,3.63
10455,Application Exercise,3.6514723979346204,Advanced Practice,3.63
10455,Critical Thinking Activity,1.775543664243393,Advanced Practice,3.63
10455,Advanced Practice,2.2056685379469565,Advanced Practice,3.63
10456,Concept Review,3.490236926385829,Advanced Practice,3.69
10456,Practice Questions,4.031861748952621,Advanced Practice,3.69
10456,Application Exercise,5.166786414293416,Advanced Practice,3.69
10456,Critical Thinking Activity,4.069021982605879,Advanced Practice,3.69
10456,Advanced Practice,4.072935613478226,Advanced Practice,3.69
10457,Concept Review,4.219048834302697,Advanced Practice,2.07
10457,Practice Questions,4.796401846962638,Advanced Practice,2.07
10457,Application Exercise,5.523295531675719,Advanced Practice,2.07
10457,Critical Thinking Activity,4.185488897006636,Advanced Practice,2.07
10457,Advanced Practice,4.489052612614583,Advanced Practice,2.07
10458,Concept Review,3.554944202410937,Advanced Practice,4.49
10458,Practice Questions,3.8195419597543343,Advanced Practice,4.49
10458,Application Exercise,4.4982392777429565,Advanced Practice,4.49
10458,Critical Thinking Activity,3.5035945461886078,Advanced Practice,4.49
10458,Advanced Practice,3.219487691698067,Advanced Practice,4.49
10459,Concept Review,4.066216196439491,Advanced Practice,6.42
10459,Practice Questions,4.083821523678398,Advanced Practice,6.42
10459,Application Exercise,4.309384040065868,Advanced Practice,6.42
10459,Critical Thinking Activity,4.13977553506166,Advanced Practice,6.42
10459,Advanced Practice,3.78328747383648,Advanced Practice,6.42
10460,Concept Review,0.9655308634303927,Advanced Practice,1.45
10460,Practice Questions,3.071477270974642,Advanced Practice,1.45
10460,Application Exercise,3.590797883647868,Advanced Practice,1.45
10460,Critical Thinking Activity,2.466188372470098,Advanced Practice,1.45
10460,Advanced Practice,2.866662115466938,Advanced Practice,1.45
10461,Concept Review,5.900962116095178,Advanced Practice,4.95
10461,Practice Questions,5.959885984206872,Advanced Practice,4.95
10461,Application Exercise,7.091135200249886,Advanced Practice,4.95
10461,Critical Thinking Activity,6.043612136156571,Advanced Practice,4.95
10461,Advanced Practice,5.7914676392999525,Advanced Practice,4.95
10462,Concept Review,5.310024595471005,Practice Questions,5.78
10462,Practice Questions,4.633254748177483,Practice Questions,5.78
10462,Application Exercise,5.259117872301393,Practice Questions,5.78
10462,Critical Thinking Activity,5.137233972980731,Practice Questions,5.78
10462,Advanced Practice,5.16275657538919,Practice Questions,5.78
10463,Concept Review,2.4706403064450564,Application Exercise,6.29
10463,Practice Questions,4.001777165735358,Application Exercise,6.29
10463,Application Exercise,4.60269506802783,Application Exercise,6.29
10463,Critical Thinking Activity,3.8020739691058787,Application Exercise,6.29
10463,Advanced Practice,3.7208639977991904,Application Exercise,6.29
10464,Concept Review,2.5528686067995645,Application Exercise,2.46
10464,Practice Questions,2.7160478735279616,Application Exercise,2.46
10464,Application Exercise,3.4375172661665045,Application Exercise,2.46
10464,Critical Thinking Activity,2.717249876628431,Application Exercise,2.46
10464,Advanced Practice,3.2314960397897226,Application Exercise,2.46
10465,Concept Review,5.223038306693821,Advanced Practice,3.76
10465,Practice Questions,5.693400559743196,Advanced Practice,3.76
10465,Application Exercise,6.637016257697665,Advanced Practice,3.76
10465,Critical Thinking Activity,5.690689479282053,Advanced Practice,3.76
10465,Advanced Practice,5.836944535313983,Advanced Practice,3.76
10466,Concept Review,3.377395607717415,Concept Review,4.19
10466,Practice Questions,3.520111519371591,Concept Review,4.19
10466,Application Exercise,4.121527778011068,Concept Review,4.19
10466,Critical Thinking Activity,3.5723276833371505,Concept Review,4.19
10466,Advanced Practice,3.1752273209807407,Concept Review,4.19
10467,Concept Review,2.7053376365911808,Practice Questions,4.2
10467,Practice Questions,2.4387498717926874,Practice Questions,4.2
10467,Application Exercise,3.2281983898375772,Practice Questions,4.2
10467,Critical Thinking Activity,3.0297231484010423,Practice Questions,4.2
10467,Advanced Practice,3.2850017484503224,Practice Questions,4.2
10468,Concept Review,2.9868503331775282,Advanced Practice,3.49
10468,Practice Questions,3.6422219087485455,Advanced Practice,3.49
10468,Application Exercise,5.017400003404201,Advanced Practice,3.49
10468,Critical Thinking Activity,3.8285900834478808,Advanced Practice,3.49
10468,Advanced Practice,3.9576474373815667,Advanced Practice,3.49
10469,Concept Review,1.3376100595145912,Advanced Practice,1.23
10469,Practice Questions,2.209643995300246,Advanced Practice,1.23
10469,Application Exercise,3.1879430995548743,Advanced Practice,1.23
10469,Critical Thinking Activity,1.7828108929755495,Advanced Practice,1.23
10469,Advanced Practice,1.908949140891202,Advanced Practice,1.23
10470,Concept Review,3.0419245923036042,Advanced Practice,4.42
10470,Practice Questions,3.699142015414255,Advanced Practice,4.42
10470,Application Exercise,4.355327699833061,Advanced Practice,4.42
10470,Critical Thinking Activity,3.348015480186965,Advanced Practice,4.42
10470,Advanced Practice,2.995457027687746,Advanced Practice,4.42
10471,Concept Review,5.64647888738005,Advanced Practice,6.89
10471,Practice Questions,6.044575092205155,Advanced Practice,6.89
10471,Application Exercise,7.024543030003343,Advanced Practice,6.89
10471,Critical Thinking Activity,6.490656005884426,Advanced Practice,6.89
10471,Advanced Practice,6.051660479711158,Advanced Practice,6.89
10472,Concept Review,2.3651319849408385,Critical Thinking Activity,2.82
10472,Practice Questions,3.920400996326283,Critical Thinking Activity,2.82
10472,Application Exercise,3.910825061550357,Critical Thinking Activity,2.82
10472,Critical Thinking Activity,3.1506491910501433,Critical Thinking Activity,2.82
10472,Advanced Practice,3.7612463398783813,Critical Thinking Activity,2.82
10473,Concept Review,1.6971231904292976,Application Exercise,2.71
10473,Practice Questions,2.249592758013713,Application Exercise,2.71
10473,Application Exercise,2.4654464671816774,Application Exercise,2.71
10473,Critical Thinking Activity,2.295375464019267,Application Exercise,2.71
10473,Advanced Practice,2.7484612142848937,Application Exercise,2.71
10474,Concept Review,4.452648012065559,Application Exercise,3.44
10474,Practice Questions,4.478145883824445,Application Exercise,3.44
10474,Application Exercise,4.818017962541997,Application Exercise,3.44
10474,Critical Thinking Activity,4.813196599641545,Application Exercise,3.44
10474,Advanced Practice,5.384032749222735,Application Exercise,3.44
10475,Concept Review,2.9656035131798175,Advanced Practice,3.85
10475,Practice Questions,2.7789163577162554,Advanced Practice,3.85
10475,Application Exercise,3.6956317231668816,Advanced Practice,3.85
10475,Critical Thinking Activity,3.180617689108041,Advanced Practice,3.85
10475,Advanced Practice,3.1602984814662114,Advanced Practice,3.85
10476,Concept Review,4.417100325068977,Advanced Practice,4.51
10476,Practice Questions,5.096075320396233,Advanced Practice,4.51
10476,Application Exercise,5.467027788736978,Advanced Practice,4.51
10476,Critical Thinking Activity,4.798301265517775,Advanced Practice,4.51
10476,Advanced Practice,4.691202582213338,Advanced Practice,4.51
10477,Concept Review,1.706371834097614,Practice Questions,1.78
10477,Practice Questions,3.0387453721297164,Practice Questions,1.78
10477,Application Exercise,3.6232988447892653,Practice Questions,1.78
10477,Critical Thinking Activity,2.8588354869185775,Practice Questions,1.78
10477,Advanced Practice,2.814857516450159,Practice Questions,1.78
10478,Concept Review,2.585744337318057,Application Exercise,3.15
10478,Practice Questions,2.642349919721483,Application Exercise,3.15
10478,Application Exercise,2.9153221992403395,Application Exercise,3.15
10478,Critical Thinking Activity,3.32062632162662,Application Exercise,3.15
10478,Advanced Practice,3.195761584615683,Application Exercise,3.15
10479,Concept Review,1.060326520785278,Application Exercise,2.84
10479,Practice Questions,1.8121529870751787,Application Exercise,2.84
10479,Application Exercise,3.676855686184028,Application Exercise,2.84
10479,Critical Thinking Activity,2.9066218035637883,Application Exercise,2.84
10479,Advanced Practice,3.1701788812264833,Application Exercise,2.84
10480,Concept Review,5.443466503918715,Application Exercise,7.37
10480,Practice Questions,5.246185643891428,Application Exercise,7.37
10480,Application Exercise,5.851486514105007,Application Exercise,7.37
10480,Critical Thinking Activity,6.0230793273056324,Application Exercise,7.37
10480,Advanced Practice,6.087850427930543,Application Exercise,7.37
10481,Concept Review,3.7239332464490342,Practice Questions,5.07
10481,Practice Questions,3.8311810351815305,Practice Questions,5.07
10481,Application Exercise,4.197289442295823,Practice Questions,5.07
10481,Critical Thinking Activity,3.9153444781141284,Practice Questions,5.07
10481,Advanced Practice,4.261833227582094,Practice Questions,5.07
10482,Concept Review,1.4817102017002726,Advanced Practice,1.75
10482,Practice Questions,2.692917998592139,Advanced Practice,1.75
10482,Application Exercise,3.02216030174477,Advanced Practice,1.75
10482,Critical Thinking Activity,1.730757920788878,Advanced Practice,1.75
10482,Advanced Practice,1.9258897146415486,Advanced Practice,1.75
10483,Concept Review,3.4711058598608875,Application Exercise,5.35
10483,Practice Questions,3.9811538819922183,Application Exercise,5.35
10483,Application Exercise,4.735923958592906,Application Exercise,5.35
10483,Critical Thinking Activity,3.997915131919657,Application Exercise,5.35
10483,Advanced Practice,4.474363216386325,Application Exercise,5.35
10484,Concept Review,5.102861554330417,Advanced Practice,5.01
10484,Practice Questions,5.211557001930273,Advanced Practice,5.01
10484,Application Exercise,6.7425207633509245,Advanced Practice,5.01
10484,Critical Thinking Activity,4.714172073125459,Advanced Practice,5.01
10484,Advanced Practice,4.426136940167623,Advanced Practice,5.01
10485,Concept Review,3.8595137223752802,Advanced Practice,3.75
10485,Practice Questions,4.64673513070081,Advanced Practice,3.75
10485,Application Exercise,5.567426072317217,Advanced Practice,3.75
10485,Critical Thinking Activity,4.659863377284612,Advanced Practice,3.75
10485,Advanced Practice,4.761673117559239,Advanced Practice,3.75
10486,Concept Review,3.2303653443909734,Advanced Practice,2.38
10486,Practice Questions,2.921855784201875,Advanced Practice,2.38
10486,Application Exercise,2.709312216159577,Advanced Practice,2.38
10486,Critical Thinking Activity,2.642562257906186,Advanced Practice,2.38
10486,Advanced Practice,2.356344084200291,Advanced Practice,2.38
10487,Concept Review,2.179814211966211,Practice Questions,2.77
10487,Practice Questions,2.9432630304402867,Practice Questions,2.77
10487,Application Exercise,4.073084420262896,Practice Questions,2.77
10487,Critical Thinking Activity,3.2713417195662386,Practice Questions,2.77
10487,Advanced Practice,3.2294982471669345,Practice Questions,2.77
10488,Concept Review,1.0921518445991403,Practice Questions,2.24
10488,Practice Questions,1.5226940314954893,Practice Questions,2.24
10488,Application Exercise,1.917369494461135,Practice Questions,2.24
10488,Critical Thinking Activity,1.9897543879012782,Practice Questions,2.24
10488,Advanced Practice,1.739552417720451,Practice Questions,2.24
10489,Concept Review,5.3080246999182705,Concept Review,4.96
10489,Practice Questions,4.4972632937606924,Concept Review,4.96
10489,Application Exercise,5.10903884359281,Concept Review,4.96
10489,Critical Thinking Activity,5.517039094997655,Concept Review,4.96
10489,Advanced Practice,5.720919855825313,Concept Review,4.96
10490,Concept Review,3.617623246585147,Critical Thinking Activity,3.84
10490,Practice Questions,4.205371912483589,Critical Thinking Activity,3.84
10490,Application Exercise,4.7667549757376655,Critical Thinking Activity,3.84
10490,Critical Thinking Activity,3.658084947538257,Critical Thinking Activity,3.84
10490,Advanced Practice,4.176001475666419,Critical Thinking Activity,3.84
10491,Concept Review,4.058500591551678,Application Exercise,7.42
10491,Practice Questions,3.791184182368778,Application Exercise,7.42
10491,Application Exercise,4.117183953711918,Application Exercise,7.42
10491,Critical Thinking Activity,4.010964181422942,Application Exercise,7.42
10491,Advanced Practice,4.569092348783811,Application Exercise,7.42
10492,Concept Review,4.530128873648446,Critical Thinking Activity,6.25
10492,Practice Questions,4.172271486780023,Critical Thinking Activity,6.25
10492,Application Exercise,4.55621464133505,Critical Thinking Activity,6.25
10492,Critical Thinking Activity,4.554162450035964,Critical Thinking Activity,6.25
10492,Advanced Practice,4.453516413756679,Critical Thinking Activity,6.25
10493,Concept Review,3.8703436234600637,Advanced Practice,2.73
10493,Practice Questions,4.210930534639299,Advanced Practice,2.73
10493,Application Exercise,5.171536022421744,Advanced Practice,2.73
10493,Critical Thinking Activity,4.483948876519984,Advanced Practice,2.73
10493,Advanced Practice,4.396152678858668,Advanced Practice,2.73
10494,Concept Review,4.731241631454563,Advanced Practice,4.79
10494,Practice Questions,3.474240065678946,Advanced Practice,4.79
10494,Application Exercise,4.737033389354069,Advanced Practice,4.79
10494,Critical Thinking Activity,4.2673497224663794,Advanced Practice,4.79
10494,Advanced Practice,4.380132552759928,Advanced Practice,4.79
10495,Concept Review,0.49280811856445705,Advanced Practice,1.25
10495,Practice Questions,0.7186252984484431,Advanced Practice,1.25
10495,Application Exercise,2.4432419822985665,Advanced Practice,1.25
10495,Critical Thinking Activity,1.3712547972760003,Advanced Practice,1.25
10495,Advanced Practice,1.6062401036056189,Advanced Practice,1.25
10496,Concept Review,6.351903541463738,Application Exercise,6.44
10496,Practice Questions,5.394587971970326,Application Exercise,6.44
10496,Application Exercise,5.780729812392998,Application Exercise,6.44
10496,Critical Thinking Activity,6.1483056207667826,Application Exercise,6.44
10496,Advanced Practice,5.7356991453372475,Application Exercise,6.44
10497,Concept Review,3.305725583958792,Practice Questions,3.24
10497,Practice Questions,3.462722031997237,Practice Questions,3.24
10497,Application Exercise,3.6180568361087078,Practice Questions,3.24
10497,Critical Thinking Activity,3.236878405218857,Practice Questions,3.24
10497,Advanced Practice,2.8060508078655806,Practice Questions,3.24
10498,Concept Review,3.6595449776506745,Application Exercise,6.33
10498,Practice Questions,3.7093837190943626,Application Exercise,6.33
10498,Application Exercise,4.800313702387223,Application Exercise,6.33
10498,Critical Thinking Activity,4.697931363419952,Application Exercise,6.33
10498,Advanced Practice,4.74055640254591,Application Exercise,6.33
10499,Concept Review,3.0068134855317643,Advanced Practice,4.18
10499,Practice Questions,3.6732603204011425,Advanced Practice,4.18
10499,Application Exercise,4.123975028195131,Advanced Practice,4.18
10499,Critical Thinking Activity,3.6390268172835607,Advanced Practice,4.18
10499,Advanced Practice,3.792609193977947,Advanced Practice,4.18
10500,Concept Review,3.2611782079584324,Advanced Practice,3.64
10500,Practice Questions,4.293464119399385,Advanced Practice,3.64
10500,Application Exercise,4.718016114512384,Advanced Practice,3.64
10500,Critical Thinking Activity,4.2334570780103755,Advanced Practice,3.64
10500,Advanced Practice,3.684852254254969,Advanced Practice,3.64
10501,Concept Review,5.6370549979160245,Critical Thinking Activity,7.48
10501,Practice Questions,5.789932044920478,Critical Thinking Activity,7.48
10501,Application Exercise,6.548161872428658,Critical Thinking Activity,7.48
10501,Critical Thinking Activity,5.605285694715421,Critical Thinking Activity,7.48
10501,Advanced Practice,5.748120805459093,Critical Thinking Activity,7.48
10502,Concept Review,3.7476829839320485,Critical Thinking Activity,4.28
10502,Practice Questions,3.4784711250705644,Critical Thinking Activity,4.28
10502,Application Exercise,4.812605975305292,Critical Thinking Activity,4.28
10502,Critical Thinking Activity,4.344067911154969,Critical Thinking Activity,4.28
10502,Advanced Practice,4.019973147562353,Critical Thinking Activity,4.28
10503,Concept Review,2.763531124921202,Application Exercise,3.26
10503,Practice Questions,3.2111089566220916,Application Exercise,3.26
10503,Application Exercise,3.1055824261159026,Application Exercise,3.26
10503,Critical Thinking Activity,2.695977299104649,Application Exercise,3.26
10503,Advanced Practice,2.9326828176682973,Application Exercise,3.26
10504,Concept Review,2.7150470907951223,Critical Thinking Activity,4.37
10504,Practice Questions,3.757277431434293,Critical Thinking Activity,4.37
10504,Application Exercise,4.976142935500388,Critical Thinking Activity,4.37
10504,Critical Thinking Activity,3.782030208173328,Critical Thinking Activity,4.37
10504,Advanced Practice,3.990419893299351,Critical Thinking Activity,4.37
10505,Concept Review,2.119788684145434,Practice Questions,2.01
10505,Practice Questions,2.1520953469050212,Practice Questions,2.01
10505,Application Exercise,1.9527416993883726,Practice Questions,2.01
10505,Critical Thinking Activity,1.652701230607788,Practice Questions,2.01
10505,Advanced Practice,1.9001683323847696,Practice Questions,2.01
10506,Concept Review,2.5357402153945827,Advanced Practice,2.95
10506,Practice Questions,2.5683483716014583,Advanced Practice,2.95
10506,Application Exercise,2.612947279329747,Advanced Practice,2.95
10506,Critical Thinking Activity,2.9673684946910077,Advanced Practice,2.95
10506,Advanced Practice,3.1257683900687967,Advanced Practice,2.95
10507,Concept Review,6.1261496138854366,Concept Review,5.4
10507,Practice Questions,5.944295651725959,Concept Review,5.4
10507,Application Exercise,6.095654702528229,Concept Review,5.4
10507,Critical Thinking Activity,6.7056607406615605,Concept Review,5.4
10507,Advanced Practice,6.0538213065467295,Concept Review,5.4
10508,Concept Review,6.070277759748311,Critical Thinking Activity,4.72
10508,Practice Questions,5.511921039965088,Critical Thinking Activity,4.72
10508,Application Exercise,5.450475315452345,Critical Thinking Activity,4.72
10508,Critical Thinking Activity,5.404394269069112,Critical Thinking Activity,4.72
10508,Advanced Practice,5.912567665270899,Critical Thinking Activity,4.72
10509,Concept Review,3.1426162084265687,Practice Questions,2.16
10509,Practice Questions,3.4311880570032836,Practice Questions,2.16
10509,Application Exercise,4.890225995195667,Practice Questions,2.16
10509,Critical Thinking Activity,3.966122404389053,Practice Questions,2.16
10509,Advanced Practice,4.054680098528262,Practice Questions,2.16
10510,Concept Review,3.5714119020676938,Practice Questions,2.29
10510,Practice Questions,3.9501011683493013,Practice Questions,2.29
10510,Application Exercise,5.113659396748255,Practice Questions,2.29
10510,Critical Thinking Activity,5.0185840222525915,Practice Questions,2.29
10510,Advanced Practice,4.401867340662042,Practice Questions,2.29
10511,Concept Review,1.2032121295417775,Advanced Practice,0.97
10511,Practice Questions,2.1360238803302707,Advanced Practice,0.97
10511,Application Exercise,3.779174751919497,Advanced Practice,0.97
10511,Critical Thinking Activity,2.5491115984511765,Advanced Practice,0.97
10511,Advanced Practice,2.4860616136510263,Advanced Practice,0.97
10512,Concept Review,5.4908431657819055,Concept Review,5.47
10512,Practice Questions,5.136733449304119,Concept Review,5.47
10512,Application Exercise,5.292930315431255,Concept Review,5.47
10512,Critical Thinking Activity,5.200778735905476,Concept Review,5.47
10512,Advanced Practice,5.315433056173305,Concept Review,5.47
10513,Concept Review,2.756750648641315,Application Exercise,4.22
10513,Practice Questions,3.8591122307951724,Application Exercise,4.22
10513,Application Exercise,3.472841896381407,Application Exercise,4.22
10513,Critical Thinking Activity,3.7043967859655447,Application Exercise,4.22
10513,Advanced Practice,3.581988120743263,Application Exercise,4.22
10514,Concept Review,2.596396516106118,Application Exercise,2.33
10514,Practice Questions,2.3468287959000516,Application Exercise,2.33
10514,Application Exercise,2.910585355798405,Application Exercise,2.33
10514,Critical Thinking Activity,2.6558632745995316,Application Exercise,2.33
10514,Advanced Practice,2.9896907970690956,Application Exercise,2.33
10515,Concept Review,4.06733185240834,Critical Thinking Activity,0.27
10515,Practice Questions,4.2568344342530695,Critical Thinking Activity,0.27
10515,Application Exercise,5.457117840818452,Critical Thinking Activity,0.27
10515,Critical Thinking Activity,4.04530604796114,Critical Thinking Activity,0.27
10515,Advanced Practice,3.886600961123429,Critical Thinking Activity,0.27
10516,Concept Review,3.833871656107749,Advanced Practice,6.62
10516,Practice Questions,3.910687905495075,Advanced Practice,6.62
10516,Application Exercise,4.115398625011039,Advanced Practice,6.62
10516,Critical Thinking Activity,3.598015600930022,Advanced Practice,6.62
10516,Advanced Practice,4.239589851586503,Advanced Practice,6.62
10517,Concept Review,4.5277916483744844,Critical Thinking Activity,6.4
10517,Practice Questions,4.101159497350174,Critical Thinking Activity,6.4
10517,Application Exercise,5.227744564581404,Critical Thinking Activity,6.4
10517,Critical Thinking Activity,4.725450834249952,Critical Thinking Activity,6.4
10517,Advanced Practice,5.019595762195658,Critical Thinking Activity,6.4
10518,Concept Review,-0.06721778519857047,Critical Thinking Activity,1.97
10518,Practice Questions,0.8918796583944042,Critical Thinking Activity,1.97
10518,Application Exercise,1.9571753717210967,Critical Thinking Activity,1.97
10518,Critical Thinking Activity,0.9055890812763727,Critical Thinking Activity,1.97
10518,Advanced Practice,1.3276673100295144,Critical Thinking Activity,1.97
10519,Concept Review,7.2953635131756425,Advanced Practice,9.47
10519,Practice Questions,6.1541946701119485,Advanced Practice,9.47
10519,Application Exercise,6.993971681586551,Advanced Practice,9.47
10519,Critical Thinking Activity,6.803734699508436,Advanced Practice,9.47
10519,Advanced Practice,6.873680469137877,Advanced Practice,9.47
10520,Concept Review,3.334820575507061,Critical Thinking Activity,2.03
10520,Practice Questions,2.5600766382499707,Critical Thinking Activity,2.03
10520,Application Exercise,3.233988736285211,Critical Thinking Activity,2.03
10520,Critical Thinking Activity,3.163967081704639,Critical Thinking Activity,2.03
10520,Advanced Practice,3.6403154788728496,Critical Thinking Activity,2.03
10521,Concept Review,4.38510612996962,Concept Review,7.18
10521,Practice Questions,4.033247513036606,Concept Review,7.18
10521,Application Exercise,4.548828951094025,Concept Review,7.18
10521,Critical Thinking Activity,3.9834279532421766,Concept Review,7.18
10521,Advanced Practice,4.172705626332238,Concept Review,7.18
10522,Concept Review,-0.1994872932781382,Practice Questions,0.0
10522,Practice Questions,0.9476923548288054,Practice Questions,0.0
10522,Application Exercise,2.1136653104278884,Practice Questions,0.0
10522,Critical Thinking Activity,0.8809681499733069,Practice Questions,0.0
10522,Advanced Practice,1.0295784458778936,Practice Questions,0.0
10523,Concept Review,2.7742606292563283,Application Exercise,3.98
10523,Practice Questions,3.247833021159182,Application Exercise,3.98
10523,Application Exercise,4.002253325726256,Application Exercise,3.98
10523,Critical Thinking Activity,3.8685344549078104,Application Exercise,3.98
10523,Advanced Practice,3.87953167295299,Application Exercise,3.98
10524,Concept Review,5.304965686216583,Critical Thinking Activity,3.2
10524,Practice Questions,4.631573742624489,Critical Thinking Activity,3.2
10524,Application Exercise,4.83105684024931,Critical Thinking Activity,3.2
10524,Critical Thinking Activity,4.375484624912506,Critical Thinking Activity,3.2
10524,Advanced Practice,4.62918457026672,Critical Thinking Activity,3.2
10525,Concept Review,1.4007217941614503,Advanced Practice,1.97
10525,Practice Questions,2.1878432731693156,Advanced Practice,1.97
10525,Application Exercise,2.270427088422949,Advanced Practice,1.97
10525,Critical Thinking Activity,2.300062972253249,Advanced Practice,1.97
10525,Advanced Practice,2.0298076972426005,Advanced Practice,1.97
10526,Concept Review,1.885486520278287,Concept Review,2.86
10526,Practice Questions,2.625343364937976,Concept Review,2.86
10526,Application Exercise,3.7476563951788338,Concept Review,2.86
10526,Critical Thinking Activity,2.2171487044178066,Concept Review,2.86
10526,Advanced Practice,2.043440404641908,Concept Review,2.86
10527,Concept Review,4.3982562216917716,Concept Review,4.59
10527,Practice Questions,4.34323805947467,Concept Review,4.59
10527,Application Exercise,4.785074994273493,Concept Review,4.59
10527,Critical Thinking Activity,4.895729603877378,Concept Review,4.59
10527,Advanced Practice,4.729130999918975,Concept Review,4.59
10528,Concept Review,3.300380207868164,Application Exercise,5.34
10528,Practice Questions,3.845426448901712,Application Exercise,5.34
10528,Application Exercise,4.850795124899058,Application Exercise,5.34
10528,Critical Thinking Activity,4.135024173352418,Application Exercise,5.34
10528,Advanced Practice,4.257453823320295,Application Exercise,5.34
10529,Concept Review,3.229057398549796,Advanced Practice,4.48
10529,Practice Questions,3.968716249815119,Advanced Practice,4.48
10529,Application Exercise,5.508956078133709,Advanced Practice,4.48
10529,Critical Thinking Activity,4.368002528428174,Advanced Practice,4.48
10529,Advanced Practice,4.530011842654212,Advanced Practice,4.48
10530,Concept Review,1.998498861369018,Application Exercise,2.11
10530,Practice Questions,2.5202566223844185,Application Exercise,2.11
10530,Application Exercise,2.9742999528178533,Application Exercise,2.11
10530,Critical Thinking Activity,3.319784891567153,Application Exercise,2.11
10530,Advanced Practice,3.245762586333818,Application Exercise,2.11
10531,Concept Review,1.4616886470052064,Advanced Practice,1.35
10531,Practice Questions,2.2258268551767246,Advanced Practice,1.35
10531,Application Exercise,2.9492812331927247,Advanced Practice,1.35
10531,Critical Thinking Activity,2.7115629188361936,Advanced Practice,1.35
10531,Advanced Practice,2.467785441674257,Advanced Practice,1.35
10532,Concept Review,5.4612488484982284,Practice Questions,7.14
10532,Practice Questions,5.952762312378001,Practice Questions,7.14
10532,Application Exercise,6.999273750765109,Practice Questions,7.14
10532,Critical Thinking Activity,6.368310641636938,Practice Questions,7.14
10532,Advanced Practice,5.908795584557977,Practice Questions,7.14
10533,Concept Review,3.93442581931332,Critical Thinking Activity,3.15
10533,Practice Questions,3.691924472328928,Critical Thinking Activity,3.15
10533,Application Exercise,5.139490534064616,Critical Thinking Activity,3.15
10533,Critical Thinking Activity,4.070510975708862,Critical Thinking Activity,3.15
10533,Advanced Practice,4.587880943549909,Critical Thinking Activity,3.15
10534,Concept Review,5.6359956168803045,Concept Review,6.66
10534,Practice Questions,4.505357439155525,Concept Review,6.66
10534,Application Exercise,5.101750921807694,Concept Review,6.66
10534,Critical Thinking Activity,5.227619860426996,Concept Review,6.66
10534,Advanced Practice,5.243659066666548,Concept Review,6.66
10535,Concept Review,4.9076208763875755,Practice Questions,6.67
10535,Practice Questions,4.622381629636494,Practice Questions,6.67
10535,Application Exercise,5.687562718508971,Practice Questions,6.67
10535,Critical Thinking Activity,5.131686484276729,Practice Questions,6.67
10535,Advanced Practice,4.979450495291183,Practice Questions,6.67
10536,Concept Review,5.385102986452668,Critical Thinking Activity,2.84
10536,Practice Questions,4.777111962137471,Critical Thinking Activity,2.84
10536,Application Exercise,5.450310687144946,Critical Thinking Activity,2.84
10536,Critical Thinking Activity,5.12476166961988,Critical Thinking Activity,2.84
10536,Advanced Practice,5.555982212729917,Critical Thinking Activity,2.84
10537,Concept Review,2.5728573610295467,Advanced Practice,5.16
10537,Practice Questions,3.9188451464355767,Advanced Practice,5.16
10537,Application Exercise,5.531829186288626,Advanced Practice,5.16
10537,Critical Thinking Activity,3.6933689684536173,Advanced Practice,5.16
10537,Advanced Practice,3.7862695602965593,Advanced Practice,5.16
10538,Concept Review,6.067665931210666,Critical Thinking Activity,9.19
10538,Practice Questions,5.9936058298453725,Critical Thinking Activity,9.19
10538,Application Exercise,6.839861812810948,Critical Thinking Activity,9.19
10538,Critical Thinking Activity,6.270460938540486,Critical Thinking Activity,9.19
10538,Advanced Practice,6.239672616408888,Critical Thinking Activity,9.19
10539,Concept Review,3.848614538455288,Practice Questions,4.21
10539,Practice Questions,3.8724340139460076,Practice Questions,4.21
10539,Application Exercise,5.527933825405957,Practice Questions,4.21
10539,Critical Thinking Activity,4.3589764499583366,Practice Questions,4.21
10539,Advanced Practice,4.218705118468292,Practice Questions,4.21
10540,Concept Review,4.580767106180086,Critical Thinking Activity,4.93
10540,Practice Questions,4.093590423126786,Critical Thinking Activity,4.93
10540,Application Exercise,4.694404927542385,Critical Thinking Activity,4.93
10540,Critical Thinking Activity,4.24219878130453,Critical Thinking Activity,4.93
10540,Advanced Practice,3.8427329399975116,Critical Thinking Activity,4.93
10541,Concept Review,4.207731381937819,Application Exercise,6.48
10541,Practice Questions,4.64823914988611,Application Exercise,6.48
10541,Application Exercise,5.475004542981761,Application Exercise,6.48
10541,Critical Thinking Activity,4.896902904443736,Application Exercise,6.48
10541,Advanced Practice,5.170417060207664,Application Exercise,6.48
10542,Concept Review,3.9321356516655976,Concept Review,4.12
10542,Practice Questions,4.206049720889739,Concept Review,4.12
10542,Application Exercise,4.6747873505443005,Concept Review,4.12
10542,Critical Thinking Activity,4.434384232702472,Concept Review,4.12
10542,Advanced Practice,4.220504434240706,Concept Review,4.12
10543,Concept Review,5.462234469735981,Advanced Practice,5.43
10543,Practice Questions,5.331549000356653,Advanced Practice,5.43
10543,Application Exercise,5.80314606349178,Advanced Practice,5.43
10543,Critical Thinking Activity,5.120308547896494,Advanced Practice,5.43
10543,Advanced Practice,5.350415119178159,Advanced Practice,5.43
10544,Concept Review,2.1102077785042397,Application Exercise,1.04
10544,Practice Questions,2.7344231501111143,Application Exercise,1.04
10544,Application Exercise,2.4709362387003027,Application Exercise,1.04
10544,Critical Thinking Activity,2.558655740436027,Application Exercise,1.04
10544,Advanced Practice,2.66766976635003,Application Exercise,1.04
10545,Concept Review,4.872669794966306,Critical Thinking Activity,5.58
10545,Practice Questions,5.7270044220023015,Critical Thinking Activity,5.58
10545,Application Exercise,6.131302813947348,Critical Thinking Activity,5.58
10545,Critical Thinking Activity,5.044254478509182,Critical Thinking Activity,5.58
10545,Advanced Practice,5.237986843566879,Critical Thinking Activity,5.58
10546,Concept Review,5.096060146611449,Critical Thinking Activity,5.21
10546,Practice Questions,4.370114291308737,Critical Thinking Activity,5.21
10546,Application Exercise,5.449009320771613,Critical Thinking Activity,5.21
10546,Critical Thinking Activity,4.246719983056301,Critical Thinking Activity,5.21
10546,Advanced Practice,4.941016168358738,Critical Thinking Activity,5.21
10547,Concept Review,5.025250975138674,Critical Thinking Activity,5.59
10547,Practice Questions,4.305273283634316,Critical Thinking Activity,5.59
10547,Application Exercise,5.685905704467116,Critical Thinking Activity,5.59
10547,Critical Thinking Activity,4.9462552671128535,Critical Thinking Activity,5.59
10547,Advanced Practice,5.2329561159741775,Critical Thinking Activity,5.59
10548,Concept Review,4.016745528704268,Advanced Practice,5.88
10548,Practice Questions,4.913440225532793,Advanced Practice,5.88
10548,Application Exercise,4.459275909583907,Advanced Practice,5.88
10548,Critical Thinking Activity,3.9767224176204365,Advanced Practice,5.88
10548,Advanced Practice,3.9221318343783196,Advanced Practice,5.88
10549,Concept Review,2.0428689781067537,Advanced Practice,1.97
10549,Practice Questions,3.0164989785653917,Advanced Practice,1.97
10549,Application Exercise,3.7058720305870754,Advanced Practice,1.97
10549,Critical Thinking Activity,3.361201454031839,Advanced Practice,1.97
10549,Advanced Practice,3.260005949189123,Advanced Practice,1.97
10550,Concept Review,2.206758666206534,Advanced Practice,1.54
10550,Practice Questions,2.249460206036732,Advanced Practice,1.54
10550,Application Exercise,2.7504184882888154,Advanced Practice,1.54
10550,Critical Thinking Activity,2.242723592070273,Advanced Practice,1.54
10550,Advanced Practice,2.495364507324748,Advanced Practice,1.54
10551,Concept Review,2.9040755943699468,Advanced Practice,5.97
10551,Practice Questions,3.3305435439658484,Advanced Practice,5.97
10551,Application Exercise,3.8657790762270223,Advanced Practice,5.97
10551,Critical Thinking Activity,3.3903628178028447,Advanced Practice,5.97
10551,Advanced Practice,3.4352623355963754,Advanced Practice,5.97
10552,Concept Review,2.1332232047109647,Concept Review,2.33
10552,Practice Questions,2.916125810292348,Concept Review,2.33
10552,Application Exercise,3.1911395541038456,Concept Review,2.33
10552,Critical Thinking Activity,2.7129654007687605,Concept Review,2.33
10552,Advanced Practice,1.8453704612408492,Concept Review,2.33
10553,Concept Review,3.996383444254669,Advanced Practice,4.4
10553,Practice Questions,4.200695424995076,Advanced Practice,4.4
10553,Application Exercise,5.269477980772234,Advanced Practice,4.4
10553,Critical Thinking Activity,4.625550976668773,Advanced Practice,4.4
10553,Advanced Practice,4.254633341075176,Advanced Practice,4.4
10554,Concept Review,3.644844503607274,Advanced Practice,3.82
10554,Practice Questions,4.038525012152146,Advanced Practice,3.82
10554,Application Exercise,4.187710240037476,Advanced Practice,3.82
10554,Critical Thinking Activity,3.462442399864122,Advanced Practice,3.82
10554,Advanced Practice,3.61701994749418,Advanced Practice,3.82
10555,Concept Review,3.517739988351103,Application Exercise,3.32
10555,Practice Questions,4.017823953957674,Application Exercise,3.32
10555,Application Exercise,4.306590606792872,Application Exercise,3.32
10555,Critical Thinking Activity,4.022770926102067,Application Exercise,3.32
10555,Advanced Practice,4.4758503907456495,Application Exercise,3.32
10556,Concept Review,4.603771057627648,Advanced Practice,7.16
10556,Practice Questions,4.373772331790132,Advanced Practice,7.16
10556,Application Exercise,5.344249745434765,Advanced Practice,7.16
10556,Critical Thinking Activity,4.597490796447638,Advanced Practice,7.16
10556,Advanced Practice,4.9233985802136475,Advanced Practice,7.16
10557,Concept Review,2.3887027704558514,Advanced Practice,2.18
10557,Practice Questions,2.5023159006153968,Advanced Practice,2.18
10557,Application Exercise,3.8910495663404046,Advanced Practice,2.18
10557,Critical Thinking Activity,2.5966415501901268,Advanced Practice,2.18
10557,Advanced Practice,3.319122441954411,Advanced Practice,2.18
10558,Concept Review,2.580298542478642,Critical Thinking Activity,1.24
10558,Practice Questions,2.712797205855259,Critical Thinking Activity,1.24
10558,Application Exercise,2.5423938781279336,Critical Thinking Activity,1.24
10558,Critical Thinking Activity,2.6870680326614016,Critical Thinking Activity,1.24
10558,Advanced Practice,2.7139125244115605,Critical Thinking Activity,1.24
10559,Concept Review,3.043832545996155,Advanced Practice,2.95
10559,Practice Questions,3.6856439700162977,Advanced Practice,2.95
10559,Application Exercise,4.948883367988936,Advanced Practice,2.95
10559,Critical Thinking Activity,3.841851864942188,Advanced Practice,2.95
10559,Advanced Practice,4.028605967143393,Advanced Practice,2.95
10560,Concept Review,1.7328470403355287,Advanced Practice,0.0
10560,Practice Questions,2.596430702484649,Advanced Practice,0.0
10560,Application Exercise,3.068220631073601,Advanced Practice,0.0
10560,Critical Thinking Activity,1.5062565834577648,Advanced Practice,0.0
10560,Advanced Practice,2.2276370574109263,Advanced Practice,0.0
10561,Concept Review,3.2830709660360458,Application Exercise,3.02
10561,Practice Questions,3.337805375253863,Application Exercise,3.02
10561,Application Exercise,4.400856819180358,Application Exercise,3.02
10561,Critical Thinking Activity,3.9185421136006755,Application Exercise,3.02
10561,Advanced Practice,3.999912439396436,Application Exercise,3.02
10562,Concept Review,4.166662303573704,Advanced Practice,2.89
10562,Practice Questions,4.553997587790716,Advanced Practice,2.89
10562,Application Exercise,5.806116297211814,Advanced Practice,2.89
10562,Critical Thinking Activity,4.226266779548617,Advanced Practice,2.89
10562,Advanced Practice,4.230159417471024,Advanced Practice,2.89
10563,Concept Review,2.4834805659686996,Critical Thinking Activity,4.27
10563,Practice Questions,2.9904237408881036,Critical Thinking Activity,4.27
10563,Application Exercise,4.286700811036169,Critical Thinking Activity,4.27
10563,Critical Thinking Activity,3.434409065975917,Critical Thinking Activity,4.27
10563,Advanced Practice,3.8439772565201444,Critical Thinking Activity,4.27
10564,Concept Review,4.466819061637963,Application Exercise,3.67
10564,Practice Questions,3.9703820014555307,Application Exercise,3.67
10564,Application Exercise,4.990973621270253,Application Exercise,3.67
10564,Critical Thinking Activity,4.526695717971517,Application Exercise,3.67
10564,Advanced Practice,4.953169349924932,Application Exercise,3.67
10565,Concept Review,3.737885057062635,Application Exercise,5.21
10565,Practice Questions,3.6995403986473527,Application Exercise,5.21
10565,Application Exercise,4.484876786654146,Application Exercise,5.21
10565,Critical Thinking Activity,3.9578732257974414,Application Exercise,5.21
10565,Advanced Practice,4.06379984454093,Application Exercise,5.21
10566,Concept Review,2.947148869919298,Practice Questions,5.43
10566,Practice Questions,3.555060154831069,Practice Questions,5.43
10566,Application Exercise,4.104484119710969,Practice Questions,5.43
10566,Critical Thinking Activity,3.7005729238624827,Practice Questions,5.43
10566,Advanced Practice,3.566843332020043,Practice Questions,5.43
10567,Concept Review,3.5895004853499866,Application Exercise,4.94
10567,Practice Questions,3.6885756198650568,Application Exercise,4.94
10567,Application Exercise,3.7569982133989885,Application Exercise,4.94
10567,Critical Thinking Activity,3.664581156600047,Application Exercise,4.94
10567,Advanced Practice,4.113214764878351,Application Exercise,4.94
10568,Concept Review,2.1743393193484195,Application Exercise,2.4
10568,Practice Questions,2.047694311918082,Application Exercise,2.4
10568,Application Exercise,2.30764615694165,Application Exercise,2.4
10568,Critical Thinking Activity,2.0927562809249323,Application Exercise,2.4
10568,Advanced Practice,2.133472634182723,Application Exercise,2.4
10569,Concept Review,3.0634956289482576,Critical Thinking Activity,2.79
10569,Practice Questions,2.4354309929228792,Critical Thinking Activity,2.79
10569,Application Exercise,3.7680090410800773,Critical Thinking Activity,2.79
10569,Critical Thinking Activity,2.5061067018008036,Critical Thinking Activity,2.79
10569,Advanced Practice,2.336265606524503,Critical Thinking Activity,2.79
10570,Concept Review,3.7647372063321303,Advanced Practice,1.56
10570,Practice Questions,4.41636804590885,Advanced Practice,1.56
10570,Application Exercise,3.952508000235873,Advanced Practice,1.56
10570,Critical Thinking Activity,3.5313565347455618,Advanced Practice,1.56
10570,Advanced Practice,3.5300207233703937,Advanced Practice,1.56
10571,Concept Review,2.7440188325603803,Critical Thinking Activity,2.75
10571,Practice Questions,3.1024825644690277,Critical Thinking Activity,2.75
10571,Application Exercise,4.3187460136376385,Critical Thinking Activity,2.75
10571,Critical Thinking Activity,3.300968907265915,Critical Thinking Activity,2.75
10571,Advanced Practice,3.2192550246895912,Critical Thinking Activity,2.75
10572,Concept Review,3.4214516895670863,Critical Thinking Activity,2.69
10572,Practice Questions,3.70116407755378,Critical Thinking Activity,2.69
10572,Application Exercise,5.358826620917772,Critical Thinking Activity,2.69
10572,Critical Thinking Activity,4.297871028076567,Critical Thinking Activity,2.69
10572,Advanced Practice,4.3856923524249805,Critical Thinking Activity,2.69
10573,Concept Review,4.633164819522199,Concept Review,5.81
10573,Practice Questions,4.658523982827525,Concept Review,5.81
10573,Application Exercise,5.4408878920947155,Concept Review,5.81
10573,Critical Thinking Activity,4.972470336811658,Concept Review,5.81
10573,Advanced Practice,4.780030659498976,Concept Review,5.81
10574,Concept Review,1.9051070819501636,Advanced Practice,6.27
10574,Practice Questions,2.5112195956160215,Advanced Practice,6.27
10574,Application Exercise,3.0998717520152717,Advanced Practice,6.27
10574,Critical Thinking Activity,2.048901284586632,Advanced Practice,6.27
10574,Advanced Practice,2.5876276064443484,Advanced Practice,6.27
10575,Concept Review,0.38209809608416734,Advanced Practice,2.08
10575,Practice Questions,1.0906912815149692,Advanced Practice,2.08
10575,Application Exercise,1.2015670711437245,Advanced Practice,2.08
10575,Critical Thinking Activity,1.0413257580399828,Advanced Practice,2.08
10575,Advanced Practice,1.5876994010760628,Advanced Practice,2.08
10576,Concept Review,3.939503364718351,Advanced Practice,1.49
10576,Practice Questions,4.566815498211305,Advanced Practice,1.49
10576,Application Exercise,4.795528876744208,Advanced Practice,1.49
10576,Critical Thinking Activity,4.744591950468026,Advanced Practice,1.49
10576,Advanced Practice,4.373968140966503,Advanced Practice,1.49
10577,Concept Review,1.3683094877846687,Application Exercise,1.22
10577,Practice Questions,1.5341657032943368,Application Exercise,1.22
10577,Application Exercise,2.2547213146484832,Application Exercise,1.22
10577,Critical Thinking Activity,2.0745163627978416,Application Exercise,1.22
10577,Advanced Practice,2.0570754199346917,Application Exercise,1.22
10578,Concept Review,3.2928069256725054,Practice Questions,3.47
10578,Practice Questions,3.5064728325282406,Practice Questions,3.47
10578,Application Exercise,5.005028365107606,Practice Questions,3.47
10578,Critical Thinking Activity,3.7831653802009435,Practice Questions,3.47
10578,Advanced Practice,3.502389527701136,Practice Questions,3.47
10579,Concept Review,2.408422688314073,Application Exercise,3.14
10579,Practice Questions,2.5121041053390396,Application Exercise,3.14
10579,Application Exercise,2.459197564973273,Application Exercise,3.14
10579,Critical Thinking Activity,2.537606739837547,Application Exercise,3.14
10579,Advanced Practice,2.8714510344575093,Application Exercise,3.14
10580,Concept Review,3.9787923365297533,Advanced Practice,3.11
10580,Practice Questions,4.339047151352585,Advanced Practice,3.11
10580,Application Exercise,4.823086541285175,Advanced Practice,3.11
10580,Critical Thinking Activity,3.877224636097175,Advanced Practice,3.11
10580,Advanced Practice,4.190648767110724,Advanced Practice,3.11
10581,Concept Review,3.2982002122926075,Advanced Practice,4.02
10581,Practice Questions,3.522414316967107,Advanced Practice,4.02
10581,Application Exercise,4.653330875196226,Advanced Practice,4.02
10581,Critical Thinking Activity,3.7011109814594616,Advanced Practice,4.02
10581,Advanced Practice,3.9041245203628705,Advanced Practice,4.02
10582,Concept Review,4.579931731088399,Advanced Practice,2.81
10582,Practice Questions,4.474848139958938,Advanced Practice,2.81
10582,Application Exercise,5.649883689790913,Advanced Practice,2.81
10582,Critical Thinking Activity,4.752962382584425,Advanced Practice,2.81
10582,Advanced Practice,4.748607877542799,Advanced Practice,2.81
10583,Concept Review,5.34018931218052,Concept Review,4.48
10583,Practice Questions,5.807338567460219,Concept Review,4.48
10583,Application Exercise,5.806096012126097,Concept Review,4.48
10583,Critical Thinking Activity,6.189195710498256,Concept Review,4.48
10583,Advanced Practice,5.663697148698677,Concept Review,4.48
10584,Concept Review,3.9461769305733823,Practice Questions,4.79
10584,Practice Questions,4.30767111766169,Practice Questions,4.79
10584,Application Exercise,5.031213666992946,Practice Questions,4.79
10584,Critical Thinking Activity,4.059240686551149,Practice Questions,4.79
10584,Advanced Practice,3.624032696404481,Practice Questions,4.79
10585,Concept Review,4.198347604235002,Advanced Practice,3.12
10585,Practice Questions,4.70655005106264,Advanced Practice,3.12
10585,Application Exercise,6.177702128448843,Advanced Practice,3.12
10585,Critical Thinking Activity,4.869106822010016,Advanced Practice,3.12
10585,Advanced Practice,4.986489563054285,Advanced Practice,3.12
10586,Concept Review,3.299798107072528,Advanced Practice,4.61
10586,Practice Questions,3.442313178643829,Advanced Practice,4.61
10586,Application Exercise,4.493850097630531,Advanced Practice,4.61
10586,Critical Thinking Activity,4.364354718141365,Advanced Practice,4.61
10586,Advanced Practice,4.138642077184678,Advanced Practice,4.61
10587,Concept Review,2.049095534309756,Concept Review,0.62
10587,Practice Questions,2.2229086285136694,Concept Review,0.62
10587,Application Exercise,2.7035670346643355,Concept Review,0.62
10587,Critical Thinking Activity,2.0506188728678145,Concept Review,0.62
10587,Advanced Practice,2.6085941644059054,Concept Review,0.62
10588,Concept Review,2.229217367803347,Advanced Practice,6.02
10588,Practice Questions,3.6758600162039574,Advanced Practice,6.02
10588,Application Exercise,4.222568166811914,Advanced Practice,6.02
10588,Critical Thinking Activity,2.783162624443846,Advanced Practice,6.02
10588,Advanced Practice,3.61686735943954,Advanced Practice,6.02
10589,Concept Review,3.463685998327536,Advanced Practice,2.66
10589,Practice Questions,4.262693606294535,Advanced Practice,2.66
10589,Application Exercise,5.251442970312613,Advanced Practice,2.66
10589,Critical Thinking Activity,3.799326632105303,Advanced Practice,2.66
10589,Advanced Practice,3.856182010961517,Advanced Practice,2.66
10590,Concept Review,3.725031384843388,Practice Questions,3.66
10590,Practice Questions,3.799602126601866,Practice Questions,3.66
10590,Application Exercise,4.378131854463627,Practice Questions,3.66
10590,Critical Thinking Activity,4.419061078050613,Practice Questions,3.66
10590,Advanced Practice,4.370353824319989,Practice Questions,3.66
10591,Concept Review,4.877623405563503,Advanced Practice,6.25
10591,Practice Questions,5.9072852415850345,Advanced Practice,6.25
10591,Application Exercise,7.161787716062514,Advanced Practice,6.25
10591,Critical Thinking Activity,5.786037104408457,Advanced Practice,6.25
10591,Advanced Practice,5.609121797628673,Advanced Practice,6.25
10592,Concept Review,4.180705974729001,Concept Review,3.48
10592,Practice Questions,4.43317100655133,Concept Review,3.48
10592,Application Exercise,4.5845111555934235,Concept Review,3.48
10592,Critical Thinking Activity,4.431520955695083,Concept Review,3.48
10592,Advanced Practice,3.8854127428080902,Concept Review,3.48
10593,Concept Review,4.634548700994633,Critical Thinking Activity,4.39
10593,Practice Questions,4.019272253756874,Critical Thinking Activity,4.39
10593,Application Exercise,4.571620328267476,Critical Thinking Activity,4.39
10593,Critical Thinking Activity,4.633703618004686,Critical Thinking Activity,4.39
10593,Advanced Practice,4.189141867551517,Critical Thinking Activity,4.39
10594,Concept Review,4.490525624082047,Concept Review,5.93
10594,Practice Questions,5.210780004721968,Concept Review,5.93
10594,Application Exercise,4.3147381486262315,Concept Review,5.93
10594,Critical Thinking Activity,4.923457339016971,Concept Review,5.93
10594,Advanced Practice,4.750836923142822,Concept Review,5.93
10595,Concept Review,4.780825251589022,Concept Review,5.86
10595,Practice Questions,4.620245515727264,Concept Review,5.86
10595,Application Exercise,5.532206479792421,Concept Review,5.86
10595,Critical Thinking Activity,4.63803723665115,Concept Review,5.86
10595,Advanced Practice,4.165887251269914,Concept Review,5.86
10596,Concept Review,5.611421052390724,Advanced Practice,6.77
10596,Practice Questions,5.93531726287784,Advanced Practice,6.77
10596,Application Exercise,6.179027739083064,Advanced Practice,6.77
10596,Critical Thinking Activity,5.2322848583815595,Advanced Practice,6.77
10596,Advanced Practice,5.522016275645701,Advanced Practice,6.77
10597,Concept Review,5.716609526581386,Concept Review,5.87
10597,Practice Questions,5.68782962703308,Concept Review,5.87
10597,Application Exercise,5.765662478258596,Concept Review,5.87
10597,Critical Thinking Activity,6.18333556530256,Concept Review,5.87
10597,Advanced Practice,6.154632720225774,Concept Review,5.87
10598,Concept Review,1.362902150148651,Practice Questions,1.47
10598,Practice Questions,1.854163475624794,Practice Questions,1.47
10598,Application Exercise,2.9501655006689784,Practice Questions,1.47
10598,Critical Thinking Activity,1.9843399285793972,Practice Questions,1.47
10598,Advanced Practice,1.555400945075454,Practice Questions,1.47
10599,Concept Review,0.5042977649534288,Advanced Practice,4.63
10599,Practice Questions,0.21807201538074805,Advanced Practice,4.63
10599,Application Exercise,0.8609270114714409,Advanced Practice,4.63
10599,Critical Thinking Activity,0.8060364796532351,Advanced Practice,4.63
10599,Advanced Practice,1.0431238196184047,Advanced Practice,4.63
10600,Concept Review,0.6873167643795539,Advanced Practice,2.71
10600,Practice Questions,0.9217507629888697,Advanced Practice,2.71
10600,Application Exercise,0.8046371806981845,Advanced Practice,2.71
10600,Critical Thinking Activity,0.9223353929002558,Advanced Practice,2.71
10600,Advanced Practice,1.2010235086352905,Advanced Practice,2.71
10601,Concept Review,5.749856106200706,Practice Questions,4.32
10601,Practice Questions,5.586920351579415,Practice Questions,4.32
10601,Application Exercise,5.5550477255881265,Practice Questions,4.32
10601,Critical Thinking Activity,5.48964368902187,Practice Questions,4.32
10601,Advanced Practice,5.5711743056426855,Practice Questions,4.32
10602,Concept Review,0.15314803486330675,Advanced Practice,0.9
10602,Practice Questions,0.9555203053905443,Advanced Practice,0.9
10602,Application Exercise,0.31370541301532917,Advanced Practice,0.9
10602,Critical Thinking Activity,0.1058490812740418,Advanced Practice,0.9
10602,Advanced Practice,0.5298470870131307,Advanced Practice,0.9
10603,Concept Review,1.2082489492721615,Advanced Practice,1.0
10603,Practice Questions,1.532009348877212,Advanced Practice,1.0
10603,Application Exercise,1.7515486157313778,Advanced Practice,1.0
10603,Critical Thinking Activity,1.509852338899131,Advanced Practice,1.0
10603,Advanced Practice,1.2681011487576281,Advanced Practice,1.0
10604,Concept Review,3.982610006264083,Application Exercise,4.52
10604,Practice Questions,4.530745309436772,Application Exercise,4.52
10604,Application Exercise,4.670165564410987,Application Exercise,4.52
10604,Critical Thinking Activity,4.212529298588792,Application Exercise,4.52
10604,Advanced Practice,4.33921502803927,Application Exercise,4.52
10605,Concept Review,3.128153320237229,Practice Questions,2.07
10605,Practice Questions,3.0904402751976003,Practice Questions,2.07
10605,Application Exercise,4.446494558261663,Practice Questions,2.07
10605,Critical Thinking Activity,4.011792071125042,Practice Questions,2.07
10605,Advanced Practice,4.418901124441954,Practice Questions,2.07
10606,Concept Review,1.9495003116860743,Critical Thinking Activity,2.0
10606,Practice Questions,2.2589233683962027,Critical Thinking Activity,2.0
10606,Application Exercise,2.481139557475851,Critical Thinking Activity,2.0
10606,Critical Thinking Activity,2.481388842524936,Critical Thinking Activity,2.0
10606,Advanced Practice,2.44488248012752,Critical Thinking Activity,2.0
10607,Concept Review,1.8769559322339648,Critical Thinking Activity,4.96
10607,Practice Questions,2.5453585522480457,Critical Thinking Activity,4.96
10607,Application Exercise,3.738505378187313,Critical Thinking Activity,4.96
10607,Critical Thinking Activity,2.6758811897643087,Critical Thinking Activity,4.96
10607,Advanced Practice,2.534284453513051,Critical Thinking Activity,4.96
10608,Concept Review,2.9865773426865196,Critical Thinking Activity,5.08
10608,Practice Questions,4.026932860937474,Critical Thinking Activity,5.08
10608,Application Exercise,5.503090302952227,Critical Thinking Activity,5.08
10608,Critical Thinking Activity,4.565417671676972,Critical Thinking Activity,5.08
10608,Advanced Practice,4.526904229340179,Critical Thinking Activity,5.08
10609,Concept Review,3.7234175883510394,Critical Thinking Activity,0.08
10609,Practice Questions,4.124140624535101,Critical Thinking Activity,0.08
10609,Application Exercise,5.043212187250459,Critical Thinking Activity,0.08
10609,Critical Thinking Activity,3.3028704982944737,Critical Thinking Activity,0.08
10609,Advanced Practice,3.689013489104281,Critical Thinking Activity,0.08
10610,Concept Review,2.1399109664234897,Advanced Practice,4.96
10610,Practice Questions,3.1968778944267893,Advanced Practice,4.96
10610,Application Exercise,4.701289696941846,Advanced Practice,4.96
10610,Critical Thinking Activity,2.8960092060506213,Advanced Practice,4.96
10610,Advanced Practice,3.454985724726907,Advanced Practice,4.96
10611,Concept Review,5.29246706075817,Advanced Practice,6.16
10611,Practice Questions,4.602883442866936,Advanced Practice,6.16
10611,Application Exercise,4.561526998408512,Advanced Practice,6.16
10611,Critical Thinking Activity,4.426914115041796,Advanced Practice,6.16
10611,Advanced Practice,4.519661629381089,Advanced Practice,6.16
10612,Concept Review,1.9568814908916874,Concept Review,1.4
10612,Practice Questions,2.1428288115960186,Concept Review,1.4
10612,Application Exercise,2.4879805831167916,Concept Review,1.4
10612,Critical Thinking Activity,2.0724590362068662,Concept Review,1.4
10612,Advanced Practice,1.5530953203488158,Concept Review,1.4
10613,Concept Review,2.082727411843239,Application Exercise,4.06
10613,Practice Questions,2.5386392225475447,Application Exercise,4.06
10613,Application Exercise,3.13925696893607,Application Exercise,4.06
10613,Critical Thinking Activity,2.9246215039629955,Application Exercise,4.06
10613,Advanced Practice,2.80638100147076,Application Exercise,4.06
10614,Concept Review,2.597632786494111,Advanced Practice,1.7
10614,Practice Questions,2.9764012961457262,Advanced Practice,1.7
10614,Application Exercise,2.946678239069942,Advanced Practice,1.7
10614,Critical Thinking Activity,2.715918812984837,Advanced Practice,1.7
10614,Advanced Practice,2.65749039063542,Advanced Practice,1.7
10615,Concept Review,4.00673994682482,Application Exercise,3.6
10615,Practice Questions,3.870694364649971,Application Exercise,3.6
10615,Application Exercise,4.692662353170384,Application Exercise,3.6
10615,Critical Thinking Activity,4.332818968821,Application Exercise,3.6
10615,Advanced Practice,4.041173991421132,Application Exercise,3.6
10616,Concept Review,1.8686186348696792,Advanced Practice,4.31
10616,Practice Questions,2.5429953529438434,Advanced Practice,4.31
10616,Application Exercise,3.590995306506615,Advanced Practice,4.31
10616,Critical Thinking Activity,2.235656892816918,Advanced Practice,4.31
10616,Advanced Practice,2.1992371705211373,Advanced Practice,4.31
10617,Concept Review,5.8645027036662185,Critical Thinking Activity,5.43
10617,Practice Questions,5.5254157713794765,Critical Thinking Activity,5.43
10617,Application Exercise,6.185808762461885,Critical Thinking Activity,5.43
10617,Critical Thinking Activity,6.113682995383302,Critical Thinking Activity,5.43
10617,Advanced Practice,5.938937759024435,Critical Thinking Activity,5.43
10618,Concept Review,1.9696904889356135,Application Exercise,0.18
10618,Practice Questions,2.0769218230203044,Application Exercise,0.18
10618,Application Exercise,1.639650306801593,Application Exercise,0.18
10618,Critical Thinking Activity,2.858559830415113,Application Exercise,0.18
10618,Advanced Practice,2.4186174424837352,Application Exercise,0.18
10619,Concept Review,4.173044239769845,Application Exercise,5.14
10619,Practice Questions,4.990315625929895,Application Exercise,5.14
10619,Application Exercise,5.132794750832968,Application Exercise,5.14
10619,Critical Thinking Activity,4.44759313076878,Application Exercise,5.14
10619,Advanced Practice,4.817571162638649,Application Exercise,5.14
10620,Concept Review,5.471972365232097,Critical Thinking Activity,5.78
10620,Practice Questions,5.388212891874451,Critical Thinking Activity,5.78
10620,Application Exercise,5.920566105441667,Critical Thinking Activity,5.78
10620,Critical Thinking Activity,6.132994738567106,Critical Thinking Activity,5.78
10620,Advanced Practice,5.808487651936314,Critical Thinking Activity,5.78
10621,Concept Review,3.9326780125255896,Critical Thinking Activity,6.09
10621,Practice Questions,4.513149770756398,Critical Thinking Activity,6.09
10621,Application Exercise,4.595959880653507,Critical Thinking Activity,6.09
10621,Critical Thinking Activity,3.7989802252828864,Critical Thinking Activity,6.09
10621,Advanced Practice,4.365827614028598,Critical Thinking Activity,6.09
10622,Concept Review,3.0709701598056154,Critical Thinking Activity,2.59
10622,Practice Questions,2.1226749129032,Critical Thinking Activity,2.59
10622,Application Exercise,3.6111629902690443,Critical Thinking Activity,2.59
10622,Critical Thinking Activity,2.9084961701307925,Critical Thinking Activity,2.59
10622,Advanced Practice,2.8145442648524273,Critical Thinking Activity,2.59
10623,Concept Review,2.91675931202139,Critical Thinking Activity,2.31
10623,Practice Questions,3.043367726726224,Critical Thinking Activity,2.31
10623,Application Exercise,3.9390127306405005,Critical Thinking Activity,2.31
10623,Critical Thinking Activity,2.7022852720918666,Critical Thinking Activity,2.31
10623,Advanced Practice,2.859322224949884,Critical Thinking Activity,2.31
10624,Concept Review,0.7715147448918245,Critical Thinking Activity,4.03
10624,Practice Questions,2.027602870855045,Critical Thinking Activity,4.03
10624,Application Exercise,3.2819749844988357,Critical Thinking Activity,4.03
10624,Critical Thinking Activity,2.494156517335744,Critical Thinking Activity,4.03
10624,Advanced Practice,2.4938339818086313,Critical Thinking Activity,4.03
10625,Concept Review,0.7569168252481662,Practice Questions,1.94
10625,Practice Questions,1.642886239656486,Practice Questions,1.94
10625,Application Exercise,2.4966959953184915,Practice Questions,1.94
10625,Critical Thinking Activity,1.839586552907732,Practice Questions,1.94
10625,Advanced Practice,1.9314649469534118,Practice Questions,1.94
10626,Concept Review,4.277832337751975,Concept Review,3.34
10626,Practice Questions,4.939730857253496,Concept Review,3.34
10626,Application Exercise,5.135921602180658,Concept Review,3.34
10626,Critical Thinking Activity,4.849153382518874,Concept Review,3.34
10626,Advanced Practice,4.014525370403307,Concept Review,3.34
10627,Concept Review,4.32288142460639,Critical Thinking Activity,6.18
10627,Practice Questions,4.495357513311411,Critical Thinking Activity,6.18
10627,Application Exercise,4.709774665657093,Critical Thinking Activity,6.18
10627,Critical Thinking Activity,4.844533649092503,Critical Thinking Activity,6.18
10627,Advanced Practice,4.354983965407138,Critical Thinking Activity,6.18
10628,Concept Review,4.372329912315215,Critical Thinking Activity,5.49
10628,Practice Questions,5.103966383686007,Critical Thinking Activity,5.49
10628,Application Exercise,6.508833921900382,Critical Thinking Activity,5.49
10628,Critical Thinking Activity,5.540733207413638,Critical Thinking Activity,5.49
10628,Advanced Practice,5.563041558142286,Critical Thinking Activity,5.49
10629,Concept Review,3.1840710985197394,Concept Review,3.46
10629,Practice Questions,3.757520546080648,Concept Review,3.46
10629,Application Exercise,4.571300553876559,Concept Review,3.46
10629,Critical Thinking Activity,3.417099910637051,Concept Review,3.46
10629,Advanced Practice,3.2722191076750495,Concept Review,3.46
10630,Concept Review,2.524353730896352,Application Exercise,3.6
10630,Practice Questions,2.966233053258471,Application Exercise,3.6
10630,Application Exercise,2.9722952352085636,Application Exercise,3.6
10630,Critical Thinking Activity,3.217860226855031,Application Exercise,3.6
10630,Advanced Practice,3.3104170414500764,Application Exercise,3.6
10631,Concept Review,4.290682440118623,Application Exercise,2.86
10631,Practice Questions,3.8079814335318147,Application Exercise,2.86
10631,Application Exercise,4.214543418930257,Application Exercise,2.86
10631,Critical Thinking Activity,4.212788971256126,Application Exercise,2.86
10631,Advanced Practice,4.210633439118921,Application Exercise,2.86
10632,Concept Review,4.451377600653336,Concept Review,3.83
10632,Practice Questions,4.247377897913793,Concept Review,3.83
10632,Application Exercise,4.439670213672271,Concept Review,3.83
10632,Critical Thinking Activity,4.92971545429827,Concept Review,3.83
10632,Advanced Practice,4.329136137570139,Concept Review,3.83
10633,Concept Review,4.42300963478876,Advanced Practice,4.61
10633,Practice Questions,4.995934997788213,Advanced Practice,4.61
10633,Application Exercise,5.876818623262143,Advanced Practice,4.61
10633,Critical Thinking Activity,4.61138305373337,Advanced Practice,4.61
10633,Advanced Practice,4.7335174033471406,Advanced Practice,4.61
10634,Concept Review,3.4250946656388175,Advanced Practice,3.77
10634,Practice Questions,3.7260910780597363,Advanced Practice,3.77
10634,Application Exercise,4.1034411701231575,Advanced Practice,3.77
10634,Critical Thinking Activity,3.99880432407608,Advanced Practice,3.77
10634,Advanced Practice,3.851078519762379,Advanced Practice,3.77
10635,Concept Review,2.21678196313919,Practice Questions,4.7
10635,Practice Questions,2.8374895458990563,Practice Questions,4.7
10635,Application Exercise,3.3494482847746987,Practice Questions,4.7
10635,Critical Thinking Activity,2.665405190697189,Practice Questions,4.7
10635,Advanced Practice,2.5237995670819258,Practice Questions,4.7
10636,Concept Review,3.8211107803154323,Advanced Practice,4.45
10636,Practice Questions,3.7228051938604656,Advanced Practice,4.45
10636,Application Exercise,4.384539660814137,Advanced Practice,4.45
10636,Critical Thinking Activity,3.5856334322450607,Advanced Practice,4.45
10636,Advanced Practice,4.336346934900844,Advanced Practice,4.45
10637,Concept Review,2.1729251081791103,Critical Thinking Activity,3.36
10637,Practice Questions,1.7900899276247366,Critical Thinking Activity,3.36
10637,Application Exercise,3.337190247898439,Critical Thinking Activity,3.36
10637,Critical Thinking Activity,2.102731443976274,Critical Thinking Activity,3.36
10637,Advanced Practice,2.443623631257304,Critical Thinking Activity,3.36
10638,Concept Review,5.140086440659664,Practice Questions,5.36
10638,Practice Questions,5.133473572237921,Practice Questions,5.36
10638,Application Exercise,5.415671102245254,Practice Questions,5.36
10638,Critical Thinking Activity,5.230966364837585,Practice Questions,5.36
10638,Advanced Practice,5.024521247794803,Practice Questions,5.36
10639,Concept Review,1.3789255760423913,Advanced Practice,3.07
10639,Practice Questions,2.0138383766279544,Advanced Practice,3.07
10639,Application Exercise,1.858410012399589,Advanced Practice,3.07
10639,Critical Thinking Activity,1.4717417367738008,Advanced Practice,3.07
10639,Advanced Practice,1.1975463945310745,Advanced Practice,3.07
10640,Concept Review,3.1313015072755004,Advanced Practice,4.57
10640,Practice Questions,4.638008693050688,Advanced Practice,4.57
10640,Application Exercise,5.183958583779965,Advanced Practice,4.57
10640,Critical Thinking Activity,3.736033315848513,Advanced Practice,4.57
10640,Advanced Practice,3.8431721163055106,Advanced Practice,4.57
10641,Concept Review,4.732254325373761,Critical Thinking Activity,5.28
10641,Practice Questions,4.711781067866269,Critical Thinking Activity,5.28
10641,Application Exercise,5.248382413142064,Critical Thinking Activity,5.28
10641,Critical Thinking Activity,5.2736877194130125,Critical Thinking Activity,5.28
10641,Advanced Practice,5.204670873992815,Critical Thinking Activity,5.28
10642,Concept Review,2.8208818134142857,Critical Thinking Activity,2.89
10642,Practice Questions,3.013020091690928,Critical Thinking Activity,2.89
10642,Application Exercise,4.16262680910012,Critical Thinking Activity,2.89
10642,Critical Thinking Activity,3.1893454884923367,Critical Thinking Activity,2.89
10642,Advanced Practice,3.140532673824816,Critical Thinking Activity,2.89
10643,Concept Review,3.8219333571616603,Application Exercise,3.12
10643,Practice Questions,4.608980826495591,Application Exercise,3.12
10643,Application Exercise,4.169529656286651,Application Exercise,3.12
10643,Critical Thinking Activity,4.285792209145717,Application Exercise,3.12
10643,Advanced Practice,4.1296280175123945,Application Exercise,3.12
10644,Concept Review,5.732721611188746,Advanced Practice,6.44
10644,Practice Questions,6.446435498942321,Advanced Practice,6.44
10644,Application Exercise,7.3081025941267255,Advanced Practice,6.44
10644,Critical Thinking Activity,5.327386122342565,Advanced Practice,6.44
10644,Advanced Practice,5.713903818801487,Advanced Practice,6.44
10645,Concept Review,0.5233800797601296,Practice Questions,1.28
10645,Practice Questions,1.0279625895031548,Practice Questions,1.28
10645,Application Exercise,0.9710133289657241,Practice Questions,1.28
10645,Critical Thinking Activity,1.3828943654681551,Practice Questions,1.28
10645,Advanced Practice,1.3586733057803828,Practice Questions,1.28
10646,Concept Review,6.194363435445132,Concept Review,5.59
10646,Practice Questions,5.8770582354266185,Concept Review,5.59
10646,Application Exercise,5.752470714298492,Concept Review,5.59
10646,Critical Thinking Activity,6.077565261414505,Concept Review,5.59
10646,Advanced Practice,6.055263095342868,Concept Review,5.59
10647,Concept Review,2.3297482411763095,Advanced Practice,4.64
10647,Practice Questions,2.886782922467996,Advanced Practice,4.64
10647,Application Exercise,3.7707154197227375,Advanced Practice,4.64
10647,Critical Thinking Activity,2.781799011190662,Advanced Practice,4.64
10647,Advanced Practice,2.8151749903709398,Advanced Practice,4.64
10648,Concept Review,5.3191350591248,Advanced Practice,3.6
10648,Practice Questions,5.961184369046004,Advanced Practice,3.6
10648,Application Exercise,6.060190058945002,Advanced Practice,3.6
10648,Critical Thinking Activity,5.01150271017395,Advanced Practice,3.6
10648,Advanced Practice,5.39972858518901,Advanced Practice,3.6
10649,Concept Review,3.438805563236729,Critical Thinking Activity,3.36
10649,Practice Questions,3.5750636049046243,Critical Thinking Activity,3.36
10649,Application Exercise,4.1371048997966,Critical Thinking Activity,3.36
10649,Critical Thinking Activity,3.4602590359165593,Critical Thinking Activity,3.36
10649,Advanced Practice,4.031933436380767,Critical Thinking Activity,3.36
10650,Concept Review,1.18821908266131,Advanced Practice,3.75
10650,Practice Questions,2.1787364369901114,Advanced Practice,3.75
10650,Application Exercise,3.4434324938194423,Advanced Practice,3.75
10650,Critical Thinking Activity,2.0362900722774104,Advanced Practice,3.75
10650,Advanced Practice,2.353167604890041,Advanced Practice,3.75
10651,Concept Review,3.6530395410844996,Practice Questions,3.83
10651,Practice Questions,3.3782612489046686,Practice Questions,3.83
10651,Application Exercise,4.475530057106525,Practice Questions,3.83
10651,Critical Thinking Activity,3.9241250803283347,Practice Questions,3.83
10651,Advanced Practice,3.2186746149301406,Practice Questions,3.83
10652,Concept Review,4.971334506913166,Critical Thinking Activity,4.88
10652,Practice Questions,4.838405409406298,Critical Thinking Activity,4.88
10652,Application Exercise,6.180563501512636,Critical Thinking Activity,4.88
10652,Critical Thinking Activity,5.007182526225864,Critical Thinking Activity,4.88
10652,Advanced Practice,5.44841112481148,Critical Thinking Activity,4.88
10653,Concept Review,6.22257049856027,Application Exercise,6.05
10653,Practice Questions,5.2476164076440295,Application Exercise,6.05
10653,Application Exercise,5.145632349652673,Application Exercise,6.05
10653,Critical Thinking Activity,5.237198143676128,Application Exercise,6.05
10653,Advanced Practice,5.178649499594705,Application Exercise,6.05
10654,Concept Review,1.1921735266535478,Advanced Practice,2.39
10654,Practice Questions,2.387192024861664,Advanced Practice,2.39
10654,Application Exercise,2.293669018305608,Advanced Practice,2.39
10654,Critical Thinking Activity,1.7620527504767562,Advanced Practice,2.39
10654,Advanced Practice,1.9636298135724755,Advanced Practice,2.39
10655,Concept Review,4.652005871490392,Concept Review,2.44
10655,Practice Questions,4.13765780970825,Concept Review,2.44
10655,Application Exercise,5.368068610012758,Concept Review,2.44
10655,Critical Thinking Activity,5.200866762403934,Concept Review,2.44
10655,Advanced Practice,4.5071189657683615,Concept Review,2.44
10656,Concept Review,5.007907875129783,Concept Review,4.2
10656,Practice Questions,4.146795372823787,Concept Review,4.2
10656,Application Exercise,4.780970421579699,Concept Review,4.2
10656,Critical Thinking Activity,4.754254323017603,Concept Review,4.2
10656,Advanced Practice,4.803493642647642,Concept Review,4.2
10657,Concept Review,3.874798325380068,Critical Thinking Activity,6.44
10657,Practice Questions,4.123788130512016,Critical Thinking Activity,6.44
10657,Application Exercise,4.942857689338821,Critical Thinking Activity,6.44
10657,Critical Thinking Activity,4.335792506834339,Critical Thinking Activity,6.44
10657,Advanced Practice,4.1791622581798755,Critical Thinking Activity,6.44
10658,Concept Review,2.514468522937719,Advanced Practice,1.69
10658,Practice Questions,2.8434306158631317,Advanced Practice,1.69
10658,Application Exercise,3.6711807832020193,Advanced Practice,1.69
10658,Critical Thinking Activity,2.987591271941122,Advanced Practice,1.69
10658,Advanced Practice,2.6953577447142147,Advanced Practice,1.69
10659,Concept Review,3.8322842514003765,Concept Review,3.59
10659,Practice Questions,3.6838871416829355,Concept Review,3.59
10659,Application Exercise,3.6095427806985185,Concept Review,3.59
10659,Critical Thinking Activity,3.77703074820462,Concept Review,3.59
10659,Advanced Practice,3.565108560166913,Concept Review,3.59
10660,Concept Review,5.383886025559718,Application Exercise,4.3
10660,Practice Questions,4.564345750528073,Application Exercise,4.3
10660,Application Exercise,5.281109058276384,Application Exercise,4.3
10660,Critical Thinking Activity,5.556018375620144,Application Exercise,4.3
10660,Advanced Practice,5.0907656320365735,Application Exercise,4.3
10661,Concept Review,1.681427940154006,Advanced Practice,2.12
10661,Practice Questions,2.6448952938499293,Advanced Practice,2.12
10661,Application Exercise,3.271762809366122,Advanced Practice,2.12
10661,Critical Thinking Activity,2.601887050332397,Advanced Practice,2.12
10661,Advanced Practice,2.0822539882586595,Advanced Practice,2.12
10662,Concept Review,5.448053808904422,Concept Review,4.18
10662,Practice Questions,5.322806719313421,Concept Review,4.18
10662,Application Exercise,6.3643684187839895,Concept Review,4.18
10662,Critical Thinking Activity,5.244916830461447,Concept Review,4.18
10662,Advanced Practice,4.971827955327679,Concept Review,4.18
10663,Concept Review,4.114091141956993,Critical Thinking Activity,5.4
10663,Practice Questions,3.915107951874095,Critical Thinking Activity,5.4
10663,Application Exercise,4.7854875071385,Critical Thinking Activity,5.4
10663,Critical Thinking Activity,4.603631864503811,Critical Thinking Activity,5.4
10663,Advanced Practice,4.947662532036336,Critical Thinking Activity,5.4
10664,Concept Review,5.8442108894982425,Advanced Practice,5.81
10664,Practice Questions,5.367392127213574,Advanced Practice,5.81
10664,Application Exercise,5.69954496738106,Advanced Practice,5.81
10664,Critical Thinking Activity,5.630629942330938,Advanced Practice,5.81
10664,Advanced Practice,5.615455253123524,Advanced Practice,5.81
10665,Concept Review,5.051400856072206,Advanced Practice,6.17
10665,Practice Questions,5.286535058522977,Advanced Practice,6.17
10665,Application Exercise,6.644285468788063,Advanced Practice,6.17
10665,Critical Thinking Activity,5.442812584845359,Advanced Practice,6.17
10665,Advanced Practice,5.239916265401966,Advanced Practice,6.17
10666,Concept Review,3.1905053299565496,Critical Thinking Activity,2.04
10666,Practice Questions,3.3089934431531995,Critical Thinking Activity,2.04
10666,Application Exercise,3.6688119713396463,Critical Thinking Activity,2.04
10666,Critical Thinking Activity,3.374594547825492,Critical Thinking Activity,2.04
10666,Advanced Practice,3.7224660955379494,Critical Thinking Activity,2.04
10667,Concept Review,4.984090502609481,Advanced Practice,4.16
10667,Practice Questions,4.821740008162365,Advanced Practice,4.16
10667,Application Exercise,5.6304339666756515,Advanced Practice,4.16
10667,Critical Thinking Activity,4.708698543868113,Advanced Practice,4.16
10667,Advanced Practice,4.890354565185197,Advanced Practice,4.16
10668,Concept Review,3.5514186261490277,Application Exercise,3.57
10668,Practice Questions,3.458716524445036,Application Exercise,3.57
10668,Application Exercise,3.792866412362889,Application Exercise,3.57
10668,Critical Thinking Activity,4.036931732542514,Application Exercise,3.57
10668,Advanced Practice,3.8132869709178685,Application Exercise,3.57
10669,Concept Review,5.384755681294882,Critical Thinking Activity,5.52
10669,Practice Questions,4.943662717516574,Critical Thinking Activity,5.52
10669,Application Exercise,5.55519442722233,Critical Thinking Activity,5.52
10669,Critical Thinking Activity,4.6796318250625735,Critical Thinking Activity,5.52
10669,Advanced Practice,4.821210519108145,Critical Thinking Activity,5.52
10670,Concept Review,4.857855371089928,Application Exercise,4.22
10670,Practice Questions,5.142990849267529,Application Exercise,4.22
10670,Application Exercise,5.183531358069839,Application Exercise,4.22
10670,Critical Thinking Activity,5.3422817954865724,Application Exercise,4.22
10670,Advanced Practice,5.145770221296327,Application Exercise,4.22
10671,Concept Review,3.2099982460032477,Application Exercise,4.85
10671,Practice Questions,3.2861914838619892,Application Exercise,4.85
10671,Application Exercise,3.5237834456618167,Application Exercise,4.85
10671,Critical Thinking Activity,3.386629653575035,Application Exercise,4.85
10671,Advanced Practice,3.0864431465238913,Application Exercise,4.85
10672,Concept Review,1.1591331489657506,Critical Thinking Activity,3.6
10672,Practice Questions,1.5771063822883975,Critical Thinking Activity,3.6
10672,Application Exercise,2.890091801581525,Critical Thinking Activity,3.6
10672,Critical Thinking Activity,1.9353571339322426,Critical Thinking Activity,3.6
10672,Advanced Practice,1.7731303310347502,Critical Thinking Activity,3.6
10673,Concept Review,2.340448548990005,Critical Thinking Activity,0.79
10673,Practice Questions,1.7122550217372405,Critical Thinking Activity,0.79
10673,Application Exercise,2.0835261734014074,Critical Thinking Activity,0.79
10673,Critical Thinking Activity,2.0894302955068516,Critical Thinking Activity,0.79
10673,Advanced Practice,2.228605361622355,Critical Thinking Activity,0.79
10674,Concept Review,5.111212648577256,Critical Thinking Activity,4.93
10674,Practice Questions,5.794004351174624,Critical Thinking Activity,4.93
10674,Application Exercise,6.487572061626297,Critical Thinking Activity,4.93
10674,Critical Thinking Activity,5.32811110345328,Critical Thinking Activity,4.93
10674,Advanced Practice,5.768588204420919,Critical Thinking Activity,4.93
10675,Concept Review,3.5631609318327193,Critical Thinking Activity,3.3
10675,Practice Questions,3.532255156524974,Critical Thinking Activity,3.3
10675,Application Exercise,4.713457326863339,Critical Thinking Activity,3.3
10675,Critical Thinking Activity,3.679706451690188,Critical Thinking Activity,3.3
10675,Advanced Practice,4.237370687606407,Critical Thinking Activity,3.3
10676,Concept Review,2.421259621384558,Advanced Practice,7.46
10676,Practice Questions,3.6490084810988015,Advanced Practice,7.46
10676,Application Exercise,4.101583464865999,Advanced Practice,7.46
10676,Critical Thinking Activity,3.030833838784951,Advanced Practice,7.46
10676,Advanced Practice,3.475912837240431,Advanced Practice,7.46
10677,Concept Review,3.7788750268114475,Advanced Practice,3.25
10677,Practice Questions,3.8604389864932767,Advanced Practice,3.25
10677,Application Exercise,4.264077045673895,Advanced Practice,3.25
10677,Critical Thinking Activity,3.5249884108945406,Advanced Practice,3.25
10677,Advanced Practice,4.17430019982105,Advanced Practice,3.25
10678,Concept Review,3.063609316261786,Practice Questions,5.75
10678,Practice Questions,2.7975653482395053,Practice Questions,5.75
10678,Application Exercise,2.331573375261806,Practice Questions,5.75
10678,Critical Thinking Activity,2.6722550070102766,Practice Questions,5.75
10678,Advanced Practice,2.953481970704247,Practice Questions,5.75
10679,Concept Review,0.9071159651441962,Advanced Practice,0.01
10679,Practice Questions,1.2058703743012433,Advanced Practice,0.01
10679,Application Exercise,2.386992924845342,Advanced Practice,0.01
10679,Critical Thinking Activity,1.5102520992133162,Advanced Practice,0.01
10679,Advanced Practice,2.084536384187128,Advanced Practice,0.01
10680,Concept Review,4.4970933801920605,Concept Review,3.36
10680,Practice Questions,4.639904420815268,Concept Review,3.36
10680,Application Exercise,6.060640861975074,Concept Review,3.36
10680,Critical Thinking Activity,4.98602976963185,Concept Review,3.36
10680,Advanced Practice,4.837587692173137,Concept Review,3.36
10681,Concept Review,2.4764511288425766,Advanced Practice,2.01
10681,Practice Questions,3.1559144762804614,Advanced Practice,2.01
10681,Application Exercise,2.943771671715429,Advanced Practice,2.01
10681,Critical Thinking Activity,3.0637980729287735,Advanced Practice,2.01
10681,Advanced Practice,2.912494724255869,Advanced Practice,2.01
10682,Concept Review,2.1629652318233177,Critical Thinking Activity,1.13
10682,Practice Questions,2.398455967996316,Critical Thinking Activity,1.13
10682,Application Exercise,3.761219277370922,Critical Thinking Activity,1.13
10682,Critical Thinking Activity,2.5593564507905135,Critical Thinking Activity,1.13
10682,Advanced Practice,3.0127852227609795,Critical Thinking Activity,1.13
10683,Concept Review,3.45762863237075,Application Exercise,2.91
10683,Practice Questions,2.8794629177611517,Application Exercise,2.91
10683,Application Exercise,3.0795763866607855,Application Exercise,2.91
10683,Critical Thinking Activity,3.2243852890966105,Application Exercise,2.91
10683,Advanced Practice,3.1881799806881115,Application Exercise,2.91
10684,Concept Review,4.229950520472511,Concept Review,3.71
10684,Practice Questions,4.295476011045711,Concept Review,3.71
10684,Application Exercise,4.50918808876928,Concept Review,3.71
10684,Critical Thinking Activity,5.0921939405284515,Concept Review,3.71
10684,Advanced Practice,4.5309731936006985,Concept Review,3.71
10685,Concept Review,3.769124494681825,Advanced Practice,3.51
10685,Practice Questions,4.2667365060842135,Advanced Practice,3.51
10685,Application Exercise,4.092213998920792,Advanced Practice,3.51
10685,Critical Thinking Activity,3.746046702158628,Advanced Practice,3.51
10685,Advanced Practice,4.594072536452403,Advanced Practice,3.51
10686,Concept Review,0.48122727414191546,Advanced Practice,3.61
10686,Practice Questions,2.1029445940529796,Advanced Practice,3.61
10686,Application Exercise,2.5165729353336275,Advanced Practice,3.61
10686,Critical Thinking Activity,1.5850930010568498,Advanced Practice,3.61
10686,Advanced Practice,2.001432400504317,Advanced Practice,3.61
10687,Concept Review,5.121366060905041,Advanced Practice,6.56
10687,Practice Questions,4.85526539145839,Advanced Practice,6.56
10687,Application Exercise,5.569638780089647,Advanced Practice,6.56
10687,Critical Thinking Activity,4.5413809700101755,Advanced Practice,6.56
10687,Advanced Practice,4.6943734050242965,Advanced Practice,6.56
10688,Concept Review,4.946087047822848,Critical Thinking Activity,6.62
10688,Practice Questions,4.561360900278105,Critical Thinking Activity,6.62
10688,Application Exercise,5.488678806727419,Critical Thinking Activity,6.62
10688,Critical Thinking Activity,5.31164989645161,Critical Thinking Activity,6.62
10688,Advanced Practice,5.3680578492032565,Critical Thinking Activity,6.62
10689,Concept Review,2.0268147005548514,Advanced Practice,3.79
10689,Practice Questions,3.0803423627183535,Advanced Practice,3.79
10689,Application Exercise,3.7553608611074707,Advanced Practice,3.79
10689,Critical Thinking Activity,2.828568356453263,Advanced Practice,3.79
10689,Advanced Practice,3.4125793326365237,Advanced Practice,3.79
10690,Concept Review,4.811043645499255,Advanced Practice,5.0
10690,Practice Questions,5.305549004308463,Advanced Practice,5.0
10690,Application Exercise,5.011760240709805,Advanced Practice,5.0
10690,Critical Thinking Activity,5.024000348961448,Advanced Practice,5.0
10690,Advanced Practice,4.702572853973101,Advanced Practice,5.0
10691,Concept Review,3.1091559343548005,Advanced Practice,3.14
10691,Practice Questions,3.3271956897549337,Advanced Practice,3.14
10691,Application Exercise,4.293664173920691,Advanced Practice,3.14
10691,Critical Thinking Activity,3.8042313129109897,Advanced Practice,3.14
10691,Advanced Practice,3.9991305873252703,Advanced Practice,3.14
10692,Concept Review,3.153576620345487,Advanced Practice,2.15
10692,Practice Questions,3.8263726849253175,Advanced Practice,2.15
10692,Application Exercise,4.483700235960985,Advanced Practice,2.15
10692,Critical Thinking Activity,3.5016703585983877,Advanced Practice,2.15
10692,Advanced Practice,3.3268542153285834,Advanced Practice,2.15
10693,Concept Review,4.229557768163412,Critical Thinking Activity,5.34
10693,Practice Questions,4.322681334279501,Critical Thinking Activity,5.34
10693,Application Exercise,4.976602260796513,Critical Thinking Activity,5.34
10693,Critical Thinking Activity,4.643946532129085,Critical Thinking Activity,5.34
10693,Advanced Practice,4.59737441100156,Critical Thinking Activity,5.34
10694,Concept Review,3.9661132978778655,Critical Thinking Activity,2.63
10694,Practice Questions,4.000336391681373,Critical Thinking Activity,2.63
10694,Application Exercise,5.000342676502346,Critical Thinking Activity,2.63
10694,Critical Thinking Activity,4.612515780939586,Critical Thinking Activity,2.63
10694,Advanced Practice,4.2657262110876015,Critical Thinking Activity,2.63
10695,Concept Review,5.990781502523202,Application Exercise,4.52
10695,Practice Questions,6.2395164209597525,Application Exercise,4.52
10695,Application Exercise,7.035155628902052,Application Exercise,4.52
10695,Critical Thinking Activity,6.260866212755608,Application Exercise,4.52
10695,Advanced Practice,5.924596802766808,Application Exercise,4.52
10696,Concept Review,2.702080819472943,Practice Questions,3.79
10696,Practice Questions,2.8396783328385835,Practice Questions,3.79
10696,Application Exercise,2.9665788877471684,Practice Questions,3.79
10696,Critical Thinking Activity,2.446572471105588,Practice Questions,3.79
10696,Advanced Practice,2.176228464188137,Practice Questions,3.79
10697,Concept Review,2.9388048327970386,Advanced Practice,6.0
10697,Practice Questions,3.362579270433482,Advanced Practice,6.0
10697,Application Exercise,3.953780160402225,Advanced Practice,6.0
10697,Critical Thinking Activity,3.533371648666524,Advanced Practice,6.0
10697,Advanced Practice,3.2540051362690696,Advanced Practice,6.0
10698,Concept Review,3.0812220578956415,Concept Review,4.06
10698,Practice Questions,3.442543008125104,Concept Review,4.06
10698,Application Exercise,3.632625190471453,Concept Review,4.06
10698,Critical Thinking Activity,3.533855499555108,Concept Review,4.06
10698,Advanced Practice,3.2108600343525504,Concept Review,4.06
10699,Concept Review,3.8978027941829536,Application Exercise,6.1
10699,Practice Questions,4.047803582967473,Application Exercise,6.1
10699,Application Exercise,4.71734144177551,Application Exercise,6.1
10699,Critical Thinking Activity,4.161039270027007,Application Exercise,6.1
10699,Advanced Practice,4.606427507618058,Application Exercise,6.1
10700,Concept Review,2.1609288580328525,Critical Thinking Activity,1.42
10700,Practice Questions,1.723532467864581,Critical Thinking Activity,1.42
10700,Application Exercise,2.9322930649053376,Critical Thinking Activity,1.42
10700,Critical Thinking Activity,1.9147164564276717,Critical Thinking Activity,1.42
10700,Advanced Practice,1.7757966907435812,Critical Thinking Activity,1.42
10701,Concept Review,4.857400508069301,Advanced Practice,2.94
10701,Practice Questions,5.279586906642029,Advanced Practice,2.94
10701,Application Exercise,5.430856492013678,Advanced Practice,2.94
10701,Critical Thinking Activity,4.901345481100782,Advanced Practice,2.94
10701,Advanced Practice,4.60056006474908,Advanced Practice,2.94
10702,Concept Review,3.807622669757278,Concept Review,5.2
10702,Practice Questions,4.161531039408709,Concept Review,5.2
10702,Application Exercise,5.032739851491952,Concept Review,5.2
10702,Critical Thinking Activity,4.3971953435158735,Concept Review,5.2
10702,Advanced Practice,4.193894276329765,Concept Review,5.2
10703,Concept Review,0.9811524327641727,Advanced Practice,3.25
10703,Practice Questions,2.5132728373156006,Advanced Practice,3.25
10703,Application Exercise,3.536102591920598,Advanced Practice,3.25
10703,Critical Thinking Activity,1.7542641501477756,Advanced Practice,3.25
10703,Advanced Practice,2.8642825838460917,Advanced Practice,3.25
10704,Concept Review,3.3624933389036102,Critical Thinking Activity,3.99
10704,Practice Questions,3.9116265250870192,Critical Thinking Activity,3.99
10704,Application Exercise,4.530089516774941,Critical Thinking Activity,3.99
10704,Critical Thinking Activity,3.9880378286449107,Critical Thinking Activity,3.99
10704,Advanced Practice,3.961330858906643,Critical Thinking Activity,3.99
10705,Concept Review,3.370516959191512,Practice Questions,3.17
10705,Practice Questions,3.5702484898122537,Practice Questions,3.17
10705,Application Exercise,3.5071463637098277,Practice Questions,3.17
10705,Critical Thinking Activity,3.5326758694268987,Practice Questions,3.17
10705,Advanced Practice,3.6386446175628464,Practice Questions,3.17
10706,Concept Review,1.1515706106731458,Advanced Practice,3.55
10706,Practice Questions,1.7135098384044314,Advanced Practice,3.55
10706,Application Exercise,2.1937960894323263,Advanced Practice,3.55
10706,Critical Thinking Activity,1.69012090063634,Advanced Practice,3.55
10706,Advanced Practice,1.9972672464583208,Advanced Practice,3.55
10707,Concept Review,2.1306301923373683,Advanced Practice,1.85
10707,Practice Questions,3.7483064935346118,Advanced Practice,1.85
10707,Application Exercise,4.608974540383443,Advanced Practice,1.85
10707,Critical Thinking Activity,2.7978519536829323,Advanced Practice,1.85
10707,Advanced Practice,3.5536675515066274,Advanced Practice,1.85
10708,Concept Review,3.5999882652098556,Advanced Practice,3.07
10708,Practice Questions,4.144104727942167,Advanced Practice,3.07
10708,Application Exercise,5.358746915481602,Advanced Practice,3.07
10708,Critical Thinking Activity,4.562513163135658,Advanced Practice,3.07
10708,Advanced Practice,4.302670765558647,Advanced Practice,3.07
10709,Concept Review,4.064999021983613,Practice Questions,2.5
10709,Practice Questions,3.4736774421151204,Practice Questions,2.5
10709,Application Exercise,2.8052237958862603,Practice Questions,2.5
10709,Critical Thinking Activity,3.650622060876631,Practice Questions,2.5
10709,Advanced Practice,3.6248763478286725,Practice Questions,2.5
10710,Concept Review,2.956125667921082,Application Exercise,3.58
10710,Practice Questions,3.343563941416953,Application Exercise,3.58
10710,Application Exercise,3.1341276056528073,Application Exercise,3.58
10710,Critical Thinking Activity,3.6888526054192243,Application Exercise,3.58
10710,Advanced Practice,3.240069037289644,Application Exercise,3.58
10711,Concept Review,3.1068651112604737,Critical Thinking Activity,2.24
10711,Practice Questions,2.895297408404066,Critical Thinking Activity,2.24
10711,Application Exercise,3.1324264415933483,Critical Thinking Activity,2.24
10711,Critical Thinking Activity,3.171693595476261,Critical Thinking Activity,2.24
10711,Advanced Practice,3.9355306275046726,Critical Thinking Activity,2.24
10712,Concept Review,3.1848233224782296,Critical Thinking Activity,2.78
10712,Practice Questions,3.8337124631791157,Critical Thinking Activity,2.78
10712,Application Exercise,3.498002603541788,Critical Thinking Activity,2.78
10712,Critical Thinking Activity,2.989519160075015,Critical Thinking Activity,2.78
10712,Advanced Practice,3.544452587027499,Critical Thinking Activity,2.78
10713,Concept Review,4.186113386291248,Concept Review,3.56
10713,Practice Questions,4.420514933189848,Concept Review,3.56
10713,Application Exercise,4.560420929462138,Concept Review,3.56
10713,Critical Thinking Activity,4.750444667455394,Concept Review,3.56
10713,Advanced Practice,4.68116709996942,Concept Review,3.56
10714,Concept Review,0.7192603432443061,Application Exercise,1.69
10714,Practice Questions,1.4925428214463237,Application Exercise,1.69
10714,Application Exercise,2.0036451040608037,Application Exercise,1.69
10714,Critical Thinking Activity,2.1256516664407683,Application Exercise,1.69
10714,Advanced Practice,2.2233456685525312,Application Exercise,1.69
10715,Concept Review,2.3137542804336455,Concept Review,0.72
10715,Practice Questions,2.2968310389834596,Concept Review,0.72
10715,Application Exercise,2.762588577178437,Concept Review,0.72
10715,Critical Thinking Activity,2.729393157717473,Concept Review,0.72
10715,Advanced Practice,2.8136687013506734,Concept Review,0.72
10716,Concept Review,3.0935255695508825,Advanced Practice,3.16
10716,Practice Questions,4.062370982667133,Advanced Practice,3.16
10716,Application Exercise,4.769731622627871,Advanced Practice,3.16
10716,Critical Thinking Activity,3.429827294999924,Advanced Practice,3.16
10716,Advanced Practice,3.0224787271635996,Advanced Practice,3.16
10717,Concept Review,6.550253273575214,Concept Review,8.48
10717,Practice Questions,5.961995929324642,Concept Review,8.48
10717,Application Exercise,6.702824290527409,Concept Review,8.48
10717,Critical Thinking Activity,6.958414174263694,Concept Review,8.48
10717,Advanced Practice,6.535856525035612,Concept Review,8.48
10718,Concept Review,4.577740498175514,Practice Questions,4.91
10718,Practice Questions,4.597298916014555,Practice Questions,4.91
10718,Application Exercise,5.92777012983002,Practice Questions,4.91
10718,Critical Thinking Activity,4.953295365877382,Practice Questions,4.91
10718,Advanced Practice,4.8878864975387755,Practice Questions,4.91
10719,Concept Review,2.337726983410769,Application Exercise,5.47
10719,Practice Questions,3.3021358808322665,Application Exercise,5.47
10719,Application Exercise,3.976127003949576,Application Exercise,5.47
10719,Critical Thinking Activity,3.4313479253792276,Application Exercise,5.47
10719,Advanced Practice,3.1909582698859404,Application Exercise,5.47
10720,Concept Review,4.370504352317715,Practice Questions,6.73
10720,Practice Questions,4.490712702247091,Practice Questions,6.73
10720,Application Exercise,5.309829401818497,Practice Questions,6.73
10720,Critical Thinking Activity,4.970373495998755,Practice Questions,6.73
10720,Advanced Practice,4.939063937687377,Practice Questions,6.73
10721,Concept Review,1.5700843296199332,Advanced Practice,3.23
10721,Practice Questions,2.620492600580417,Advanced Practice,3.23
10721,Application Exercise,4.139678502194579,Advanced Practice,3.23
10721,Critical Thinking Activity,2.9158063189554824,Advanced Practice,3.23
10721,Advanced Practice,2.373033278142417,Advanced Practice,3.23
10722,Concept Review,3.8384946349173337,Practice Questions,4.58
10722,Practice Questions,4.685800143106265,Practice Questions,4.58
10722,Application Exercise,5.691940653366719,Practice Questions,4.58
10722,Critical Thinking Activity,4.813291191906006,Practice Questions,4.58
10722,Advanced Practice,4.533433720941075,Practice Questions,4.58
10723,Concept Review,4.222563833064991,Practice Questions,4.45
10723,Practice Questions,4.529274778412355,Practice Questions,4.45
10723,Application Exercise,5.559378176089508,Practice Questions,4.45
10723,Critical Thinking Activity,4.3405576098392515,Practice Questions,4.45
10723,Advanced Practice,4.767247257455084,Practice Questions,4.45
10724,Concept Review,4.785413924763333,Critical Thinking Activity,6.56
10724,Practice Questions,4.991632761575681,Critical Thinking Activity,6.56
10724,Application Exercise,5.7354095761233905,Critical Thinking Activity,6.56
10724,Critical Thinking Activity,5.348517382325012,Critical Thinking Activity,6.56
10724,Advanced Practice,5.410523001574115,Critical Thinking Activity,6.56
10725,Concept Review,2.764645603761622,Critical Thinking Activity,2.84
10725,Practice Questions,3.012509337353957,Critical Thinking Activity,2.84
10725,Application Exercise,3.601591787459539,Critical Thinking Activity,2.84
10725,Critical Thinking Activity,3.2470052378380947,Critical Thinking Activity,2.84
10725,Advanced Practice,3.3293453229845658,Critical Thinking Activity,2.84
10726,Concept Review,2.5735839259260747,Critical Thinking Activity,0.32
10726,Practice Questions,3.2603717575151165,Critical Thinking Activity,0.32
10726,Application Exercise,4.631036314834731,Critical Thinking Activity,0.32
10726,Critical Thinking Activity,3.062398513064297,Critical Thinking Activity,0.32
10726,Advanced Practice,3.6863277242915164,Critical Thinking Activity,0.32
10727,Concept Review,5.107565040416315,Practice Questions,5.46
10727,Practice Questions,4.97691730379637,Practice Questions,5.46
10727,Application Exercise,5.070414809266256,Practice Questions,5.46
10727,Critical Thinking Activity,4.459412608049991,Practice Questions,5.46
10727,Advanced Practice,4.18931890959068,Practice Questions,5.46
10728,Concept Review,2.5375372666704155,Advanced Practice,1.06
10728,Practice Questions,3.6142784542797823,Advanced Practice,1.06
10728,Application Exercise,4.081083313529198,Advanced Practice,1.06
10728,Critical Thinking Activity,3.122933732244287,Advanced Practice,1.06
10728,Advanced Practice,2.670142083462701,Advanced Practice,1.06
10729,Concept Review,3.33153895785556,Concept Review,2.4
10729,Practice Questions,3.8477490631445095,Concept Review,2.4
10729,Application Exercise,3.7259784006416794,Concept Review,2.4
10729,Critical Thinking Activity,3.2777207978626133,Concept Review,2.4
10729,Advanced Practice,3.510620265342053,Concept Review,2.4
10730,Concept Review,4.637110036783619,Practice Questions,4.22
10730,Practice Questions,4.392968436825124,Practice Questions,4.22
10730,Application Exercise,5.087911052190234,Practice Questions,4.22
10730,Critical Thinking Activity,4.611555314201132,Practice Questions,4.22
10730,Advanced Practice,4.348781605036387,Practice Questions,4.22
10731,Concept Review,1.9826519217803127,Practice Questions,2.27
10731,Practice Questions,1.9870126909513643,Practice Questions,2.27
10731,Application Exercise,2.363096307036976,Practice Questions,2.27
10731,Critical Thinking Activity,2.713883421907976,Practice Questions,2.27
10731,Advanced Practice,2.5364821003693567,Practice Questions,2.27
10732,Concept Review,3.6114068619429154,Application Exercise,2.02
10732,Practice Questions,3.425142735213017,Application Exercise,2.02
10732,Application Exercise,3.4092639781047356,Application Exercise,2.02
10732,Critical Thinking Activity,3.936099643585749,Application Exercise,2.02
10732,Advanced Practice,4.359486080403018,Application Exercise,2.02
10733,Concept Review,4.157741436035062,Application Exercise,4.75
10733,Practice Questions,4.743555854621561,Application Exercise,4.75
10733,Application Exercise,4.7195314934864605,Application Exercise,4.75
10733,Critical Thinking Activity,4.202330240763423,Application Exercise,4.75
10733,Advanced Practice,4.54426003643367,Application Exercise,4.75
10734,Concept Review,3.336174736606965,Practice Questions,4.82
10734,Practice Questions,3.314628687404536,Practice Questions,4.82
10734,Application Exercise,3.4293125153962993,Practice Questions,4.82
10734,Critical Thinking Activity,3.712296502830223,Practice Questions,4.82
10734,Advanced Practice,3.49982790624165,Practice Questions,4.82
10735,Concept Review,5.950886716743901,Practice Questions,4.42
10735,Practice Questions,5.517157910317006,Practice Questions,4.42
10735,Application Exercise,6.806999179345542,Practice Questions,4.42
10735,Critical Thinking Activity,6.080712409365772,Practice Questions,4.42
10735,Advanced Practice,6.298769116490369,Practice Questions,4.42
10736,Concept Review,0.3966631379462129,Application Exercise,3.68
10736,Practice Questions,0.8705605842253954,Application Exercise,3.68
10736,Application Exercise,1.6094131529150157,Application Exercise,3.68
10736,Critical Thinking Activity,1.4592695074805189,Application Exercise,3.68
10736,Advanced Practice,1.8927534606646388,Application Exercise,3.68
10737,Concept Review,5.66353950363884,Practice Questions,3.37
10737,Practice Questions,5.459282134895095,Practice Questions,3.37
10737,Application Exercise,5.256697341574217,Practice Questions,3.37
10737,Critical Thinking Activity,5.258505284832032,Practice Questions,3.37
10737,Advanced Practice,5.46447180883756,Practice Questions,3.37
10738,Concept Review,5.803863391352611,Critical Thinking Activity,8.41
10738,Practice Questions,4.832641340534241,Critical Thinking Activity,8.41
10738,Application Exercise,5.370718468512591,Critical Thinking Activity,8.41
10738,Critical Thinking Activity,4.847301562307022,Critical Thinking Activity,8.41
10738,Advanced Practice,5.258845390198011,Critical Thinking Activity,8.41
10739,Concept Review,4.352171285663534,Critical Thinking Activity,4.17
10739,Practice Questions,4.423916042277768,Critical Thinking Activity,4.17
10739,Application Exercise,4.710012622271063,Critical Thinking Activity,4.17
10739,Critical Thinking Activity,4.822589958800587,Critical Thinking Activity,4.17
10739,Advanced Practice,4.767252345493442,Critical Thinking Activity,4.17
10740,Concept Review,1.3505335000442629,Application Exercise,2.31
10740,Practice Questions,1.7421892572133557,Application Exercise,2.31
10740,Application Exercise,2.7315810543484935,Application Exercise,2.31
10740,Critical Thinking Activity,1.4889848214696544,Application Exercise,2.31
10740,Advanced Practice,2.19749765347753,Application Exercise,2.31
10741,Concept Review,0.4136802250162286,Advanced Practice,0.0
10741,Practice Questions,0.9858904893463167,Advanced Practice,0.0
10741,Application Exercise,2.046506002561968,Advanced Practice,0.0
10741,Critical Thinking Activity,1.180961476684255,Advanced Practice,0.0
10741,Advanced Practice,1.5731808103880338,Advanced Practice,0.0
10742,Concept Review,3.273228556099065,Advanced Practice,4.31
10742,Practice Questions,4.398526281374695,Advanced Practice,4.31
10742,Application Exercise,5.161066555545471,Advanced Practice,4.31
10742,Critical Thinking Activity,4.632451237501113,Advanced Practice,4.31
10742,Advanced Practice,4.649918900191521,Advanced Practice,4.31
10743,Concept Review,1.7498842023864807,Practice Questions,2.7
10743,Practice Questions,2.170270918674772,Practice Questions,2.7
10743,Application Exercise,3.3005779476267483,Practice Questions,2.7
10743,Critical Thinking Activity,2.709104979093271,Practice Questions,2.7
10743,Advanced Practice,2.693388322692281,Practice Questions,2.7
10744,Concept Review,4.0472170325395425,Advanced Practice,4.57
10744,Practice Questions,4.528703200708394,Advanced Practice,4.57
10744,Application Exercise,5.062709096758384,Advanced Practice,4.57
10744,Critical Thinking Activity,4.567079129291413,Advanced Practice,4.57
10744,Advanced Practice,4.592391885670603,Advanced Practice,4.57
10745,Concept Review,3.5272140446941824,Critical Thinking Activity,3.29
10745,Practice Questions,3.8371228625153893,Critical Thinking Activity,3.29
10745,Application Exercise,4.620182751832889,Critical Thinking Activity,3.29
10745,Critical Thinking Activity,3.914921055498897,Critical Thinking Activity,3.29
10745,Advanced Practice,3.7774382077903104,Critical Thinking Activity,3.29
10746,Concept Review,3.8680713798407687,Application Exercise,2.73
10746,Practice Questions,3.793064974441963,Application Exercise,2.73
10746,Application Exercise,4.578188189524216,Application Exercise,2.73
10746,Critical Thinking Activity,4.666856799834323,Application Exercise,2.73
10746,Advanced Practice,4.250683750769399,Application Exercise,2.73
10747,Concept Review,2.6908773148595295,Application Exercise,5.28
10747,Practice Questions,3.4261541147532215,Application Exercise,5.28
10747,Application Exercise,4.178864874658222,Application Exercise,5.28
10747,Critical Thinking Activity,3.7548071236664824,Application Exercise,5.28
10747,Advanced Practice,3.9018164884317916,Application Exercise,5.28
10748,Concept Review,4.947064147112577,Concept Review,5.68
10748,Practice Questions,5.372761696943904,Concept Review,5.68
10748,Application Exercise,5.822083891778096,Concept Review,5.68
10748,Critical Thinking Activity,5.645519575541151,Concept Review,5.68
10748,Advanced Practice,5.321341478429425,Concept Review,5.68
10749,Concept Review,2.6287976697712883,Advanced Practice,5.25
10749,Practice Questions,2.676966179992819,Advanced Practice,5.25
10749,Application Exercise,2.929637866501268,Advanced Practice,5.25
10749,Critical Thinking Activity,2.5715413614719145,Advanced Practice,5.25
10749,Advanced Practice,3.0532321713165453,Advanced Practice,5.25
10750,Concept Review,5.151628031114694,Concept Review,4.61
10750,Practice Questions,5.553151607574426,Concept Review,4.61
10750,Application Exercise,5.668447218139737,Concept Review,4.61
10750,Critical Thinking Activity,5.46902674836993,Concept Review,4.61
10750,Advanced Practice,5.119847768935406,Concept Review,4.61
10751,Concept Review,2.345974404010489,Critical Thinking Activity,2.17
10751,Practice Questions,2.8260758540153263,Critical Thinking Activity,2.17
10751,Application Exercise,3.0621146014856553,Critical Thinking Activity,2.17
10751,Critical Thinking Activity,2.3611563660641792,Critical Thinking Activity,2.17
10751,Advanced Practice,2.7443998755045014,Critical Thinking Activity,2.17
10752,Concept Review,2.419180738993032,Critical Thinking Activity,3.9
10752,Practice Questions,2.9111853093731597,Critical Thinking Activity,3.9
10752,Application Exercise,3.957426584602855,Critical Thinking Activity,3.9
10752,Critical Thinking Activity,3.3516298689702353,Critical Thinking Activity,3.9
10752,Advanced Practice,3.1632458507782477,Critical Thinking Activity,3.9
10753,Concept Review,1.6804686372775328,Application Exercise,0.48
10753,Practice Questions,2.3043376585743567,Application Exercise,0.48
10753,Application Exercise,2.9168170801436504,Application Exercise,0.48
10753,Critical Thinking Activity,2.934242870881582,Application Exercise,0.48
10753,Advanced Practice,3.1916269232810217,Application Exercise,0.48
10754,Concept Review,1.589744576284648,Application Exercise,0.94
10754,Practice Questions,1.9735484081447874,Application Exercise,0.94
10754,Application Exercise,1.9752549780004653,Application Exercise,0.94
10754,Critical Thinking Activity,2.2185576490476304,Application Exercise,0.94
10754,Advanced Practice,2.5544010812336557,Application Exercise,0.94
10755,Concept Review,0.4737957874978109,Guided Review,3.16
10755,Practice Questions,2.1071503053435108,Guided Review,3.16
10755,Application Exercise,3.209066798178067,Guided Review,3.16
10755,Critical Thinking Activity,1.4482392389277345,Guided Review,3.16
10755,Advanced Practice,1.7622226047643295,Guided Review,3.16
10756,Concept Review,3.5306994279984365,Advanced Practice,2.17
10756,Practice Questions,3.2809198676246307,Advanced Practice,2.17
10756,Application Exercise,4.0559989750545915,Advanced Practice,2.17
10756,Critical Thinking Activity,3.1690664236749027,Advanced Practice,2.17
10756,Advanced Practice,3.9990169806757665,Advanced Practice,2.17
10757,Concept Review,3.7832739957680497,Advanced Practice,1.05
10757,Practice Questions,3.894847758907467,Advanced Practice,1.05
10757,Application Exercise,4.418010315356115,Advanced Practice,1.05
10757,Critical Thinking Activity,3.9911904562432357,Advanced Practice,1.05
10757,Advanced Practice,3.52550405045867,Advanced Practice,1.05
10758,Concept Review,3.4286077196444933,Application Exercise,6.45
10758,Practice Questions,3.7124899041913455,Application Exercise,6.45
10758,Application Exercise,5.170324354968901,Application Exercise,6.45
10758,Critical Thinking Activity,4.114498584713102,Application Exercise,6.45
10758,Advanced Practice,3.874487636029219,Application Exercise,6.45
10759,Concept Review,4.682695740496831,Practice Questions,2.24
10759,Practice Questions,4.528111392524883,Practice Questions,2.24
10759,Application Exercise,4.414742504489489,Practice Questions,2.24
10759,Critical Thinking Activity,3.952498138197468,Practice Questions,2.24
10759,Advanced Practice,4.148981051082937,Practice Questions,2.24
10760,Concept Review,5.805387808982125,Advanced Practice,5.89
10760,Practice Questions,5.544909542032375,Advanced Practice,5.89
10760,Application Exercise,6.245448948903647,Advanced Practice,5.89
10760,Critical Thinking Activity,5.489219158019068,Advanced Practice,5.89
10760,Advanced Practice,5.817854127184308,Advanced Practice,5.89
10761,Concept Review,2.3083601101441626,Application Exercise,3.36
10761,Practice Questions,3.338675936469021,Application Exercise,3.36
10761,Application Exercise,4.177342898342913,Application Exercise,3.36
10761,Critical Thinking Activity,3.90592514987461,Application Exercise,3.36
10761,Advanced Practice,3.5565964664667957,Application Exercise,3.36
10762,Concept Review,1.7990079332617601,Advanced Practice,0.0
10762,Practice Questions,2.1973680680061665,Advanced Practice,0.0
10762,Application Exercise,3.140451341944416,Advanced Practice,0.0
10762,Critical Thinking Activity,2.014060678903356,Advanced Practice,0.0
10762,Advanced Practice,2.0223108917633477,Advanced Practice,0.0
10763,Concept Review,3.2014720532137195,Critical Thinking Activity,3.25
10763,Practice Questions,3.0118330075744786,Critical Thinking Activity,3.25
10763,Application Exercise,4.04089399726445,Critical Thinking Activity,3.25
10763,Critical Thinking Activity,3.7762856624493466,Critical Thinking Activity,3.25
10763,Advanced Practice,3.9730962623077684,Critical Thinking Activity,3.25
10764,Concept Review,4.383776851834707,Application Exercise,4.94
10764,Practice Questions,3.4212824055910342,Application Exercise,4.94
10764,Application Exercise,4.252201671263744,Application Exercise,4.94
10764,Critical Thinking Activity,4.3310643596741425,Application Exercise,4.94
10764,Advanced Practice,4.514295387373069,Application Exercise,4.94
10765,Concept Review,2.0123170615983104,Application Exercise,3.39
10765,Practice Questions,2.3927381743692955,Application Exercise,3.39
10765,Application Exercise,2.780389987913246,Application Exercise,3.39
10765,Critical Thinking Activity,2.3597715682713503,Application Exercise,3.39
10765,Advanced Practice,2.784026815955232,Application Exercise,3.39
10766,Concept Review,0.5227162212112324,Advanced Practice,2.95
10766,Practice Questions,1.4604863674429005,Advanced Practice,2.95
10766,Application Exercise,2.18435776585445,Advanced Practice,2.95
10766,Critical Thinking Activity,1.1547902939301742,Advanced Practice,2.95
10766,Advanced Practice,1.8492835645381152,Advanced Practice,2.95
10767,Concept Review,1.9145875993756123,Advanced Practice,1.72
10767,Practice Questions,2.308633980842192,Advanced Practice,1.72
10767,Application Exercise,2.634800462208666,Advanced Practice,1.72
10767,Critical Thinking Activity,2.2049101921575205,Advanced Practice,1.72
10767,Advanced Practice,2.5491497949235393,Advanced Practice,1.72
10768,Concept Review,3.624884574563586,Advanced Practice,5.22
10768,Practice Questions,3.923954826871519,Advanced Practice,5.22
10768,Application Exercise,5.42322789599552,Advanced Practice,5.22
10768,Critical Thinking Activity,4.613376570925806,Advanced Practice,5.22
10768,Advanced Practice,4.473897526240837,Advanced Practice,5.22
10769,Concept Review,3.6559611633386204,Critical Thinking Activity,2.26
10769,Practice Questions,3.171590890415172,Critical Thinking Activity,2.26
10769,Application Exercise,3.7439666595716337,Critical Thinking Activity,2.26
10769,Critical Thinking Activity,3.4117612655947998,Critical Thinking Activity,2.26
10769,Advanced Practice,3.427685095849771,Critical Thinking Activity,2.26
10770,Concept Review,6.145730728570934,Concept Review,4.43
10770,Practice Questions,6.132640092186414,Concept Review,4.43
10770,Application Exercise,7.259281317131487,Concept Review,4.43
10770,Critical Thinking Activity,6.645946547814454,Concept Review,4.43
10770,Advanced Practice,6.723071810479683,Concept Review,4.43
10771,Concept Review,2.7151719111062818,Advanced Practice,1.37
10771,Practice Questions,3.420131956979957,Advanced Practice,1.37
10771,Application Exercise,3.791440234385947,Advanced Practice,1.37
10771,Critical Thinking Activity,3.022765523303929,Advanced Practice,1.37
10771,Advanced Practice,3.138274492741222,Advanced Practice,1.37
10772,Concept Review,4.197576409205835,Critical Thinking Activity,2.26
10772,Practice Questions,3.352711655284838,Critical Thinking Activity,2.26
10772,Application Exercise,3.6533914862026853,Critical Thinking Activity,2.26
10772,Critical Thinking Activity,3.9182128078220506,Critical Thinking Activity,2.26
10772,Advanced Practice,4.581308212933125,Critical Thinking Activity,2.26
10773,Concept Review,0.5029554220224646,Application Exercise,3.89
10773,Practice Questions,2.089469539824465,Application Exercise,3.89
10773,Application Exercise,2.3403790762333423,Application Exercise,3.89
10773,Critical Thinking Activity,1.7299990127407001,Application Exercise,3.89
10773,Advanced Practice,2.27019111821064,Application Exercise,3.89
10774,Concept Review,4.766232887552676,Critical Thinking Activity,2.57
10774,Practice Questions,4.4913982345455565,Critical Thinking Activity,2.57
10774,Application Exercise,5.644005816013431,Critical Thinking Activity,2.57
10774,Critical Thinking Activity,5.012596683274347,Critical Thinking Activity,2.57
10774,Advanced Practice,5.049200339513809,Critical Thinking Activity,2.57
10775,Concept Review,1.905585341854427,Critical Thinking Activity,1.89
10775,Practice Questions,1.7849315112965185,Critical Thinking Activity,1.89
10775,Application Exercise,2.734919466402557,Critical Thinking Activity,1.89
10775,Critical Thinking Activity,1.75465416025214,Critical Thinking Activity,1.89
10775,Advanced Practice,1.8097056769753053,Critical Thinking Activity,1.89
10776,Concept Review,2.296576993598894,Practice Questions,2.13
10776,Practice Questions,2.5825618482141475,Practice Questions,2.13
10776,Application Exercise,3.235012499693179,Practice Questions,2.13
10776,Critical Thinking Activity,2.7585680995001427,Practice Questions,2.13
10776,Advanced Practice,2.6686589088682084,Practice Questions,2.13
10777,Concept Review,3.0194423439855673,Advanced Practice,3.26
10777,Practice Questions,3.7583854024803105,Advanced Practice,3.26
10777,Application Exercise,4.483744089405512,Advanced Practice,3.26
10777,Critical Thinking Activity,3.7656718592122735,Advanced Practice,3.26
10777,Advanced Practice,3.3821070297843123,Advanced Practice,3.26
10778,Concept Review,3.636750446971766,Application Exercise,6.78
10778,Practice Questions,4.571394137569875,Application Exercise,6.78
10778,Application Exercise,5.622669993266441,Application Exercise,6.78
10778,Critical Thinking Activity,4.803351128931524,Application Exercise,6.78
10778,Advanced Practice,4.8866905183015135,Application Exercise,6.78
10779,Concept Review,1.333601140086973,Advanced Practice,1.81
10779,Practice Questions,2.623540011450401,Advanced Practice,1.81
10779,Application Exercise,2.980541831436904,Advanced Practice,1.81
10779,Critical Thinking Activity,2.065730734853961,Advanced Practice,1.81
10779,Advanced Practice,2.644348662289486,Advanced Practice,1.81
10780,Concept Review,3.8840221400609267,Advanced Practice,5.0
10780,Practice Questions,4.240089033315323,Advanced Practice,5.0
10780,Application Exercise,5.04559589551379,Advanced Practice,5.0
10780,Critical Thinking Activity,3.9273785127857685,Advanced Practice,5.0
10780,Advanced Practice,4.196557366138164,Advanced Practice,5.0
10781,Concept Review,2.9880129874230295,Practice Questions,2.68
10781,Practice Questions,2.292199023173094,Practice Questions,2.68
10781,Application Exercise,2.8958159434990094,Practice Questions,2.68
10781,Critical Thinking Activity,2.5752909735025167,Practice Questions,2.68
10781,Advanced Practice,2.4586920435943673,Practice Questions,2.68
10782,Concept Review,3.141544686570378,Application Exercise,3.39
10782,Practice Questions,3.1346271412986217,Application Exercise,3.39
10782,Application Exercise,3.8175196643566247,Application Exercise,3.39
10782,Critical Thinking Activity,3.38673509976995,Application Exercise,3.39
10782,Advanced Practice,3.507146205626965,Application Exercise,3.39
10783,Concept Review,3.326831303980753,Advanced Practice,7.44
10783,Practice Questions,4.474308168084239,Advanced Practice,7.44
10783,Application Exercise,5.065049194191684,Advanced Practice,7.44
10783,Critical Thinking Activity,4.043551610812426,Advanced Practice,7.44
10783,Advanced Practice,4.077175519033691,Advanced Practice,7.44
10784,Concept Review,2.222582656506172,Critical Thinking Activity,0.55
10784,Practice Questions,2.6376871531962855,Critical Thinking Activity,0.55
10784,Application Exercise,2.919449117733355,Critical Thinking Activity,0.55
10784,Critical Thinking Activity,2.410625041666672,Critical Thinking Activity,0.55
10784,Advanced Practice,2.7806967383973427,Critical Thinking Activity,0.55
10785,Concept Review,4.777996491587809,Application Exercise,7.44
10785,Practice Questions,5.1782778655826345,Application Exercise,7.44
10785,Application Exercise,5.676301803283378,Application Exercise,7.44
10785,Critical Thinking Activity,5.488217553466274,Application Exercise,7.44
10785,Advanced Practice,5.5386888572585,Application Exercise,7.44
10786,Concept Review,5.106757991494806,Advanced Practice,5.61
10786,Practice Questions,4.311199126323916,Advanced Practice,5.61
10786,Application Exercise,4.574526811025601,Advanced Practice,5.61
10786,Critical Thinking Activity,4.611274413517555,Advanced Practice,5.61
10786,Advanced Practice,4.379552774536321,Advanced Practice,5.61
10787,Concept Review,1.6844683630348833,Advanced Practice,1.91
10787,Practice Questions,3.31044105921749,Advanced Practice,1.91
10787,Application Exercise,4.303110781722983,Advanced Practice,1.91
10787,Critical Thinking Activity,2.8565526112965594,Advanced Practice,1.91
10787,Advanced Practice,2.800568245821548,Advanced Practice,1.91
10788,Concept Review,4.286358270651601,Practice Questions,6.8
10788,Practice Questions,4.718721255891003,Practice Questions,6.8
10788,Application Exercise,4.866237760225769,Practice Questions,6.8
10788,Critical Thinking Activity,4.721125506104327,Practice Questions,6.8
10788,Advanced Practice,4.234125347734542,Practice Questions,6.8
10789,Concept Review,3.8582723059157873,Concept Review,2.02
10789,Practice Questions,4.539041372120007,Concept Review,2.02
10789,Application Exercise,4.814271759118689,Concept Review,2.02
10789,Critical Thinking Activity,4.596079275057819,Concept Review,2.02
10789,Advanced Practice,4.193745269976939,Concept Review,2.02
10790,Concept Review,3.5413554932649958,Advanced Practice,2.72
10790,Practice Questions,3.4368642650307795,Advanced Practice,2.72
10790,Application Exercise,4.611002236705743,Advanced Practice,2.72
10790,Critical Thinking Activity,3.675596494539993,Advanced Practice,2.72
10790,Advanced Practice,3.4115933489356793,Advanced Practice,2.72
10791,Concept Review,2.838204655465228,Critical Thinking Activity,1.55
10791,Practice Questions,3.1501895229979615,Critical Thinking Activity,1.55
10791,Application Exercise,3.773631800070606,Critical Thinking Activity,1.55
10791,Critical Thinking Activity,3.048483737390301,Critical Thinking Activity,1.55
10791,Advanced Practice,3.1147482395447663,Critical Thinking Activity,1.55
10792,Concept Review,2.8288191631407518,Critical Thinking Activity,3.1
10792,Practice Questions,2.4866478543430603,Critical Thinking Activity,3.1
10792,Application Exercise,3.1920468111249676,Critical Thinking Activity,3.1
10792,Critical Thinking Activity,2.3700959818721152,Critical Thinking Activity,3.1
10792,Advanced Practice,2.7265413016907365,Critical Thinking Activity,3.1
10793,Concept Review,4.42339719361509,Application Exercise,2.81
10793,Practice Questions,4.094669293279781,Application Exercise,2.81
10793,Application Exercise,4.630213304813644,Application Exercise,2.81
10793,Critical Thinking Activity,4.756020595063611,Application Exercise,2.81
10793,Advanced Practice,4.749220715906171,Application Exercise,2.81
10794,Concept Review,2.5990175440173835,Critical Thinking Activity,4.29
10794,Practice Questions,3.253478989442413,Critical Thinking Activity,4.29
10794,Application Exercise,3.771758979254326,Critical Thinking Activity,4.29
10794,Critical Thinking Activity,3.324089437680606,Critical Thinking Activity,4.29
10794,Advanced Practice,3.776452683139774,Critical Thinking Activity,4.29
10795,Concept Review,2.771872705045972,Critical Thinking Activity,2.99
10795,Practice Questions,3.2780252603312308,Critical Thinking Activity,2.99
10795,Application Exercise,3.339151649968143,Critical Thinking Activity,2.99
10795,Critical Thinking Activity,2.6767959672455044,Critical Thinking Activity,2.99
10795,Advanced Practice,3.2312434075593965,Critical Thinking Activity,2.99
10796,Concept Review,3.5602955264479403,Advanced Practice,3.15
10796,Practice Questions,3.5727128485594877,Advanced Practice,3.15
10796,Application Exercise,4.013651583216182,Advanced Practice,3.15
10796,Critical Thinking Activity,3.6973491313072535,Advanced Practice,3.15
10796,Advanced Practice,4.026101364015694,Advanced Practice,3.15
10797,Concept Review,4.537128844728116,Concept Review,5.03
10797,Practice Questions,4.0146168088630585,Concept Review,5.03
10797,Application Exercise,3.3962332461787774,Concept Review,5.03
10797,Critical Thinking Activity,3.8359859229373514,Concept Review,5.03
10797,Advanced Practice,3.6939175655596697,Concept Review,5.03
10798,Concept Review,2.6633370884805028,Concept Review,2.91
10798,Practice Questions,2.9748841923961677,Concept Review,2.91
10798,Application Exercise,2.84866379244275,Concept Review,2.91
10798,Critical Thinking Activity,3.290230688911215,Concept Review,2.91
10798,Advanced Practice,3.004432101838844,Concept Review,2.91
10799,Concept Review,4.914465794425487,Concept Review,3.65
10799,Practice Questions,4.744626377537143,Concept Review,3.65
10799,Application Exercise,5.540153141333084,Concept Review,3.65
10799,Critical Thinking Activity,5.302363184442365,Concept Review,3.65
10799,Advanced Practice,5.395556222852505,Concept Review,3.65
10800,Concept Review,1.0706262175474452,Application Exercise,5.75
10800,Practice Questions,1.4303292616003516,Application Exercise,5.75
10800,Application Exercise,2.0675105252529278,Application Exercise,5.75
10800,Critical Thinking Activity,2.0453740794312116,Application Exercise,5.75
10800,Advanced Practice,1.8498790560596818,Application Exercise,5.75
10801,Concept Review,4.06536229958297,Practice Questions,3.24
10801,Practice Questions,3.5976804888656337,Practice Questions,3.24
10801,Application Exercise,3.6288341348932156,Practice Questions,3.24
10801,Critical Thinking Activity,3.910516180138737,Practice Questions,3.24
10801,Advanced Practice,3.7001386313259297,Practice Questions,3.24
10802,Concept Review,4.1351120918848245,Critical Thinking Activity,0.96
10802,Practice Questions,4.0439797379693525,Critical Thinking Activity,0.96
10802,Application Exercise,4.535673238469349,Critical Thinking Activity,0.96
10802,Critical Thinking Activity,4.188194407718251,Critical Thinking Activity,0.96
10802,Advanced Practice,4.283666448162032,Critical Thinking Activity,0.96
10803,Concept Review,5.125547754275189,Concept Review,4.05
10803,Practice Questions,5.160450248117998,Concept Review,4.05
10803,Application Exercise,6.161038392059861,Concept Review,4.05
10803,Critical Thinking Activity,5.881475780198784,Concept Review,4.05
10803,Advanced Practice,5.5983641490465255,Concept Review,4.05
10804,Concept Review,4.872843096340649,Application Exercise,3.01
10804,Practice Questions,4.247925177190657,Application Exercise,3.01
10804,Application Exercise,4.641304111639441,Application Exercise,3.01
10804,Critical Thinking Activity,4.8710230501740845,Application Exercise,3.01
10804,Advanced Practice,4.917186952361888,Application Exercise,3.01
10805,Concept Review,1.9923856849350705,Advanced Practice,4.72
10805,Practice Questions,3.368900370160506,Advanced Practice,4.72
10805,Application Exercise,3.6208764036399685,Advanced Practice,4.72
10805,Critical Thinking Activity,3.076504577372843,Advanced Practice,4.72
10805,Advanced Practice,3.40987988517038,Advanced Practice,4.72
10806,Concept Review,6.0176165780550015,Critical Thinking Activity,6.29
10806,Practice Questions,5.3476767864372885,Critical Thinking Activity,6.29
10806,Application Exercise,6.049949285748214,Critical Thinking Activity,6.29
10806,Critical Thinking Activity,5.763285816670145,Critical Thinking Activity,6.29
10806,Advanced Practice,5.820998370663803,Critical Thinking Activity,6.29
10807,Concept Review,4.737941754418466,Advanced Practice,4.92
10807,Practice Questions,4.658837016230631,Advanced Practice,4.92
10807,Application Exercise,5.319278082446407,Advanced Practice,4.92
10807,Critical Thinking Activity,4.626835396934734,Advanced Practice,4.92
10807,Advanced Practice,4.4238078037979625,Advanced Practice,4.92
10808,Concept Review,3.2009381639376717,Practice Questions,3.32
10808,Practice Questions,3.486854938786074,Practice Questions,3.32
10808,Application Exercise,4.3738096741059795,Practice Questions,3.32
10808,Critical Thinking Activity,3.9458637394517306,Practice Questions,3.32
10808,Advanced Practice,4.018311522605345,Practice Questions,3.32
10809,Concept Review,3.3486640012144813,Application Exercise,3.78
10809,Practice Questions,3.58061212937865,Application Exercise,3.78
10809,Application Exercise,4.410692435400893,Application Exercise,3.78
10809,Critical Thinking Activity,4.354829501785523,Application Exercise,3.78
10809,Advanced Practice,4.129630621118594,Application Exercise,3.78
10810,Concept Review,2.3758931139413333,Critical Thinking Activity,2.29
10810,Practice Questions,2.011285906803399,Critical Thinking Activity,2.29
10810,Application Exercise,3.3157055591288644,Critical Thinking Activity,2.29
10810,Critical Thinking Activity,2.206947902343205,Critical Thinking Activity,2.29
10810,Advanced Practice,3.1216282838567704,Critical Thinking Activity,2.29
10811,Concept Review,3.4106461566268527,Practice Questions,3.61
10811,Practice Questions,3.960215256211943,Practice Questions,3.61
10811,Application Exercise,4.627881581636443,Practice Questions,3.61
10811,Critical Thinking Activity,4.246067472683507,Practice Questions,3.61
10811,Advanced Practice,3.828237258584035,Practice Questions,3.61
10812,Concept Review,4.500022931828377,Advanced Practice,5.79
10812,Practice Questions,4.3308215046396965,Advanced Practice,5.79
10812,Application Exercise,5.5391130704800435,Advanced Practice,5.79
10812,Critical Thinking Activity,4.248106251298637,Advanced Practice,5.79
10812,Advanced Practice,4.720155268148783,Advanced Practice,5.79
10813,Concept Review,3.311919095526209,Advanced Practice,4.57
10813,Practice Questions,3.854844083612632,Advanced Practice,4.57
10813,Application Exercise,4.376281393230184,Advanced Practice,4.57
10813,Critical Thinking Activity,4.1098181966522995,Advanced Practice,4.57
10813,Advanced Practice,4.147676272444536,Advanced Practice,4.57
10814,Concept Review,6.453254160139521,Concept Review,7.38
10814,Practice Questions,6.004578343200992,Concept Review,7.38
10814,Application Exercise,6.594661049125031,Concept Review,7.38
10814,Critical Thinking Activity,6.872158010105135,Concept Review,7.38
10814,Advanced Practice,6.771594221042987,Concept Review,7.38
10815,Concept Review,1.5587738701771174,Advanced Practice,3.45
10815,Practice Questions,2.5019758525482847,Advanced Practice,3.45
10815,Application Exercise,3.497947014898269,Advanced Practice,3.45
10815,Critical Thinking Activity,2.708003395455761,Advanced Practice,3.45
10815,Advanced Practice,3.090954164808423,Advanced Practice,3.45
10816,Concept Review,2.9684680122588736,Practice Questions,4.35
10816,Practice Questions,3.439154855586345,Practice Questions,4.35
10816,Application Exercise,4.419179426630761,Practice Questions,4.35
10816,Critical Thinking Activity,3.452215118637203,Practice Questions,4.35
10816,Advanced Practice,3.110895594518354,Practice Questions,4.35
10817,Concept Review,3.2305187949207963,Advanced Practice,4.11
10817,Practice Questions,3.166772900851327,Advanced Practice,4.11
10817,Application Exercise,3.727795052354117,Advanced Practice,4.11
10817,Critical Thinking Activity,4.081904009419926,Advanced Practice,4.11
10817,Advanced Practice,3.652035454852189,Advanced Practice,4.11
10818,Concept Review,0.35976009735054904,Practice Questions,1.43
10818,Practice Questions,0.9555059379148929,Practice Questions,1.43
10818,Application Exercise,1.4712909056456578,Practice Questions,1.43
10818,Critical Thinking Activity,0.642992220785652,Practice Questions,1.43
10818,Advanced Practice,0.7913837472160736,Practice Questions,1.43
10819,Concept Review,2.576490881531711,Advanced Practice,4.74
10819,Practice Questions,2.8311048478588363,Advanced Practice,4.74
10819,Application Exercise,4.1533749517430225,Advanced Practice,4.74
10819,Critical Thinking Activity,2.984174993928023,Advanced Practice,4.74
10819,Advanced Practice,3.192389061546492,Advanced Practice,4.74
10820,Concept Review,3.8090828614398173,Advanced Practice,2.56
10820,Practice Questions,3.76553967766903,Advanced Practice,2.56
10820,Application Exercise,3.607464196219096,Advanced Practice,2.56
10820,Critical Thinking Activity,3.3576194080587816,Advanced Practice,2.56
10820,Advanced Practice,3.373109136681141,Advanced Practice,2.56
10821,Concept Review,3.6968312198659747,Critical Thinking Activity,2.96
10821,Practice Questions,3.6282678540695783,Critical Thinking Activity,2.96
10821,Application Exercise,3.9649131468518433,Critical Thinking Activity,2.96
10821,Critical Thinking Activity,4.305466531813549,Critical Thinking Activity,2.96
10821,Advanced Practice,4.511048516606835,Critical Thinking Activity,2.96
10822,Concept Review,0.2904828615499415,Concept Review,0.0
10822,Practice Questions,1.5797016774589259,Concept Review,0.0
10822,Application Exercise,2.856483463095934,Concept Review,0.0
10822,Critical Thinking Activity,2.168726138544474,Concept Review,0.0
10822,Advanced Practice,1.4538804060519097,Concept Review,0.0
10823,Concept Review,0.12004696385507696,Advanced Practice,2.17
10823,Practice Questions,1.804058843704531,Advanced Practice,2.17
10823,Application Exercise,3.8180517720543214,Advanced Practice,2.17
10823,Critical Thinking Activity,2.2160545266555953,Advanced Practice,2.17
10823,Advanced Practice,2.4334825632382393,Advanced Practice,2.17
10824,Concept Review,1.3766899449165702,Advanced Practice,0.0
10824,Practice Questions,1.2701446065634117,Advanced Practice,0.0
10824,Application Exercise,2.4211915443751515,Advanced Practice,0.0
10824,Critical Thinking Activity,1.463157106823143,Advanced Practice,0.0
10824,Advanced Practice,1.5957013755121352,Advanced Practice,0.0
10825,Concept Review,5.308302083357264,Practice Questions,5.68
10825,Practice Questions,5.001534402497199,Practice Questions,5.68
10825,Application Exercise,5.954245294732715,Practice Questions,5.68
10825,Critical Thinking Activity,4.830437661427709,Practice Questions,5.68
10825,Advanced Practice,5.1867203118426595,Practice Questions,5.68
10826,Concept Review,2.811755666561521,Application Exercise,2.96
10826,Practice Questions,2.4980107284675817,Application Exercise,2.96
10826,Application Exercise,2.8791340995610826,Application Exercise,2.96
10826,Critical Thinking Activity,2.789834743649621,Application Exercise,2.96
10826,Advanced Practice,2.9880620468320953,Application Exercise,2.96
10827,Concept Review,4.4084714234204405,Advanced Practice,7.02
10827,Practice Questions,5.671933432391628,Advanced Practice,7.02
10827,Application Exercise,6.665531176639982,Advanced Practice,7.02
10827,Critical Thinking Activity,5.477136617574643,Advanced Practice,7.02
10827,Advanced Practice,5.4612733589609155,Advanced Practice,7.02
10828,Concept Review,5.158948434362782,Critical Thinking Activity,4.21
10828,Practice Questions,4.958959067543898,Critical Thinking Activity,4.21
10828,Application Exercise,6.105933939282327,Critical Thinking Activity,4.21
10828,Critical Thinking Activity,5.116377447115168,Critical Thinking Activity,4.21
10828,Advanced Practice,5.458007242930703,Critical Thinking Activity,4.21
10829,Concept Review,0.7591064399293392,Application Exercise,1.2
10829,Practice Questions,1.3617482827820777,Application Exercise,1.2
10829,Application Exercise,1.524223489925757,Application Exercise,1.2
10829,Critical Thinking Activity,1.7189094339606048,Application Exercise,1.2
10829,Advanced Practice,1.4021267641599948,Application Exercise,1.2
10830,Concept Review,4.0963865054795345,Advanced Practice,5.98
10830,Practice Questions,4.326848757071411,Advanced Practice,5.98
10830,Application Exercise,5.195796367568347,Advanced Practice,5.98
10830,Critical Thinking Activity,4.6781857147699695,Advanced Practice,5.98
10830,Advanced Practice,4.351284902117642,Advanced Practice,5.98
10831,Concept Review,3.978431914559793,Critical Thinking Activity,6.43
10831,Practice Questions,4.57170411011235,Critical Thinking Activity,6.43
10831,Application Exercise,4.65040857257664,Critical Thinking Activity,6.43
10831,Critical Thinking Activity,4.455902701489292,Critical Thinking Activity,6.43
10831,Advanced Practice,4.251267560413753,Critical Thinking Activity,6.43
10832,Concept Review,2.971705034488754,Advanced Practice,2.94
10832,Practice Questions,4.306128761319271,Advanced Practice,2.94
10832,Application Exercise,4.748599358410683,Advanced Practice,2.94
10832,Critical Thinking Activity,3.7225532478538974,Advanced Practice,2.94
10832,Advanced Practice,3.975817029366982,Advanced Practice,2.94
10833,Concept Review,3.094760677199065,Advanced Practice,3.53
10833,Practice Questions,3.962384518410914,Advanced Practice,3.53
10833,Application Exercise,4.985887274525137,Advanced Practice,3.53
10833,Critical Thinking Activity,3.8816459759428867,Advanced Practice,3.53
10833,Advanced Practice,3.627013724749739,Advanced Practice,3.53
10834,Concept Review,3.424860371619123,Critical Thinking Activity,3.61
10834,Practice Questions,3.021346467840181,Critical Thinking Activity,3.61
10834,Application Exercise,3.405683230198837,Critical Thinking Activity,3.61
10834,Critical Thinking Activity,3.3523870570886087,Critical Thinking Activity,3.61
10834,Advanced Practice,3.235954509572982,Critical Thinking Activity,3.61
10835,Concept Review,1.9984463648696842,Critical Thinking Activity,3.01
10835,Practice Questions,2.1477523742213216,Critical Thinking Activity,3.01
10835,Application Exercise,1.7041055320075023,Critical Thinking Activity,3.01
10835,Critical Thinking Activity,1.918523003754735,Critical Thinking Activity,3.01
10835,Advanced Practice,2.2789448534888437,Critical Thinking Activity,3.01
10836,Concept Review,2.530955703107972,Advanced Practice,1.99
10836,Practice Questions,2.709043158981526,Advanced Practice,1.99
10836,Application Exercise,2.4434603215717687,Advanced Practice,1.99
10836,Critical Thinking Activity,2.650737209267157,Advanced Practice,1.99
10836,Advanced Practice,2.2079683016009315,Advanced Practice,1.99
10837,Concept Review,5.460236554974276,Concept Review,7.27
10837,Practice Questions,4.975836975040561,Concept Review,7.27
10837,Application Exercise,5.1348834191042725,Concept Review,7.27
10837,Critical Thinking Activity,5.38395998189868,Concept Review,7.27
10837,Advanced Practice,4.907512612668816,Concept Review,7.27
10838,Concept Review,3.550225306554136,Concept Review,0.56
10838,Practice Questions,3.100502428308305,Concept Review,0.56
10838,Application Exercise,3.377959464685145,Concept Review,0.56
10838,Critical Thinking Activity,3.1618232253621827,Concept Review,0.56
10838,Advanced Practice,2.8579729384322756,Concept Review,0.56
10839,Concept Review,4.562722984905397,Critical Thinking Activity,4.5
10839,Practice Questions,4.608097862445442,Critical Thinking Activity,4.5
10839,Application Exercise,5.035563623869388,Critical Thinking Activity,4.5
10839,Critical Thinking Activity,4.875062597390448,Critical Thinking Activity,4.5
10839,Advanced Practice,5.1362269996664445,Critical Thinking Activity,4.5
10840,Concept Review,5.286769630013991,Advanced Practice,5.8
10840,Practice Questions,5.43179936176416,Advanced Practice,5.8
10840,Application Exercise,6.248569373551658,Advanced Practice,5.8
10840,Critical Thinking Activity,5.53300596511388,Advanced Practice,5.8
10840,Advanced Practice,5.139682948584289,Advanced Practice,5.8
10841,Concept Review,4.147590052928425,Concept Review,5.73
10841,Practice Questions,4.581628991573295,Concept Review,5.73
10841,Application Exercise,4.081456687541516,Concept Review,5.73
10841,Critical Thinking Activity,4.421561104417835,Concept Review,5.73
10841,Advanced Practice,4.296377645742265,Concept Review,5.73
10842,Concept Review,2.452699537230587,Application Exercise,5.0
10842,Practice Questions,2.844970856964309,Application Exercise,5.0
10842,Application Exercise,3.3102283536942707,Application Exercise,5.0
10842,Critical Thinking Activity,2.434473366273536,Application Exercise,5.0
10842,Advanced Practice,2.6901996676845883,Application Exercise,5.0
10843,Concept Review,2.0278668310380326,Advanced Practice,4.86
10843,Practice Questions,3.392930964592106,Advanced Practice,4.86
10843,Application Exercise,4.480265724503399,Advanced Practice,4.86
10843,Critical Thinking Activity,3.0983033507180426,Advanced Practice,4.86
10843,Advanced Practice,3.4394430660898325,Advanced Practice,4.86
10844,Concept Review,2.6180177235467523,Application Exercise,3.44
10844,Practice Questions,3.302535619218049,Application Exercise,3.44
10844,Application Exercise,4.268805127105266,Application Exercise,3.44
10844,Critical Thinking Activity,3.821159692910599,Application Exercise,3.44
10844,Advanced Practice,3.9559470540297625,Application Exercise,3.44
10845,Concept Review,2.877642873982945,Concept Review,4.89
10845,Practice Questions,3.19371839330213,Concept Review,4.89
10845,Application Exercise,3.189329983158925,Concept Review,4.89
10845,Critical Thinking Activity,2.3325878757110012,Concept Review,4.89
10845,Advanced Practice,2.355467146390858,Concept Review,4.89
10846,Concept Review,3.972159505423881,Practice Questions,2.26
10846,Practice Questions,3.2240463707002855,Practice Questions,2.26
10846,Application Exercise,4.189036970792224,Practice Questions,2.26
10846,Critical Thinking Activity,4.251935720291022,Practice Questions,2.26
10846,Advanced Practice,3.453144650002194,Practice Questions,2.26
10847,Concept Review,4.279307098967394,Application Exercise,6.07
10847,Practice Questions,4.180702003568857,Application Exercise,6.07
10847,Application Exercise,4.694444379965458,Application Exercise,6.07
10847,Critical Thinking Activity,4.735625364246254,Application Exercise,6.07
10847,Advanced Practice,4.500201116601468,Application Exercise,6.07
10848,Concept Review,4.1005852889010255,Application Exercise,7.58
10848,Practice Questions,4.3764840565846574,Application Exercise,7.58
10848,Application Exercise,5.406329405617396,Application Exercise,7.58
10848,Critical Thinking Activity,5.05458652996043,Application Exercise,7.58
10848,Advanced Practice,4.786447311402712,Application Exercise,7.58
10849,Concept Review,1.724211003230043,Advanced Practice,4.21
10849,Practice Questions,3.2561673541246883,Advanced Practice,4.21
10849,Application Exercise,3.5656745243810724,Advanced Practice,4.21
10849,Critical Thinking Activity,2.595333385953152,Advanced Practice,4.21
10849,Advanced Practice,2.430807604323916,Advanced Practice,4.21
10850,Concept Review,2.1283260344431487,Concept Review,2.55
10850,Practice Questions,2.5656734597063955,Concept Review,2.55
10850,Application Exercise,2.561739317337403,Concept Review,2.55
10850,Critical Thinking Activity,2.28758901483862,Concept Review,2.55
10850,Advanced Practice,2.2821248699015904,Concept Review,2.55
10851,Concept Review,1.1926726688438585,Application Exercise,1.34
10851,Practice Questions,1.5821747696191655,Application Exercise,1.34
10851,Application Exercise,2.297237829371812,Application Exercise,1.34
10851,Critical Thinking Activity,2.405040968224703,Application Exercise,1.34
10851,Advanced Practice,2.1357321745109275,Application Exercise,1.34
10852,Concept Review,4.1264045927056365,Advanced Practice,1.66
10852,Practice Questions,4.121232381846884,Advanced Practice,1.66
10852,Application Exercise,4.646755602467894,Advanced Practice,1.66
10852,Critical Thinking Activity,3.80733697634012,Advanced Practice,1.66
10852,Advanced Practice,3.951530826499498,Advanced Practice,1.66
10853,Concept Review,4.944375424874794,Advanced Practice,5.77
10853,Practice Questions,4.994458895059031,Advanced Practice,5.77
10853,Application Exercise,5.249758200845335,Advanced Practice,5.77
10853,Critical Thinking Activity,4.674624778352368,Advanced Practice,5.77
10853,Advanced Practice,5.009654668610778,Advanced Practice,5.77
10854,Concept Review,3.812394377130328,Application Exercise,2.85
10854,Practice Questions,3.812415753534519,Application Exercise,2.85
10854,Application Exercise,4.488828588621331,Application Exercise,2.85
10854,Critical Thinking Activity,4.36709289495267,Application Exercise,2.85
10854,Advanced Practice,4.465260084711002,Application Exercise,2.85
10855,Concept Review,3.025518141262896,Advanced Practice,2.25
10855,Practice Questions,3.08440083377448,Advanced Practice,2.25
10855,Application Exercise,3.6012001521307737,Advanced Practice,2.25
10855,Critical Thinking Activity,3.1629393458972537,Advanced Practice,2.25
10855,Advanced Practice,3.200186843953589,Advanced Practice,2.25
10856,Concept Review,1.3080322429194244,Critical Thinking Activity,0.53
10856,Practice Questions,2.6763028360872996,Critical Thinking Activity,0.53
10856,Application Exercise,3.539470564646722,Critical Thinking Activity,0.53
10856,Critical Thinking Activity,2.3005477040296958,Critical Thinking Activity,0.53
10856,Advanced Practice,2.349752896682399,Critical Thinking Activity,0.53
10857,Concept Review,5.077330408924675,Critical Thinking Activity,4.77
10857,Practice Questions,5.543114819296629,Critical Thinking Activity,4.77
10857,Application Exercise,6.114419276037967,Critical Thinking Activity,4.77
10857,Critical Thinking Activity,4.7131986665613725,Critical Thinking Activity,4.77
10857,Advanced Practice,5.537132669476426,Critical Thinking Activity,4.77
10858,Concept Review,2.3714241270224283,Advanced Practice,3.11
10858,Practice Questions,2.790504068342743,Advanced Practice,3.11
10858,Application Exercise,4.015819744573893,Advanced Practice,3.11
10858,Critical Thinking Activity,3.3700892148045667,Advanced Practice,3.11
10858,Advanced Practice,3.600475625752246,Advanced Practice,3.11
10859,Concept Review,3.3396442345697754,Concept Review,3.69
10859,Practice Questions,2.7902901054865987,Concept Review,3.69
10859,Application Exercise,2.942833721284576,Concept Review,3.69
10859,Critical Thinking Activity,2.637719345494656,Concept Review,3.69
10859,Advanced Practice,2.9061829776623522,Concept Review,3.69
10860,Concept Review,6.007684442482614,Concept Review,5.24
10860,Practice Questions,6.017472331573808,Concept Review,5.24
10860,Application Exercise,6.242310117325017,Concept Review,5.24
10860,Critical Thinking Activity,6.408637681700741,Concept Review,5.24
10860,Advanced Practice,5.969481426364693,Concept Review,5.24
10861,Concept Review,2.91202582643639,Application Exercise,4.74
10861,Practice Questions,2.404220251051922,Application Exercise,4.74
10861,Application Exercise,2.7646627407931743,Application Exercise,4.74
10861,Critical Thinking Activity,3.471042653847845,Application Exercise,4.74
10861,Advanced Practice,3.032711594850926,Application Exercise,4.74
10862,Concept Review,1.5521341832074693,Practice Questions,1.42
10862,Practice Questions,2.417035182798762,Practice Questions,1.42
10862,Application Exercise,3.6237624641894746,Practice Questions,1.42
10862,Critical Thinking Activity,1.7153182161231264,Practice Questions,1.42
10862,Advanced Practice,2.1264972048623054,Practice Questions,1.42
10863,Concept Review,1.4370083354749683,Critical Thinking Activity,0.75
10863,Practice Questions,1.4138192177990967,Critical Thinking Activity,0.75
10863,Application Exercise,1.3991823978373836,Critical Thinking Activity,0.75
10863,Critical Thinking Activity,1.5993878670647521,Critical Thinking Activity,0.75
10863,Advanced Practice,1.6092237149098683,Critical Thinking Activity,0.75
10864,Concept Review,2.3489181268737775,Advanced Practice,3.3
10864,Practice Questions,3.1473932370591235,Advanced Practice,3.3
10864,Application Exercise,3.7153994757622724,Advanced Practice,3.3
10864,Critical Thinking Activity,2.9753919023708963,Advanced Practice,3.3
10864,Advanced Practice,3.0677107490265265,Advanced Practice,3.3
10865,Concept Review,5.923701798868964,Concept Review,9.2
10865,Practice Questions,5.900746888742165,Concept Review,9.2
10865,Application Exercise,6.827888753828842,Concept Review,9.2
10865,Critical Thinking Activity,6.501281257800403,Concept Review,9.2
10865,Advanced Practice,6.405556216888412,Concept Review,9.2
10866,Concept Review,5.982437094142682,Concept Review,7.04
10866,Practice Questions,6.019635584006885,Concept Review,7.04
10866,Application Exercise,6.417192418274756,Concept Review,7.04
10866,Critical Thinking Activity,5.968372372428872,Concept Review,7.04
10866,Advanced Practice,6.367193060150164,Concept Review,7.04
10867,Concept Review,5.3012117314749165,Concept Review,4.87
10867,Practice Questions,5.374337332602096,Concept Review,4.87
10867,Application Exercise,5.637212299097635,Concept Review,4.87
10867,Critical Thinking Activity,5.2225636778607845,Concept Review,4.87
10867,Advanced Practice,4.913254624920561,Concept Review,4.87
10868,Concept Review,5.493113704453829,Application Exercise,3.76
10868,Practice Questions,5.464841804040891,Application Exercise,3.76
10868,Application Exercise,5.932787057347797,Application Exercise,3.76
10868,Critical Thinking Activity,6.075188496484715,Application Exercise,3.76
10868,Advanced Practice,5.8634090770122,Application Exercise,3.76
10869,Concept Review,2.8777051985340107,Advanced Practice,2.25
10869,Practice Questions,2.819976361396083,Advanced Practice,2.25
10869,Application Exercise,4.319580267322099,Advanced Practice,2.25
10869,Critical Thinking Activity,2.637699285469364,Advanced Practice,2.25
10869,Advanced Practice,2.849648006744232,Advanced Practice,2.25
10870,Concept Review,1.4023393219730975,Practice Questions,2.31
10870,Practice Questions,2.122445796012946,Practice Questions,2.31
10870,Application Exercise,2.8815825185933774,Practice Questions,2.31
10870,Critical Thinking Activity,1.9099520178680305,Practice Questions,2.31
10870,Advanced Practice,1.7982741231966484,Practice Questions,2.31
10871,Concept Review,4.354371960159839,Concept Review,3.48
10871,Practice Questions,3.6170191407234613,Concept Review,3.48
10871,Application Exercise,3.338481084152676,Concept Review,3.48
10871,Critical Thinking Activity,3.964331131017726,Concept Review,3.48
10871,Advanced Practice,3.451365375932317,Concept Review,3.48
10872,Concept Review,4.75279926330151,Advanced Practice,2.69
10872,Practice Questions,5.598049341420816,Advanced Practice,2.69
10872,Application Exercise,6.222851649137796,Advanced Practice,2.69
10872,Critical Thinking Activity,4.649260833395716,Advanced Practice,2.69
10872,Advanced Practice,5.173467214137122,Advanced Practice,2.69
10873,Concept Review,2.9147448703511856,Application Exercise,2.34
10873,Practice Questions,3.5728418182874275,Application Exercise,2.34
10873,Application Exercise,4.013360655344551,Application Exercise,2.34
10873,Critical Thinking Activity,3.4370922727267152,Application Exercise,2.34
10873,Advanced Practice,3.9024586380077766,Application Exercise,2.34
10874,Concept Review,3.765270295141381,Advanced Practice,6.0
10874,Practice Questions,3.7436855676082503,Advanced Practice,6.0
10874,Application Exercise,3.729263349768898,Advanced Practice,6.0
10874,Critical Thinking Activity,3.4204159389484396,Advanced Practice,6.0
10874,Advanced Practice,3.7727777074181152,Advanced Practice,6.0
10875,Concept Review,4.77495262023821,Critical Thinking Activity,6.81
10875,Practice Questions,4.277005986631193,Critical Thinking Activity,6.81
10875,Application Exercise,5.360051527258815,Critical Thinking Activity,6.81
10875,Critical Thinking Activity,4.552110299068181,Critical Thinking Activity,6.81
10875,Advanced Practice,4.78191176043912,Critical Thinking Activity,6.81
10876,Concept Review,5.046443802326675,Application Exercise,4.13
10876,Practice Questions,4.695571394712902,Application Exercise,4.13
10876,Application Exercise,5.023029118446861,Application Exercise,4.13
10876,Critical Thinking Activity,5.206774014452582,Application Exercise,4.13
10876,Advanced Practice,5.315448505523136,Application Exercise,4.13
10877,Concept Review,4.952376663609659,Advanced Practice,6.16
10877,Practice Questions,5.034815828083579,Advanced Practice,6.16
10877,Application Exercise,6.207137340582866,Advanced Practice,6.16
10877,Critical Thinking Activity,5.3423441098770965,Advanced Practice,6.16
10877,Advanced Practice,5.067597600318917,Advanced Practice,6.16
10878,Concept Review,3.97147690926659,Advanced Practice,2.35
10878,Practice Questions,3.7483220987290027,Advanced Practice,2.35
10878,Application Exercise,4.577684150706824,Advanced Practice,2.35
10878,Critical Thinking Activity,3.544962825974465,Advanced Practice,2.35
10878,Advanced Practice,3.774481348483813,Advanced Practice,2.35
10879,Concept Review,3.553654642054135,Advanced Practice,5.49
10879,Practice Questions,3.8255746873093655,Advanced Practice,5.49
10879,Application Exercise,4.51610158014753,Advanced Practice,5.49
10879,Critical Thinking Activity,3.2888814295304383,Advanced Practice,5.49
10879,Advanced Practice,3.5778068209661464,Advanced Practice,5.49
10880,Concept Review,3.8453270393823344,Advanced Practice,4.63
10880,Practice Questions,4.377497571974393,Advanced Practice,4.63
10880,Application Exercise,5.420263298683723,Advanced Practice,4.63
10880,Critical Thinking Activity,3.811605166388926,Advanced Practice,4.63
10880,Advanced Practice,4.475813268873941,Advanced Practice,4.63
10881,Concept Review,4.252693747792276,Critical Thinking Activity,6.01
10881,Practice Questions,4.062828027955522,Critical Thinking Activity,6.01
10881,Application Exercise,4.948034391034272,Critical Thinking Activity,6.01
10881,Critical Thinking Activity,4.732897823696017,Critical Thinking Activity,6.01
10881,Advanced Practice,4.2881811405966115,Critical Thinking Activity,6.01
10882,Concept Review,1.8867583877932697,Concept Review,0.27
10882,Practice Questions,1.8697766390546917,Concept Review,0.27
10882,Application Exercise,1.788011128291612,Concept Review,0.27
10882,Critical Thinking Activity,2.5025806739791396,Concept Review,0.27
10882,Advanced Practice,2.675619891474729,Concept Review,0.27
10883,Concept Review,1.82986177312204,Application Exercise,3.45
10883,Practice Questions,2.183779548274347,Application Exercise,3.45
10883,Application Exercise,1.7498121157001911,Application Exercise,3.45
10883,Critical Thinking Activity,2.5517044185869677,Application Exercise,3.45
10883,Advanced Practice,2.3197875739372593,Application Exercise,3.45
10884,Concept Review,5.1818418366004835,Critical Thinking Activity,5.54
10884,Practice Questions,5.2213861037123,Critical Thinking Activity,5.54
10884,Application Exercise,5.821710886528346,Critical Thinking Activity,5.54
10884,Critical Thinking Activity,5.70618333626891,Critical Thinking Activity,5.54
10884,Advanced Practice,5.671864142368777,Critical Thinking Activity,5.54
10885,Concept Review,2.7939945360619314,Critical Thinking Activity,4.51
10885,Practice Questions,3.294939600970692,Critical Thinking Activity,4.51
10885,Application Exercise,4.451891241615588,Critical Thinking Activity,4.51
10885,Critical Thinking Activity,2.940741392537273,Critical Thinking Activity,4.51
10885,Advanced Practice,3.471628411487932,Critical Thinking Activity,4.51
10886,Concept Review,1.9136605750488382,Critical Thinking Activity,3.96
10886,Practice Questions,2.0358855486440235,Critical Thinking Activity,3.96
10886,Application Exercise,3.210695782798819,Critical Thinking Activity,3.96
10886,Critical Thinking Activity,2.272007016157166,Critical Thinking Activity,3.96
10886,Advanced Practice,2.7523061517523617,Critical Thinking Activity,3.96
10887,Concept Review,2.5983076938534615,Advanced Practice,2.5
10887,Practice Questions,2.750461911584189,Advanced Practice,2.5
10887,Application Exercise,3.4690680944615484,Advanced Practice,2.5
10887,Critical Thinking Activity,2.9342615578252635,Advanced Practice,2.5
10887,Advanced Practice,2.492821880924575,Advanced Practice,2.5
10888,Concept Review,3.674979976707202,Critical Thinking Activity,3.41
10888,Practice Questions,4.218372804341302,Critical Thinking Activity,3.41
10888,Application Exercise,5.483849663983756,Critical Thinking Activity,3.41
10888,Critical Thinking Activity,4.5006272554845985,Critical Thinking Activity,3.41
10888,Advanced Practice,4.605627402863263,Critical Thinking Activity,3.41
10889,Concept Review,1.7228167127384737,Advanced Practice,3.8
10889,Practice Questions,2.946330297358605,Advanced Practice,3.8
10889,Application Exercise,3.8603135229749084,Advanced Practice,3.8
10889,Critical Thinking Activity,2.8786911384429748,Advanced Practice,3.8
10889,Advanced Practice,2.8182587031185835,Advanced Practice,3.8
10890,Concept Review,2.594531974701943,Critical Thinking Activity,2.44
10890,Practice Questions,2.973807864485779,Critical Thinking Activity,2.44
10890,Application Exercise,3.7705212211585093,Critical Thinking Activity,2.44
10890,Critical Thinking Activity,2.6285552868618325,Critical Thinking Activity,2.44
10890,Advanced Practice,2.4593591789707245,Critical Thinking Activity,2.44
10891,Concept Review,5.981865437477627,Concept Review,4.57
10891,Practice Questions,5.481555782935221,Concept Review,4.57
10891,Application Exercise,5.855456740012269,Concept Review,4.57
10891,Critical Thinking Activity,5.753065891069566,Concept Review,4.57
10891,Advanced Practice,5.700758248796174,Concept Review,4.57
10892,Concept Review,3.5138704369187583,Critical Thinking Activity,2.92
10892,Practice Questions,3.7513906702928987,Critical Thinking Activity,2.92
10892,Application Exercise,4.325052868034957,Critical Thinking Activity,2.92
10892,Critical Thinking Activity,3.878661473624166,Critical Thinking Activity,2.92
10892,Advanced Practice,4.109195592093357,Critical Thinking Activity,2.92
10893,Concept Review,4.561395910972713,Practice Questions,1.49
10893,Practice Questions,3.3819350002216284,Practice Questions,1.49
10893,Application Exercise,4.588904664207368,Practice Questions,1.49
10893,Critical Thinking Activity,4.446505754848413,Practice Questions,1.49
10893,Advanced Practice,3.901263457296658,Practice Questions,1.49
10894,Concept Review,2.091222233871129,Advanced Practice,1.06
10894,Practice Questions,1.8229449349107232,Advanced Practice,1.06
10894,Application Exercise,2.598869253403458,Advanced Practice,1.06
10894,Critical Thinking Activity,1.8263632246468267,Advanced Practice,1.06
10894,Advanced Practice,2.059229363877895,Advanced Practice,1.06
10895,Concept Review,3.4282287536349174,Critical Thinking Activity,6.11
10895,Practice Questions,3.696932728075789,Critical Thinking Activity,6.11
10895,Application Exercise,3.8915205775952204,Critical Thinking Activity,6.11
10895,Critical Thinking Activity,3.6259622623893097,Critical Thinking Activity,6.11
10895,Advanced Practice,4.072733930409219,Critical Thinking Activity,6.11
10896,Concept Review,1.9218795350711961,Advanced Practice,3.46
10896,Practice Questions,2.7708885835479222,Advanced Practice,3.46
10896,Application Exercise,2.6219828767221958,Advanced Practice,3.46
10896,Critical Thinking Activity,3.0905581386613816,Advanced Practice,3.46
10896,Advanced Practice,2.9191283476571415,Advanced Practice,3.46
10897,Concept Review,3.3176675682659065,Critical Thinking Activity,2.04
10897,Practice Questions,3.45533444903481,Critical Thinking Activity,2.04
10897,Application Exercise,4.167879105747564,Critical Thinking Activity,2.04
10897,Critical Thinking Activity,3.385230852370928,Critical Thinking Activity,2.04
10897,Advanced Practice,2.7858563912030965,Critical Thinking Activity,2.04
10898,Concept Review,2.299665413812814,Advanced Practice,4.5
10898,Practice Questions,3.3070486040620173,Advanced Practice,4.5
10898,Application Exercise,4.029611393963118,Advanced Practice,4.5
10898,Critical Thinking Activity,2.934018947774492,Advanced Practice,4.5
10898,Advanced Practice,3.414303362712844,Advanced Practice,4.5
10899,Concept Review,5.1199731845051755,Practice Questions,3.73
10899,Practice Questions,4.821280040756385,Practice Questions,3.73
10899,Application Exercise,5.785844822674473,Practice Questions,3.73
10899,Critical Thinking Activity,4.912227637642944,Practice Questions,3.73
10899,Advanced Practice,5.073096809796945,Practice Questions,3.73
10900,Concept Review,6.316110676022166,Critical Thinking Activity,6.64
10900,Practice Questions,6.253579325327078,Critical Thinking Activity,6.64
10900,Application Exercise,7.160427733473041,Critical Thinking Activity,6.64
10900,Critical Thinking Activity,6.81187657224494,Critical Thinking Activity,6.64
10900,Advanced Practice,6.5213204087923575,Critical Thinking Activity,6.64
10901,Concept Review,3.5507951617051035,Advanced Practice,3.52
10901,Practice Questions,3.703449555305094,Advanced Practice,3.52
10901,Application Exercise,4.201506052533914,Advanced Practice,3.52
10901,Critical Thinking Activity,4.158423666805241,Advanced Practice,3.52
10901,Advanced Practice,3.8413359553172164,Advanced Practice,3.52
10902,Concept Review,4.701191407251712,Critical Thinking Activity,6.03
10902,Practice Questions,4.379949231596374,Critical Thinking Activity,6.03
10902,Application Exercise,5.034663728208783,Critical Thinking Activity,6.03
10902,Critical Thinking Activity,5.003410232851622,Critical Thinking Activity,6.03
10902,Advanced Practice,4.906876946946811,Critical Thinking Activity,6.03
10903,Concept Review,-0.02289371726124534,Advanced Practice,0.0
10903,Practice Questions,1.6581864739244683,Advanced Practice,0.0
10903,Application Exercise,2.691656445193288,Advanced Practice,0.0
10903,Critical Thinking Activity,1.6994883721881535,Advanced Practice,0.0
10903,Advanced Practice,1.5092695700132812,Advanced Practice,0.0
10904,Concept Review,3.029438392102467,Critical Thinking Activity,1.8
10904,Practice Questions,2.8763032392219996,Critical Thinking Activity,1.8
10904,Application Exercise,3.149507656574084,Critical Thinking Activity,1.8
10904,Critical Thinking Activity,2.593317075796141,Critical Thinking Activity,1.8
10904,Advanced Practice,2.8219985487523234,Critical Thinking Activity,1.8
10905,Concept Review,3.6418452071303826,Advanced Practice,1.88
10905,Practice Questions,4.619450485139181,Advanced Practice,1.88
10905,Application Exercise,5.052681289461917,Advanced Practice,1.88
10905,Critical Thinking Activity,4.219034108049032,Advanced Practice,1.88
10905,Advanced Practice,4.363976372398376,Advanced Practice,1.88
10906,Concept Review,1.8986256456731727,Advanced Practice,2.12
10906,Practice Questions,2.1685831546376484,Advanced Practice,2.12
10906,Application Exercise,2.6456933633121573,Advanced Practice,2.12
10906,Critical Thinking Activity,2.3969974730047867,Advanced Practice,2.12
10906,Advanced Practice,2.4660135285143094,Advanced Practice,2.12
10907,Concept Review,3.351224065324721,Practice Questions,5.02
10907,Practice Questions,3.4973836855774323,Practice Questions,5.02
10907,Application Exercise,4.345210561969518,Practice Questions,5.02
10907,Critical Thinking Activity,3.62378840403975,Practice Questions,5.02
10907,Advanced Practice,3.094832656565891,Practice Questions,5.02
10908,Concept Review,3.645116489094968,Advanced Practice,2.41
10908,Practice Questions,3.488011582620037,Advanced Practice,2.41
10908,Application Exercise,3.8112908210660557,Advanced Practice,2.41
10908,Critical Thinking Activity,3.396866214836413,Advanced Practice,2.41
10908,Advanced Practice,3.112187599821829,Advanced Practice,2.41
10909,Concept Review,4.163385393808306,Practice Questions,3.32
10909,Practice Questions,3.564183655636402,Practice Questions,3.32
10909,Application Exercise,5.049315311809254,Practice Questions,3.32
10909,Critical Thinking Activity,4.333312990184897,Practice Questions,3.32
10909,Advanced Practice,4.472359870499818,Practice Questions,3.32
10910,Concept Review,4.265854416653349,Advanced Practice,5.15
10910,Practice Questions,3.8881443471855004,Advanced Practice,5.15
10910,Application Exercise,4.636492860898614,Advanced Practice,5.15
10910,Critical Thinking Activity,3.679746077436469,Advanced Practice,5.15
10910,Advanced Practice,4.185794894815842,Advanced Practice,5.15
10911,Concept Review,3.8809995469302625,Concept Review,5.35
10911,Practice Questions,3.8187207469864544,Concept Review,5.35
10911,Application Exercise,4.045615274753826,Concept Review,5.35
10911,Critical Thinking Activity,4.174316648842449,Concept Review,5.35
10911,Advanced Practice,3.6208783461877556,Concept Review,5.35
10912,Concept Review,3.4398397110377514,Critical Thinking Activity,2.9
10912,Practice Questions,3.2780665850844812,Critical Thinking Activity,2.9
10912,Application Exercise,3.870023830718515,Critical Thinking Activity,2.9
10912,Critical Thinking Activity,3.670375705928264,Critical Thinking Activity,2.9
10912,Advanced Practice,3.158594969931129,Critical Thinking Activity,2.9
10913,Concept Review,5.06080615629787,Advanced Practice,6.19
10913,Practice Questions,5.038484961175976,Advanced Practice,6.19
10913,Application Exercise,5.736242546595871,Advanced Practice,6.19
10913,Critical Thinking Activity,5.0069105619342595,Advanced Practice,6.19
10913,Advanced Practice,5.093081864032205,Advanced Practice,6.19
10914,Concept Review,2.9386447355513994,Advanced Practice,1.22
10914,Practice Questions,3.19935588249386,Advanced Practice,1.22
10914,Application Exercise,3.4508089138664433,Advanced Practice,1.22
10914,Critical Thinking Activity,2.759161774332666,Advanced Practice,1.22
10914,Advanced Practice,2.7453196466208154,Advanced Practice,1.22
10915,Concept Review,3.7362310970260455,Advanced Practice,5.73
10915,Practice Questions,4.269246376079635,Advanced Practice,5.73
10915,Application Exercise,5.225210090587913,Advanced Practice,5.73
10915,Critical Thinking Activity,3.963295145124907,Advanced Practice,5.73
10915,Advanced Practice,3.6784625836671454,Advanced Practice,5.73
10916,Concept Review,3.4372536166203815,Critical Thinking Activity,7.02
10916,Practice Questions,4.192110820948821,Critical Thinking Activity,7.02
10916,Application Exercise,5.327484296279257,Critical Thinking Activity,7.02
10916,Critical Thinking Activity,4.017159147794465,Critical Thinking Activity,7.02
10916,Advanced Practice,4.171268172029037,Critical Thinking Activity,7.02
10917,Concept Review,4.184641007677372,Application Exercise,5.9
10917,Practice Questions,4.3585613152813245,Application Exercise,5.9
10917,Application Exercise,4.697926239121457,Application Exercise,5.9
10917,Critical Thinking Activity,4.94119362890008,Application Exercise,5.9
10917,Advanced Practice,5.119083784588904,Application Exercise,5.9
10918,Concept Review,0.12161115518913146,Application Exercise,0.0
10918,Practice Questions,1.0532092082844642,Application Exercise,0.0
10918,Application Exercise,1.7540109525589265,Application Exercise,0.0
10918,Critical Thinking Activity,1.380041674323511,Application Exercise,0.0
10918,Advanced Practice,1.6170649633884016,Application Exercise,0.0
10919,Concept Review,5.019513492923101,Practice Questions,3.91
10919,Practice Questions,5.139418320918525,Practice Questions,3.91
10919,Application Exercise,6.085094990207111,Practice Questions,3.91
10919,Critical Thinking Activity,4.658071151271914,Practice Questions,3.91
10919,Advanced Practice,4.742077104515365,Practice Questions,3.91
10920,Concept Review,2.479418698359547,Critical Thinking Activity,3.86
10920,Practice Questions,2.965800839787976,Critical Thinking Activity,3.86
10920,Application Exercise,4.186412061724159,Critical Thinking Activity,3.86
10920,Critical Thinking Activity,3.1066823764009612,Critical Thinking Activity,3.86
10920,Advanced Practice,2.9808742404808775,Critical Thinking Activity,3.86
10921,Concept Review,4.644523688462045,Practice Questions,3.8
10921,Practice Questions,4.578565713953353,Practice Questions,3.8
10921,Application Exercise,6.213000211953924,Practice Questions,3.8
10921,Critical Thinking Activity,4.673052466190452,Practice Questions,3.8
10921,Advanced Practice,4.687086555218007,Practice Questions,3.8
10922,Concept Review,3.980184951628293,Critical Thinking Activity,6.12
10922,Practice Questions,4.307963328597101,Critical Thinking Activity,6.12
10922,Application Exercise,5.176608845562461,Critical Thinking Activity,6.12
10922,Critical Thinking Activity,4.12085143344378,Critical Thinking Activity,6.12
10922,Advanced Practice,4.4316531159466,Critical Thinking Activity,6.12
10923,Concept Review,5.563317454118883,Critical Thinking Activity,6.03
10923,Practice Questions,4.9613468952913955,Critical Thinking Activity,6.03
10923,Application Exercise,5.724477854603109,Critical Thinking Activity,6.03
10923,Critical Thinking Activity,5.211747719775477,Critical Thinking Activity,6.03
10923,Advanced Practice,4.90470730905316,Critical Thinking Activity,6.03
10924,Concept Review,0.26602381044794843,Practice Questions,0.0
10924,Practice Questions,0.3402920511949965,Practice Questions,0.0
10924,Application Exercise,0.9006571957961098,Practice Questions,0.0
10924,Critical Thinking Activity,0.8418810592404391,Practice Questions,0.0
10924,Advanced Practice,0.3670606277938515,Practice Questions,0.0
10925,Concept Review,2.6218523008289436,Application Exercise,3.04
10925,Practice Questions,2.3338740103818973,Application Exercise,3.04
10925,Application Exercise,2.3731068488942713,Application Exercise,3.04
10925,Critical Thinking Activity,2.7435804479695514,Application Exercise,3.04
10925,Advanced Practice,2.6631093876406244,Application Exercise,3.04
10926,Concept Review,1.2895071045468187,Advanced Practice,0.66
10926,Practice Questions,1.9027475145162267,Advanced Practice,0.66
10926,Application Exercise,2.5546208463402182,Advanced Practice,0.66
10926,Critical Thinking Activity,2.208795891926204,Advanced Practice,0.66
10926,Advanced Practice,2.301303551169291,Advanced Practice,0.66
10927,Concept Review,4.203960674395991,Advanced Practice,3.98
10927,Practice Questions,4.404553251954557,Advanced Practice,3.98
10927,Application Exercise,5.675837231456615,Advanced Practice,3.98
10927,Critical Thinking Activity,4.50223131446405,Advanced Practice,3.98
10927,Advanced Practice,4.380683397184896,Advanced Practice,3.98
10928,Concept Review,5.092762828357565,Application Exercise,5.27
10928,Practice Questions,5.430941535946959,Application Exercise,5.27
10928,Application Exercise,5.585309219255519,Application Exercise,5.27
10928,Critical Thinking Activity,5.700211936189319,Application Exercise,5.27
10928,Advanced Practice,6.139064710691874,Application Exercise,5.27
10929,Concept Review,3.131699317632852,Practice Questions,5.22
10929,Practice Questions,3.6924397302145624,Practice Questions,5.22
10929,Application Exercise,5.268133804684815,Practice Questions,5.22
10929,Critical Thinking Activity,3.771149026675393,Practice Questions,5.22
10929,Advanced Practice,3.9237679053233716,Practice Questions,5.22
10930,Concept Review,3.5463872076940017,Practice Questions,6.83
10930,Practice Questions,4.383736294601255,Practice Questions,6.83
10930,Application Exercise,4.750950649209902,Practice Questions,6.83
10930,Critical Thinking Activity,3.5977622052659903,Practice Questions,6.83
10930,Advanced Practice,3.460838971911914,Practice Questions,6.83
10931,Concept Review,3.1779591236067315,Advanced Practice,1.53
10931,Practice Questions,3.9011776103840194,Advanced Practice,1.53
10931,Application Exercise,4.553446392739711,Advanced Practice,1.53
10931,Critical Thinking Activity,3.2617574809947496,Advanced Practice,1.53
10931,Advanced Practice,3.477022588243121,Advanced Practice,1.53
10932,Concept Review,5.814536887153908,Concept Review,3.76
10932,Practice Questions,6.025908671518986,Concept Review,3.76
10932,Application Exercise,6.453215126449175,Concept Review,3.76
10932,Critical Thinking Activity,6.448034829237505,Concept Review,3.76
10932,Advanced Practice,6.484557720375849,Concept Review,3.76
10933,Concept Review,2.3318739596813067,Practice Questions,2.24
10933,Practice Questions,3.0392034606677267,Practice Questions,2.24
10933,Application Exercise,4.231837793193444,Practice Questions,2.24
10933,Critical Thinking Activity,2.6392329281338425,Practice Questions,2.24
10933,Advanced Practice,2.8928098965054936,Practice Questions,2.24
10934,Concept Review,2.788608770068931,Practice Questions,1.08
10934,Practice Questions,3.417287390543694,Practice Questions,1.08
10934,Application Exercise,4.133732232412773,Practice Questions,1.08
10934,Critical Thinking Activity,2.89995697268835,Practice Questions,1.08
10934,Advanced Practice,3.330958389546849,Practice Questions,1.08
10935,Concept Review,5.152940151840141,Concept Review,5.67
10935,Practice Questions,5.064366714644656,Concept Review,5.67
10935,Application Exercise,5.617197180675164,Concept Review,5.67
10935,Critical Thinking Activity,5.5623950086714755,Concept Review,5.67
10935,Advanced Practice,5.664619643010414,Concept Review,5.67
10936,Concept Review,5.864506449290604,Concept Review,7.06
10936,Practice Questions,5.366501400193066,Concept Review,7.06
10936,Application Exercise,6.325466467696003,Concept Review,7.06
10936,Critical Thinking Activity,6.316317084253131,Concept Review,7.06
10936,Advanced Practice,6.113082368068084,Concept Review,7.06
10937,Concept Review,3.8348569273898985,Application Exercise,7.17
10937,Practice Questions,5.296425889987941,Application Exercise,7.17
10937,Application Exercise,5.920547031739108,Application Exercise,7.17
10937,Critical Thinking Activity,4.809934881377904,Application Exercise,7.17
10937,Advanced Practice,4.50326016127751,Application Exercise,7.17
10938,Concept Review,1.2977615252913437,Advanced Practice,1.63
10938,Practice Questions,2.0941794430129232,Advanced Practice,1.63
10938,Application Exercise,2.783614122874395,Advanced Practice,1.63
10938,Critical Thinking Activity,1.8561180763444505,Advanced Practice,1.63
10938,Advanced Practice,1.5331470660132633,Advanced Practice,1.63
10939,Concept Review,5.806566081629661,Concept Review,5.72
10939,Practice Questions,5.469303084621771,Concept Review,5.72
10939,Application Exercise,6.1262844298417445,Concept Review,5.72
10939,Critical Thinking Activity,6.083155085042083,Concept Review,5.72
10939,Advanced Practice,5.921189526427763,Concept Review,5.72
10940,Concept Review,3.6887128877545585,Advanced Practice,1.61
10940,Practice Questions,4.9344301783365605,Advanced Practice,1.61
10940,Application Exercise,5.309716838367208,Advanced Practice,1.61
10940,Critical Thinking Activity,4.427309551596252,Advanced Practice,1.61
10940,Advanced Practice,4.382984003015522,Advanced Practice,1.61
10941,Concept Review,3.5039653163986024,Application Exercise,4.31
10941,Practice Questions,3.718234972154485,Application Exercise,4.31
10941,Application Exercise,4.365153270931508,Application Exercise,4.31
10941,Critical Thinking Activity,4.019120074379598,Application Exercise,4.31
10941,Advanced Practice,4.297496908422393,Application Exercise,4.31
10942,Concept Review,3.149339728367789,Advanced Practice,3.27
10942,Practice Questions,3.4332682339043274,Advanced Practice,3.27
10942,Application Exercise,3.899391395687082,Advanced Practice,3.27
10942,Critical Thinking Activity,3.804486554286645,Advanced Practice,3.27
10942,Advanced Practice,3.33979438690131,Advanced Practice,3.27
10943,Concept Review,1.9719539166606403,Application Exercise,3.48
10943,Practice Questions,2.5779868874232306,Application Exercise,3.48
10943,Application Exercise,3.223806686853834,Application Exercise,3.48
10943,Critical Thinking Activity,2.995482313027545,Application Exercise,3.48
10943,Advanced Practice,2.722386275072752,Application Exercise,3.48
10944,Concept Review,3.4514459200191574,Advanced Practice,2.54
10944,Practice Questions,3.9008140525549764,Advanced Practice,2.54
10944,Application Exercise,3.0365254611248984,Advanced Practice,2.54
10944,Critical Thinking Activity,2.7108652981504626,Advanced Practice,2.54
10944,Advanced Practice,3.269319029654806,Advanced Practice,2.54
10945,Concept Review,3.582804527828969,Advanced Practice,3.4
10945,Practice Questions,3.8134706450863742,Advanced Practice,3.4
10945,Application Exercise,4.837833152114774,Advanced Practice,3.4
10945,Critical Thinking Activity,4.029093233689756,Advanced Practice,3.4
10945,Advanced Practice,4.174286065466148,Advanced Practice,3.4
10946,Concept Review,6.476831834390753,Concept Review,4.88
10946,Practice Questions,6.730967784576204,Concept Review,4.88
10946,Application Exercise,6.886179626160477,Concept Review,4.88
10946,Critical Thinking Activity,6.640088029447986,Concept Review,4.88
10946,Advanced Practice,6.952049782401041,Concept Review,4.88
10947,Concept Review,3.1465810293258176,Critical Thinking Activity,0.11
10947,Practice Questions,3.282503888556022,Critical Thinking Activity,0.11
10947,Application Exercise,3.290421257577648,Critical Thinking Activity,0.11
10947,Critical Thinking Activity,2.7646396909605144,Critical Thinking Activity,0.11
10947,Advanced Practice,3.3878332074342774,Critical Thinking Activity,0.11
10948,Concept Review,2.7144742928609134,Advanced Practice,1.03
10948,Practice Questions,2.870450327653991,Advanced Practice,1.03
10948,Application Exercise,3.2154693780247814,Advanced Practice,1.03
10948,Critical Thinking Activity,2.5339981254112947,Advanced Practice,1.03
10948,Advanced Practice,2.6159653533908465,Advanced Practice,1.03
10949,Concept Review,4.475649864202261,Concept Review,2.47
10949,Practice Questions,4.455197116146197,Concept Review,2.47
10949,Application Exercise,4.858901374340544,Concept Review,2.47
10949,Critical Thinking Activity,4.971415756644105,Concept Review,2.47
10949,Advanced Practice,4.882159713022191,Concept Review,2.47
10950,Concept Review,3.452936224108063,Critical Thinking Activity,4.35
10950,Practice Questions,3.4266195417310854,Critical Thinking Activity,4.35
10950,Application Exercise,4.5439255376799474,Critical Thinking Activity,4.35
10950,Critical Thinking Activity,4.122134410839485,Critical Thinking Activity,4.35
10950,Advanced Practice,4.081351664642087,Critical Thinking Activity,4.35
10951,Concept Review,4.594817788376779,Critical Thinking Activity,4.53
10951,Practice Questions,5.100698436824669,Critical Thinking Activity,4.53
10951,Application Exercise,5.368951057929318,Critical Thinking Activity,4.53
10951,Critical Thinking Activity,4.53695683212738,Critical Thinking Activity,4.53
10951,Advanced Practice,5.155252534603861,Critical Thinking Activity,4.53
10952,Concept Review,4.256024883660003,Critical Thinking Activity,4.09
10952,Practice Questions,4.913165488983077,Critical Thinking Activity,4.09
10952,Application Exercise,5.207607811272007,Critical Thinking Activity,4.09
10952,Critical Thinking Activity,5.007561345426325,Critical Thinking Activity,4.09
10952,Advanced Practice,4.85657990596358,Critical Thinking Activity,4.09
10953,Concept Review,3.8254621906107467,Practice Questions,2.17
10953,Practice Questions,3.4159998025447793,Practice Questions,2.17
10953,Application Exercise,4.339467706714876,Practice Questions,2.17
10953,Critical Thinking Activity,3.9171103369868123,Practice Questions,2.17
10953,Advanced Practice,3.7891264092874604,Practice Questions,2.17
10954,Concept Review,4.201066805904299,Advanced Practice,0.0
10954,Practice Questions,4.151250107047444,Advanced Practice,0.0
10954,Application Exercise,4.927477383411226,Advanced Practice,0.0
10954,Critical Thinking Activity,4.238986530915349,Advanced Practice,0.0
10954,Advanced Practice,4.048098115283535,Advanced Practice,0.0
10955,Concept Review,4.127458658652047,Application Exercise,6.87
10955,Practice Questions,3.808186699595203,Application Exercise,6.87
10955,Application Exercise,4.393726135427713,Application Exercise,6.87
10955,Critical Thinking Activity,4.21972242865487,Application Exercise,6.87
10955,Advanced Practice,4.642660550195928,Application Exercise,6.87
10956,Concept Review,3.7404161835263956,Concept Review,1.85
10956,Practice Questions,3.639312066597941,Concept Review,1.85
10956,Application Exercise,4.659495122065028,Concept Review,1.85
10956,Critical Thinking Activity,3.5423712905451525,Concept Review,1.85
10956,Advanced Practice,3.270665875033839,Concept Review,1.85
10957,Concept Review,4.841452108885207,Critical Thinking Activity,4.39
10957,Practice Questions,4.965042865115069,Critical Thinking Activity,4.39
10957,Application Exercise,6.022651774097251,Critical Thinking Activity,4.39
10957,Critical Thinking Activity,4.798869392507493,Critical Thinking Activity,4.39
10957,Advanced Practice,5.151145737842458,Critical Thinking Activity,4.39
10958,Concept Review,4.610663654042046,Concept Review,2.92
10958,Practice Questions,4.902370799828361,Concept Review,2.92
10958,Application Exercise,5.627475832800664,Concept Review,2.92
10958,Critical Thinking Activity,5.135165549749045,Concept Review,2.92
10958,Advanced Practice,4.8718625250387255,Concept Review,2.92
10959,Concept Review,2.625189293581696,Advanced Practice,4.55
10959,Practice Questions,2.659460610987659,Advanced Practice,4.55
10959,Application Exercise,4.113569022330225,Advanced Practice,4.55
10959,Critical Thinking Activity,3.400738722394854,Advanced Practice,4.55
10959,Advanced Practice,3.0471314697463945,Advanced Practice,4.55
10960,Concept Review,3.46740070957484,Concept Review,3.46
10960,Practice Questions,2.5851498113884013,Concept Review,3.46
10960,Application Exercise,3.408427393556882,Concept Review,3.46
10960,Critical Thinking Activity,3.7115071725992737,Concept Review,3.46
10960,Advanced Practice,3.304789971092222,Concept Review,3.46
10961,Concept Review,3.281291971789923,Practice Questions,1.85
10961,Practice Questions,2.975396004221621,Practice Questions,1.85
10961,Application Exercise,3.993688540930302,Practice Questions,1.85
10961,Critical Thinking Activity,3.737259924797256,Practice Questions,1.85
10961,Advanced Practice,3.2765102062139992,Practice Questions,1.85
10962,Concept Review,4.355254506802544,Concept Review,4.67
10962,Practice Questions,5.276016014420227,Concept Review,4.67
10962,Application Exercise,6.004718076168399,Concept Review,4.67
10962,Critical Thinking Activity,5.345628461287612,Concept Review,4.67
10962,Advanced Practice,4.836053995257419,Concept Review,4.67
10963,Concept Review,3.6924796028003115,Advanced Practice,6.16
10963,Practice Questions,3.479046369609847,Advanced Practice,6.16
10963,Application Exercise,5.076888263196999,Advanced Practice,6.16
10963,Critical Thinking Activity,4.237883297366478,Advanced Practice,6.16
10963,Advanced Practice,4.055806261102462,Advanced Practice,6.16
10964,Concept Review,4.063264946175686,Advanced Practice,3.9
10964,Practice Questions,4.171226199259122,Advanced Practice,3.9
10964,Application Exercise,5.022245810137327,Advanced Practice,3.9
10964,Critical Thinking Activity,4.501947430177856,Advanced Practice,3.9
10964,Advanced Practice,4.19572972035726,Advanced Practice,3.9
10965,Concept Review,2.0695375154766973,Critical Thinking Activity,2.53
10965,Practice Questions,2.683093924925196,Critical Thinking Activity,2.53
10965,Application Exercise,4.057901410964886,Critical Thinking Activity,2.53
10965,Critical Thinking Activity,2.7952928951449056,Critical Thinking Activity,2.53
10965,Advanced Practice,3.257118886676059,Critical Thinking Activity,2.53
10966,Concept Review,4.240143072541641,Advanced Practice,3.08
10966,Practice Questions,4.912729442588466,Advanced Practice,3.08
10966,Application Exercise,5.761412174401643,Advanced Practice,3.08
10966,Critical Thinking Activity,4.828904197113349,Advanced Practice,3.08
10966,Advanced Practice,4.7141428538440175,Advanced Practice,3.08
10967,Concept Review,1.472548226436487,Practice Questions,0.0
10967,Practice Questions,1.5004647993853344,Practice Questions,0.0
10967,Application Exercise,2.4172648059347623,Practice Questions,0.0
10967,Critical Thinking Activity,1.8960390581295699,Practice Questions,0.0
10967,Advanced Practice,2.0063449748156934,Practice Questions,0.0
10968,Concept Review,3.9208169298254187,Application Exercise,4.53
10968,Practice Questions,4.20363511457743,Application Exercise,4.53
10968,Application Exercise,4.686990313667922,Application Exercise,4.53
10968,Critical Thinking Activity,4.31618811185788,Application Exercise,4.53
10968,Advanced Practice,5.0064716744526745,Application Exercise,4.53
10969,Concept Review,5.586050859036543,Critical Thinking Activity,6.5
10969,Practice Questions,5.528682135411978,Critical Thinking Activity,6.5
10969,Application Exercise,6.684991885848246,Critical Thinking Activity,6.5
10969,Critical Thinking Activity,6.309707955871878,Critical Thinking Activity,6.5
10969,Advanced Practice,6.330155986302529,Critical Thinking Activity,6.5
10970,Concept Review,3.244199528828447,Critical Thinking Activity,5.56
10970,Practice Questions,4.1549070261819026,Critical Thinking Activity,5.56
10970,Application Exercise,4.707974172359104,Critical Thinking Activity,5.56
10970,Critical Thinking Activity,3.6740933360077572,Critical Thinking Activity,5.56
10970,Advanced Practice,3.609712521022833,Critical Thinking Activity,5.56
10971,Concept Review,5.070148200429317,Critical Thinking Activity,2.1
10971,Practice Questions,5.405707565016453,Critical Thinking Activity,2.1
10971,Application Exercise,6.367559464764891,Critical Thinking Activity,2.1
10971,Critical Thinking Activity,5.161775767545505,Critical Thinking Activity,2.1
10971,Advanced Practice,5.922039554980956,Critical Thinking Activity,2.1
10972,Concept Review,2.493503573012752,Advanced Practice,1.44
10972,Practice Questions,3.254500799329601,Advanced Practice,1.44
10972,Application Exercise,3.5435354194867514,Advanced Practice,1.44
10972,Critical Thinking Activity,3.021749314071327,Advanced Practice,1.44
10972,Advanced Practice,2.962136781368034,Advanced Practice,1.44
10973,Concept Review,4.367313065437122,Critical Thinking Activity,3.75
10973,Practice Questions,3.633702582055041,Critical Thinking Activity,3.75
10973,Application Exercise,4.092478429971712,Critical Thinking Activity,3.75
10973,Critical Thinking Activity,4.380436122248578,Critical Thinking Activity,3.75
10973,Advanced Practice,4.744845548130778,Critical Thinking Activity,3.75
10974,Concept Review,3.287834588758238,Advanced Practice,4.0
10974,Practice Questions,3.78203377634245,Advanced Practice,4.0
10974,Application Exercise,4.3496825687036615,Advanced Practice,4.0
10974,Critical Thinking Activity,4.204170327407404,Advanced Practice,4.0
10974,Advanced Practice,4.424873732686682,Advanced Practice,4.0
10975,Concept Review,2.786520037450483,Application Exercise,3.47
10975,Practice Questions,3.48068642007252,Application Exercise,3.47
10975,Application Exercise,4.618023121898006,Application Exercise,3.47
10975,Critical Thinking Activity,3.3463570562481935,Application Exercise,3.47
10975,Advanced Practice,4.066556431960201,Application Exercise,3.47
10976,Concept Review,4.109176122987399,Application Exercise,4.82
10976,Practice Questions,4.757434491409583,Application Exercise,4.82
10976,Application Exercise,5.532183257428298,Application Exercise,4.82
10976,Critical Thinking Activity,5.200759777327121,Application Exercise,4.82
10976,Advanced Practice,4.935415161068688,Application Exercise,4.82
10977,Concept Review,4.465018160657069,Concept Review,4.88
10977,Practice Questions,4.252618599793662,Concept Review,4.88
10977,Application Exercise,4.922163075247714,Concept Review,4.88
10977,Critical Thinking Activity,4.5690644390812745,Concept Review,4.88
10977,Advanced Practice,3.7990577766323583,Concept Review,4.88
10978,Concept Review,3.385867642392312,Advanced Practice,2.42
10978,Practice Questions,3.992599547710307,Advanced Practice,2.42
10978,Application Exercise,4.642708565888736,Advanced Practice,2.42
10978,Critical Thinking Activity,3.912183493118814,Advanced Practice,2.42
10978,Advanced Practice,3.8025328952176762,Advanced Practice,2.42
10979,Concept Review,1.4964902965959443,Advanced Practice,3.64
10979,Practice Questions,2.160956301775025,Advanced Practice,3.64
10979,Application Exercise,2.771165539077848,Advanced Practice,3.64
10979,Critical Thinking Activity,2.109993199090358,Advanced Practice,3.64
10979,Advanced Practice,2.2117458764216167,Advanced Practice,3.64
10980,Concept Review,2.1961943153837598,Critical Thinking Activity,3.18
10980,Practice Questions,2.8551097295754038,Critical Thinking Activity,3.18
10980,Application Exercise,3.72924226738423,Critical Thinking Activity,3.18
10980,Critical Thinking Activity,3.0036037111934784,Critical Thinking Activity,3.18
10980,Advanced Practice,2.903340267765749,Critical Thinking Activity,3.18
10981,Concept Review,2.4701871122839716,Advanced Practice,2.38
10981,Practice Questions,2.810019152235518,Advanced Practice,2.38
10981,Application Exercise,2.8984592523570307,Advanced Practice,2.38
10981,Critical Thinking Activity,2.7121803908353193,Advanced Practice,2.38
10981,Advanced Practice,2.6663016873951575,Advanced Practice,2.38
10982,Concept Review,4.951071431769622,Application Exercise,8.13
10982,Practice Questions,4.649742159251375,Application Exercise,8.13
10982,Application Exercise,5.001014329772607,Application Exercise,8.13
10982,Critical Thinking Activity,5.204319791732676,Application Exercise,8.13
10982,Advanced Practice,5.382885656517185,Application Exercise,8.13
10983,Concept Review,2.8489113198396376,Advanced Practice,6.01
10983,Practice Questions,3.4251101756099187,Advanced Practice,6.01
10983,Application Exercise,5.058740103067585,Advanced Practice,6.01
10983,Critical Thinking Activity,4.120410697985853,Advanced Practice,6.01
10983,Advanced Practice,3.9282162826322455,Advanced Practice,6.01
10984,Concept Review,3.5997920396951004,Critical Thinking Activity,5.37
10984,Practice Questions,3.381428921874265,Critical Thinking Activity,5.37
10984,Application Exercise,3.799508488418123,Critical Thinking Activity,5.37
10984,Critical Thinking Activity,3.539136854734509,Critical Thinking Activity,5.37
10984,Advanced Practice,3.9067045624779233,Critical Thinking Activity,5.37
10985,Concept Review,6.2673174888103205,Concept Review,2.08
10985,Practice Questions,6.070219880793786,Concept Review,2.08
10985,Application Exercise,6.528452711815836,Concept Review,2.08
10985,Critical Thinking Activity,6.545827042503271,Concept Review,2.08
10985,Advanced Practice,6.498931178438591,Concept Review,2.08
10986,Concept Review,2.8852269290376453,Practice Questions,5.76
10986,Practice Questions,3.5569731384809007,Practice Questions,5.76
10986,Application Exercise,4.5261571095427175,Practice Questions,5.76
10986,Critical Thinking Activity,3.4889277163869403,Practice Questions,5.76
10986,Advanced Practice,3.9183140245449666,Practice Questions,5.76
10987,Concept Review,6.15173709996648,Critical Thinking Activity,7.58
10987,Practice Questions,6.074294045669235,Critical Thinking Activity,7.58
10987,Application Exercise,6.938643509630882,Critical Thinking Activity,7.58
10987,Critical Thinking Activity,6.19021401776941,Critical Thinking Activity,7.58
10987,Advanced Practice,6.236444396585345,Critical Thinking Activity,7.58
10988,Concept Review,4.900330654879298,Practice Questions,6.92
10988,Practice Questions,4.068034234477989,Practice Questions,6.92
10988,Application Exercise,4.5610973957131495,Practice Questions,6.92
10988,Critical Thinking Activity,3.992357693324677,Practice Questions,6.92
10988,Advanced Practice,3.898363665856264,Practice Questions,6.92
10989,Concept Review,3.6416456224991074,Advanced Practice,6.43
10989,Practice Questions,4.703093002653338,Advanced Practice,6.43
10989,Application Exercise,4.693954748502672,Advanced Practice,6.43
10989,Critical Thinking Activity,3.783770155519315,Advanced Practice,6.43
10989,Advanced Practice,4.449640148575065,Advanced Practice,6.43
10990,Concept Review,2.9768358538934283,Advanced Practice,5.74
10990,Practice Questions,4.292451337173879,Advanced Practice,5.74
10990,Application Exercise,5.00074593749906,Advanced Practice,5.74
10990,Critical Thinking Activity,3.2166283429815286,Advanced Practice,5.74
10990,Advanced Practice,3.3398643654740785,Advanced Practice,5.74
10991,Concept Review,2.3078824675406384,Practice Questions,4.49
10991,Practice Questions,3.255251769189285,Practice Questions,4.49
10991,Application Exercise,4.48929241342087,Practice Questions,4.49
10991,Critical Thinking Activity,3.591599224274766,Practice Questions,4.49
10991,Advanced Practice,3.5634402088135984,Practice Questions,4.49
10992,Concept Review,2.9256221396148976,Practice Questions,5.03
10992,Practice Questions,2.7585676343148045,Practice Questions,5.03
10992,Application Exercise,3.4281151529364924,Practice Questions,5.03
10992,Critical Thinking Activity,3.3210126814688157,Practice Questions,5.03
10992,Advanced Practice,3.4397579903801265,Practice Questions,5.03
10993,Concept Review,4.077209215257663,Practice Questions,7.15
10993,Practice Questions,4.209789785375282,Practice Questions,7.15
10993,Application Exercise,4.04660469102809,Practice Questions,7.15
10993,Critical Thinking Activity,3.9645950686257305,Practice Questions,7.15
10993,Advanced Practice,4.050138808293683,Practice Questions,7.15
10994,Concept Review,2.7149653320739513,Concept Review,3.57
10994,Practice Questions,2.9825433378589947,Concept Review,3.57
10994,Application Exercise,3.797465674609602,Concept Review,3.57
10994,Critical Thinking Activity,3.3209746725590943,Concept Review,3.57
10994,Advanced Practice,3.1627936638732335,Concept Review,3.57
10995,Concept Review,2.238581374340304,Application Exercise,0.77
10995,Practice Questions,3.1092791488963982,Application Exercise,0.77
10995,Application Exercise,3.0012832189819543,Application Exercise,0.77
10995,Critical Thinking Activity,3.0590744965820273,Application Exercise,0.77
10995,Advanced Practice,3.0759383358245627,Application Exercise,0.77
10996,Concept Review,4.778290162691011,Concept Review,3.8
10996,Practice Questions,3.6444448822309803,Concept Review,3.8
10996,Application Exercise,3.7899546323623463,Concept Review,3.8
10996,Critical Thinking Activity,4.157767144009325,Concept Review,3.8
10996,Advanced Practice,3.998990538091213,Concept Review,3.8
10997,Concept Review,3.099026630681745,Concept Review,4.7
10997,Practice Questions,3.851552329017669,Concept Review,4.7
10997,Application Exercise,3.8969733767638344,Concept Review,4.7
10997,Critical Thinking Activity,4.027609042282278,Concept Review,4.7
10997,Advanced Practice,4.080074342094402,Concept Review,4.7
10998,Concept Review,0.29175867604984784,Advanced Practice,1.25
10998,Practice Questions,1.4107549067255656,Advanced Practice,1.25
10998,Application Exercise,1.7586218232948194,Advanced Practice,1.25
10998,Critical Thinking Activity,0.8707038838872085,Advanced Practice,1.25
10998,Advanced Practice,1.278596606153275,Advanced Practice,1.25
10999,Concept Review,5.566081450191935,Critical Thinking Activity,3.73
10999,Practice Questions,5.040122927944258,Critical Thinking Activity,3.73
10999,Application Exercise,5.698836948555499,Critical Thinking Activity,3.73
10999,Critical Thinking Activity,5.6641824615319125,Critical Thinking Activity,3.73
10999,Advanced Practice,5.605249738765265,Critical Thinking Activity,3.73
11000,Concept Review,3.710421399119184,Critical Thinking Activity,1.54
11000,Practice Questions,4.220025423895802,Critical Thinking Activity,1.54
11000,Application Exercise,5.656635537494845,Critical Thinking Activity,1.54
11000,Critical Thinking Activity,4.512502874214817,Critical Thinking Activity,1.54
11000,Advanced Practice,4.142121779232336,Critical Thinking Activity,1.54
